I1LCX3,A0A0R0L0E7,1
I1JFW6,I1LFQ4,1
Q2TFP1,I1K2I1,1
K7LCS7,C6T2H2,1
A0A0R0GPH9,I1LCX3,1
C6SWZ1,I1NJ53,1
I1K2Z9,I1K970,1
C6TJM4,I1LPJ3,1
K7LFD7,I1KD09,1
I1LGQ1,I1KM19,1
O48901,A0A0R0JSJ9,1
A0A0R0FZM4,I1LZ09,1
I1N954,K7LCS7,1
I1M3W1,A0A0R0H296,1
O22518,A0A0R0G342,1
I1K6E7,Q2PMT2,1
H2D4C3,K7M4E0,1
I1J8C9,I1KS88,1
I1MNV2,I1MY33,1
A0A0R0K0K3,C6SWD4,1
A0A0R0GYG1,A0A0R0EKI7,1
I1KNN1,I1JE09,1
I1KP31,A0A0R0JT51,1
K7KES3,A0A0R0FEN9,1
I1MHH7,I1NJ53,1
I1M717,A0A0R0HSA0,1
A0A0R0F0T6,I1KTI0,1
A0A0R4J4H3,A0A0R0EWX9,1
K7LIW2,A0A0R4J2Y1,1
I1K620,I1KD82,1
I1KQB9,P62302,1
A0A0R0GJV8,I1K5H2,1
A0A0R0GS25,K7KCG5,1
A0A0R0FYN8,P62302,1
C6SZQ0,I1JAF7,1
I1MU00,I1L4B6,1
A0A0R4J426,I1JTW0,1
I1KPE7,I1N1Y6,1
K7N5K2,A0A0R0LB39,1
I1LFD2,I1KGN6,1
I1KRF9,A0A0R0JBL2,1
I1JFW6,I1J9W0,1
K7L3P2,I1KPE7,1
K7LFD7,I1L5Z7,1
I1N954,I1KQE3,1
C6SW43,A0A0R0EKI7,1
C6TJ17,I1MVG5,1
K7LIW2,A0A0R4J488,1
K7LDR8,K7KFY5,1
I1MZ47,I1JUQ0,1
K7N1T9,I1K3P0,1
K7MTL2,I1LJA4,1
I1MGB0,K7K318,1
I1JYT2,I1NFU9,1
K7MTL2,C6T530,1
I1KFU0,I1JK31,1
C6SZM9,A0A0R4J2Q5,1
C6SVV7,I1K6E7,1
C6T1E6,I1JHJ0,1
C6TEP1,I1LUE0,1
I1KQE3,I1K5L7,1
K7K894,I1KGZ6,1
C6T0U3,A0A0R0FZM4,1
K7L6N7,I1K7J4,1
A0A0R0L098,I1MU00,1
I1NBQ2,A0A0R0E934,1
I1JD07,I1L4B6,1
C6TBL4,K7M097,1
I1KBM7,I1LFD2,1
I1K096,K7MTL2,1
A0A0R0FYN8,I1KQE3,1
C6TJ17,I1MBM5,1
K7LJF6,A0A0R4J5K6,1
C6SXF5,I1KTI0,1
A0A0R0F077,A0A0R0EKI7,1
C6T4Z6,A0A0R0IR73,1
I1JRA0,I1JUQ0,1
I1KQB9,K7K318,1
I1LFD2,A0A0R0JS60,1
I1LGD6,C6F117,1
I1MWF0,A0A0R0JRI8,1
I1MW51,C6TAF0,1
A0A0R0HSV1,I1LUE0,1
I1JNK6,A0A0R0EJV2,1
I1KX98,A0A0R0EKI7,1
I1KVX9,I1LUL2,1
A0A0R0GPH9,K7LKS0,1
K7MGQ2,I1JW21,1
A0A0R0I0B9,I1L2H4,1
K7M849,I1JKP1,1
C6TG81,K7LTR0,1
I1LG61,A0A0R4J5K6,1
I1LHS8,I1L412,1
I1MM64,A0A0R0JQJ0,1
I1JA95,K7M5T0,1
K7LKS0,K7M849,1
I1MWF0,K7KW44,1
A0A0R0F214,C6SVH9,1
I1MW74,I1JRA0,1
I1KIB3,C6SYW6,1
I1JIP5,K7M6R4,1
I1K0C4,I1KAD1,1
K7K318,I1KIY3,1
A0A0R0KWL0,A0A0R0EU45,1
I1KUS2,K7LJV1,1
I1K8C1,A0A0R0FEN3,1
A0A0R0E934,K7KGJ8,1
K7LRU2,K7MTL2,1
K7MC85,I1KQE8,1
C6SZY0,I1M998,1
I1LA00,A0A0R0JQJ0,1
C6T530,K7MXE0,1
A0A0R0E907,M1FN34,1
I1LGQ1,A0A0R0FJR0,1
K7L3P2,A0A0R0FJR0,1
K7M2D8,K7LIE3,1
P17093,I1N1Y6,1
C6T883,I1LUE0,1
I1M7C7,I1LUE0,1
I1JDR2,I1JM18,1
K7N145,A0A0R0FX46,1
C6T883,I1JE09,1
I1LGB1,I1KQE3,1
K7M5W5,A0A0R4J2Y1,1
I1KCY5,A0A0R0G6V6,1
I1LGB1,P17093,1
C6SWL3,A0A0R4J2Y1,1
A0A0R0GFH3,I1JTE4,1
I1J9W0,A0A0R0FZM4,1
I1M9T4,I1KCY5,1
C6T2L5,C6SZG1,1
I1LKQ4,A0A0R0FEN3,1
C6T530,P17093,1
K7LCS7,C6F117,1
I1JA95,I1MGB0,1
I1L7G4,A0A0R0K0L0,1
I1LA00,A0A0R0JJI0,1
A0A0R0IR73,I1LGQ1,1
I1ML11,I1JT28,1
A0A0R0I0B9,I1MU00,1
A0A0R0GJ85,A0A0R0GFL3,1
I1KX98,I1LFD2,1
K7LK09,I1MK96,1
K7LTB2,K7L8H2,1
I1M7C7,C6T5U0,1
I1JW21,I1KPE7,1
A0A0R0GJV8,I1MZ47,1
I1MQB5,K7LCS7,1
A0A0R0G3G4,I1KPE7,1
K7N5K2,I1JTE4,1
A0A0R0KNE1,A0A0R0JQJ0,1
I1KQ68,A0A0R0FZM4,1
I1M5E2,I1LL05,1
I1LPW2,I1L5Z7,1
I1KGU0,I1LGD6,1
K7MTL2,I1KIY3,1
A0A0R0LB39,A0A0R0L0E7,1
C6SW04,I1N8P5,1
A0A0R0KR16,I1M3W1,1
C6SWS6,A0A0R0JYY8,1
C6T5U0,I1KYF8,1
I1M3W1,C6SYE0,1
I1JL13,I1J547,1
P17093,K7MAP3,1
C6SYW6,I1K5L7,1
I1K620,I1LL05,1
K7M5I5,K7M841,1
I1LUL2,I1L524,1
I1LFQ4,A0A0R4J5B7,1
I1JB64,A0A0R0E907,1
A0A0R0HSV1,C6T065,1
I1JFN0,A0A0R0L828,1
C6T4Z6,A0A0R0FJR0,1
C6TLV6,P62302,1
A0A0R0FEN9,A0A0R0KPE1,1
A0A0R0JH35,I1MW74,1
C6T883,A0A0R0IR73,1
K7M5T0,I1JD07,1
C6SWD4,K7M6J1,1
K7M5I5,K7M846,1
A0A0R0KPE1,C6SZ22,1
K7KES3,I1JDH6,1
I1JT85,K7LTR0,1
I1N9S5,C6TGZ1,1
I1LGD6,I1KIY3,1
C6T4Z6,K7MGQ2,1
I1KRF9,I1MEQ6,1
I1KQB9,A0A0R0FJR0,1
K7KK74,A0A0R0J7Q5,1
C6TEP1,K7K318,1
I1KFL5,I1MY43,1
A0A0R0FJR0,I1KQ68,1
I1JTW0,C6SZG1,1
I1MWF0,A0A0R0GS25,1
I1MU00,I1L8S1,1
C6T4Z6,C6SYW6,1
I1K7J4,I1N898,1
I1MUN3,K7M9T4,1
I1JWH5,K7MXE0,1
K7MC85,I1MZ47,1
I1KS36,A0A0R0JSJ9,1
A0A0R0HIA6,I1NAJ5,1
I1LRH8,I1MEF5,1
I1JE09,C6T530,1
K7LIE3,I1KBQ5,1
I1JW64,K7MFZ6,1
C6SVV7,C6SYW6,1
K7MGQ2,I1JM69,1
I1LUL2,I1J4E1,1
A0A0R0KWL0,A0A0R0GE56,1
I1MLJ0,K7KVG4,1
I1MQB5,I1LUE0,1
I1N0F1,K7K318,1
I1JW21,A0A0R0FJR0,1
A0A0R0L098,I1LGD6,1
I1M0N9,M1FN34,1
A0A0R0FEN9,A0A0R0FZM4,1
A0A0R0KR16,A0A0R0IR73,1
A0A0R0IR73,C6T2H2,1
A0A0R4J426,A0A0R0GBL8,1
I1JY87,I1JMZ7,1
A0A0R0FJR0,K7MAP3,1
K7KES3,I1KYF8,1
I1MLN7,A0A0R4J2Q5,1
A0A0R0HSJ1,I1JB64,1
C6TLV6,I1LUE0,1
I1LIM0,A0A0R4J5K6,1
K7LTR0,I1JUR7,1
K7KTS8,I1MEN1,1
I1J9W0,I1LUE0,1
A0A0R4J3N1,I1JUQ0,1
A0A0R0ENB3,I1M717,1
P62302,I1JM69,1
O22518,K7L3P2,1
K7LTR0,I1KXI7,1
C6T0U3,C6T5U0,1
K7KGC2,K7M841,1
I1J7A8,A0A0R0EKI7,1
A0A0R0I0B9,A0A0R0L7U5,1
A0A0R0FXD4,I1LDU4,1
I1N9I5,A0A0R4J2Q5,1
A0A0R0KR16,A0A0R0EDS9,1
I1KQG0,I1JD52,1
I1NFS4,I1LPW2,1
I1K4U3,I1JUQ0,1
A0A0R4J488,A0A0R0ESI3,1
A0A0R0EYA9,K7LY43,1
C6SVV7,A0A0R0KPE1,1
C6T5U0,I1LGB7,1
I1LGQ1,A0A0R0L7U5,1
I1K467,I1NIE7,1
I1L412,I1J8W6,1
I1KY58,I1KD82,1
I1MNV2,I1MC39,1
I1LJ94,K7LFD7,1
I1KJ56,I1MLJ0,1
A0A0R0L4P0,I1NBC2,1
A0A0R0KPE1,C6F117,1
C6TN69,K7LLK0,1
A0A0R0GFL3,K7M5I5,1
A0A0R0GPH9,A0A0R0G6V6,1
A0A0R0ENB3,I1J7S6,1
K7KGC2,A0A0R0JJI0,1
I1NCS8,A0A0R0GJV8,1
K7LTR0,I1JAF7,1
C6SYE0,C6T065,1
I1KUB2,I1MYV4,1
K7KCG5,A0A0R0JJI0,1
A0A0R4J5B7,I1K5K3,1
I1K6E7,I1LGB1,1
I1L0M6,I1MU00,1
A0A0R4J5B7,A0A0R0G342,1
K7K318,I1L8S1,1
I1L4B6,I1KQE3,1
I1JFN0,A0A0R0JRI8,1
I1MC39,I1JV03,1
I1JD07,I1KQB9,1
K7N0U1,K7LFD7,1
I1MQD0,K7M6R4,1
I1MXT2,K7KW44,1
I1N7F4,C6SZG8,1
O22518,C6TG91,1
A0A0R0FYN8,I1KPE7,1
A0A0R0FXD4,C6T1P2,1
C6TD23,I1KQP3,1
I1KB25,A0A0R0H141,1
C6T883,P62302,1
I1KYF8,I1KPE7,1
I1JFN0,A0A0R0GFH3,1
C6T5U0,I1KQ68,1
I1K725,K7M6J1,1
C6TEP1,A0A0R0FZM4,1
K7MNN5,I1LCX3,1
C6TLT3,K7MGQ2,1
I1JA95,I1LZ09,1
I1LUE0,I1MM89,1
K7LTR0,I1LUL7,1
C6SY25,I1M3W1,1
I1J9W0,I1M3W1,1
C6SY25,A0A0R0IR73,1
I1KYF8,I1K6E7,1
K7KES3,I1LWR7,1
I1JFW6,A0A0R0GRI6,1
I1MGB0,K7LCS7,1
I1K6E7,I1K5K3,1
A0A0R0ENB3,I1M7V7,1
I1N0F1,I1KQE3,1
I1MLN7,A0A0R4J2Y1,1
I1NHQ1,A0A0R0F214,1
K7K318,I1MM89,1
I1LPW2,I1M4P0,1
I1J4B5,I1MBR7,1
I1LGQ1,C6T065,1
K7MAP3,I1KM19,1
I1JW21,P17093,1
I1KPA1,A0A0R4J4C5,1
A0A0R0HDM5,I1NJ53,1
I1LFQ4,K7KES3,1
I1JFN0,A0A0R0JJK0,1
I1K5K7,H2D4C3,1
H2D4C3,A1YZE0,1
C6TN69,I1JIW3,1
K7M5I5,A0A0R0GFH3,1
C6TL77,I1KZY8,1
I1MGB0,I1KQE3,1
I1LYU9,A0A0R0GUR9,1
C6TBL4,I1KJ56,1
I1K3P0,A0A0R0JSJ9,1
A0A0R0GFL3,K7KCG5,1
I1JP52,I1KD82,1
K7M846,A0A0R0G6V6,1
I1MNK0,I1NJ53,1
K7M849,I1NH98,1
A0A0R0HXE9,A0A0R0EKI7,1
Q2PMS6,I1NJ53,1
C6SVB5,I1JUQ0,1
I1L7G4,I1M0N9,1
I1K9J7,I1MC39,1
A0A0R0GJV8,I1JRA0,1
I1MBM5,C6TIQ7,1
I1NGQ5,K7KWE4,1
A0A0R0J7J3,I1LUE0,1
A0A0R0L8Y1,A0A0R4J5K6,1
I1MUN3,I1KUB2,1
A0A0R0KPE1,A0A0R0JLD5,1
K7LTR0,I1LPD3,1
C6T4Z6,C6T5U0,1
A0A0R0GFM7,I1JKP1,1
A0A0R4J5B7,C6SY25,1
I1JT28,I1LEC4,1
C6SY81,M1FN34,1
I1LH11,K7LTR0,1
I1L219,I1KD82,1
I1NCF8,I1JFF6,1
K7MGQ2,A0A0R0GRI6,1
K7MXE0,I1K5L7,1
A0A0R0GS25,I1JFN0,1
I1J9J7,A0A0R4J5K6,1
C6T968,A0A0R0FJR0,1
K7KES3,I1N1Y6,1
A0A0R0KPE1,A0A0R0LFT0,1
K7MTL2,I1KLS4,1
K7N145,I1M273,1
A0A0R0J7J3,I1KM19,1
A0A0R0L2U1,I1M1D5,1
A0A0R0FNV7,I1JUQ0,1
A0A368UHC3,I1LL05,1
I1MLJ0,C6T2H2,1
A0A0R0GJ85,A0A0R0GFM7,1
A0A0R0GBL8,C6SZG1,1
A0A0R4J5B7,A0A0R0FYN8,1
K7KGC2,A0A0R0L828,1
A0A368UHG0,I1K215,1
I1NGQ5,I1KTI0,1
I1KGU0,I1LUE0,1
K7M9T4,K7KY63,1
I1KAD1,I1MUQ7,1
C6TBL4,K7KEV0,1
I1MJJ9,I1KMS4,1
K7KES3,A0A0R0HSV1,1
I1N8P5,I1MNV2,1
I1K6E7,K7MAP3,1
O22518,I1LGB7,1
K7L4N7,I1MBR7,1
I1J8W6,I1LLA9,1
K7LW22,A0A0R4J488,1
A0A0R0KE62,K7K9E1,1
K7MCH3,I1LFD2,1
I1JNB0,K7KNC5,1
I1MYV4,I1MLJ0,1
C6SX83,I1N8M4,1
C6T4Z6,P62302,1
I1MQB5,I1MU00,1
A0A0R0GS25,K7LKS0,1
O22518,A0A0R0JLD5,1
A0A0R0HSV1,K7K318,1
C6SZ22,I1KQE3,1
I1LG13,C6TFN5,1
I1MLK3,I1MSN3,1
I1KQG0,I1MNU1,1
K7KGE9,A0A0R0JT51,1
C6TJ17,K7KE09,1
I1JA95,I1KIY3,1
A0A0R4J4H3,I1JMZ3,1
I1JIW3,K7L9M2,1
A0A0R0FEN9,C6T065,1
A0A0R0EJE2,A0A0R0L0E7,1
I1JV03,I1MY33,1
K7KDX2,A0A0R0L828,1
I1M3W1,K7MAP3,1
I1J553,C6SZQ0,1
K7MGQ2,A0A0R0G342,1
I1KYF8,K7LCS7,1
I1LDY7,K7MM40,1
C6SVR8,K7LCS7,1
I1K5G1,I1JD52,1
K7KGE9,A0A0R0K6I2,1
I1KGI6,A0A0R0K7U0,1
I1L0M6,A0A0R0KPE1,1
A0A0R0KCY1,A0A0R0HCS6,1
I1LVN3,C6SW69,1
I1LH27,I1K7J4,1
C6T5U0,K7MMR3,1
I1JS58,I1NJ53,1
K7MQG6,I1NC77,1
C6SY25,I1KM19,1
I1L250,I1NJ53,1
C6SWG4,A0A0R0KPE1,1
K7M5T0,I1MU00,1
I1M0N9,C6SZG1,1
I1N9S5,I1LL05,1
A0A0R4J389,I1NJ53,1
K7N145,I1KC19,1
O22518,I1LGQ1,1
I1JTW0,I1MEF5,1
A0A0R0L4N1,I1KTI0,1
A0A0R0IR73,I1KQB9,1
I1LPK5,I1MLZ0,1
I1L0M6,A0A0R0IR73,1
A0A0R0GFM7,A0A0R0LB39,1
K7LLK0,K7L9M2,1
A0A0R0ERF9,A0A0R0EKI7,1
I1J547,A0A0R0F2G6,1
I1LGD6,A0A0R0H296,1
I1NCF8,C6SVH9,1
K7MFZ6,I1NIE7,1
K7MTL2,C6T2H2,1
I1MTV9,K7K1Z2,1
A0A0R0GJV8,I1KEY6,1
I1N3M5,A0A0R4J488,1
C6TKL8,I1LFD2,1
K7K1Z2,K7M466,1
I1MWF0,A0A0R0L0E7,1
A0A0R4J2K3,I1J547,1
A0A0R0L4N1,A0A0R0GAQ8,1
I1JA95,C6T4Z6,1
I1LWR7,K7K318,1
K7LTR0,I1KZI6,1
A0A0R0K0K3,I1M0N9,1
A0A0R0ENB3,C6TGR3,1
I1MF50,C6T5Z0,1
C6TBL4,I1MYV4,1
I1M1W3,I1N056,1
I1JDH6,A0A0R0L7U5,1
C6SZM2,I1LFD2,1
K7K894,C6TKC3,1
C6T883,I1K6E7,1
C6T530,I1KQE3,1
I1MXT2,K7MNN5,1
I1L215,A0A0R0HSA0,1
I1KVL0,C6T065,1
A0A0R0FJR0,C6T530,1
K7N5K2,I1LA00,1
I1KQE3,A0A0R0G342,1
C6SX83,I1KB26,1
A0A0R0EDS9,I1KIY3,1
K7N145,A0A0R0K5X4,1
K7KCG5,I1KCY5,1
I1KP31,A0A0R0JBV0,1
I1KPA1,I1N898,1
K7N1T9,I1KBL4,1
K7LHS7,K7MI53,1
I1LA00,K7MNN5,1
K7LCS7,I1L0M6,1
O22518,K7MAP3,1
I1JRL7,K7MQG6,1
K7M787,K7N1L5,1
A0A0R0IR73,A0A0R0LFT0,1
K7KPJ4,I1MLJ0,1
C6T5U0,C6TEP1,1
I1NG45,A0A0R0JYY8,1
A0A0R0KPE1,K7L3P2,1
I1LFD2,C6SVU4,1
A0A0R0J7J3,C6SYW6,1
I1LGQ1,A0A0R0FZM4,1
I1N5E8,A0A0R0E934,1
A0A0R0LB39,K7M841,1
I1JB64,I1LRH8,1
A0A0R0INQ5,I1K970,1
C6T0U3,I1L2H4,1
I1KM19,A0A0R0H296,1
I1KQC7,K7KK74,1
I1KLS4,K7MXE0,1
K7MMF4,I1LPW2,1
I1M3W1,I1LGQ1,1
I1K650,I1MSN3,1
A0A0R0JH35,I1K970,1
I1MK96,A0A0R0IF42,1
I1L0M6,A0A0R0L7U5,1
A0A0R4J4D0,A0A0R0JYY8,1
A0A0R0FEN9,I1KQE3,1
A0A0R4J4H3,I1JMZ4,1
I1J9W0,A0A0R0L7U5,1
A0A0R0KR16,P62302,1
I1LFQ4,P62302,1
A0A0R0FJR0,C6F117,1
I1N954,A0A0R0KPE1,1
I1KJF2,I1LRB0,1
I1K0C4,K7K4C7,1
A0A0R0I0B9,A0A0R0FZM4,1
A0A0R0KR16,I1L2H4,1
I1JY87,I1N8M8,1
A0A0R4J2W3,K7L2R0,1
C6TIQ7,C6SZG8,1
I1ML11,A0A0R0JYY8,1
I1MEF8,K7LTR0,1
I1LFQ4,A0A0R0IR73,1
I1LKU1,I1JD52,1
I1LFD2,I1M3V1,1
I1M1W3,I1MTX9,1
I1JB64,I1KS20,1
P62302,I1MM89,1
I1KPA1,I1LH27,1
I1MW74,I1KCH6,1
I1JV48,K7M6I1,1
O22518,A0A0R0J7J3,1
C6TLV6,I1JE09,1
I1KPE7,C6F117,1
A0A0R0FJR0,A0A0R0H296,1
I1K5K3,C6SYW6,1
I1MGB0,A0A0R0KPE1,1
A0A0R0FGT9,C6SYQ2,1
K7M4N3,C6SZ70,1
K7KNC5,I1N8Y6,1
I1JC65,A0A0R4J2K3,1
K7LKS0,K7M841,1
I1L9K4,A0A0R0H7N0,1
A0A0R0KWL0,I1NGL5,1
A0A0R0LFT0,A0A0R0L7U5,1
I1KYF8,K7K318,1
A0A0R0GBL8,K7M6J1,1
I1MC26,I1JVX3,1
I1KJ98,I1MLJ0,1
A0A0R0KPE1,K7MMR3,1
A0A0R4J4H3,I1KB26,1
I1LGD6,A0A0R0GRI6,1
I1JT85,A0A0R0E934,1
I1M3W1,I1JM69,1
I1KBL4,A0A0R0IT62,1
I1KIB3,I1L2H4,1
C6T883,I1JD07,1
I1LGD6,K7MMR3,1
I1M4Y9,I1MSN3,1
C6T530,A0A0R0FZM4,1
I1KVL0,I1L2H4,1
C6TBQ2,I1K146,1
C6T5U0,I1L4B6,1
K7M6Z2,A0A0R0H9H8,1
I1JD07,I1JM69,1
C6T4Z6,I1LUE0,1
I1JD07,I1K5K3,1
K7MGK0,A0A0R4J5K6,1
I1KNN1,I1LUE0,1
C6TLV6,I1K6E7,1
I1JTE4,A0A0R0JJI0,1
I1M0N9,I1MEF5,1
O22518,I1J9W0,1
I1K970,I1JS66,1
A0A0R0G3G4,I1K6E7,1
C6SYW6,I1LZ09,1
K7KP66,C6TIQ7,1
I1KBB6,I1JMZ7,1
I1MLF1,I1LD74,1
C6TNW3,A0A0R0H7N0,1
C6TBL4,I1MTH0,1
C6T5U0,C6SZ22,1
I1L8S1,I1KQE3,1
A0A0R0HCS6,I1K8N0,1
I1LCX3,K7M849,1
O22518,I1MM89,1
I1J8W9,K7M864,1
K7MXS9,I1LPW2,1
I1JE09,C6F117,1
I1LA00,A0A0R0JJK0,1
P17093,I1L8S1,1
Q2PMS6,A0A0R0EKI7,1
C6T083,A0A0R0K7U0,1
I1MGB0,I1JE09,1
K7MD28,I1KD82,1
A0A0R0KWL0,A0A0R0FX46,1
A0A0R0HSJ1,A0A0R4J426,1
K7LTR0,I1K2J5,1
I1LGQ1,P62302,1
I1NC77,I1M998,1
I1LUE0,I1L4B6,1
C6SVV7,K7K318,1
C6T968,I1L2H4,1
K7N145,A0A0R0EZ39,1
I1JA95,C6SWG4,1
I1KPA1,I1MNV2,1
I1JE09,I1JM69,1
K7MXE0,I1LJA4,1
I1NHI4,A0A0R0JRI8,1
I1KV60,A0A0R0GG06,1
I1M1W3,I1NBC2,1
P62302,A0A0R0G342,1
I1JA95,A0A0R0H296,1
C6SWG4,A0A0R0FZM4,1
I1KZK2,I1L3P6,1
C6SVR8,K7MGQ2,1
I1M7C7,I1MU00,1
Q2PMT2,C6T065,1
I1JUT9,K7L939,1
I1N6N9,K7LQV0,1
C6TJ17,C6SZG8,1
C6SVR8,A0A0R0EDS9,1
I1KY58,C6TGZ1,1
I1J870,A0A0R4J5K6,1
I1JFW6,I1N0F1,1
I1LH11,C6SZQ0,1
C6TNX5,A0A0R0E934,1
I1LGD6,I1LZ09,1
Q2TFP1,A0A0R4J4D0,1
I1MF50,I1LGI1,1
A0A0R0KWT5,I1M0C3,1
I1JUQ6,K7M1G4,1
I1MU00,C6SZ22,1
A0A0R0KPE1,A0A0R0HSV1,1
I1KBL4,K7LY43,1
I1MLJ0,I1LJA4,1
A0A0R0IT62,K7K8U8,1
A0A0R0KR16,K7KES3,1
K7L6N7,I1JT28,1
I1JXQ3,K7MXE0,1
I1JFW6,C6T883,1
I1LUE0,I1N1Y6,1
A0A0R0EDS9,A0A0R0FYN8,1
A0A0R0LB39,A0A0R0JJI0,1
K7N5K2,I1LCX3,1
K7L3P2,I1LUE0,1
A0A0R0KE73,I1L2H4,1
P17093,C6T2H2,1
I1KGU0,K7MGQ2,1
I1M7C7,A0A0R0FJR0,1
I1LFD2,I1KTL9,1
A0A0R0EDS9,I1JM69,1
I1JYT2,I1KZW4,1
A0A0R0L7U5,K7MAP3,1
I1LL05,I1L524,1
C6TLV6,A0A0R0FZM4,1
A0A0R0HSA0,I1M2R5,1
I1MY33,I1LEC4,1
A0A0R0ENB3,I1M6L1,1
A0A0R0KCV3,K7MFZ6,1
I1LPD3,A0A0R4J5K6,1
I1MLZ0,C6SZQ0,1
K7KES3,A0A0R0I0B9,1
I1JNV3,A0A0R4J488,1
A0A0R0G5A8,I1N7F4,1
K7KP66,I1N7F4,1
A0A0R0J7J3,I1JD07,1
A0A0R0GS25,I1JTE4,1
K7LK09,I1LPJ3,1
P62302,C6T530,1
A0A0R4J4D0,I1MY33,1
A0A0R0FJR0,I1K5L7,1
I1KRD4,I1MW74,1
I1MM89,I1KQE3,1
I1JFN0,A0A0R0JQJ0,1
A0A0R0JYY8,K7L6N7,1
K7N5K2,K7KDX2,1
C6TBL4,K7KVG4,1
I1KUS2,A0A0R0FEI0,1
I1MDC4,I1LVN3,1
I1K5G1,I1MNU1,1
I1JNB0,K7KK86,1
I1K4R8,Q2TFP1,1
C6TGZ1,I1KPU4,1
I1JTW0,A0A0R0FEN3,1
K7LIW2,A0A0R4J2Q5,1
P48513,K7KNC5,1
A0A0R0GPH9,I1LA00,1
I1JD52,I1M7B9,1
I1KSD0,I1MY33,1
I1JA95,I1N954,1
C6SWG4,I1JD07,1
I1JTE4,A0A0R0L0E7,1
O22518,C6T883,1
A0A0R0IR73,A0A0R0FYN8,1
C6TEP1,I1KM19,1
A0A0R0L4P0,I1KRF9,1
I1JW64,K7M6R4,1
I1J5B0,C6SZQ0,1
C6SY25,P62302,1
A0A0R0JLD5,P17093,1
A0A0R0L828,I1NH98,1
A0A0R0KE62,I1LKU1,1
A0A0R0EJE2,A0A0R0JJK0,1
A0A0R0EDS9,A0A0R0I0B9,1
A0A0R4J5B7,I1L4B6,1
I1LGB7,K7LCS7,1
C6SZL0,K7K894,1
I1NDG6,A0A0R0K7U0,1
A0A0R0K7U0,I1L9A1,1
I1M7C7,P17093,1
A0A0R0KWL0,K7KYY0,1
C6TBL4,I1KIY3,1
A0A0R0KNE1,K7M841,1
I1KTL9,A0A0R0EKI7,1
A0A0R0FEN9,K7LCS7,1
I1LRE4,K7MMD7,1
C6T883,I1KPE7,1
I1JD07,I1MM89,1
P17093,I1KIY3,1
K7KP66,I1K146,1
K7K4C7,I1MUQ7,1
K7N145,I1NGL5,1
I1MW74,I1K5H2,1
I1NAF6,I1NIJ9,1
I1LUE0,I1KIY3,1
I1MRS5,I1MEQ6,1
C6SYW6,A0A0R0G342,1
I1JYG7,A0A0R0H141,1
A0A0R0KJP6,K7LNG6,1
A0A0R0KR16,I1JD07,1
A0A0R0KXY9,K7LFD7,1
I1M757,I1KXK6,1
K7KES3,I1L8S1,1
K7N5K2,I1MXT2,1
C6T4Z6,A0A0R4J5B7,1
I1J5B0,A0A0R0E934,1
K7LCS7,I1L8S1,1
I1LUL7,A0A0R0E934,1
A0A0R0L098,I1JD07,1
A0A0R0GFL3,I1M9T4,1
I1KIB3,I1KQE3,1
I1KJW4,C6SZG1,1
C6T7N2,I1NJ53,1
I1LWR7,I1KQE3,1
C6T0U3,I1JD07,1
C6SWG4,I1JE09,1
I1K628,I1JD07,1
K7MXH5,I1N0U4,1
A0A0R0GFM7,A0A0R0EJE2,1
C6TG91,A0A0R0FZM4,1
A0A0R0ENB3,I1JUJ8,1
I1JMT0,I1MLF1,1
C6TG91,K7K318,1
I1L0M6,I1KM19,1
K7M5T0,I1KM19,1
I1LPZ3,K7LFD7,1
K7K415,I1NJ53,1
A0A0R0K0L0,I1MEF5,1
I1JW21,I1LUE0,1
A0A0R0ENB3,I1N0I7,1
A0A0R0GFL3,I1JKP1,1
I1LFQ4,I1JE09,1
A0A0R0KR16,I1JE09,1
I1JD07,A0A0R0LFT0,1
K7MGQ2,C6T530,1
I1JFW6,I1LGB7,1
K7LHS7,A0A0R0IAV3,1
K7M5T0,K7MGQ2,1
I1JT85,A0A0R4J5K6,1
I1JA95,I1JDH6,1
I1KVL0,I1JE09,1
C6T883,I1KQE3,1
A0A0R4J2Q5,I1MTZ8,1
A0A0R0GRI6,A0A0R0FZM4,1
C6T4Z6,A0A0R0L7U5,1
I1JFW6,I1JW21,1
C6T883,A0A0R0FZM4,1
I1K096,I1MLJ0,1
K7MZ38,I1MLJ0,1
K7MGQ2,I1LGB1,1
I1LPW2,I1MFH3,1
C6T5U0,I1KQB9,1
K7LCS7,I1JDH6,1
A0A0R0GBL8,M1FN34,1
I1N8P5,I1K4R8,1
C6T968,C6T065,1
I1K970,C6T0E4,1
A0A0R0G5A8,I1NJ53,1
K7LQV0,I1LDU4,1
I1N8P5,I1K3X9,1
K7MC09,I1KD82,1
I1MNU1,I1KKD9,1
I1M4Y9,I1LVN3,1
I1KEY6,I1JUQ0,1
I1MNK0,A0A0R0EKI7,1
I1KHJ6,K7KW44,1
I1J8W6,I1LJA4,1
I1MWF0,K7MNN5,1
A0A0R0JLD5,A0A0R0L7U5,1
C6SW04,I1MY33,1
I1LYU9,I1LH18,1
K7MMD7,I1LKU1,1
I1KGU0,I1K6E7,1
C6T5U0,I1KIY3,1
A0A0R0HSV1,A0A0R0FZM4,1
I1K5G1,K7MMD7,1
I1N1Y6,I1KQE3,1
C6SVR8,I1L2H4,1
K7MXH5,I1MU29,1
A0A0R0EDS9,A0A0R0GRI6,1
C6TIQ7,I1JHN5,1
K7K553,I1M1D5,1
I1JM18,I1JBJ2,1
I1MUN3,I1LHS8,1
C6TD23,I1JP52,1
K7MXH5,K7LA18,1
I1KVL0,A0A0R4J5B7,1
Q2TFP1,I1MNV2,1
I1LMP2,I1MW74,1
A0A0R0FEN9,C6SYW6,1
K7MH53,I1LPW2,1
I1KY58,I1LUL2,1
A0A0R0JLD5,A0A0R0FJR0,1
I1LCX3,A0A0R0JJI0,1
C6TEP1,C6SYW6,1
I1N898,I1MY33,1
A0A0R0J7J3,A0A0R0FJR0,1
I1LFD2,I1LMQ5,1
P62302,C6T2H2,1
A0A0R0KE62,I1MQD0,1
C6TD23,I1KJT5,1
K7MXE0,K7KVG4,1
C6T0U3,A0A0R0FJR0,1
I1MLF1,I1K3U2,1
A0A0R0FSS2,A0A0R0GFM7,1
C6TLV6,I1KPE7,1
A0A0R0FSS2,A0A0R0GFL3,1
I1J9J7,C6SZQ0,1
I1K6E7,I1L4B6,1
C6TBL4,I1KJ98,1
I1N954,I1JE09,1
K7KKB2,I1MW51,1
I1LWR7,A0A0R0FJR0,1
K7LTR0,K7KGJ8,1
I1JFW6,C6SY25,1
A0A0R0GJ85,A0A0R0GFH3,1
A0A0R0F214,I1MTZ8,1
A0A0R0LA89,I1MNU1,1
I1KUB2,K7KY63,1
K7MFZ6,I1M7B9,1
K7MXH5,I1K3U2,1
I1JE09,A0A0R0KE73,1
C6SWG4,P17093,1
I1MTV9,A0A0R0FEI0,1
K7LCS7,I1N0F1,1
C6TJM4,A0A0R0H7N0,1
I1LPC3,I1MRI5,1
A0A0R0EZ39,K7MM40,1
K7MMR3,I1LUE0,1
I1JE09,I1L0M6,1
A0A0R0KWT5,I1NGL5,1
I1KR80,I1LHS8,1
A0A0R0KR16,A0A0R4J5B7,1
I1KJ98,I1J8W6,1
K7MC85,I1KCH6,1
C6T4Z6,A0A0R0FZM4,1
C6SYE0,I1KPE7,1
A0A0R0FEN9,P17093,1
A0A0R0KE73,A0A0R0L7U5,1
A0A0R0GJV8,I1JS66,1
I1LWR7,I1KPE7,1
A0A0R0G3G4,A0A0R0KPE1,1
K7LK09,I1KHL6,1
C6SWI9,I1NJ53,1
I1N8P5,I1LEC4,1
I1JFN0,A0A0R0JJI0,1
O22518,C6SY25,1
K7KES1,I1K3P0,1
I1JA95,I1MQB5,1
I1K970,A0A0R0FNV7,1
K7LTR0,I1NBQ2,1
A0A0R0EU45,K7MM40,1
K7KES3,I1LGB7,1
A0A0R0G3G4,A0A0R0EDS9,1
I1LGB1,A0A0R0L7U5,1
C6SYE0,I1MU00,1
C6TLT3,A0A0R0L7U5,1
A0A0R4J4D0,I1JT28,1
I1MVG5,I1N7F4,1
C6SWD4,I1L7G4,1
K7MM40,I1MKM3,1
A0A0R0I8Z5,A0A0R0EKI7,1
I1LIU7,K7K676,1
I1KCY5,A0A0R0JES0,1
A0A0R0JLD5,I1KPE7,1
A0A0R0IR73,K7MAP3,1
A0A0R0G3G4,C6T065,1
A0A0R4J5B7,I1MM89,1
C6SWG4,A0A0R0L7U5,1
I1N056,A0A0R0JBL2,1
I1LPW2,I1KD09,1
A0A0R0KWT5,I1KTS9,1
A0A0R0I1I4,A0A0R0EKI7,1
C6SWD4,M1FN34,1
C6T0U3,A0A0R0KPE1,1
I1N8P5,I1K9J7,1
A0A0R0ENB3,K7MMR4,1
I1KHJ6,A0A0R0L0E7,1
K7M466,I1N9E1,1
I1J9I1,I1MC39,1
K7MGQ2,A0A0R0JLD5,1
I1NBE9,A0A0R0JT51,1
I1NG45,I1JT28,1
C6T5U0,A0A0R0G342,1
I1LIS4,I1L3P5,1
I1MXT2,A0A0R0L0E7,1
C6TLT3,I1LUE0,1
A0A0R4J426,I1M0N9,1
C6SZ70,K7M142,1
I1L250,I1LFD2,1
O22518,I1KQB9,1
I1LGD6,K7MAP3,1
A0A0R0IR73,I1KIY3,1
I1LHS8,K7KFV5,1
I1J553,A0A0R0E934,1
I1LUE0,A0A0R0LFT0,1
I1LGQ1,I1L2H4,1
A0A0R0GPH9,I1M9T4,1
C6SX83,A0A0R0EWX9,1
I1KTD4,K7MC85,1
I1J9W0,K7MGQ2,1
I1MUN3,C6TBL4,1
A0A0R0KPE1,K7MAP3,1
A0A0R0L098,I1LUE0,1
K7KFV5,K7MXE0,1
K7KGC2,K7N5K2,1
A0A0R0GFM7,K7KCG5,1
K7LNG6,A0A0R0JYB5,1
K7M5T0,A0A0R0KPE1,1
I1K467,I1KKD9,1
K7MZ38,I1LHS8,1
A0A0R0KPE1,C6T530,1
A0A0R0FEN9,I1K6E7,1
K7LHR2,I1KD82,1
A0A0R0IR73,A0A0R0G342,1
K7LW22,A0A0R4J2Q5,1
K7M5T0,I1LGD6,1
I1JD07,C6T2H2,1
A5Z2K3,A0A0R0EKI7,1
I1KHL6,I1MQC8,1
C6SYW6,I1MM89,1
A0A0R4J4C3,C6TFN5,1
A0A0R4J5B7,I1LGQ1,1
A0A0R0EYS5,I1NJ79,1
O22518,I1MQB5,1
C6T0U3,K7K318,1
I1MEQ6,I1NBC2,1
I1J870,K7LTR0,1
I1L8S1,C6T065,1
I1LHY4,K7KK74,1
K7MTL2,K7M097,1
C6T883,A0A0R0FJR0,1
K7LTR0,I1LG61,1
C6SVR8,I1MU00,1
A0A0R0G3G4,I1M3W1,1
K7LKS0,A0A0R0GFH3,1
A0A0R0HCS6,C6SYR1,1
I1JE09,K7MMR3,1
K7KDA5,A0A0R0EKI7,1
K7LCS7,I1LWR7,1
C6SZL0,K7N145,1
O22518,A0A0R0H296,1
I1J8W6,K7M097,1
K7MNN5,I1MM64,1
I1KZK2,I1MQD0,1
A0A0R0EDS9,I1L0M6,1
I1K8C1,K7M6J1,1
I1N0F1,I1L2H4,1
I1KSL6,I1L3P6,1
K7KK74,I1L478,1
I1KDB2,I1K642,1
K7LHS7,I1NH73,1
C6SXM9,K7LFD7,1
I1KHL4,A0A0R0EKI7,1
I1LGB7,I1JE09,1
I1L4B6,I1L2H4,1
C6TN69,I1MBA2,1
I1MWF0,A0A0R0JQJ0,1
A0A0R4J2Q5,A0A0R0ESI3,1
I1M7C7,I1M3W1,1
I1MDC4,I1MSN3,1
C6SX83,I1KB25,1
K7MGQ2,I1KQ68,1
A0A0R0EDS9,I1KQ68,1
I1K2I1,I1MY33,1
I1KNN1,C6T5U0,1
I1MQB5,I1KPE7,1
K7KES3,C6TLT3,1
I1KJL3,I1MLF1,1
A0A0R0KE73,C6T065,1
I1KQE8,I1MW74,1
C6TLV6,I1KM19,1
I1KGU0,A0A0R0FZM4,1
I1KYL4,C6T2Y4,1
I1JKP1,A0A0R0L0E7,1
I1LIR4,C6SZG1,1
I1LH27,I1JT28,1
K7KCG5,A0A0R0JQJ0,1
C6TLV6,I1JD07,1
A0A0R0FSS2,A0A0R0JJK0,1
I1MNV2,I1K7J4,1
C6T2L5,I1MEF5,1
I1KCH6,I1JUQ0,1
I1JW21,A0A0R0L7U5,1
I1JHJ0,I1M757,1
O22518,A0A0R0HSV1,1
A0A0R0GFL3,A0A0R0JES0,1
I1M3U2,A0A0R4J2Y1,1
I1JA95,I1KGU0,1
I1MGB0,I1LUE0,1
I1J8W6,K7KFV5,1
I1MZ32,A0A0R0EKI7,1
A0A0R0F214,I1LZW4,1
A0A0R0EDS9,A0A0R0LFT0,1
K7K894,C6SY99,1
A0A0R0EYS5,K7LVE4,1
C6T5U0,C6SY25,1
A0A0R0G3G4,I1JD07,1
I1N3M5,A0A0R0F214,1
I1N056,I1MEQ6,1
I1KQB9,I1KPE7,1
I1K5J5,K7KK74,1
I1J9W0,I1MU00,1
I1JD07,I1L8S1,1
I1K8C1,I1MEF5,1
K7KCG5,K7KW44,1
Q2PMT2,P17093,1
A0A0R4J5B7,C6T530,1
K7KES3,C6T883,1
I1KLE1,C6TGZ1,1
I1JWH5,I1J8W6,1
C6SY25,A0A0R0KPE1,1
A0A0R0KE62,I1JW64,1
A0A0R0EDS9,C6T530,1
Q2PMU0,I1NJ53,1
I1J5Q1,I1M269,1
A0A0R0JQJ0,A0A0R0G6V6,1
I1L1L2,I1KTI0,1
K7KCG5,A0A0R0JJK0,1
C6TNW3,I1KHL6,1
A0A0R0IR73,I1LZ09,1
A0A0R0L7S1,A0A0R0HSA0,1
A0A0R0ENB3,I1LYG4,1
P09755,A0A0R0EKI7,1
I1K6E7,I1JDH6,1
A0A0R0IGP2,K7LFD7,1
A0A0R0FEN9,I1M3W1,1
I1K9J7,Q2TFP1,1
K7MQG6,C6SZY0,1
I1J9J7,I1LPK5,1
H2D4C3,I1MC28,1
A0A0R0ENB3,I1JKS2,1
I1JA95,A0A0R0HSV1,1
K7KGC2,K7M846,1
C6SVR8,P17093,1
O22518,C6T530,1
Q2PMR3,A0A0R0GCF5,1
A0A0R0GS25,A0A0R0G6V6,1
I1K725,I1L7G4,1
I1MQB5,A0A0R0KPE1,1
I1M9T4,A0A0R0L828,1
C6TG91,C6T065,1
A0A0R0KPE1,C6SYE0,1
I1JA95,C6TLV6,1
I1LFQ4,A0A0R0EDS9,1
I1JFW6,I1LZ09,1
P62302,I1L4B6,1
I1KQG0,I1KSL6,1
I1J9W0,I1JD07,1
C6T4Z6,K7K318,1
O22518,I1LWR7,1
A0A0R0L372,K7N129,1
I1LFQ4,A0A0R0FZM4,1
I1N954,A0A0R0L7U5,1
I1LPK5,A0A0R0GNH6,1
I1K7J4,I1LEC4,1
I1NAJ5,A0A0R0IAV3,1
I1M7C7,A0A0R0EDS9,1
I1KYF8,A0A0R0L7U5,1
I1KMP8,A0A0R0JBL2,1
C6T0U3,K7MGQ2,1
I1K146,C6TAW8,1
A0A0R0E934,K7MTC4,1
K7KES3,A0A0R0JLD5,1
I1MQB5,I1JD07,1
A0A0R0EDS9,A0A0R0HSV1,1
C6TAW8,I1N7F4,1
I1L3P6,I1JD52,1
A0A0R0FJR0,I1L4B6,1
I1LPW2,A0A0R0KXY9,1
C6SVH9,A0A0R4J2Y1,1
I1LGD6,A0A0R0I0B9,1
K7MC85,I1JY67,1
I1MVK7,I1L7G4,1
C6T4Z6,K7LCS7,1
C6T0U3,I1K6E7,1
A0A0R0G5A8,C6TIQ7,1
K7MRX6,A0A0R0E934,1
I1NC77,I1KYL4,1
A0A0R0KWL0,K7KNJ6,1
I1K4R8,I1KPA1,1
I1LIU7,I1LIM0,1
I1M3V1,A0A0R0EKI7,1
I1KYF8,A0A0R0IR73,1
C6SY81,C6SZG1,1
K7LKS0,K7M846,1
I1LWR7,P17093,1
C6T2G5,I1N8M4,1
I1KQB9,I1L2H4,1
A0A0R0IHF9,I1K3X9,1
K7MFZ6,I1LRE4,1
I1LXH0,I1MPJ4,1
I1KQ68,I1KPE7,1
K7MGQ2,C6F117,1
C6T1P2,A0A0R0GAQ8,1
I1L0M6,K7MGQ2,1
I1KH45,I1K146,1
C6TKB2,I1NJ53,1
C6SWG4,A0A0R0FJR0,1
C6SZM9,A0A0R0F214,1
I1JCY0,A0A0R0EKI7,1
I1LGB7,A0A0R0KPE1,1
I1MU00,I1KIY3,1
I1JFW6,I1N1Y6,1
C6T5U0,K7L3P2,1
K7LCS7,I1KQ68,1
I1JE09,C6SZ22,1
Q2PMU0,A0A0R0EKI7,1
I1LGD6,C6TEP1,1
C6SY81,I1JB64,1
I1JA95,A0A0R0I0B9,1
I1KNN1,O22518,1
I1MP46,K7N129,1
C6SWD4,I1MEF5,1
I1KJW4,M1FN34,1
I1MGB0,A0A0R0FZM4,1
I1MU00,K7MAP3,1
A0A0R0G2B9,K7LHS7,1
I1K628,C6T065,1
A0A0R0FJR0,I1N1Y6,1
I1LGD6,A0A0R0LFT0,1
A0A0R0GFH3,A0A0R0G6V6,1
I1M1W3,I1KMP8,1
C6SZ70,A0A368UJ64,1
I1N0R5,I1KD82,1
I1KQB9,I1KM19,1
A0A0R0JLD5,I1KM19,1
A0A0R0GPH9,I1JTE4,1
A0A0R0FEN9,A0A0R0IR73,1
K7MMR3,A0A0R0L7U5,1
I1JE09,I1LWR7,1
C6SVV7,I1JE09,1
I1JD36,I1N9E1,1
I1MVE9,I1LIU7,1
I1LDY7,K7N145,1
I1LKQ4,C6SZG1,1
K7MFZ6,I1L3P6,1
C6TGZ1,I1L1N3,1
A0A0R0EYS5,K7MI53,1
C6T084,A0A0R0EKI7,1
K7N5K2,A0A0R0G6V6,1
K7KLI7,K7K4C7,1
K7MGQ2,A0A0R0LFT0,1
A0A0R0EDS9,I1LWR7,1
I1KVL0,P62302,1
A0A0R0K6I2,K7MST2,1
K7LTR0,A0A0R0GNH6,1
I1L0M6,A0A0R0FZM4,1
I1KVL0,A0A0R0KPE1,1
C6SVR8,A0A0R0FJR0,1
I1L1S1,I1LFD2,1
I1MWP7,C6TIQ7,1
I1MWP7,I1K146,1
I1K970,I1JRA0,1
I1JW21,A0A0R0KPE1,1
C6SW04,A0A0R0IHF9,1
A0A0R4J5B7,C6T2H2,1
A0A0R0GFM7,I1JTE4,1
I1LWR7,C6T065,1
K7K9E1,I1JD52,1
O22518,I1KQ68,1
K7KES3,I1J9W0,1
I1L0M6,I1LGD6,1
C6TLV6,I1LGD6,1
I1MHS1,I1LL05,1
A0A0R0GPH9,A0A0R0JES0,1
I1KGU0,A0A0R0KPE1,1
I1LFD2,Q2PMU0,1
I1LGB7,I1KM19,1
I1J9J7,K7LTR0,1
I1M277,A0A0R0GZZ6,1
I1KHJ6,I1KCY5,1
K7LCS7,C6SYE0,1
I1LGB7,I1MU00,1
A0A0R0KPE1,C6T2H2,1
I1KX98,I1NJ53,1
A0A0R0EDS9,I1LGB1,1
C6SVV7,I1MU00,1
A0A0R0GPH9,K7M5I5,1
I1JFW6,A0A0R0H296,1
I1MU00,I1N1Y6,1
I1N6N9,K7KWE4,1
I1LIR4,M1FN34,1
C6SWG4,C6T5U0,1
I1KNN1,C6T065,1
I1N1X8,A0A0R0EKI7,1
K7L9M2,I1NFU9,1
C6TGA9,K7MVB9,1
A0A0R4J3N1,K7MC85,1
I1N954,A0A0R0FJR0,1
C6T968,I1LUE0,1
O48548,I1JC65,1
I1JUQ0,I1JS66,1
I1K6E7,I1MM89,1
A0A0R0FZM4,A0A0R0LFT0,1
A0A0R0L7U5,I1N1Y6,1
K7N5K2,I1NH98,1
I1MNE4,I1MF50,1
K7KVK2,A0A0R0FJF0,1
I1LA00,A0A0R0L0E7,1
A0A0R0L7U5,C6F117,1
A0A0R0KPE1,A0A0R0KE73,1
A0A0R0GZZ6,A0A0R0FEN3,1
C6T1E6,A0A0R4J488,1
I1NHI4,A0A0R0GFL3,1
I1K628,K7K318,1
I1KCY5,I1NH98,1
I1N6N9,I1KTI0,1
A0A0R4J5B7,A0A0R0HSV1,1
C6T883,C6SYW6,1
I1LFQ4,C6SYW6,1
I1LFD2,K7KP67,1
K7MRF5,A0A0R0F2G6,1
I1JT28,I1N898,1
K7M5T0,I1LUE0,1
K7N5K2,K7M5I5,1
A0A0R0F2Z4,K7KJB2,1
C6SZY0,A0A0R0FGT9,1
I1MQD0,I1JD52,1
K7KZ42,A0A0R0GG06,1
I1JE09,I1LGB1,1
A0A0R0JLD5,I1MU00,1
A0A0R0GPH9,I1MM64,1
K7M4N3,K7MYK9,1
I1MBM5,I1N7F4,1
A0A0R0KWT5,K7KNJ6,1
A0A0R0JJK8,I1K642,1
A0A0R0L5Q1,C6T1P2,1
C6TLT3,A0A0R0IR73,1
A0A0R0KVY6,K7K8U8,1
C6SY25,P17093,1
A0A0R0HSV1,I1KM19,1
C6T2G5,I1JMZ4,1
A0A0R0JLD5,C6SYW6,1
I1L4B6,I1KM19,1
A0A0R0KE62,I1NIE7,1
K7LA18,I1MLF1,1
I1LKQ4,M1FN34,1
K7LZZ5,I1K146,1
C6T0U3,P62302,1
C6T5U0,A0A0R0FYN8,1
I1JA95,I1LWR7,1
I1KGU0,A0A0R0L7U5,1
A0A0R0FJR0,K7MMR3,1
K7KES3,I1K5L7,1
C6TG91,K7MGQ2,1
C6TBL4,C6T2H2,1
A0A0R0I0B9,C6SYW6,1
C6TNW3,I1MK96,1
C6T5U0,A0A0R0LFT0,1
A0A0R0ENB3,I1M2R5,1
I1KVS3,I1LPW2,1
I1JYT2,A0A0R0GC27,1
I1LA00,K7M849,1
I1KYF8,I1LGD6,1
I1LFQ4,I1LGD6,1
I1MXT2,A0A0R0JRI8,1
A0A0R0G3G4,A0A0R0FZM4,1
A0A0R0KWT5,A0A0R0EZ39,1
I1K146,A0A0R0FX70,1
A0A0R0IR73,I1MM89,1
A0A0R0JRI8,I1NH98,1
I1LR48,A0A0R0FEI0,1
I1LGB1,I1KPE7,1
A0A0R0L4P0,I1KMP8,1
K7KES3,I1N954,1
I1NHI4,K7MNN5,1
K7MGQ2,A0A0R0KE73,1
C6TLV6,I1KQE3,1
I1KTI0,A0A0R4J3R4,1
I1MT74,I1MSN3,1
I1M1W3,I1LJ93,1
I1M3W1,I1JDH6,1
A0A0R0KE73,K7K318,1
I1KTI0,I1KMS4,1
C6TFN5,I1JRJ3,1
A0A0R0INQ5,A0A0R0GJV8,1
K7LCS7,I1LGQ1,1
I1K628,I1M3W1,1
A0A0R4J426,A0A0R0GZZ6,1
I1K2I1,I1JT28,1
K7K894,I1M273,1
I1KVL0,A0A0R0EDS9,1
C6SY25,I1K6E7,1
A0A0R4J426,I1LKQ4,1
I1N8P5,Q43463,1
A0A0R0GPH9,I1JFN0,1
A0A0R0L098,I1JE09,1
C6T530,C6SYW6,1
K7LCS7,A0A0R0G342,1
C6T0U3,I1LUE0,1
I1LA00,I1KCY5,1
C6T5U0,I1LGQ1,1
I1KCN1,K7MM40,1
I1MEQ6,I1K328,1
C6SVB5,I1K970,1
I1LPI3,I1JB64,1
I1LFQ4,I1JD07,1
I1KJT5,C6TGZ1,1
C6T5U0,I1L0M6,1
O48901,A0A0R0IT62,1
O22518,I1KGU0,1
A0A0R0EDS9,C6SZ22,1
A0A0R0FQN0,I1MK72,1
A0A0R0FB78,C6TKZ4,1
I1KYS6,A0A0R0L4P0,1
A0A0R0L7U5,A0A0R0G342,1
I1KUB2,I1JXQ3,1
I1J5U5,A0A0R0HSA0,1
K7MXE0,K7KEV0,1
A0A0R0GBB6,I1JAG0,1
I1M277,I1LRH8,1
I1K215,I1LC01,1
C6T8L7,K7LFD7,1
K7L1D3,I1MJJ9,1
I1LW00,I1L6W0,1
Q2TFP1,I1JV03,1
C6TBQ2,I1N7F4,1
K7LHS7,I1NJ79,1
K7N3F6,A0A0R0K7U0,1
A0A0R0IHF9,I1KSD0,1
K7KK74,I1NDG6,1
A0A0R0KWT5,C6SY99,1
C6TLV6,C6SYW6,1
C6TMM7,I1LVN3,1
I1JTW0,M1FN34,1
A0A0R0EDS9,C6SY25,1
I1M1D5,I1LP56,1
C6TG91,C6SYW6,1
K7MNN5,A0A0R0EJE2,1
I1KNN1,I1KPE7,1
C6T2G5,I1KB25,1
K7MXH5,I1JMT0,1
K7L3P2,I1KQE3,1
C6TN69,A0A368UHE3,1
K7LWN2,A0A0R4J2Y1,1
K7N5K2,A0A0R0FSS2,1
I1M3W1,C6SZ22,1
I1MP46,I1MW51,1
K7KDX2,A0A0R0JJI0,1
C6T0U3,O22518,1
C6TLT3,P17093,1
K7KES3,A0A0R0KE73,1
K7LCS7,I1KIY3,1
I1LIU7,A0A0R0L8Y1,1
I1LGQ1,I1KPE7,1
I1N0F1,I1M3W1,1
C6T5U0,I1K5L7,1
I1KJW4,I1MEF5,1
I1LIR4,I1MEF5,1
A0A0R0FEN9,A0A0R0FJR0,1
I1NDC0,I1MJJ9,1
I1LGB7,A0A0R0FJR0,1
I1K911,A0A0R0HSA0,1
O22518,C6TEP1,1
I1NGQ5,I1MJJ9,1
I1JW64,I1KZK2,1
I1KZW4,I1JHJ0,1
A0A0R0KWT5,A0A0R0EU45,1
C6SYW6,I1L4B6,1
K7LKS0,K7KW44,1
I1KPE7,A0A0R0H296,1
I1KVL0,I1M3W1,1
K7KW44,I1NH98,1
C6SYW6,C6F117,1
I1MQB5,A0A0R0IR73,1
I1LPK5,I1K2J5,1
A0A0R0L098,A0A0R0EDS9,1
A0A0R0FSS2,A0A0R0GFH3,1
I1JFW6,A0A0R0J7J3,1
I1M9T4,A0A0R0JJK0,1
A0A0R0HSA0,I1JI73,1
I1KQG0,K7MFZ6,1
I1KQE3,I1KIY3,1
K7N145,I1KGZ6,1
C6TE07,I1MW74,1
I1K467,I1M7B9,1
C6TLT3,A0A0R0FJR0,1
I1NCS8,I1MW74,1
A0A0R0HV63,I1MK96,1
A0A0R0EDS9,I1N0F1,1
I1KGU0,I1JE09,1
I1LXH0,K7M6Z2,1
C6TD23,I1M5E2,1
K7LKS0,A0A0R0JQJ0,1
C6TLV6,I1L2H4,1
C6TBQ2,C6TIQ7,1
O22518,A0A0R0LFT0,1
A0A0R0EJE2,A0A0R0JQJ0,1
I1KIB3,P17093,1
A0A0R0HV63,I1LIS4,1
I1N0F1,I1LUE0,1
K7LIE3,I1KEG8,1
K7KK74,I1N8Q6,1
C6T2L5,I1M277,1
A0A0R0GPH9,I1MXT2,1
A0A0R0GS25,A0A0R0KNE1,1
I1LGB1,C6T065,1
C6TIK0,I1JE38,1
I1MGB0,A0A0R0EDS9,1
I1JD07,A0A0R0KE73,1
I1M5E2,I1KD82,1
I1JD07,I1LZ09,1
I1N9S5,I1KD82,1
C6SYE0,K7K318,1
C6TLT3,I1KM19,1
A0A0R0KR16,K7K318,1
C6T5U0,I1K5K3,1
K7MMR3,C6T065,1
I1L690,I1JRV0,1
I1KUT8,A0A0R0KWT5,1
K7LWN2,A0A0R4J2Q5,1
I1KLE1,I1LUL2,1
I1LFD2,A0A0R0KFE8,1
P07506,C6TJ17,1
I1JD07,A0A0R0H296,1
K7MXS9,K7LFD7,1
C6TKG0,I1JRU7,1
I1KPA1,K7L6N7,1
I1LPI3,I1L7G4,1
I1J8W6,K7KEV0,1
K7KES3,C6TG91,1
K7LTR0,A0A0R0JB42,1
O22518,A0A0R0I0B9,1
K7MC09,I1LL05,1
I1JA95,C6SY25,1
P17093,A0A0R0LFT0,1
I1MNU2,I1LM73,1
K7MTL2,K7KEV0,1
I1LPJ3,C6TNW3,1
K7KES3,A0A0R0H296,1
I1KGU0,I1JD07,1
I1MC39,K7L6N7,1
I1JFW6,I1KQB9,1
I1K5K3,I1KQE3,1
A0A0R0L098,I1JA95,1
O22518,I1L0M6,1
A0A0R4J3N1,I1MW74,1
O22518,I1L4B6,1
C6TEP1,I1KPE7,1
K7MTL2,I1MTH0,1
A0A0R0GJ85,A0A0R0L828,1
A0A0R0G3G4,I1KQE3,1
K7LWN2,A0A0R4J488,1
I1K328,A0A0R0JBL2,1
I1LGD6,I1N1Y6,1
I1KGU0,C6T065,1
I1JS58,A0A0R0EKI7,1
I1NBQ2,C6SZQ0,1
I1KVL0,I1LGD6,1
A0A0R0FKK9,C6TIQ7,1
A0A0R0KWL0,I1KCN1,1
C6T2G5,A0A0R0EWX9,1
C6T4V3,I1N1V6,1
I1KPA1,I1K2I1,1
I1KXI7,A0A0R0E934,1
I1KJ56,I1KUB2,1
I1KQG0,K7MMD7,1
I1ML11,Q2TFP1,1
A0A0R4J5B7,I1KQ68,1
I1MJM9,A0A0R0EKI7,1
K7LLK0,I1KAR1,1
I1K5L7,C6T065,1
A0A0R0FEN9,K7K318,1
I1JD07,A0A0R0HSV1,1
I1M3W1,I1KIY3,1
I1L690,I1NCF8,1
I1LCX3,A0A0R0L828,1
Q2PMT2,I1MU00,1
I1K3X9,I1MY33,1
I1M7C7,C6T065,1
K7MM40,I1M0C3,1
C6SZM2,I1NJ53,1
I1LGB7,I1L2H4,1
A0A0R0EDS9,K7MMR3,1
A0A0R0GBL8,I1L7G4,1
I1KLE1,I1LL05,1
I1KS20,A0A0R0FEN3,1
A0A0R0K6F4,A0A0R0JBV0,1
K7MXH5,I1LZT5,1
C6SWZ1,A0A0R0EKI7,1
I1KVL0,I1KPE7,1
K7LKS0,A0A0R0JJK0,1
I1L3P6,I1MNU1,1
K7K894,I1NGL5,1
C6SWG4,K7MGQ2,1
I1KM19,C6F117,1
I1MUN3,I1MLJ0,1
C6SVR8,I1LGD6,1
K7LTR0,I1J5B0,1
I1KZK2,I1M7B9,1
C6SWG4,K7K318,1
I1MXT2,K7M841,1
A0A0R0F0T6,I1MJJ9,1
A0A0R0GS25,A0A0R0FSS2,1
C6TBL4,I1LJA4,1
A0A0R0HN81,I1JRV0,1
I1JV03,I1JT28,1
A0A0R0L098,I1L2H4,1
I1KGZ6,K7MM40,1
I1KQE2,I1LVN3,1
I1K2J5,C6SZQ0,1
C6SWD4,C6SZG1,1
K7MTL2,I1L412,1
C6TEP1,C6T065,1
K7KTT9,A0A0R0E934,1
I1LIR4,A0A0R0FEN3,1
A0A0R0GRI6,C6SYW6,1
C6SZ22,A0A0R0L7U5,1
A0A0R0L828,A0A0R0G6V6,1
A0A0R0L7U5,I1KIY3,1
K7MAP3,I1KQE3,1
K7M5W5,A0A0R0F214,1
I1LPK5,K7LJF6,1
I1JS58,I1LFD2,1
K7LCS7,I1LGB1,1
I1LPW2,I1LJ94,1
C6SWG4,A0A0R0IR73,1
I1JA95,A0A0R0GRI6,1
C6TGA9,I1L8G3,1
K7KDX2,I1KCY5,1
I1LKU1,K7M6R4,1
K7L3P2,C6SYW6,1
O22518,I1N0F1,1
I1KPA1,I1JV03,1
K7MD28,I1LUL2,1
C6SVR8,C6SYW6,1
C6T0U3,C6SYW6,1
O22518,K7MMR3,1
C6T8R7,I1NJ53,1
I1JA95,I1LGB1,1
I1M7C7,K7K318,1
K7M5T0,I1K6E7,1
I1MGB0,A0A0R0FJR0,1
C6TGZ1,I1MSC6,1
A0A0R0EDS9,I1JW21,1
I1MU00,I1MM89,1
I1L9K4,I1KHL6,1
C6T5U0,A0A0R0GRI6,1
I1MGG7,I1NF12,1
I1K5K3,A0A0R0FZM4,1
A0A0R0KWT5,I1KC19,1
K7M9T4,I1KJ56,1
A0A0R0KPE1,I1L4B6,1
M1FN39,K7LFD7,1
C6SY25,C6SYW6,1
C6T5U0,I1JM69,1
I1K6E7,K7L3P2,1
O22518,I1K5K3,1
C6SVV7,A0A0R0IR73,1
A0A0R0H2V0,A0A0R0IZY4,1
I1LA00,A0A0R0GFM7,1
I1KJW4,K7M6J1,1
C6TD23,K7MD28,1
I1K628,K7LCS7,1
K7KES3,K7MAP3,1
K7LZZ5,I1N7F4,1
K7MGQ2,K7MAP3,1
A0A0R4J426,C6T2L5,1
I1JFW6,I1M7C7,1
I1N9I5,A0A0R0F214,1
O22518,I1JDH6,1
A0A0R0HSV1,P62302,1
K7MPL4,K7L2D7,1
C6T0U3,I1M3W1,1
K7KFV5,I1MLJ0,1
K7M142,K7MYK9,1
A0A0R0KTM7,I1MW51,1
I1LIH7,I1L7G4,1
C6T3I8,I1LPW2,1
A0A0R4J4C5,I1K7J4,1
A0A0R0L4P0,I1MRS5,1
K7MFZ6,I1K5G1,1
A0A0R0L115,I1NJ53,1
I1K9B8,K7L939,1
I1KUS2,K7K794,1
C6SYW6,I1JDH6,1
A0A0R0L7U5,I1LZ09,1
K7LIE3,I1M0C2,1
A0A0R0FSS2,A0A0R0JQJ0,1
I1JYG7,A0A0R4J4H3,1
I1JKP1,K7KW44,1
C6T5U0,K7MAP3,1
I1MBW8,K7MXE0,1
I1JB64,I1M0N9,1
C6T0U3,A0A0R4J5B7,1
A0A0R0E934,A0A0R0L8Y1,1
I1M6L1,A0A0R0HSA0,1
K7L4N7,I1KDB2,1
I1L524,I1KD82,1
K7KES3,I1JM69,1
K7M6Z2,K7LSH9,1
A0A0R0I0B9,I1LUE0,1
I1LFD2,I1MNK0,1
I1JQR6,A0A0R0JBL2,1
I1KJH7,I1LPW2,1
C6SVR8,I1M3W1,1
C6TKC3,K7MM40,1
A0A0R0JES0,A0A0R0JJK0,1
K7LTQ1,I1MSN3,1
I1KVX9,I1KD82,1
C6TD23,A0A368UHC3,1
I1JRL7,I1M998,1
K7MGQ2,I1N1Y6,1
Q2PMT2,I1LUE0,1
I1LPJ3,I1MQC8,1
A0A0R0JKU3,I1LPW2,1
I1J8W6,I1KLS4,1
C6SX83,I1JYG7,1
C6T2L5,M1FN34,1
I1LPJ3,A0A0R0IF42,1
A0A0R0JRI8,K7KCG5,1
I1LYQ9,A0A0R0EG78,1
I1ML11,I1MY33,1
C6SZY0,I1KYL4,1
I1JC65,A0A0R0F2G6,1
A0A0R0KE73,P17093,1
A0A0R0GFL3,I1KHJ6,1
I1LHS8,I1MTH0,1
I1K628,A0A0R0KPE1,1
I1K9B8,A0A0R0FGT9,1
A0A0R0GS25,K7M5I5,1
I1KJW4,I1L7G4,1
K7K8K7,K7K2H1,1
K7KTT9,C6SZQ0,1
A0A0R0LB39,A0A0R0JJK0,1
I1KSL6,I1NIE7,1
I1MSD9,A0A0R0K7U0,1
P07506,C6TIQ7,1
I1LIU7,I1JAF7,1
K7LRU2,I1KUB2,1
K7K553,I1MF50,1
I1K6E7,A0A0R0LFT0,1
A0A0R0EDS9,C6F117,1
K7N5K2,I1JFN0,1
K7M5W5,A0A0R4J488,1
I1K4R8,I1MC39,1
A0A0R0GJ85,A0A0R0L0E7,1
C6TD23,I1KY58,1
I1JFW6,A0A0R0KE73,1
I1KYF8,K7MGQ2,1
I1MTH0,I1MLJ0,1
I1NBE9,A0A0R0GG06,1
I1K4D7,I1MLF1,1
I1JDP3,A0A0R0HCS6,1
I1MLZ0,A0A0R4J5K6,1
A0A0R0JLD5,I1LUE0,1
I1KZK2,I1LKU1,1
I1K628,A0A0R0FZM4,1
A0A0R0GFL3,A0A0R0LB39,1
A0A0R0L0E7,A0A0R0KNE1,1
C6T5U0,A0A0R0J7J3,1
K7KFY5,A0A0R0IAV3,1
K7M9T4,I1LJA4,1
P17093,C6SZ22,1
I1JMK4,I1LRB0,1
I1L2H4,I1K5L7,1
I1LUF0,A0A0R0EKI7,1
A0A0R0GJV8,I1KRD4,1
I1NCF8,I1LP18,1
C6TEP1,I1MU00,1
I1N954,K7K318,1
I1MWP7,I1N7F4,1
I1N9S5,I1LUL2,1
I1JKP1,A0A0R0JJK0,1
I1JA95,C6F117,1
I1KTI0,A0A0R0E3E6,1
A0A0R0KE73,C6SYW6,1
I1K5K3,I1KM19,1
Q2PMT2,I1JD07,1
I1KZW4,K7L9M2,1
A0A0R0EDS9,C6T2H2,1
A0A0R4J3Y6,I1JUQ0,1
K7LTR0,I1N5E8,1
I1JIW3,I1KXK6,1
I1LFD2,C6T7N2,1
C6T883,A0A0R0EDS9,1
C6SWI3,A0A0R0EKI7,1
I1LIM0,C6SZQ0,1
A0A0R0GC27,K7L9M2,1
I1N3M5,A0A0R4J2Y1,1
K7L939,C6SYQ2,1
I1K6E7,I1L0M6,1
I1N8P5,K7L6N7,1
I1LR08,K7LFD7,1
C6SXJ9,I1K146,1
I1K6E7,C6F117,1
I1KV60,A0A0R0JBV0,1
I1K096,I1LHS8,1
I1J9W0,C6T5U0,1
I1K4R8,A0A0R0JYY8,1
I1M5E2,I1LUL2,1
I1LJI8,I1MSN3,1
K7L9V3,I1MW51,1
A0A0R0HSH0,I1LXH0,1
I1MBW8,I1MLJ0,1
I1LS70,A0A0R0GJV8,1
I1LHS8,K7KVG4,1
O22518,C6SZ22,1
I1MGB0,P17093,1
C6T5U0,I1MM89,1
I1N0F1,A0A0R0FZM4,1
K7L240,I1MF50,1
A0A0R0HSA0,I1M7V7,1
A0A0R0GPH9,A0A0R0GJ85,1
C6TLT3,I1JE09,1
C6TKL8,I1NJ53,1
Q2PMT2,I1KQE3,1
C6TLT3,I1KQE3,1
C6T530,I1MLJ0,1
C6SY25,I1JE09,1
I1K6E7,I1N0F1,1
A0A0R0KR16,C6T5U0,1
A0A0R0FJR0,I1MM89,1
I1KS36,K7LY43,1
Q2PMS6,I1LFD2,1
A0A0R0KPE1,I1LGB1,1
I1JM18,I1LYN0,1
A0A0R0K0K3,I1LIH7,1
C6TJM4,I1LIS4,1
I1KHJ6,K7M841,1
I1KTD4,A0A0R0GJV8,1
A0A0R0L4P0,I1LJ93,1
I1MUN3,K7MXE0,1
A0A0R0L5Q1,I1LDU4,1
A0A0R0KWL0,I1JVU8,1
C6T4Z6,P17093,1
K7K894,K7KNJ6,1
A0A0R0KJP6,I1KAD1,1
C6T1E6,K7L9M2,1
I1K9J7,I1KPA1,1
I1MGB0,A0A0R0L7U5,1
C6TG91,I1KQE3,1
I1K628,O22518,1
I1JQR6,I1MEQ6,1
K7LTR0,K7MGK0,1
K7K3W5,K7MXH5,1
C6SVR8,C6T5U0,1
A0A0R0L115,A0A0R0EKI7,1
I1M3W1,C6F117,1
I1KQE8,A0A0R0GJV8,1
I1KPT1,K7LFD7,1
I1KYS6,A0A0R0JBL2,1
A0A0R4J5B7,A0A0R0I0B9,1
I1LPK5,I1JUR7,1
K7MTL2,K7MCD1,1
C6SW04,A0A0R0JYY8,1
Q2TFP1,I1N898,1
I1KM19,I1KIY3,1
I1L3P6,K7MMD7,1
C6T1P2,I1MJJ9,1
Q2TFP1,I1KSD0,1
C6SWD4,A0A0R0FEN3,1
C6TGA9,I1JDR2,1
A0A0R0I0B9,P17093,1
I1N954,P17093,1
I1JFW6,I1L8S1,1
C6SZQ0,A0A0R0L8Y1,1
I1KCB7,I1MF50,1
C6TJ17,A0A0R0FKK9,1
I1MLF1,I1LZT5,1
I1LPZ3,I1LPW2,1
A0A0R0IT62,K7KLF0,1
C6TG91,I1M3W1,1
I1J9I1,I1K7J4,1
A0A0R0GPH9,K7KCG5,1
I1NGQ5,K7N0V8,1
K7KKB2,I1K215,1
C6TLV6,I1M3W1,1
I1L3P6,I1K467,1
K7KKB2,K7N129,1
I1KM19,I1K5L7,1
K7LW22,A0A0R4J2Y1,1
I1MGB0,I1KPE7,1
I1K650,I1LVN3,1
I1M3W1,I1L4B6,1
C6T4Z6,A0A0R0KPE1,1
I1KTL9,I1NJ53,1
I1LIT1,C6TKZ4,1
A0A0R0GJ85,A0A0R0JJK0,1
O22518,I1KIB3,1
K7M9K9,K7LFD7,1
I1LZW4,A0A0R4J2Y1,1
I1JFW6,I1KNN1,1
I1KAJ2,I1LFD2,1
I1N0F1,C6SYW6,1
K7M5T0,I1KQE3,1
I1MBW8,I1J8W6,1
A0A0R4J3Y6,I1MW74,1
I1JE09,A0A0R0H296,1
I1LIH7,I1MEF5,1
I1JFW6,C6SVV7,1
I1JUT9,A0A0R0FGT9,1
K7KGC2,K7MNN5,1
K7KES3,K7MMR3,1
C6SW04,I1MC39,1
I1MGB0,C6T5U0,1
K7KGJ8,C6SZQ0,1
I1N0F1,I1JD07,1
C6SVH9,I1JHJ0,1
K7KES3,I1L0M6,1
I1KQP3,I1KD82,1
A0A0R0GPH9,A0A0R0KNE1,1
A0A0R0KPE1,I1K5K3,1
K7LTR0,I1J553,1
I1K5K3,I1L2H4,1
I1MNM3,A0A0R0EKI7,1
C6T5U0,I1JW21,1
I1K3X9,A0A0R0JYY8,1
I1MLZ0,I1LIU7,1
I1JA95,K7L3P2,1
A0A0R0EWX9,A0A0R0H141,1
O48901,A0A0R0KVY6,1
P62302,I1KQ68,1
C6T065,A0A0R0H296,1
I1K628,C6SYW6,1
A0A0R0FZM4,C6SZ22,1
A0A0R0IR73,A0A0R0JLD5,1
K7MVB9,I1MGG7,1
K7N145,A0A0R0GE56,1
I1MY43,K7N1L5,1
I1K0C4,K7LNG6,1
I1JNV3,A0A0R4J2Y1,1
I1MQB5,A0A0R0EDS9,1
C6T2Y4,I1M998,1
I1JYG6,A0A0R4J4H3,1
I1J9W0,K7LCS7,1
I1MGG3,I1MJJ9,1
A0A0R0HSH0,A0A0R0H9H8,1
I1JY67,I1JUQ0,1
C6SY25,A0A0R0FZM4,1
I1JTE4,K7M841,1
K7MGQ2,A0A0R0FYN8,1
I1MGB0,K7MGQ2,1
P62302,A0A0R0H296,1
A0A0R0JYX3,I1JNB0,1
A0A0R0IR73,C6SZ22,1
I1MWF0,A0A0R0GFM7,1
I1K5K3,I1MU00,1
A0A0R0FEN9,I1L2H4,1
K7MGQ2,A0A0R0I0B9,1
A0A0R4J384,C6TFN5,1
I1LGB7,I1M3W1,1
A0A0R0G7B5,C6TL77,1
I1JCY0,I1NJ53,1
I1KU09,A0A0R0K7U0,1
K7LIE3,I1N439,1
I1M3W1,K7L3P2,1
A0A0R0JH35,K7MC85,1
K7LIE3,K7LWC5,1
I1M3W1,I1N1Y6,1
A0A0R0I0B9,K7K318,1
C6T883,K7K318,1
I1KRD4,I1JUQ0,1
I1MW74,I1JS66,1
C6SY25,I1JD07,1
I1KV60,A0A0R0JT51,1
I1KUT8,K7K894,1
I1KBL4,K7KES1,1
A0A0R0HSV1,A0A0R0FJR0,1
I1JE09,I1N0F1,1
A0A0R0FZM4,I1JM69,1
I1LRE4,I1JD52,1
I1LYQ9,C6TFX5,1
C6TG91,A0A0R0L7U5,1
I1JDH6,I1KPE7,1
I1KIB3,I1JE09,1
I1K725,A0A0R0FEN3,1
C6T530,A0A0R0L7U5,1
P17093,C6F117,1
I1M1W3,I1K328,1
C6TBL4,K7MZ38,1
C6SVV7,I1JD07,1
I1LFD2,A0A0R0HXE9,1
I1MRS5,A0A0R0JBL2,1
I1N954,I1JD07,1
C6SWI3,I1NJ53,1
I1KBM7,I1NJ53,1
K7KE09,I1K146,1
I1KYS6,I1M1W3,1
K7L939,C6T2Y4,1
I1L0M6,I1KQE3,1
K7LDR8,A0A0R0EYS5,1
I1K2J5,I1LIU7,1
A0A0R0G3G4,I1LGD6,1
C6SWG4,I1MU00,1
I1JA95,K7MMR3,1
C6T883,I1M3W1,1
I1M3W1,A0A0R0I0B9,1
A0A0R4J3N1,A0A0R0GJV8,1
I1KYS6,I1MEQ6,1
C6TD23,I1L1N3,1
A0A0R0KR16,A0A0R0KPE1,1
A0A0R0KWT5,C6TKC3,1
I1LUE0,C6T530,1
I1JD07,A0A0R0G342,1
I1LH27,I1MC39,1
A0A0R0EDS9,I1N1Y6,1
I1M273,K7MM40,1
I1JA95,I1KQ68,1
C6TD23,I1N9S5,1
I1M3W1,A0A0R0JLD5,1
I1KS20,I1MEF5,1
C6TLV6,A0A0R0KPE1,1
I1M3V1,I1NJ53,1
I1N954,I1LGD6,1
K7LJF6,I1LIU7,1
I1K4U3,A0A0R0GJV8,1
K7LLK0,I1JHJ0,1
A0A0R0G2B9,I1NAJ5,1
I1K6E7,A0A0R0G342,1
A0A0R0KE62,I1K5G1,1
I1LS70,K7MC85,1
I1L1N3,I1KD82,1
I1M277,A0A0R0K0L0,1
C6TEP1,I1KQE3,1
I1LHS8,K7M097,1
I1K215,A0A0R0J2L9,1
A0A0R0GJ85,A0A0R0GS25,1
I1K4U3,I1MW74,1
I1MGB0,A0A0R4J5B7,1
I1LFD2,I1MJM9,1
A0A0R0GNH6,A0A0R0E934,1
I1LIA8,I1KS88,1
C6SYF3,K7LFD7,1
K7L939,I1NC77,1
A0A0R4J5B7,A0A0R0GRI6,1
K7M9T4,I1MYV4,1
A0A0R0FEN9,I1JE09,1
P62302,I1N1Y6,1
C6SVV7,I1M3W1,1
K7LCS7,I1K5L7,1
K7K894,A0A0R0EU45,1
I1LMP2,I1JUQ0,1
A0A0R0G3G4,A0A0R0IR73,1
I1NHI4,A0A0R0JJK0,1
K7N145,C6SY99,1
A0A0R0G3G4,C6SYW6,1
I1J9J7,I1LIU7,1
A0A0R0EYA9,K7N1T9,1
I1JFW6,I1K628,1
K7LJV1,I1LR48,1
I1LZ09,C6T065,1
C6T5U0,C6T530,1
I1K6E7,I1KQ68,1
I1K628,I1KM19,1
I1MGB0,O22518,1
I1M9T4,A0A0R0GFH3,1
K7M5T0,K7LCS7,1
I1J7S6,A0A0R0HSA0,1
C6T426,C6TFX5,1
K7KGC2,A0A0R0GS25,1
A0A0R0GJ85,K7M841,1
I1MGB0,C6SYW6,1
A0A0R4J426,I1LIH7,1
A0A0R0EFE2,I1KTI0,1
I1JDR2,I1KMS8,1
A0A0R0JLD5,C6T065,1
K7LTR0,I1MVE9,1
C6T2H2,C6T065,1
C6SY99,K7MM40,1
C6TJ17,A0A0R0G5A8,1
I1JE09,I1LZ09,1
I1KQG0,I1KZK2,1
K7L3P2,C6T065,1
I1JUI1,I1LLS8,1
I1LPI3,A0A0R0K0K3,1
K7KPJ4,I1J8W6,1
Q2PMU2,A0A0R0EKI7,1
I1LGD6,I1KQ68,1
I1JB64,A0A0R0GZZ6,1
I1LDA7,I1NAJ5,1
K7K318,I1JM69,1
I1LFD2,Q2PMU2,1
I1N6N9,A0A0R0GAQ8,1
I1M277,I1KS20,1
K7KFY5,I1NJ79,1
A0A0R0GRI6,I1MU00,1
A0A0R0FJR0,I1LZ09,1
I1K6E7,I1L8S1,1
C6TBL4,K7MXD1,1
I1NAJ5,K7LVE4,1
K7K318,I1L4B6,1
A0A0R0GPH9,I1NH98,1
I1LGQ1,I1LUE0,1
I1JHJ0,I1NFU9,1
I1LH11,A0A0R4J5K6,1
K7MPL4,K7MFE5,1
I1JFW6,I1LGB1,1
I1LZM7,I1MEQ6,1
C6SVB5,I1MW74,1
I1K2J5,A0A0R4J5K6,1
K7MXH5,I1K4D7,1
Q43463,I1K7J4,1
I1KVL0,C6T5U0,1
A0A0R0JRI8,I1M9T4,1
I1LFQ4,I1KQE3,1
I1MLJ0,I1LLA9,1
K7LCS7,I1KQB9,1
I1M7C7,I1KQE3,1
K7KGJ8,I1LIU7,1
A0A0R0K0K3,I1JTW0,1
I1LFD2,I1MY72,1
K7KZ42,A0A0R0JT51,1
A0A0R0KWL0,I1KHY2,1
I1KJT5,I1LUL2,1
I1LHS8,I1KIY3,1
I1K6E7,I1JM69,1
C6SWG4,I1LGD6,1
A0A0R0L828,A0A0R0EJE2,1
K7KLF0,A0A0R0JSJ9,1
I1KZY8,I1K7N0,1
I1KPE7,K7MAP3,1
A0A0R4J426,C6SWD4,1
I1K628,I1LGD6,1
I1MRP6,I1NF12,1
I1KH38,A0A0R0GG96,1
I1N8P5,A0A0R4J4C5,1
K7MD28,I1LL05,1
A0A0R0GFM7,A0A0R0KNE1,1
C6TD23,I1KPU4,1
A0A0R0J7J3,I1MU00,1
A0A0R0HSJ1,I1M277,1
I1KYL4,C6SYQ2,1
K7LCS7,I1L4B6,1
K7K318,C6F117,1
I1KQB9,I1KQE3,1
I1L0M6,I1M3W1,1
I1LFD2,A0A0R4J389,1
K7KZ42,I1MZV0,1
C6TLV6,A0A0R0FJR0,1
A0A0R0ENB3,I1MNV4,1
A0A0R0IR73,K7MMR3,1
C6TCH4,I1MY43,1
I1MU00,I1JDH6,1
A0A0R0FKK9,I1K146,1
C6TD23,I1KLE1,1
I1MQB5,I1K6E7,1
I1M7C7,A0A0R0FZM4,1
K7L6N7,I1MY33,1
I1LUL2,I1MSC6,1
I1MW74,I1MZ47,1
K7K8Y9,K7LWC5,1
I1LGQ1,K7K318,1
C6TFN5,A0A0R0EUJ0,1
I1L2H4,A0A0R0G342,1
A0A0R0IHF9,I1LH27,1
A0A0R0KWL0,I1KTS9,1
I1MC39,I1N898,1
A0A0R0G7I0,A0A368UH03,1
I1LHS8,C6T2H2,1
C6SVU4,A0A0R0EKI7,1
I1JFW6,I1MM89,1
I1JA95,A0A0R0J7J3,1
K7MNP5,I1KS88,1
I1JB64,C6SWD4,1
I1K096,K7MXE0,1
A0A0R0JRI8,A0A0R0EJE2,1
I1LR48,K7K1Z2,1
C6SYW6,C6SZ22,1
I1JA95,C6T2H2,1
A0A0R0JLD5,I1L2H4,1
A0A0R0FSY2,I1LFD2,1
K7MYK9,A0A368UJ64,1
I1LWR7,I1LGD6,1
I1LHS8,I1KLS4,1
I1JFW6,I1K5K3,1
A0A0R0JJI0,I1NH98,1
K7M6J1,A0A0R0E907,1
K7M5W5,A0A0R4J2Q5,1
K7MMR3,P17093,1
I1K5K3,I1KPE7,1
C6SY25,I1MU00,1
A0A0R0LA89,K7MMD7,1
K7M846,A0A0R0JES0,1
I1L7G4,A0A0R0E907,1
A0A0R0KPE1,C6T968,1
I1JIP5,I1KSL6,1
I1LKQ4,K7M6J1,1
I1JD07,I1JDH6,1
A0A0R0KR16,I1LUE0,1
C6TGZ1,I1KQP3,1
K7KVK2,A0A0R0HHZ3,1
C6SWL3,A0A0R0F214,1
I1LCX3,K7KW44,1
I1L4B6,C6T065,1
K7KES3,I1KQ68,1
C6T065,C6F117,1
C6T868,I1LFD2,1
C6SVR8,I1JFW6,1
I1N954,C6SYW6,1
A0A0R0GJ85,A0A0R0JQJ0,1
I1N954,I1M3W1,1
I1K628,I1JE09,1
I1MT74,I1LVN3,1
C6SY25,A0A0R0L7U5,1
A0A0R0JRI8,K7KDX2,1
I1K096,C6TBL4,1
C6T5U0,A0A0R0H296,1
A0A0R0HV63,I1LPJ3,1
C6T065,A0A0R0G342,1
I1LFQ4,A0A0R0KPE1,1
I1M3W1,C6T530,1
I1KQE8,I1JUQ0,1
I1JB64,I1JTW0,1
I1J7A8,I1NJ53,1
I1N0F1,I1MU00,1
C6SXF5,I1MJJ9,1
A0A0R0I0B9,P62302,1
I1LFQ4,I1K6E7,1
A0A0R0KPE1,I1JDH6,1
A0A0R0KE73,I1MU00,1
A0A0R0JBL2,I1NBC2,1
I1MTH0,I1J8W6,1
K7LKS0,A0A0R0JJI0,1
C6TCH4,I1JIJ4,1
I1KHL4,I1NJ53,1
K7LLK0,I1KXK6,1
A0A0R0FKK9,I1N7F4,1
I1MU00,C6F117,1
I1JD07,C6T968,1
I1MGB0,I1MU00,1
I1KUT8,K7N145,1
I1LGD6,I1K5K3,1
K7KTT9,A0A0R4J5K6,1
C6TFR5,A0A0R0EKI7,1
I1KZJ7,I1NJ53,1
I1JFW6,A0A0R0FEN9,1
I1KVL0,O22518,1
I1K970,I1JY67,1
K7K8Y9,I1KBQ5,1
I1KVX9,C6TGZ1,1
A0A0R0FZM4,I1JDH6,1
I1N5D5,I1MQD0,1
A0A0R0KWT5,I1KHY2,1
A0A0R0K6F4,A0A0R0K6I2,1
A0A0R0INQ5,K7MC85,1
A0A0R0JYY8,I1KSD0,1
C6TLV6,K7LCS7,1
C6TD23,I1L524,1
I1M100,I1LPW2,1
I1MQB5,C6SYW6,1
I1K5K3,A0A0R0L7U5,1
P48513,K7KK86,1
I1L0M6,C6SYW6,1
C6SW04,Q2TFP1,1
I1LIS4,I1MQC8,1
C6TG91,I1MU00,1
I1MBW8,I1LHS8,1
A0A0R0JRI8,I1LCX3,1
C6T968,P17093,1
C6SVR8,K7K318,1
I1K628,P62302,1
I1M1D5,A0A0R0F7J9,1
I1L2H4,I1MM89,1
I1MU00,I1KQ68,1
K7LY43,K7K8U8,1
C6T968,I1KQE3,1
C6TGZ1,I1L524,1
A0A0R0JS60,I1NJ53,1
I1KQ68,I1KM19,1
C6T868,I1NJ53,1
I1MJ97,A0A0R0K7U0,1
I1MTX9,I1MEQ6,1
A0A0R0F0T6,A0A0R0GAQ8,1
I1LP56,I1MF50,1
A0A0R0KR16,A0A0R0FZM4,1
I1JD07,C6TEP1,1
I1MM64,A0A0R0L828,1
K7KDX2,A0A0R0JQJ0,1
C6SZ22,I1KM19,1
I1KPT1,I1LPW2,1
I1K2Z9,I1JUQ0,1
I1LWR7,A0A0R0IR73,1
I1JWF0,K7MYK9,1
K7KES3,C6SY25,1
C6SY25,K7MGQ2,1
I1JFW6,A0A0R0I0B9,1
A0A0R0ENB3,C6TBN8,1
I1KTD4,I1K970,1
I1LIS4,C6TNW3,1
A0A0R0EYA9,A0A0R0EJV2,1
I1JA95,I1M7C7,1
A0A0R0FEN3,A0A0R0E907,1
C6SWG4,C6SYW6,1
I1LA00,A0A0R0L828,1
I1LRE4,I1MNU1,1
A0A0R0GS25,K7KDX2,1
A0A0R0GZZ6,I1MEF5,1
K7K676,A0A0R4J5K6,1
C6SVV7,I1LUE0,1
C6TFN5,I1LII4,1
I1LHS8,I1K5L7,1
I1JDR2,I1MRP6,1
C6SVR8,I1KPE7,1
A0A0R0J7J3,A0A0R0IR73,1
A0A0R0FZM4,I1L8S1,1
C6T0U3,A0A0R0L7U5,1
A0A0R0HIA6,A0A0R0EYS5,1
K7MRF5,A0A0R4J2K3,1
I1N0F1,I1KPE7,1
A0A0R0EI44,A0A0R0JT51,1
A0A0R0HV63,I1KHL6,1
C6TKB2,A0A0R0EKI7,1
I1MM64,K7M846,1
K7LTR0,K7LUF9,1
K7KES3,C6SWG4,1
A0A0R4J5B7,A0A0R0H296,1
K7LCS7,K7MMR3,1
I1N4X7,K7MYK9,1
I1JB64,I1LKQ4,1
I1LR08,I1LPW2,1
K7MMD7,I1NIE7,1
I1KM19,I1JM69,1
A0A0R0GFH3,A0A0R0JES0,1
Q2PMT2,P62302,1
A0A0R0L098,I1KM19,1
I1LPI3,K7M6J1,1
I1JP52,I1LL05,1
I1K2Z9,I1MW74,1
I1LJW2,A0A0R0IZY4,1
I1J4B5,I1KDB2,1
I1L219,C6TGZ1,1
A0A0R0KE62,A0A0R0LA89,1
I1M3W1,I1MM89,1
I1LGB7,I1LUE0,1
Q2PMT2,I1L2H4,1
I1LCX3,A0A0R0GFL3,1
I1JKP1,A0A0R0GFH3,1
K7M841,A0A0R0G6V6,1
I1LFD2,C6SW43,1
K7L3P2,I1MU00,1
A0A0R0JRI8,A0A0R0JES0,1
A0A0R0GJ85,K7M846,1
I1LDA7,A0A0R0EYS5,1
I1NHI4,A0A0R0GS25,1
K7MTL2,I1MYV4,1
C6TE07,A0A0R0GJV8,1
K7K9E1,I1K467,1
K7K894,A0A0R0FX46,1
I1JC65,I1M9F7,1
A0A0R0K0K3,I1LIR4,1
I1LWZ0,I1JFS9,1
C6T2L5,A0A0R0K0K3,1
A0A0R4J4D0,I1MC39,1
A0A0R0GFL3,K7KDX2,1
A0A0R0J7J3,A0A0R0L7U5,1
K7KDX2,A0A0R0JJK0,1
C6SVR8,C6T065,1
A0A0R0KCV3,I1K467,1
A0A0R0JRI8,K7M5I5,1
K7N5D4,A0A0R0EKI7,1
I1KPA1,I1KSD0,1
I1KXI7,I1LIU7,1
A0A0R0L098,I1K6E7,1
A0A0R0L115,I1LFD2,1
A0A0R0L0E7,A0A0R0JES0,1
I1MQB5,A0A0R0FZM4,1
C6SWG4,I1M3W1,1
I1KNN1,A0A0R0KPE1,1
I1JE09,I1L8S1,1
C6T426,A0A0R0EG78,1
I1LCX3,A0A0R0GFM7,1
K7LHS7,A0A368UHM1,1
A0A0R0KPE1,A0A0R0G342,1
K7MMR3,I1KPE7,1
K7N129,C6TAF0,1
I1L2H4,C6SZ22,1
A0A0R0K0K3,A0A0R0GZZ6,1
K7N1T9,K7KLF0,1
K7N0V8,I1LDU4,1
I1MGB0,P62302,1
I1LPZ2,A0A0R0JBL2,1
K7M5T0,A0A0R0IR73,1
C6SZL0,A0A0R0KWT5,1
A0A0R0EI44,A0A0R0JBV0,1
A0A0R0JJK0,A0A0R0G6V6,1
A0A0R0K0K3,I1K725,1
I1K8C1,I1JB64,1
A0A0R0GS25,I1JKP1,1
A0A0R0GRI6,P62302,1
I1LWR7,I1LUE0,1
A0A0R0FB78,I1M7C1,1
A0A0R0FSS2,A0A0R0L0E7,1
I1K146,C6SZG8,1
A0A0R0KE62,A0A0R0KCV3,1
I1KNN1,A0A0R0IR73,1
A0A0R4J5B7,I1N1Y6,1
I1KIB3,A0A0R0FJR0,1
C6TJ17,K7KP66,1
K7LKS0,I1KCY5,1
A0A0R0JH35,I1JUQ0,1
I1L8S1,I1KM19,1
K7KK74,I1MJ97,1
I1KIB3,A0A0R0FZM4,1
C6SWS6,I1MY33,1
A0A0R0GBB6,C6T3K0,1
A0A0R0FZM4,A0A0R0G342,1
A0A0R0HSJ1,M1FN34,1
C6TLT3,K7K318,1
A0A0R0KE73,A0A0R0FZM4,1
A0A0R0IHF9,I1ML11,1
I1M7C7,O22518,1
K7MC85,A0A0R0FNV7,1
I1K6E7,C6SZ22,1
I1K4R8,I1JT28,1
I1M5B6,I1M0S4,1
I1K5H2,I1JUQ0,1
C6T2L5,I1JB64,1
I1JIP5,A0A0R0KE62,1
K7KES3,C6T968,1
A0A0R0EDS9,I1JDH6,1
K7K318,A0A0R0G342,1
I1LFQ4,C6T5U0,1
A0A0R0FEI0,K7M466,1
K7KES3,I1MQB5,1
I1L2H4,A0A0R0H296,1
C6TLT3,I1KPE7,1
I1JA95,A0A0R0G3G4,1
A0A0R0KR16,C6T065,1
I1MVE9,C6SZQ0,1
I1MNS7,A0A0R0FEI0,1
I1LLS8,I1KV60,1
I1M277,I1LIH7,1
I1LS70,I1MW74,1
I1JAH7,C6TFN5,1
A0A0R0L828,A0A0R0JES0,1
I1L2H4,C6F117,1
I1MWF0,A0A0R0GFH3,1
K7N145,K7KNJ6,1
A0A0R0KPE1,I1JM69,1
C6TG91,I1JD07,1
I1LIT1,I1M7C1,1
I1KTD4,I1JUQ0,1
I1JE38,I1M269,1
I1JD52,I1NIE7,1
A0A0R0FXD4,K7L1D3,1
C6TJ17,C6TBQ2,1
A0A0R0L4N1,I1MJJ9,1
C6T4Z6,I1MU00,1
I1JFW6,C6SYE0,1
I1LPK5,K7KTT9,1
I1MWF0,A0A0R0JJI0,1
I1JD07,I1KIY3,1
O48901,K7LY43,1
I1M3W1,C6TEP1,1
K7M5I5,A0A0R0L828,1
I1MPJ4,K7LSH9,1
Q2PMT2,I1LGD6,1
A0A0R0L098,K7LCS7,1
A0A0R0EJV2,I1K3P0,1
I1JFN0,K7M841,1
I1N7K6,A0A0R0F214,1
I1KNN1,A0A0R4J5B7,1
I1LGB1,P62302,1
I1JWH5,I1LHS8,1
C6TN69,I1JHC2,1
I1JHJ0,A0A368UHE3,1
K7KES3,I1KQB9,1
K7KDA5,I1NJ53,1
C6TGA9,A0A0R4J2N2,1
I1JFW6,I1KYF8,1
K7MTL2,I1JXQ3,1
I1MHA4,I1MJJ9,1
I1KYF8,I1KM19,1
A0A0R0IR73,A0A0R0KE73,1
K7KEV0,I1MLJ0,1
I1K215,A0A0R0JJ98,1
C6TBL4,K7KFV5,1
A0A0R0FEN9,I1KPE7,1
I1JE09,I1KIY3,1
K7K8Y9,A0A0R0KH89,1
K7K894,I1KC19,1
I1JA95,K7MAP3,1
C6T4Z6,I1JD07,1
I1LRE4,K7M6R4,1
A0A0R0ENB3,I1JE83,1
I1KQ68,P17093,1
I1NBE9,I1MZV0,1
I1NAJ5,I1NJ79,1
K7KLI7,K7LNG6,1
K7KH93,C6TFN5,1
C6TG91,A0A0R0IR73,1
K7M849,K7KDX2,1
K7KDX2,K7M846,1
A0A0R0GFM7,K7M5I5,1
I1LC01,K7N129,1
I1M9F7,I1J547,1
A0A0R0KPE1,A0A0R0FYN8,1
I1KVL0,K7K318,1
K7M5T0,A0A0R0L7U5,1
I1KHL6,A0A0R0FTI5,1
I1LGD6,I1K5L7,1
O22518,A0A0R0FYN8,1
I1JM18,A0A0R4J2N2,1
I1KVL0,I1KQE3,1
A0A0R0FZM4,C6T2H2,1
C6T5U0,I1N954,1
C6T530,C6T065,1
I1M1D5,K7MZP6,1
K7MGQ2,I1N0F1,1
I1M3W1,A0A0R0G342,1
I1LFD2,A0A0R0G5V6,1
K7LIE3,I1LSM6,1
I1LPK5,K7K676,1
I1JY67,I1MW74,1
O48548,I1MK72,1
I1N8P5,A0A0R4J4D0,1
I1JUJ8,A0A0R0HSA0,1
I1KHJ6,A0A0R0JJI0,1
C6TG91,P17093,1
C6T968,I1MU00,1
C6SYE0,I1L2H4,1
A0A0R0JB42,A0A0R4J5K6,1
I1MEQ6,I1LPZ2,1
I1LHS8,K7KEV0,1
I1KJF2,K7LQ96,1
I1KFI5,A0A0R0HCS6,1
I1J5Q1,C6TIK0,1
C6T5U0,I1LZ09,1
A0A0R0GPH9,A0A0R0FSS2,1
K7L9V3,I1K215,1
I1KQB9,I1LUE0,1
I1MNS7,K7K794,1
I1NAJ5,I1KUP5,1
A0A0R0LA89,I1K467,1
C6SWI9,A0A0R0EKI7,1
I1N0F1,P62302,1
A0A0R0E934,I1LIM0,1
I1JE09,A0A0R0HSV1,1
I1N5D5,A0A0R0LA89,1
I1LFD2,A5Z2K3,1
A0A0R0G2B9,K7KFY5,1
A0A0R0IHF9,I1JV03,1
I1KGU0,I1L2H4,1
K7MXE0,I1KIY3,1
I1KCX1,I1MJJ9,1
A0A0R0JRI8,A0A0R0LB39,1
C6TLV6,I1MU00,1
I1NGD2,A0A0R0EKI7,1
K7KGC2,K7M849,1
A0A0R0I1I4,I1LFD2,1
I1JRV0,C6SVH9,1
I1JHC2,I1JHJ0,1
I1N954,A0A0R0IR73,1
A0A0R0KFE8,A0A0R0EKI7,1
A0A0R0HSH0,K7LSH9,1
I1KJT5,I1LL05,1
I1LFQ4,O22518,1
I1JUT9,I1M998,1
I1JD07,C6T530,1
I1KC19,K7MM40,1
A0A0R0GE84,A0A0R0HCS6,1
I1NAJ5,K7MI53,1
I1JR41,I1LFD2,1
A0A0R0IT62,I1K3P0,1
C6TN69,I1M757,1
I1JW21,C6T065,1
A0A0R0KPE1,A0A0R0I0B9,1
C6T0E4,I1JUQ0,1
K7KES3,I1KIY3,1
A0A0R0IR73,I1K5L7,1
I1JW21,I1JD07,1
C6T0U3,I1JE09,1
A0A0R0KPE1,I1N1Y6,1
I1M3W1,A0A0R0KE73,1
K7L2D7,I1NF54,1
Q2TFP1,I1K3X9,1
K7MTL2,I1KJ56,1
I1JFW6,K7M5T0,1
I1JFW6,C6T2H2,1
I1JFW6,I1MGB0,1
I1MGB0,I1M3W1,1
I1MC26,K7N1L5,1
K7KGC2,K7KW44,1
A0A0R0FZM4,I1N1Y6,1
I1JCY0,I1LFD2,1
I1KYF8,I1MU00,1
A0A0R0IHF9,I1J9I1,1
A0A0R0ENB3,I1K912,1
A0A0R0GZZ6,C6SZG1,1
K7LHS7,K7LVE4,1
A0A0R0L098,O22518,1
K7KES3,I1KGU0,1
A0A0R0K7U0,C6TBJ1,1
K7LKS0,K7MNN5,1
I1K628,I1LUE0,1
C6SYW6,K7MAP3,1
I1K628,A0A0R4J5B7,1
I1KPU4,I1KD82,1
I1NHI4,A0A0R0L0E7,1
I1MU00,A0A0R0LFT0,1
I1LWR7,A0A0R0L7U5,1
A0A0R0H7N0,A0A0R0FTI5,1
I1JA95,I1MM89,1
I1KQB9,A0A0R0FZM4,1
C6SX83,I1JMZ4,1
I1JIP5,I1K467,1
A0A0R0FEN9,K7MGQ2,1
I1KVL0,A0A0R0FJR0,1
I1LPK5,I1J553,1
I1JR41,I1NJ53,1
I1KQB9,A0A0R0L7U5,1
I1LIH7,I1JB64,1
I1LXQ3,I1KCH6,1
I1K1W8,I1JVP4,1
I1LFQ4,A0A0R0L7U5,1
I1MTZ8,A0A0R4J2Y1,1
K7L6K2,I1L6W0,1
I1L8L5,I1NCV4,1
I1K620,I1LUL2,1
K7LTR0,A0A0R0L8Y1,1
K7MS88,K7LFD7,1
A0A0R0ENB3,I1MRY0,1
I1KGU0,C6SYW6,1
I1LGD6,C6T968,1
A0A0R0EYA9,K7KES1,1
A0A0R0G3G4,K7LCS7,1
A0A0R4J4C8,K7LFD7,1
C6TLT3,C6T065,1
A0A0R0EDS9,I1LZ09,1
C6T5R4,H2D4C3,1
C6TFR5,I1NJ53,1
I1KVC1,A0A0R0GG96,1
I1KBL4,A0A0R0KVY6,1
K7MGQ2,I1LZ09,1
A0A0R0KWL0,I1MUC0,1
I1N7K6,A0A0R4J2Y1,1
I1KIB3,K7MGQ2,1
K7MNN5,I1M9T4,1
A0A0R0JRI8,I1KHJ6,1
O48548,I1J547,1
O22518,C6F117,1
I1JE09,I1JW21,1
C6TLV6,C6T5U0,1
Q2PMU2,I1NJ53,1
A0A0R0ESI3,A0A0R4J2Y1,1
I1KYF8,A0A0R0FJR0,1
Q2TFP1,I1NG45,1
I1L9K4,I1MK96,1
K7KES3,C6TEP1,1
K7M841,I1NH98,1
I1LGB7,P62302,1
I1N7F4,A0A0R0FX70,1
I1LGQ1,I1KQE3,1
A0A0R0FYN8,I1LUE0,1
I1LDA7,K7KFY5,1
A0A0R0GG06,K7MST2,1
I1KGU0,A0A0R0EDS9,1
I1MM64,A0A0R0GFH3,1
A0A0R0IR73,C6TEP1,1
I1LA00,A0A0R0GFH3,1
A0A0R0G7I0,C6T507,1
C6SZY0,K7L939,1
I1LPK5,I1J5B0,1
A0A0R0EDS9,I1K5K3,1
I1K8C1,M1FN34,1
K7MGQ2,I1K5K3,1
I1MTV9,I1JE93,1
I1LGD6,I1JDH6,1
O22518,I1LZ09,1
I1JW21,A0A0R0IR73,1
A0A0R4J5B7,Q2PMT2,1
C6T883,I1MU00,1
C6TLT3,I1L2H4,1
I1KNN1,I1LGD6,1
C6T5U0,I1L8S1,1
C6SYW6,I1N1Y6,1
A0A0R0GFH3,A0A0R0KNE1,1
P62302,I1L8S1,1
C6SWS6,I1JT28,1
C6T1E6,A0A0R4J2Y1,1
I1LQ02,I1LHS8,1
I1JE09,C6T968,1
I1KIB3,C6T065,1
I1LGB7,C6SYW6,1
I1NHQ1,A0A0R4J2Y1,1
I1LFD2,C6T8R7,1
I1MUC0,K7MM40,1
A0A0R0G3G4,A0A0R0L7U5,1
C6T5U0,A0A0R0I0B9,1
K7MGQ2,I1LWR7,1
I1LHS8,K7MXD1,1
C6SVV7,A0A0R0FJR0,1
C6TGZ1,K7LHR2,1
C6TBL4,I1LQ02,1
I1K096,K7M9T4,1
C6TBL4,K7KPJ4,1
I1M7C7,A0A0R0KPE1,1
I1LFQ4,C6T065,1
I1J9W0,C6SYW6,1
K7MC85,I1JRA0,1
C6TLT3,I1MU00,1
I1JVN0,I1NJ53,1
A0A0R4J2K3,C6TK73,1
C6TLT3,A0A0R0KPE1,1
I1M277,I1K8C1,1
C6T1E6,I1KXK6,1
I1LIK8,I1MRI5,1
C6TFN5,I1NC50,1
A0A0R0FJR0,I1KIY3,1
I1JVP4,I1N780,1
C6T4Z6,I1KM19,1
A0A0R0KCV3,I1JD52,1
I1KGU0,A0A0R0IR73,1
K7L9M2,I1M757,1
K7KYY0,K7MM40,1
I1LIH7,K7M6J1,1
A0A0R0KE73,P62302,1
A0A0R0EDS9,I1LGQ1,1
I1MNE4,I1M1D5,1
I1JFW6,I1MQB5,1
I1KXI7,C6SZQ0,1
I1KEY6,I1MW74,1
K7KNJ6,K7MM40,1
K7LRU2,C6TBL4,1
C6T968,I1KPE7,1
K7LJF6,C6SZQ0,1
I1NJ53,A0A0R0HXE9,1
C6TKW2,I1LFD2,1
K7L1D3,A0A0R0GAQ8,1
A0A0R0J7J3,I1K6E7,1
I1LR48,K7K794,1
C6T4Z6,A0A0R0EDS9,1
A0A0R0L098,C6T5U0,1
K7MMD7,I1KKD9,1
I1JVX3,I1JIJ4,1
A0A0R0GS25,I1KHJ6,1
C6T2H2,I1KQE3,1
I1MQB5,I1JE09,1
I1KPA1,I1K3X9,1
I1N5D5,I1NIE7,1
I1LPJ3,I1L3P5,1
A0A0R0KWT5,I1M273,1
I1JFW6,K7L3P2,1
I1M7C7,A0A0R0IR73,1
A0A0R0IR73,C6F117,1
I1MM89,C6T065,1
I1MY72,A0A0R0EKI7,1
I1M3W1,A0A0R0GRI6,1
I1JE09,A0A0R0G342,1
I1KJ98,I1LHS8,1
I1K628,C6T5U0,1
K7L3P2,P17093,1
C6SVR8,O22518,1
K7KDX2,K7KW44,1
K7M846,A0A0R0LB39,1
I1LPK5,I1LPD3,1
K7MGQ2,I1KIY3,1
K7M849,K7M5I5,1
C6SZ22,I1KPE7,1
I1J8W6,I1K5L7,1
C6T1P2,K7KWE4,1
A0A0R0L4P0,A0A0R4J354,1
A0A0R0JYY8,I1LEC4,1
A0A0R0K0L0,M1FN34,1
A0A0R0HSA0,K7MMR4,1
I1N5D5,I1KQG0,1
K7KTS8,K7M1G4,1
C6T0U3,K7KES3,1
K7KCG5,K7M846,1
Q2PMQ9,A0A0R0EKI7,1
I1K9J7,I1JT28,1
I1N5D5,I1KKD9,1
I1JA95,I1KIB3,1
K7KFY5,K7MI53,1
A0A0R0LFT0,C6T065,1
C6TGA9,I1LYN0,1
P17093,I1L4B6,1
K7LY43,I1K3P0,1
K7MQG6,C6T2Y4,1
I1KNN1,I1JD07,1
I1K5K3,I1LUE0,1
A0A0R4J4C8,I1LPW2,1
I1JKP1,K7M841,1
C6T5U0,I1N0F1,1
I1KIB3,K7LCS7,1
I1KYF8,C6T065,1
K7LCS7,A0A0R0H296,1
A0A0R0LB39,A0A0R0JQJ0,1
O22518,I1LGB1,1
C6SYW6,I1KIY3,1
C6TBL4,I1JXQ3,1
A0A0R0GFL3,I1NH98,1
A0A0R0KWL0,C6TKC3,1
I1NH98,A0A0R0JJK0,1
I1N0R5,I1LL05,1
I1JB64,I1LIR4,1
A0A0R0GS25,I1MXT2,1
I1JWH5,K7MTL2,1
I1JXQ3,I1MLJ0,1
I1MXT2,A0A0R0JJI0,1
A0A0R0J7J3,I1M3W1,1
C6T530,I1KPE7,1
I1MNV2,I1JT28,1
I1K8C1,I1L7G4,1
A0A0R0GS25,A0A0R0EJE2,1
C6T5U0,I1KIB3,1
I1LPJ3,I1L9K4,1
A0A0R0HSV1,A0A0R0L7U5,1
A0A0R4J488,A0A0R4J3D2,1
I1N954,K7MGQ2,1
C6T5U0,C6TLT3,1
C6T5U0,Q2PMT2,1
I1M1D5,C6T5Z0,1
I1KNN1,K7KES3,1
K7KIU3,K7M6I1,1
A0A0R0L372,I1MW51,1
A0A0R0H9H8,I1L332,1
A0A0R0FSS2,K7M846,1
A0A0R0FSS2,K7M849,1
C6TKL8,A0A0R0EKI7,1
A0A0R0E907,C6SZG1,1
A0A0R0G5A8,I1K146,1
I1LMQ5,A0A0R0EKI7,1
I1N954,I1K6E7,1
I1JML1,K7LFD7,1
I1JVP4,I1JK31,1
I1KNN1,P62302,1
C6TKG0,I1NCF6,1
A0A0R4J5B7,I1LGB1,1
C6T4Z6,I1M3W1,1
A0A0R0FYN8,A0A0R0FZM4,1
A0A0R0IHF9,I1LEC4,1
K7LCS7,A0A0R0LFT0,1
C6T5U0,I1JDH6,1
A0A0R0GFM7,K7KDX2,1
I1KXI7,A0A0R4J5K6,1
C6T7N2,A0A0R0EKI7,1
I1K115,I1N0W9,1
C6TD23,I1MSC6,1
A0A0R0EDS9,A0A0R0J7J3,1
K7KVK2,C6TNL5,1
K7M466,I1JE93,1
I1JW64,I1JD52,1
I1K2U0,I1MLJ0,1
I1MC39,I1NG45,1
I1K9J7,A0A0R0JYY8,1
I1LUF0,I1LFD2,1
K7MC85,I1KEY6,1
A0A0R0L098,A0A0R0FJR0,1
K7KK74,A0A0R0K5D9,1
C6TCH4,K7M787,1
K7M6J1,I1KS20,1
K7LCS7,I1LZ09,1
I1MY43,I1JVX3,1
A0A0R4J3N1,I1K970,1
K7KES3,Q2PMT2,1
I1LDA7,K7LHS7,1
A0A0R0ENB3,A0A0R0L7S1,1
K7LKS0,A0A0R0L828,1
C6SYE0,C6SYW6,1
C6TD23,I1L219,1
I1JE09,Q2PMT2,1
K7L3P2,I1L2H4,1
I1JUR7,A0A0R4J5K6,1
I1JFW6,A0A0R0LFT0,1
I1L2H4,I1N1Y6,1
K7K318,I1KQ68,1
K7LIE3,A0A0R0KH89,1
A0A0R0L4P0,I1LPZ2,1
I1KUT8,K7MM40,1
A0A0R0K6F4,A0A0R0JT51,1
P62302,I1JDH6,1
I1KJW4,I1JB64,1
I1LGB1,I1KM19,1
I1MU00,C6T530,1
K7KK86,I1N8Y6,1
I1K2I1,I1K7J4,1
I1LPK5,A0A0R0L8Y1,1
I1KRZ2,I1KZ09,1
I1LFQ4,I1LUE0,1
I1LA00,K7KW44,1
A0A0R0GS25,I1LCX3,1
K7M9T4,I1JXQ3,1
C6TEP1,I1L2H4,1
C6T0U3,A0A0R0EDS9,1
A0A0R0L098,K7KES3,1
I1N954,A0A0R4J5B7,1
K7L9M2,A0A368UHE3,1
C6SYE0,P62302,1
I1K6E7,C6TEP1,1
A0A0R0GG06,A0A0R0EI44,1
K7MGQ2,A0A0R0HSV1,1
C6TJ17,A0A0R0FX70,1
K7N5K2,K7KCG5,1
I1JA95,A0A0R0FEN9,1
A0A0R0KE62,I1M7B9,1
I1JA95,I1J9W0,1
I1LS70,I1JUQ0,1
I1KVL0,C6SYW6,1
A0A0R4J5B7,I1N0F1,1
K7LCS7,Q2PMT2,1
K7MC85,I1K4U3,1
I1JA95,I1L0M6,1
Q2TFP1,I1LEC4,1
I1JFN0,A0A0R0L0E7,1
I1M9F7,I1KHJ4,1
A0A0R0IR73,C6T968,1
A0A0R0FYN8,C6T065,1
I1LFQ4,I1L2H4,1
K7LW22,A0A0R0F214,1
I1KVL0,A0A0R0L7U5,1
K7L1B9,K7LFD7,1
C6TGZ1,A0A368UHC3,1
I1J9W0,P62302,1
I1K5B6,A0A0R0KNS7,1
I1M7C7,I1L2H4,1
I1MBW8,K7MTL2,1
A0A0R0JRI8,A0A0R0KNE1,1
I1LC01,I1MW51,1
A0A0R0H7N0,A0A0R0IF42,1
I1L3P5,A0A0R0H7N0,1
A0A0R0FEN9,I1MU00,1
K7KCG5,A0A0R0GFH3,1
I1MTH0,K7MXE0,1
A0A0R4J3Y6,I1K970,1
I1MQB5,K7K318,1
A0A0R0EDS9,A0A0R0JLD5,1
A0A0R0KE73,I1KPE7,1
A0A0R0JLD5,K7K318,1
I1N954,I1MU00,1
A0A0R0HSA0,I1MYX8,1
C6T5U0,I1LGB1,1
A0A0R0GPH9,K7KDX2,1
I1J5B0,I1LIU7,1
I1LGD6,I1LGB1,1
I1M7C7,A0A0R4J5B7,1
C6T4Z6,C6T065,1
P17093,A0A0R0H296,1
I1JNV3,A0A0R0F214,1
A0A0R0FJR0,I1L8S1,1
I1LGB7,I1KQE3,1
I1MNU1,I1LKU1,1
C6SYE1,I1M3Q8,1
I1JA95,A0A0R0LFT0,1
P07506,I1K146,1
I1JUT9,I1KYL4,1
I1JFW6,C6TLT3,1
I1M9F7,I1MK72,1
A0A0R0L098,I1KQE3,1
A0A0R0GS25,A0A0R0LB39,1
I1LUL2,K7MC09,1
I1MC39,C6SWS6,1
C6SVB5,I1LXQ3,1
A0A0R0FZM4,I1MM89,1
I1KNN1,A0A0R0L7U5,1
I1KFL5,K7M787,1
K7LKS0,A0A0R0JRI8,1
I1L219,I1LUL2,1
I1JAF7,A0A0R4J5K6,1
C6T8L7,I1LPW2,1
C6TGZ1,I1MHS1,1
C6SVR8,I1JA95,1
I1JNK6,A0A0R0KVY6,1
K7MCD1,K7MXE0,1
A0A0R0GAQ8,A0A0R0E3E6,1
I1JA95,C6SVV7,1
I1JRL7,A0A0R0FGT9,1
K7KTT9,I1LIU7,1
K7LIE3,I1L653,1
I1JFW6,C6TG91,1
I1LGB7,K7K318,1
I1NBE9,A0A0R0K6I2,1
I1LFD2,C6TD73,1
A0A0R0KE62,I1L3P6,1
I1K3X9,I1JT28,1
C6SWG4,A0A0R4J5B7,1
A0A0R0IHF9,I1N898,1
I1KYF8,A0A0R0FZM4,1
I1JD07,C6SYE0,1
I1LRH8,C6SZG1,1
A0A0R0F077,I1NJ53,1
I1JUQ6,I1MEN1,1
K7K8Y9,I1N439,1
K7N5K2,A0A0R0EJE2,1
I1JVP4,A0A0R0EWR2,1
I1KPQ8,I1MSN3,1
I1LL05,I1KQP3,1
A0A0R0GFM7,A0A0R0JES0,1
A0A0R4J3R4,I1MJJ9,1
I1KVL0,K7LCS7,1
I1KQ68,I1L2H4,1
I1LRE4,I1K467,1
K7MNN5,K7KCG5,1
A0A0R0HSV1,C6SYW6,1
I1LPK5,I1LIM0,1
I1KP31,A0A0R0GG06,1
A0A0R0ENB3,I1L215,1
K7MTL2,A0A0R0ET54,1
I1L8G3,I1JM18,1
I1KLE1,I1KD82,1
I1MXT2,I1KCY5,1
I1LGB7,A0A0R4J5B7,1
I1LGB1,A0A0R0FZM4,1
A0A0R0GNH6,C6SZQ0,1
K7KFY5,K7LVE4,1
I1JFW6,I1LWR7,1
I1N5D5,I1K5G1,1
C6TN69,I1NFU9,1
A0A0R0KR16,I1KM19,1
I1KMS8,I1NF12,1
A0A0R0KWL0,I1KC19,1
I1JMH3,I1N0W9,1
I1MIE5,K7MM40,1
I1LGQ1,C6SYW6,1
K7MTL2,I1LQ02,1
I1LFD2,C6T084,1
A0A0R0IR73,K7L3P2,1
I1KVL0,A0A0R0FZM4,1
I1KRZ2,I1LIT1,1
K7LTR0,C6TNX5,1
A0A0R0KFE8,I1NJ53,1
I1KM19,A0A0R0G342,1
K7LIW2,A0A0R0F214,1
K7M5I5,A0A0R0JJI0,1
I1M7C7,I1KPE7,1
C6T9S5,I1NCF8,1
C6SVV7,I1LGD6,1
I1JA95,C6T968,1
I1LA00,A0A0R0GFL3,1
K7MGQ2,Q2PMT2,1
I1LC20,I1NJ53,1
C6SWA0,A0A0R0K7U0,1
I1NCF8,I1L5H8,1
A0A0R4J5B7,I1L8S1,1
K7K9E1,I1KZK2,1
A0A0R0L098,P62302,1
A0A0R0HSJ1,A0A0R0K0K3,1
A0A0R0FEN9,A0A0R0L7U5,1
I1MXT2,A0A0R0JQJ0,1
I1MWF0,A0A0R0GFL3,1
I1N3M5,I1KUB2,1
A0A0R0GNH6,A0A0R4J5K6,1
C6TD73,A0A0R0EKI7,1
I1LZM7,A0A0R0L4P0,1
C6SXJ9,I1N7F4,1
A0A0R0KR16,A0A0R0L7U5,1
K7KFY5,I1KUP5,1
I1LFQ4,I1M3W1,1
I1MQD0,K7MFZ6,1
C6TG91,I1LGD6,1
O22518,A0A0R0G3G4,1
I1KSD0,I1JT28,1
I1L7G4,I1KS20,1
A0A0R0GJ85,A0A0R0JJI0,1
I1JA95,I1N0F1,1
C6TD23,K7MC09,1
A0A0R0EDS9,A0A0R0H296,1
C6TLV6,K7K318,1
C6T4Z6,I1JE09,1
A0A0R0G3G4,I1LUE0,1
A0A0R0GS25,I1LA00,1
K7N5K2,I1M9T4,1
I1J9W0,I1KM19,1
A0A0R0F2G6,C6TK73,1
C6SY25,I1KQE3,1
A0A0R4J5B7,A0A0R0KE73,1
C6TEP1,A0A0R0L7U5,1
A0A0R0I0B9,C6T065,1
I1KNN1,I1L2H4,1
I1KPA1,I1ML11,1
I1JM18,K7MVB9,1
I1KFL5,C6SYA3,1
I1MPJ4,A0A0R0H9H8,1
K7MGQ3,I1LPW2,1
K7KES3,I1KIB3,1
O22518,I1KIY3,1
C6SVR8,I1LUE0,1
I1JFW6,K7MAP3,1
I1KQ68,C6T065,1
C6TGA9,K7LGW1,1
K7LCS7,C6TEP1,1
A0A0R0GJ85,K7KW44,1
I1JD36,A0A0R0FEI0,1
K7MGQ2,C6SYE0,1
A0A0R0GFM7,I1NH98,1
A0A0R0GPH9,I1JKP1,1
I1LGD6,K7L3P2,1
K7MFZ6,A0A0R0LA89,1
A0A0R4J5B7,C6T968,1
I1JA95,I1K628,1
K7LWI3,K7LFD7,1
I1LIS4,A0A0R0FTI5,1
I1MGB0,A0A0R0IR73,1
K7K894,A0A0R0K5X4,1
C6TE07,I1JUQ0,1
I1N8P5,I1KSD0,1
Q2PMT2,A0A0R0KPE1,1
I1JU70,A0A0R0HCS6,1
I1MBM5,I1K146,1
A0A0R4J4D0,I1K7J4,1
I1N0F1,A0A0R0L7U5,1
C6TCW7,I1MW51,1
C6SVV7,I1KQE3,1
P17093,I1MM89,1
A0A0R0KPE1,I1LZ09,1
K7KP67,I1NJ53,1
I1L0M6,I1JD07,1
A0A0R0ENB3,I1JUJ6,1
A0A0R0IR73,I1L8S1,1
A0A0R0GFH3,I1NH98,1
I1JE09,I1K5K3,1
A0A0R0KE73,I1KQE3,1
I1LPK5,K7KGJ8,1
I1J553,I1LIU7,1
I1JA95,I1L4B6,1
A0A0R0H8M3,K7LFD7,1
K7M2D8,K7K8Y9,1
C6SY25,I1LUE0,1
I1N8P5,I1JV03,1
C6T3I8,K7LFD7,1
I1JA95,I1LGQ1,1
K7LCS7,C6SVV7,1
I1LUE0,C6T2H2,1
H2D4C3,K7M592,1
I1LRH8,K7M6J1,1
K7KQZ8,I1L6W0,1
I1LUL2,I1KQP3,1
I1M3W1,I1LGB1,1
I1L1L2,I1MJJ9,1
I1LCX3,I1KCY5,1
K7M5T0,A0A0R0FJR0,1
I1K5K3,K7K318,1
C6SWM1,I1LVN3,1
A0A0R0GPH9,K7KGC2,1
C6TGZ1,I1N0R5,1
A0A0R0JYY8,I1N898,1
K7K3W5,I1MLF1,1
I1MJM9,I1NJ53,1
K7K8Y9,A0A0R0JG07,1
A0A0R0JJ98,K7N129,1
I1MGB0,C6T065,1
Q2PMT2,I1KPE7,1
I1JFW6,C6T530,1
I1JHN5,I1K146,1
C6SXP5,I1LFD2,1
K7KES3,C6TLV6,1
I1LUE0,I1JM69,1
K7KES3,K7M5T0,1
I1MQB5,I1KM19,1
A0A0R0J7J3,I1L2H4,1
I1JIW3,I1JHJ0,1
I1N761,I1NH73,1
A0A0R0JYB5,I1KAD1,1
Q2TFP1,I1LH27,1
I1K2Z9,A0A0R0GJV8,1
A0A0R0F2Z4,I1LW00,1
A0A0R0GRI6,I1LUE0,1
I1KMS8,K7MVB9,1
C6SYE0,A0A0R0L7U5,1
I1K628,I1MU00,1
K7MAP3,C6T065,1
I1NFS4,K7LFD7,1
A0A0R0KWL0,C6SZL0,1
K7M849,I1MM64,1
A0A0R4J3Y6,A0A0R0GJV8,1
K7LK09,A0A0R0H7N0,1
O22518,I1KYF8,1
C6TG91,I1K6E7,1
I1JW64,I1KSL6,1
A0A0R0F214,A0A0R4J3D2,1
A0A0R0FJR0,I1LGB1,1
I1LCX3,K7M841,1
C6TC92,I1NJ53,1
I1K970,I1K5H2,1
C6SVV7,A0A0R0FZM4,1
I1KBM7,A0A0R0EKI7,1
I1MXT2,A0A0R0JJK0,1
A0A0R0E934,I1MVE9,1
I1LJI8,I1LVN3,1
C6SVF8,I1K5B6,1
I1M3W1,C6T968,1
I1MNV2,A0A0R0JYY8,1
I1K8C1,A0A0R0K0K3,1
I1KUB2,I1LJA4,1
A0A0R0JS60,A0A0R0EKI7,1
A0A0R4J488,C6SVH9,1
I1L7G4,I1LKQ4,1
M1FIU8,I1LPW2,1
I1N8P5,C6SWS6,1
A0A0R0G3G4,P62302,1
I1KYF8,I1LUE0,1
K7LQV0,I1NGQ5,1
I1LPW2,K7N0U1,1
C6SXP5,I1NJ53,1
A0A0R0HCS6,K7KYE0,1
A0A0R0KWT5,A0A0R0FX46,1
I1JE09,A0A0R0LFT0,1
A0A0R4J5B7,I1JDH6,1
I1JFW6,I1JDH6,1
I1LGD6,A0A0R0G342,1
C6SYE0,I1KM19,1
I1J9W0,P17093,1
A0A0R0ENB3,I1JI73,1
A0A0R0FNV7,I1MW74,1
A0A0R0KPE1,I1KIY3,1
I1K3X9,I1MC39,1
C6TD23,I1J4E1,1
I1MP46,I1K215,1
I1NG45,I1MY33,1
K7K894,A0A0R0EZ39,1
I1K6E7,A0A0R0H296,1
I1MGB0,I1KM19,1
I1N0I7,A0A0R0HSA0,1
A0A0R0FZM4,C6F117,1
I1JT85,I1LIU7,1
I1JE09,K7L3P2,1
C6T5U0,I1MQB5,1
A0A368UHG0,I1MW51,1
C6SY81,A0A0R0K0K3,1
C6T4V3,I1M7C1,1
C6TG91,A0A0R0KPE1,1
O22518,A0A0R0FEN9,1
K7K9E1,K7MMD7,1
I1J870,I1LIU7,1
C6T5U0,C6T968,1
I1LFQ4,K7MGQ2,1
A0A0R0JQJ0,A0A0R0JES0,1
I1N954,P62302,1
I1KRZ2,I1LPJ8,1
K7K894,I1MIE5,1
A0A0R4J5B7,C6SYE0,1
I1MLJ0,I1KIY3,1
I1JFW6,I1LGQ1,1
C6SVB5,A0A0R0GJV8,1
A0A0R0GJ85,I1KCY5,1
I1JE09,I1KQ68,1
A0A0R0KVY6,K7KLF0,1
I1L412,I1MLJ0,1
I1NBQ2,I1LIU7,1
C6SVR8,A0A0R0IR73,1
I1M277,C6SWD4,1
I1KLS1,I1LYQ9,1
C6TBL4,I1K2U0,1
K7LQ96,I1JMK4,1
A0A0R4J426,I1K8C1,1
I1LGD6,C6SZ22,1
I1M7C1,I1KZ09,1
A0A0R0GJV8,C6T0E4,1
C6SYE0,I1LUE0,1
I1K6E7,C6SYE0,1
I1JE09,A0A0R0I0B9,1
I1KYF8,A0A0R0KPE1,1
I1KCY5,A0A0R0LB39,1
I1KYF8,A0A0R0EDS9,1
I1KIB3,A0A0R0L7U5,1
A0A0R0L098,C6T065,1
I1LZM7,A0A0R0JBL2,1
K7MGQ2,K7L3P2,1
I1L0M6,I1KPE7,1
C6SZM9,A0A0R4J488,1
I1J9W0,A0A0R4J5B7,1
C6SVR8,A0A0R0FZM4,1
K7L240,I1M1D5,1
K7K8U8,A0A0R0JSJ9,1
I1LHS8,I1LJA4,1
I1JUR7,I1LIU7,1
I1L2H4,K7MAP3,1
A0A0R0GRI6,I1KM19,1
I1K5K3,A0A0R0FJR0,1
C6SYW6,A0A0R0H296,1
A0A0R0E3E6,I1MJJ9,1
K7MXH5,A0A0R0FNM4,1
A0A0R0K0K3,I1LKQ4,1
C6TN69,C6T1E6,1
A0A0R0I8Z5,I1NJ53,1
A0A0R0KPE1,I1L8S1,1
I1K5K3,P17093,1
I1LHS8,I1L4B6,1
I1MXT2,A0A0R0L828,1
I1L6W0,K7KJB2,1
I1J8V4,I1NCF8,1
A0A0R0G3G4,P17093,1
C6T5U0,A0A0R0HSV1,1
A0A0R0GYG1,I1NJ53,1
I1MWF0,I1KCY5,1
I1MLJ0,I1L4B6,1
A0A368UHC3,I1KD82,1
I1L7G4,I1LIR4,1
I1J9W0,C6T065,1
A0A0R4J4C5,A0A0R0JYY8,1
I1M7C7,P62302,1
K7M097,I1MLJ0,1
A0A0R0EJV2,K7K8U8,1
K7MRX6,I1LIU7,1
K7N0V8,C6T1P2,1
I1K6E7,I1K5L7,1
I1N6N9,K7N0V8,1
C6T5U0,I1N1Y6,1
K7KCG5,A0A0R0L828,1
I1KGU0,K7K318,1
I1KHJ6,A0A0R0GFH3,1
I1MWF0,K7M841,1
C6TFN5,A0A0R0ESZ8,1
K7MXH5,I1LD74,1
I1JD36,I1JE93,1
K7K318,K7MMR3,1
A0A0R0J7J3,I1LGD6,1
A0A0R0LFT0,I1KPE7,1
A0A0R0KTM7,K7N129,1
I1JTE4,A0A0R0JQJ0,1
A0A0R0I0B9,A0A0R0IR73,1
I1LGB7,A0A0R0FZM4,1
K7N5K2,A0A0R0JES0,1
A0A0R0IGP2,I1LPW2,1
K7N5D4,I1LFD2,1
C6SY81,I1M277,1
I1KCY5,A0A0R0EJE2,1
K7K894,I1KCN1,1
A0A0R0GBL8,I1MEF5,1
I1KSL6,I1LRE4,1
I1LDU4,I1MJJ9,1
I1KSL6,I1M7B9,1
I1KZW4,I1KAR1,1
A0A0R0HSV1,I1KQE3,1
I1J9W0,I1JE09,1
Q43463,A0A0R0JYY8,1
I1MNM3,I1NJ53,1
I1KHJ6,A0A0R0JQJ0,1
I1LRH8,A0A0R0FEN3,1
A0A0R0KPE1,I1K5L7,1
I1N9I5,A0A0R4J2Y1,1
C6SY81,K7M6J1,1
I1LUL2,I1L1N3,1
I1KLS1,C6T426,1
O22518,C6T2H2,1
A0A0R0FGT9,C6T2Y4,1
K7LFD7,I1MFH3,1
I1LY15,A0A0R4J354,1
I1JML1,I1LPW2,1
C6SWG4,P62302,1
I1MU00,I1LZ09,1
I1LGQ1,P17093,1
I1KYF8,I1M3W1,1
I1M277,A0A0R0GBL8,1
I1JFN0,K7MNN5,1
I1N5D5,I1JW64,1
I1N6N9,I1MJJ9,1
I1LFD2,I1LC20,1
C6SWG4,C6T065,1
C6T5U0,I1LWR7,1
P09755,I1NJ53,1
I1LUL2,I1KPU4,1
I1NIE5,A0A0R0H7N0,1
P17093,A0A0R0G342,1
I1JG98,K7KK86,1
A0A0R0GC27,I1KXK6,1
I1JW21,K7K318,1
C6T084,I1NJ53,1
K7LCS7,A0A0R0JLD5,1
I1JD07,A0A0R0GRI6,1
A0A0R0L098,A0A0R0FZM4,1
I1N0R5,I1LUL2,1
C6SVR8,I1JE09,1
K7N129,A0A0R0J2L9,1
I1MBA2,I1JHJ0,1
I1LFD2,I1J6B5,1
K7M6R4,I1KKD9,1
I1K1W8,I1KFU0,1
I1K6E7,I1LZ09,1
I1M277,I1K725,1
I1JNK6,K7N1T9,1
I1MNS7,K7K1Z2,1
I1K912,A0A0R0HSA0,1
I1N0F1,I1LGD6,1
A0A0R0FQN0,I1KHJ4,1
I1JD52,I1KKD9,1
K7N0X7,A0A0R0K7U0,1
A0A0R0FEN9,C6T5U0,1
Q2PMT2,I1M3W1,1
A0A0R0IHF9,I1K9J7,1
I1M9T4,K7M841,1
C6SZ70,I1N4X7,1
I1JC65,A0A0R0FQN0,1
C6T2Z2,I1NJ53,1
C6SWI9,I1LFD2,1
I1MM64,K7M841,1
I1KNN1,A0A0R0EDS9,1
A0A0R0KVY6,I1K3P0,1
I1JD07,I1K5L7,1
K7LSJ2,C6TFN5,1
K7KGC2,A0A0R0GFM7,1
Q2PMQ9,I1NJ53,1
A0A0R0KPE1,C6TEP1,1
C6TJ17,C6SXJ9,1
A0A0R0L098,A0A0R4J5B7,1
A0A0R0F077,I1LFD2,1
C6SVR8,K7KES3,1
K7MCH3,A0A0R0EKI7,1
C6T8R7,A0A0R0EKI7,1
I1KQE3,C6F117,1
I1L219,I1LL05,1
K7MNN5,A0A0R0G6V6,1
I1K628,I1KPE7,1
I1JW64,K7MMD7,1
K7KES3,I1N0F1,1
C6SY81,I1L7G4,1
C6SYA3,K7N1L5,1
C6TIQ7,C6TAW8,1
I1LKQ4,I1MEF5,1
K7LCS7,K7L3P2,1
C6T4Z6,I1L2H4,1
A0A0R0INQ5,I1JUQ0,1
I1LUE0,I1JDH6,1
A0A0R0IHF9,Q43463,1
C6T2L5,A0A0R0FEN3,1
K7K8Y9,I1M0C2,1
I1JTE4,A0A0R0JJK0,1
I1KNN1,K7K318,1
A0A0R0KE62,I1LRE4,1
A0A0R0K0L0,C6SZG1,1
I1KGU0,P17093,1
A0A0R0GRI6,A0A0R0IR73,1
A0A0R0ERF9,I1NJ53,1
I1JNK6,A0A0R0JSJ9,1
I1N0F1,A0A0R0FJR0,1
I1JL13,C6TK73,1
I1KYF8,A0A0R4J5B7,1
I1JFW6,C6TLV6,1
I1K725,I1MEF5,1
I1LGB7,A0A0R0IR73,1
A0A0R4J5B7,I1K5L7,1
A0A0R0KWL0,I1KGZ6,1
K7MNN5,A0A0R0JES0,1
I1LHS8,I1LLA9,1
I1K5K3,C6T065,1
I1JM69,C6T065,1
A0A0R0FQN0,I1J547,1
A0A0R0ENB3,I1KYD6,1
K7M849,A0A0R0KNE1,1
C6T507,A0A0R0HCS6,1
I1N7K6,A0A0R4J488,1
I1NHI4,A0A0R0JJI0,1
I1LPK5,I1MVE9,1
I1LGD6,C6T2H2,1
C6TLT3,A0A0R0FZM4,1
I1KIB3,I1M3W1,1
I1M3W1,I1LWR7,1
Q2PMT2,A0A0R0IR73,1
A0A0R0KE73,I1KM19,1
I1MTX9,A0A0R0JBL2,1
I1MLN7,A0A0R0F214,1
I1JFW6,A0A0R0JLD5,1
O22518,I1N1Y6,1
I1LFD2,K7K415,1
K7LJV1,K7M466,1
I1M277,I1LKQ4,1
I1KTI0,I1MGG3,1
I1K628,I1KQE3,1
I1NGD2,I1NJ53,1
I1J870,C6SZQ0,1
C6T968,P62302,1
A0A0R0GFM7,A0A0R0G6V6,1
I1K628,P17093,1
I1KIB3,I1JD07,1
I1M277,I1KJW4,1
I1MVK7,I1MEF5,1
K7M846,I1M9T4,1
K7KDX2,A0A0R0L0E7,1
I1K642,I1MBR7,1
K7KW44,A0A0R0KNE1,1
A0A0R0EDS9,Q2PMT2,1
C6TLT3,A0A0R0EDS9,1
A0A0R0KPE1,I1KQ68,1
C6T0U3,I1MU00,1
I1LUE0,C6F117,1
I1JFW6,C6SWG4,1
A0A0R0IR73,C6SYE0,1
I1LXH0,I1L332,1
A0A0R0KR16,K7MGQ2,1
I1LFD2,C6SWI3,1
I1KHL6,A0A0R0IF42,1
I1KIB3,A0A0R0EDS9,1
C6TCW7,K7N129,1
K7M849,A0A0R0LB39,1
I1MGB0,I1JD07,1
K7KGC2,A0A0R0JRI8,1
K7KGC2,A0A0R0GFL3,1
I1LUI7,I1KEC8,1
K7KE09,I1N7F4,1
A0A0R0GPH9,I1MWF0,1
I1ML11,I1MC39,1
I1LPW2,M1FN39,1
K7K318,C6SZ22,1
O22518,K7M5T0,1
O48901,A0A0R0EJV2,1
C6TBL4,I1JWH5,1
K7MTL2,K7KPJ4,1
K7K318,K7MAP3,1
I1JTW0,I1L7G4,1
O22518,C6SWG4,1
K7MRX6,A0A0R4J5K6,1
K7M6J1,I1LIR4,1
A0A0R0L098,I1M3W1,1
I1J9W0,A0A0R0EDS9,1
I1KSL6,I1MQD0,1
A0A0R0L828,A0A0R0LB39,1
I1MWF0,K7M849,1
K7MGQ2,C6TEP1,1
I1N5D5,I1M7B9,1
A0A0R0FM97,C6TFN5,1
A0A0R0FTI5,I1MK96,1
A0A0R0JLD5,I1KQE3,1
I1MVK7,I1JB64,1
I1MC39,Q43463,1
K7LXT7,A0A0R0JT51,1
C6TN69,I1KZW4,1
I1LFQ4,P17093,1
K7LCS7,A0A0R0FYN8,1
C6SVV7,K7MGQ2,1
K7MXD1,I1J8W6,1
K7N145,I1KTS9,1
I1JA95,I1K5L7,1
A0A0R0EJE2,A0A0R0JJI0,1
I1MM64,A0A0R0JJK0,1
A0A0R0KCV3,I1KSL6,1
A0A0R0KR16,I1K6E7,1
I1NG45,I1K7J4,1
I1J9I1,I1MY33,1
I1JFW6,C6F117,1
K7N5K2,I1MM64,1
A0A0R0GC27,I1JHJ0,1
K7MC85,I1KRD4,1
A0A0R0GFH3,A0A0R0EJE2,1
A0A0R0HIA6,K7KFY5,1
C6SWM1,I1MSN3,1
I1KFU0,I1N780,1
I1LWR7,I1L2H4,1
I1K628,A0A0R0EDS9,1
K7LTR0,K7MRX6,1
C6T2H2,A0A0R0L7U5,1
I1K6E7,I1LWR7,1
A0A0R0EDS9,C6SYE0,1
P62302,C6SZ22,1
I1N0F1,P17093,1
C6TJM4,I1MK96,1
I1K628,K7MGQ2,1
I1N954,C6T065,1
I1K9B8,I1M998,1
C6T4Z6,I1K6E7,1
I1JDH6,I1KQE3,1
Q2PMT2,K7K318,1
I1KIB3,A0A0R0IR73,1
I1MXT2,K7M846,1
I1KNN1,A0A0R0FJR0,1
I1LUL2,I1JP52,1
I1MM64,I1KCY5,1
I1LMQ5,I1NJ53,1
I1JE09,I1L4B6,1
C6TJ17,K7LZZ5,1
C6SY81,I1MEF5,1
I1MGB0,I1K6E7,1
I1KNN1,P17093,1
C6TG91,I1LUE0,1
K7MGQ2,I1L8S1,1
K7LCS7,A0A0R0HSV1,1
I1LUE0,K7MAP3,1
C6T883,I1KM19,1
I1J9I1,A0A0R0JYY8,1
C6SVR8,A0A0R4J5B7,1
K7MFZ6,I1KKD9,1
I1KPQ8,I1LVN3,1
A0A0R0EDS9,A0A0R0G342,1
A0A0R0EFE2,I1MJJ9,1
I1M3W1,I1JW21,1
I1KUB2,K7KVG4,1
K7K318,I1JDH6,1
I1M277,I1M0N9,1
I1N1X8,I1NJ53,1
I1LUE0,C6SZ22,1
C6T5U0,C6F117,1
I1KGU0,I1KM19,1
I1JDR2,I1MGG7,1
O48548,I1KHJ4,1
I1K096,I1KUB2,1
K7LJV1,I1JD36,1
K7MCD1,I1J8W6,1
A0A0R0JYX3,P48513,1
A0A0R0FNM4,I1MLF1,1
K7KFY5,A0A368UHM1,1
A0A0R0G3G4,A0A0R4J5B7,1
I1JFW6,I1L4B6,1
P62302,I1LZ09,1
I1LA00,K7M846,1
K7MTL2,I1K2U0,1
I1KAJ2,I1NJ53,1
I1JTW0,K7M6J1,1
A0A0R4J5B7,I1JW21,1
I1JFW6,A0A0R0FYN8,1
I1LUI7,K7L7W0,1
I1JE09,C6SYE0,1
K7LRU2,K7MXE0,1
K7MNN5,A0A0R0LB39,1
I1MNS7,I1N9E1,1
C6T868,A0A0R0EKI7,1
K7MMR3,I1KQE3,1
K7N145,I1KHY2,1
I1KPE7,A0A0R0G342,1
I1MVG5,I1K146,1
I1MQB5,I1LGD6,1
A0A0R0L7U5,I1K5L7,1
A0A0R0L0E7,I1NH98,1
I1LZ09,I1KQE3,1
I1KS20,M1FN34,1
I1M7C7,C6SYW6,1
A0A0R0HSV1,I1L2H4,1
A0A0R0GFL3,A0A0R0EJE2,1
I1JFN0,I1KCY5,1
I1JD07,I1LGB1,1
I1JV03,A0A0R0JYY8,1
I1M277,I1MVK7,1
I1JE09,I1MM89,1
I1MEQ6,I1LJ93,1
A0A0R0GJV8,I1KCH6,1
I1MQB5,P17093,1
I1KCX1,I1KTI0,1
A0A0R0EDS9,I1KQB9,1
I1KGU0,P62302,1
K7MNN5,A0A0R0FSS2,1
A0A0R0HV63,A0A0R0H7N0,1
I1NIE5,I1KHL6,1
A0A0R0FYN8,A0A0R0L7U5,1
A0A0R0L098,A0A0R0IR73,1
A0A0R0JJI0,A0A0R0JES0,1
I1J9W0,K7K318,1
C6SY25,K7K318,1
I1M1D5,I1LGI1,1
I1M3Q3,K7L7W0,1
I1JR41,A0A0R0EKI7,1
K7LTR0,K7KTT9,1
A0A0R0J7J3,A0A0R0KPE1,1
K7MH53,K7LFD7,1
C6TMM7,I1MSN3,1
A0A0R4J2Q5,A0A0R4J3D2,1
K7KZ42,A0A0R0JBV0,1
A0A0R0EDS9,K7MAP3,1
K7LRU2,I1LHS8,1
A0A0R0E934,I1LPD3,1
C6T5U0,I1KGU0,1
P62302,C6F117,1
I1LUL2,K7LHR2,1
I1LAR7,I1JRU7,1
K7K894,I1KTS9,1
I1NCS8,K7MC85,1
K7KES3,C6T2H2,1
I1K970,I1KEY6,1
K7KES3,I1JW21,1
A0A0R0J7J3,A0A0R0FZM4,1
C6SVV7,A0A0R0L7U5,1
C6T530,I1KM19,1
I1KIB3,P62302,1
K7K8Y9,I1KEG8,1
I1JD07,K7MAP3,1
A0A0R0F214,A0A0R0ESI3,1
I1KPU4,I1LL05,1
C6TBL4,I1L412,1
C6TC92,A0A0R0EKI7,1
K7LCS7,A0A0R0J7J3,1
I1M3W1,I1L8S1,1
I1NBE9,I1LLS8,1
A0A0R0GRI6,I1L2H4,1
Q2PMT2,A0A0R0L7U5,1
A0A0R0JBL2,A0A0R4J354,1
A0A0R0G3G4,K7MGQ2,1
A0A0R0L4P0,I1N056,1
K7N5K2,A0A0R0KNE1,1
I1NAJ5,I1NH73,1
K7KES3,A0A0R0G3G4,1
K7L3P2,A0A0R0FZM4,1
K7LLK0,I1JYT2,1
K7MZ38,K7MXE0,1
C6TFN5,A0A0R0FER5,1
K7MGK0,C6SZQ0,1
A0A0R4J4C5,I1JT28,1
K7KES1,I1KS36,1
I1KQE3,A0A0R0H296,1
A0A0R0FSS2,K7KW44,1
K7LXT7,A0A0R0JBV0,1
K7KES3,C6SVV7,1
I1JE09,A0A0R0JLD5,1
I1KS20,C6SZG1,1
K7M5T0,P62302,1
O22518,I1K5L7,1
I1KPE7,I1KIY3,1
C6T883,P17093,1
A0A0R0EDS9,C6TEP1,1
I1M9T4,A0A0R0L0E7,1
I1KNN1,I1KM19,1
C6TG91,I1KM19,1
K7M9K9,I1LPW2,1
A0A0R0FSY2,A0A0R0EKI7,1
C6SVH9,I1KXK6,1
A0A0R0GRI6,A0A0R0FJR0,1
I1LFQ4,I1KPE7,1
I1KIB3,I1KPE7,1
C6SY25,I1L2H4,1
I1J9W0,I1L2H4,1
I1KYF8,I1JD07,1
I1MQC8,A0A0R0H7N0,1
I1LIH7,M1FN34,1
I1MVK7,C6SZG1,1
C6T0U3,I1JFW6,1
I1MXT2,A0A0R0GFH3,1
I1LGB1,I1LUE0,1
I1JA95,I1KYF8,1
K7N5K2,A0A0R0GJ85,1
A0A0R0GS25,I1MM64,1
I1M7B9,K7M6R4,1
C6SY81,A0A0R4J426,1
A0A0R0E934,I1JAF7,1
I1J9W0,I1LGD6,1
A0A0R0HSV1,P17093,1
I1J8W6,K7KVG4,1
I1LPK5,A0A0R0JB42,1
I1M3W1,C6T2H2,1
I1NAJ5,A0A368UHM1,1
A0A0R0IHF9,I1K2I1,1
A0A0R0FJR0,C6T2H2,1
A0A0R0GG06,K7LXT7,1
C6TJ17,I1JHN5,1
C6T0E4,I1MW74,1
K7KGE9,A0A0R0JBV0,1
I1KGU0,A0A0R0FJR0,1
I1KZI6,A0A0R0E934,1
I1L2H4,I1L8S1,1
I1M3W1,I1LZ09,1
I1NHI4,K7N5K2,1
A0A0R0K0K3,I1MVK7,1
I1K628,K7KES3,1
A0A0R0KNE1,A0A0R0JJI0,1
I1MSC6,I1KD82,1
O22518,Q2PMT2,1
I1M277,I1LIR4,1
I1JA95,I1LGB7,1
I1JFW6,I1KVL0,1
C6T0E4,I1LXQ3,1
K7M5I5,A0A0R0JJK0,1
I1KGN6,A0A0R0EKI7,1
I1KR80,K7MXE0,1
A0A0R0IT62,I1KS36,1
A0A0R0G7B5,I1K7N0,1
I1LJ93,A0A0R0JBL2,1
I1KZY8,A0A0R0JZD5,1
C6TBN8,A0A0R0HSA0,1
C6SVV7,I1KPE7,1
I1KVS3,K7LFD7,1
I1JNK6,K7KES1,1
A0A0R0LFT0,I1KM19,1
K7KZ42,I1LLS8,1
I1L2H4,I1JDH6,1
K7KES1,K7K8U8,1
C6SYW6,I1JM69,1
I1KCB7,I1M1D5,1
C6T883,I1LGD6,1
I1JD07,K7MMR3,1
I1LFD2,Q2PMQ9,1
I1MLJ0,I1K5L7,1
I1JRL7,I1KYL4,1
I1M3Q3,I1KEC8,1
I1LH11,I1LIU7,1
K7M5I5,A0A0R0JQJ0,1
A0A0R0HSA0,I1MNV4,1
C6SXM9,I1LPW2,1
I1NGQ5,A0A0R0GAQ8,1
K7MM40,I1KXG2,1
I1JMZ4,A0A0R0H141,1
I1NH73,K7KFY5,1
I1LFD2,C6TFR5,1
I1M3W1,I1K5K3,1
I1NHI4,K7KW44,1
C6TEP1,P17093,1
K7MGQ2,I1KQB9,1
I1LWR7,C6SYW6,1
I1KBL4,A0A0R0JSJ9,1
I1KFU0,A0A0R0EWR2,1
I1J6B5,I1NJ53,1
I1JRV0,I1L5H8,1
C6T4V3,C6TKZ4,1
I1M277,I1LPI3,1
I1K6E7,I1N1Y6,1
C6SY25,I1KPE7,1
I1L7G4,A0A0R0GZZ6,1
I1MNU7,I1JRU7,1
I1JA95,I1KVL0,1
I1J8V4,I1JRV0,1
I1K642,I1LM73,1
I1M7C7,I1LGD6,1
I1LWR7,A0A0R0KPE1,1
I1MQB5,P62302,1
C6TBL4,I1L4B6,1
I1LDY7,A0A0R0KWT5,1
I1KYF8,P62302,1
K7MTL2,I1K5L7,1
A0A0R0J7J3,P17093,1
C6TGA9,I1JBJ2,1
I1MM64,A0A0R0L0E7,1
P62302,I1K5L7,1
K7M5T0,C6SYW6,1
A0A0R0J7J3,I1KQE3,1
C6SZ70,I1JWF0,1
I1LGD6,I1MM89,1
I1KPA1,Q43463,1
I1KQG0,K7M6R4,1
I1LHS8,C6T530,1
I1LG61,I1LIU7,1
I1K9B8,K7MQG6,1
I1LFQ4,I1MU00,1
I1JE09,I1N1Y6,1
A0A0R0E934,I1JUR7,1
I1LQ02,I1KUB2,1
I1L2H4,I1JM69,1
C6TCW7,I1K215,1
K7N145,K7KYY0,1
K7MMG1,I1LFD2,1
O22518,C6TLV6,1
I1LS70,I1K970,1
C6TG91,I1JE09,1
I1JUI1,I1MZV0,1
I1L412,K7MXE0,1
C6TG91,K7LCS7,1
A0A0R0HSV1,A0A0R0IR73,1
I1L3P5,I1KHL6,1
I1MVE9,A0A0R4J5K6,1
I1KSL6,A0A0R0LA89,1
I1LIS4,I1NIE5,1
I1KIB3,I1MU00,1
K7LTQ1,I1LVN3,1
I1L8L5,I1LH18,1
K7LCS7,A0A0R0I0B9,1
A0A0R0L828,I1JTE4,1
K7KW44,A0A0R0G6V6,1
I1MU00,K7MMR3,1
C6TBL4,I1MBW8,1
I1MWF0,K7N5K2,1
I1JA95,A0A0R0KE73,1
A0A0R0I1I4,I1NJ53,1
I1K6E7,I1LGQ1,1
K7M6J1,I1M0N9,1
K7KDX2,A0A0R0GFH3,1
I1M1W3,I1LPZ2,1
I1K9B8,I1KYL4,1
O22518,I1L8S1,1
K7MGQ2,I1LGQ1,1
K7KES3,I1LGQ1,1
A5Z2K3,I1NJ53,1
A0A0R0KR16,I1KQE3,1
I1JA95,A0A0R0G342,1
A0A0R4J2Q5,C6SVH9,1
I1M277,I1JTW0,1
A0A0R0FXD4,I1N6N9,1
I1N954,I1KM19,1
I1MQB5,I1L2H4,1
I1LFD2,A0A0R0I8Z5,1
A0A0R0F2Z4,K7KQZ8,1
K7M849,I1M9T4,1
I1J9I1,I1JT28,1
A0A0R0GS25,I1NH98,1
A0A0R0KCV3,I1MNU1,1
C6TE07,I1K970,1
I1N1Y6,I1KM19,1
I1JHC2,I1KXK6,1
I1M998,C6SYQ2,1
C6T4Z6,I1KQE3,1
O22518,A0A0R0GRI6,1
A0A0R0E934,I1K2J5,1
K7L395,A0A0R0K7U0,1
I1KYF8,P17093,1
K7LHR2,I1LL05,1
A0A0R0EFE2,A0A0R0GAQ8,1
C6SVV7,P62302,1
I1JA95,A0A0R0FYN8,1
A0A0R4J426,I1LIR4,1
K7MCD1,I1MLJ0,1
I1LFQ4,K7K318,1
C6TLT3,P62302,1
I1M3W1,A0A0R0FYN8,1
C6T5U0,C6SYE0,1
C6T0U3,I1KM19,1
C6SVR8,I1KQE3,1
O22518,I1JM69,1
A0A0R0L098,I1KPE7,1
I1JT85,I1LPK5,1
I1KTI0,C6T1P2,1
I1K620,C6TGZ1,1
I1LVX2,C6TIQ7,1
C6T1E6,A0A0R0F214,1
I1LUL2,I1MHS1,1
K7M9T4,K7KVG4,1
K7KGC2,A0A0R0JJK0,1
A0A0R0HSV1,I1KPE7,1
K7MGK0,I1LIU7,1
A0A0R4J5B7,C6SZ22,1
I1KQB9,P17093,1
K7M846,A0A0R0EJE2,1
I1LGD6,A0A0R0JLD5,1
C6TGZ1,I1JP52,1
K7K894,I1M0C3,1
I1K6E7,A0A0R0HSV1,1
K7L3P2,A0A0R0L7U5,1
I1L0M6,I1LUE0,1
I1L2H4,I1KIY3,1
A0A0R0G3G4,I1L2H4,1
A0A0R0FEN9,I1JD07,1
K7K894,I1KXG2,1
I1LA00,K7M841,1
I1KFL5,I1MC26,1
I1N8M4,A0A0R4J4H3,1
A0A0R0K6F4,A0A0R0GG06,1
A0A0R0G3G4,K7K318,1
A0A0R0GRI6,I1KQE3,1
I1J8W6,I1JXQ3,1
K7LCS7,I1N1Y6,1
A0A0R0IR73,I1LGB1,1
K7MM40,A0A0R0FX46,1
I1JKP1,A0A0R0JQJ0,1
C6SVR8,P62302,1
A0A0R4J389,A0A0R0EKI7,1
I1N8P5,I1J9I1,1
I1LCX3,A0A0R0GFH3,1
I1K6E7,I1KQB9,1
I1LPK5,I1KXI7,1
I1L7G4,I1LRH8,1
O22518,C6SVV7,1
C6SVR8,I1JD07,1
I1LLK1,H2D4C3,1
I1N8M4,A0A0R0H141,1
I1J553,A0A0R4J5K6,1
I1L171,C6T3K0,1
K7MTL2,K7KFV5,1
A0A0R0L4P0,I1K328,1
I1JW64,I1K467,1
P62302,K7MMR3,1
K7K894,I1MUC0,1
K7LCS7,C6T530,1
C6TG99,I1MLF1,1
I1JA95,I1JW21,1
K7MM40,I1NGL5,1
A0A0R0L2U1,I1MF50,1
A0A0R4J5B7,I1LZ09,1
I1JW21,I1MU00,1
I1JW21,P62302,1
I1JW21,C6SYW6,1
K7KGC2,A0A0R0GFH3,1
C6TJM4,I1KHL6,1
C6T883,A0A0R0L7U5,1
A0A0R0HSA0,I1JUJ6,1
I1LDA7,I1N761,1
C6TEP1,P62302,1
I1LR48,I1N9E1,1
I1LFD2,P09755,1
I1K9J7,I1K7J4,1
I1MQB5,I1KQE3,1
I1JE09,C6T2H2,1
K7MXH5,C6TG99,1
C6SWG4,I1KM19,1
C6T2H2,I1KPE7,1
A0A0R0K0K3,A0A0R0E907,1
I1LVX2,I1K146,1
I1LGB7,I1LGD6,1
I1LG61,C6SZQ0,1
I1N5D5,I1JIP5,1
I1JVX3,C6SYA3,1
I1MGB0,I1L2H4,1
I1LPK5,K7MRX6,1
A0A0R0G7I0,I1MLH9,1
I1LIS4,A0A0R0IF42,1
I1NFU9,I1KAR1,1
I1LHS8,I1JXQ3,1
I1J8W6,I1K2U0,1
I1KJW4,A0A0R0FEN3,1
C6T2L5,K7M6J1,1
I1K2U0,K7MXE0,1
A0A0R0GRI6,A0A0R0L7U5,1
A0A0R0FJR0,A0A0R0KE73,1
K7LHS7,K7LDR8,1
I1KGU0,A0A0R4J5B7,1
I1NC77,A0A0R0FGT9,1
C6SYE0,I1KQE3,1
I1KR80,I1MLJ0,1
K7KES3,I1MM89,1
C6TG91,A0A0R0FJR0,1
I1KVL0,A0A0R0IR73,1
K7MM40,I1KTS9,1
I1LFD2,I1MNM3,1
I1KTD4,I1MW74,1
I1JRV0,I1LP18,1
C6T2Z2,A0A0R0EKI7,1
I1J9W0,A0A0R0IR73,1
K7K8Y9,I1LSM6,1
C6T4Z6,I1LGD6,1
I1KUS2,K7K1Z2,1
K7LRU2,K7M9T4,1
I1MHH7,I1LFD2,1
C6SVH9,K7L9M2,1
A0A0R4J5B7,C6F117,1
A0A0R0I0B9,I1KQE3,1
A0A0R0FJR0,C6SZ22,1
A0A0R0FJR0,I1JDH6,1
K7MTL2,I1L4B6,1
I1LMP2,I1K970,1
K7MXD1,I1MLJ0,1
C6TGZ1,I1J4E1,1
A0A0R0L098,C6SYW6,1
I1JA95,Q2PMT2,1
I1MM89,I1KM19,1
I1KIB3,A0A0R4J5B7,1
P07506,I1N7F4,1
I1J8W6,I1L4B6,1
I1LGD6,A0A0R0HSV1,1
C6TKB2,I1LFD2,1
K7KES3,C6SYE0,1
I1KVL0,K7KES3,1
K7KGC2,I1KCY5,1
A0A0R0KVY6,I1KS36,1
K7MMG1,I1NJ53,1
A0A0R4J5B7,A0A0R0J7J3,1
I1JE09,K7MAP3,1
A0A0R4J3D2,A0A0R4J2Y1,1
A0A0R0L098,K7MGQ2,1
I1JFW6,I1KIB3,1
C6T530,I1L2H4,1
A0A0R0L4P0,I1MTX9,1
A0A0R0GNH6,I1LIU7,1
K7MNN5,K7M5I5,1
K7KES3,A0A0R0J7J3,1
C6SY25,A0A0R0FJR0,1
I1JYG6,C6SX83,1
I1LA00,A0A0R0JRI8,1
C6SVU4,I1NJ53,1
A0A0R0J7J3,K7MGQ2,1
K7M5T0,P17093,1
C5NTE7,I1MSN3,1
Q2TFP1,Q43463,1
I1MK36,A0A0R0HSA0,1
A0A0R0L5Q1,I1NGQ5,1
I1LFQ4,K7LCS7,1
I1J8W9,K7KAB4,1
K7M849,A0A0R0EJE2,1
I1LGD6,I1L4B6,1
I1M7C7,K7LCS7,1
K7M846,A0A0R0KNE1,1
A0A0R0IR73,I1JDH6,1
I1LMW7,A0A0R0HSA0,1
A0A0R0EYS5,A0A0R0IAV3,1
C6T883,K7MGQ2,1
I1LUE0,I1K5L7,1
I1JWH5,I1MLJ0,1
I1MU00,I1JM69,1
A0A0R0FYN8,K7K318,1
I1M1W3,I1MRS5,1
K7M5T0,A0A0R4J5B7,1
C6T0U3,P17093,1
I1JFW6,I1KGU0,1
A0A0R0KWT5,I1KGZ6,1
A0A0R0GBL8,A0A0R0FEN3,1
A0A0R4J426,A0A0R0E907,1
I1KQB9,C6T065,1
K7M9T4,I1LQ02,1
A0A0R0HSJ1,A0A0R0FEN3,1
C6SWG4,I1K6E7,1
A0A0R0I0B9,I1KPE7,1
A0A0R0KR16,O22518,1
I1LGD6,C6T530,1
I1J9W0,I1KPE7,1
I1JNK6,A0A0R0IT62,1
K7K894,I1JVU8,1
I1LY25,A0A0R0K7U0,1
A0A0R4J2W3,I1M225,1
K7LCS7,C6T968,1
K7MS88,I1LPW2,1
A0A0R0HSA0,I1LYG4,1
I1LQ02,I1J8W6,1
C6TKZ4,I1KZ09,1
I1KFL5,I1JIJ4,1
I1MLK3,I1LVN3,1
I1LM96,C6TFN5,1
I1MQC8,I1MK96,1
I1LGB1,C6SYW6,1
I1M3W1,I1KQ68,1
I1KVL0,K7MGQ2,1
I1MRP6,K7MVB9,1
Q2TFP1,A0A0R4J4C5,1
C6T5U0,C6SVV7,1
I1LPK5,I1LG61,1
I1LH27,A0A0R0JYY8,1
A0A0R0HCS6,K7MNC0,1
C6TLT3,I1LGD6,1
I1LFD2,A0A0R0HDM5,1
K7M9T4,I1N3M5,1
C6SVV7,C6T065,1
I1N0F1,A0A0R0IR73,1
A0A0R4J426,I1LPI3,1
A0A0R0J7J3,I1JE09,1
I1JYG6,C6T2G5,1
I1LGD6,A0A0R0KE73,1
A0A0R0L098,A0A0R0KPE1,1
C6T968,A0A0R0L7U5,1
A0A0R0K6I2,A0A0R0EI44,1
K7L395,K7KK74,1
I1K628,A0A0R0IR73,1
P46279,I1MJJ9,1
A0A0R0JRI8,I1JKP1,1
I1KVL0,I1KM19,1
K7KCG5,K7M841,1
I1LGB7,I1K6E7,1
K7MC85,I1K2Z9,1
I1MHA4,I1KTI0,1
A0A0R0KPE1,I1MM89,1
K7KES3,I1LZ09,1
K7MGQ2,A0A0R0H296,1
I1LPJ3,A0A0R0FTI5,1
I1KB25,A0A0R4J4H3,1
I1KTI0,K7L1D3,1
I1MLF1,I1MU29,1
K7K9E1,I1MNU1,1
I1LCX3,A0A0R0JJK0,1
I1LMP2,A0A0R0GJV8,1
I1NHI4,K7M846,1
K7MXE0,I1MYV4,1
A0A0R0KR16,A0A0R0FJR0,1
K7KCG5,A0A0R0L0E7,1
K7K794,K7M466,1
I1JFW6,A0A0R0G3G4,1
A0A0R0GPH9,I1NHI4,1
I1KNN1,I1MU00,1
A0A0R0FX75,A0A0R4J2W3,1
A0A0R0ERF9,I1LFD2,1
I1KNN1,K7MGQ2,1
I1LCX3,A0A0R0JQJ0,1
K7LIE3,A0A0R0JG07,1
I1MUN3,K7MTL2,1
I1ML11,I1K7J4,1
K7N145,A0A0R0EU45,1
A0A0R0EDS9,K7L3P2,1
A0A0R0JB42,C6SZQ0,1
C6SVR8,I1KM19,1
A0A0R0L098,A0A0R0L7U5,1
C6T1E6,A0A0R4J2Q5,1
K7LEG0,I1LPW2,1
A0A0R0ENB3,I1MV96,1
I1NGD2,I1LFD2,1
A0A0R0HSJ1,C6SZG1,1
A0A0R0ET54,I1MLJ0,1
I1K6E7,C6T968,1
K7LKS0,A0A0R0GFM7,1
A0A0R0J7J3,K7K318,1
I1N5D5,I1L3P6,1
A0A0R0IR73,I1KQ68,1
I1K6E7,A0A0R0KE73,1
K7LCS7,K7MAP3,1
I1MSC6,I1LL05,1
I1J9J7,A0A0R0E934,1
I1LFW0,A0A0R0K7U0,1
I1KNN1,I1K6E7,1
A0A0R0EYA9,A0A0R0IT62,1
I1JD07,C6SZ22,1
K7N145,I1JVU8,1
A0A0R0KR16,I1JFW6,1
K7KE09,C6TIQ7,1
I1MQB5,A0A0R4J5B7,1
K7L3P2,P62302,1
I1L1S1,A0A0R0EKI7,1
A0A0R0IR73,A0A0R0H296,1
I1JUR7,C6SZQ0,1
I1KYF8,C6SYW6,1
K7KGC2,A0A0R0JQJ0,1
K7MC85,I1K5H2,1
I1M7C7,I1JE09,1
I1KIY3,C6T065,1
A0A0R0GJV8,A0A0R0FNV7,1
I1KJH7,K7LFD7,1
A0A0R0GFL3,I1JTE4,1
I1M3W1,I1K5L7,1
I1JIP5,I1MNU1,1
C6TGZ1,K7MC09,1
A0A0R0KWT5,A0A0R0K5X4,1
K7M5I5,I1KCY5,1
I1JFW6,I1K5L7,1
K7LFD7,I1M4P0,1
A0A0R0JJI0,A0A0R0G6V6,1
O22518,C6T968,1
I1NJ53,A0A0R0G5V6,1
I1JNK6,K7LY43,1
I1KZJ7,I1LFD2,1
I1K628,A0A0R0L7U5,1
A0A0R0GBL8,I1JB64,1
I1KVL0,I1JD07,1
I1JDH6,I1KM19,1
I1KY58,I1LL05,1
A0A0R0GRI6,K7K318,1
A0A0R0E934,K7LUF9,1
A0A0R4J426,I1KS20,1
K7KK74,I1KU09,1
I1N9I5,A0A0R4J488,1
A0A0R0L7U5,A0A0R0H296,1
K7M5T0,A0A0R0FZM4,1
A0A0R0FZM4,A0A0R0H296,1
I1JW21,I1KQE3,1
I1N8M8,I1KBB6,1
K7K318,I1LZ09,1
A0A0R0KWL0,I1KUT8,1
I1KVL0,I1K6E7,1
K7KES3,A0A0R0GRI6,1
A0A0R0K0K3,A0A0R0K0L0,1
A0A0R0E934,K7K676,1
A0A0R0GFH3,A0A0R0LB39,1
I1KZK2,I1KKD9,1
I1KSD0,I1K7J4,1
I1JA95,C6T883,1
C6SWL3,A0A0R4J488,1
I1KRZ2,I1LLS4,1
A0A0R0KWT5,I1MKM3,1
A0A0R0HN81,I1NCF8,1
A0A0R0GFL3,A0A0R0KNE1,1
C6SZM9,A0A0R4J2Y1,1
I1JT85,C6SZQ0,1
I1KR80,I1J8W6,1
K7K318,C6T2H2,1
I1JRL7,K7L939,1
I1LZM7,I1M1W3,1
A0A0R0JH35,A0A0R0GJV8,1
I1NCF8,I1LHR1,1
C6TLV6,P17093,1
I1K6E7,I1JW21,1
K7M787,I1JVX3,1
K7LNG6,I1MUQ7,1
K7KLI7,I1KAD1,1
K7N3F6,K7KK74,1
C6SZL0,K7MM40,1
K7M849,I1JTE4,1
I1M3Q8,K7LLV5,1
I1N954,I1L2H4,1
A0A0R4J2W3,I1KUB2,1
K7LTR0,K7MTC4,1
I1JD07,A0A0R0JLD5,1
A0A0R0G3G4,C6T5U0,1
K7MGQ2,I1K5L7,1
A0A0R0H8M3,I1LPW2,1
I1KSL6,I1K5G1,1
C6TD23,I1N0R5,1
K7MMR3,C6SYW6,1
C6SWZ1,I1LFD2,1
K7LKS0,A0A0R0GFL3,1
I1MVG5,C6TIQ7,1
A0A0R0F214,I1M3U2,1
I1LG61,A0A0R0E934,1
K7LWN2,A0A0R0F214,1
I1KRZ2,I1MZV4,1
A0A0R0IR73,C6T530,1
A0A0R0ENB3,I1J5U5,1
A0A0R4J5B7,C6SVV7,1
I1LHS8,K7MCD1,1
C6TLT3,A0A0R4J5B7,1
I1N8P5,I1K2I1,1
A0A0R0KE62,I1KKD9,1
I1KR80,C6TBL4,1
K7LKS0,A0A0R0L0E7,1
I1JNV3,A0A0R4J2Q5,1
I1MNU1,I1M7B9,1
I1MXT2,A0A0R0GFM7,1
I1LFD2,A0A0R0GYG1,1
A0A0R0EDS9,C6SVV7,1
I1LWR7,I1JD07,1
I1LDU4,K7KWE4,1
I1JA95,A0A0R0JLD5,1
I1N8P5,I1N898,1
K7L9V3,K7N129,1
K7K9E1,K7MFZ6,1
I1NJ53,I1KGN6,1
I1LFD2,I1N1X8,1
I1LGD6,I1JW21,1
I1K6E7,I1KIY3,1
K7N145,I1KCN1,1
P17093,I1JDH6,1
A0A0R0GRI6,P17093,1
I1JM18,K7LGW1,1
C6TG91,I1L2H4,1
I1MRY0,A0A0R0HSA0,1
I1KUS2,I1JE93,1
I1JW21,A0A0R0FZM4,1
A0A0R4J5B7,I1LWR7,1
I1LPI3,M1FN34,1
I1KIB3,A0A0R0KPE1,1
I1JA95,C6TEP1,1
A0A0R0JJK8,K7L4N7,1
P17093,I1JM69,1
I1KQE3,I1JM69,1
I1J9W0,A0A0R0KPE1,1
K7N145,I1KXG2,1
C6T0U3,I1KPE7,1
A0A0R0HSJ1,I1L7G4,1
K7MCH3,I1NJ53,1
I1LCX3,K7M846,1
C6SWG4,A0A0R0EDS9,1
C6T0U3,I1LGD6,1
A0A0R4J5B7,K7MMR3,1
C6SVV7,I1KM19,1
C6TIQ7,K7LZZ5,1
A0A0R0KWL0,A0A0R0K5X4,1
A0A0R0LFT0,I1KQE3,1
I1LPK5,K7MGK0,1
A0A0R0FEN9,A0A0R0EDS9,1
K7KPJ4,K7MXE0,1
I1LDU4,A0A0R0GAQ8,1
K7KGE9,I1MZV0,1
I1J8W6,C6T2H2,1
A0A0R0JRI8,I1JTE4,1
K7N1T9,K7K8U8,1
K7MD28,C6TGZ1,1
I1JE09,I1LGQ1,1
A0A0R4J5B7,C6TEP1,1
A0A0R0JJK8,I1MNU2,1
I1L653,K7K8Y9,1
K7M6J1,A0A0R0GZZ6,1
I1LYU9,I1NCV4,1
P17093,I1LZ09,1
I1KJ56,I1J8W6,1
A0A0R0GFM7,I1M9T4,1
O48901,K7N1T9,1
K7KW44,I1M9T4,1
I1N0F1,C6T065,1
I1M1W3,I1KRF9,1
A0A0R0EYA9,A0A0R0KVY6,1
C6SY25,C6T065,1
I1KIB3,I1LUE0,1
A0A0R0L7U5,I1JM69,1
I1LPD3,I1LIU7,1
K7MNN5,I1JTE4,1
I1MU00,A0A0R0G342,1
A0A0R0KCV3,I1KZK2,1
A0A0R0I0B9,I1KM19,1
A0A0R0FSS2,A0A0R0L828,1
A0A0R0KWT5,I1JVU8,1
K7N145,C6TKC3,1
C6TBL4,A0A0R0ET54,1
I1JD07,K7L3P2,1
C6SWG4,K7LCS7,1
K7KDM1,I1KEC8,1
I1KCY5,I1JTE4,1
C6SWL3,A0A0R4J2Q5,1
A0A0R0L098,I1JFW6,1
I1NJ53,C6SW43,1
A0A0R0JRI8,I1MM64,1
K7KW44,A0A0R0LB39,1
I1LUE0,A0A0R0H296,1
K7MMR3,I1KM19,1
K7MMF4,K7LFD7,1
I1J9I1,I1KPA1,1
C6SVR8,A0A0R0KPE1,1
I1JA95,I1K5K3,1
I1LGD6,C6SYE0,1
K7LCS7,A0A0R0KE73,1
I1JFN0,A0A0R0GFM7,1
A0A0R0IHF9,I1K4R8,1
I1KZK2,I1K5G1,1
A0A0R0FJR0,A0A0R0LFT0,1
A0A0R4J5B7,A0A0R0LFT0,1
K7KES3,I1L4B6,1
A0A0R0KNE1,A0A0R0JJK0,1
K7L3P2,I1KM19,1
C6SWG4,I1KQE3,1
A0A0R0FZM4,I1KIY3,1
K7K794,I1JD36,1
A0A0R0ENB3,I1MYX8,1
I1M3U2,A0A0R4J488,1
I1JIP5,I1JD52,1
I1KIB3,I1LGD6,1
C6TGA9,I1NF12,1
I1JFW6,A0A0R0G342,1
I1JB64,A0A0R0K0L0,1
I1JE09,I1JDH6,1
A0A0R0J7J3,P62302,1
K7LJV1,I1MNS7,1
I1NHI4,A0A0R0L828,1
A0A0R0LA89,K7M6R4,1
A0A368UHG0,K7N129,1
C6SYF3,I1LPW2,1
I1MQD0,I1MNU1,1
A0A0R0EYS5,I1KUP5,1
I1LUE0,I1LZ09,1
I1N0F1,I1KM19,1
C6T0U3,I1KQE3,1
A0A0R0KE73,I1LUE0,1
A0A0R0GFL3,I1MM64,1
K7MNN5,I1KHJ6,1
K7N1T9,I1KS36,1
I1KTI0,I1LDU4,1
K7LCS7,C6SZ22,1
I1JXB4,I1MF50,1
C6TLV6,A0A0R0L7U5,1
C6TBL4,C6T530,1
A0A0R4J2Q5,I1M3U2,1
C6T5U0,C6TG91,1
I1J8W6,I1KIY3,1
A0A0R0JJ98,I1MW51,1
I1MM64,A0A0R0JJI0,1
I1JDH6,C6T065,1
I1K970,I1MZ47,1
A0A0R0L098,K7K318,1
A0A0R4J3Y6,K7MC85,1
I1J5B0,A0A0R4J5K6,1
A0A0R0KPE1,A0A0R0H296,1
I1MNU2,I1MBR7,1
I1M277,A0A0R0E907,1
K7KZ42,A0A0R0K6I2,1
A0A0R0J7J3,C6T065,1
C6SWG4,I1L2H4,1
C6T4Z6,I1KPE7,1
C6TG91,P62302,1
A0A0R0KPE1,A0A0R0GRI6,1
A0A0R0GRI6,C6T065,1
A0A0R4J426,I1K725,1
I1L0M6,A0A0R0FJR0,1
A0A0R4J5B7,I1L0M6,1
I1L250,A0A0R0EKI7,1
I1LQ02,I1MLJ0,1
K7LCS7,A0A0R0GRI6,1
C6T2G5,I1KB26,1
A0A0R0KWT5,K7KYY0,1
I1KQE8,I1K970,1
I1LVX2,I1N7F4,1
K7M5T0,C6T5U0,1
I1LL05,I1L1N3,1
I1K970,I1KRD4,1
I1J6B5,A0A0R0EKI7,1
I1KQG0,I1K467,1
I1M3W1,A0A0R0LFT0,1
I1NFU9,I1KXK6,1
I1LUE0,I1L8S1,1
A0A0R4J5B7,I1KIY3,1
I1J8W6,A0A0R0ET54,1
C6SW04,I1KPA1,1
A0A0R0FEN9,I1KM19,1
A0A0R0EDS9,C6T968,1
I1JFW6,I1JM69,1
C6T2Z2,I1LFD2,1
I1LZ09,I1KM19,1
A0A0R0G3G4,I1MU00,1
A0A0R0KR16,I1JA95,1
K7KES3,A0A0R0FYN8,1
A0A0R0HIA6,K7LHS7,1
I1JIP5,K7MFZ6,1
A0A0R4J2W3,K7M9T4,1
I1KRZ2,A0A0R0FB78,1
I1JKS2,A0A0R0HSA0,1
A0A0R0FXD4,A0A0R0F0T6,1
C6SVV7,P17093,1
K7MM40,A0A0R0GE56,1
A0A0R4J426,I1MVK7,1
C6TEP1,A0A0R0FJR0,1
A0A0R0KWT5,I1MUC0,1
K7MM40,I1KHY2,1
A0A0R0KWL0,I1KXG2,1
K7MZ38,K7MTL2,1
C6T2H2,I1KM19,1
I1JFW6,K7MMR3,1
I1KJ98,K7MXE0,1
A0A0R0KR16,C6SYW6,1
O48901,K7KES1,1
I1KQB9,I1MU00,1
I1KIB3,K7K318,1
I1L0M6,P17093,1
I1K628,A0A0R0FJR0,1
I1MU00,C6T2H2,1
O22518,C6T4Z6,1
C6TCH4,C6SYA3,1
K7M5I5,A0A0R0L0E7,1
A0A0R0JYX3,I1N8Y6,1
I1LUF0,I1NJ53,1
I1K970,I1KCH6,1
I1MWF0,A0A0R0JJK0,1
I1KVL0,I1LUE0,1
A0A0R0KWT5,I1KXG2,1
C6TLV6,K7MGQ2,1
C6TJ17,I1MWP7,1
K7KP67,A0A0R0EKI7,1
I1JD07,A0A0R0FYN8,1
C6SWG4,I1LUE0,1
A0A0R0KWL0,I1M0C3,1
I1L3P5,I1MK96,1
I1JE83,A0A0R0HSA0,1
I1KNN1,I1M3W1,1
K7MNN5,K7KDX2,1
I1KPA1,C6SWS6,1
K7MXE0,I1LLA9,1
A0A0R0EDS9,I1MM89,1
K7LEG0,K7LFD7,1
A0A0R0HSJ1,K7M6J1,1
I1MTV9,K7LJV1,1
C6T4V3,C6T3G1,1
K7N5D4,I1NJ53,1
K7M849,I1KHJ6,1
K7MGQ2,C6T2H2,1
I1K467,I1LKU1,1
A0A0R0FZM4,I1L4B6,1
A0A0R0GC27,I1KAR1,1
I1M3W1,A0A0R0HSV1,1
A0A0R4J426,I1LRH8,1
A0A0R0KR16,I1LGD6,1
I1MUN3,I1J8W6,1
A0A0R0JB42,I1LIU7,1
K7LTR0,K7K676,1
K7K415,A0A0R0EKI7,1
I1KQ68,C6SYW6,1
A0A0R0EJE2,K7M841,1
A0A0R0JKU3,K7LFD7,1
I1NDC0,I1KTI0,1
C6TGR3,A0A0R0HSA0,1
A0A0R4J5B7,K7L3P2,1
K7MXD1,K7MXE0,1
C6T5U0,C6T2H2,1
I1JE09,A0A0R0FYN8,1
I1LGB1,I1L2H4,1
K7MGQ3,K7LFD7,1
A0A0R0GJ85,K7MNN5,1
I1MEZ1,I1JRU7,1
A0A0R4J4C5,I1MY33,1
I1LRH8,M1FN34,1
I1LQ02,K7MXE0,1
A0A0R0L828,A0A0R0KNE1,1
I1N5D5,A0A0R0KCV3,1
I1KNN1,A0A0R0FZM4,1
A0A0R0L7U5,I1MM89,1
A0A0R0KCV3,K7MMD7,1
A0A0R0FJR0,A0A0R0FYN8,1
I1LPJ3,I1NIE5,1
I1M7C7,I1JD07,1
A0A0R0G3G4,I1KM19,1
C6TLT3,I1M3W1,1
I1JW64,I1MNU1,1
C6TK75,I1M1D5,1
I1JFW6,C6T4Z6,1
I1LC20,A0A0R0EKI7,1
A0A0R0J2L9,I1MW51,1
I1N5D5,I1LKU1,1
I1NBQ2,A0A0R4J5K6,1
I1JD07,I1KQ68,1
I1MM64,K7KW44,1
C6TG81,A0A0R0E934,1
C6T0U3,K7LCS7,1
C6TLT3,I1JD07,1
A0A0R0FJR0,A0A0R0G342,1
I1LR48,I1JE93,1
I1N0F1,A0A0R0KPE1,1
K7LWI3,I1LPW2,1
I1LPI3,I1MEF5,1
I1MXT2,K7M849,1
A0A0R0KTM7,I1K215,1
A0A0R0IHF9,A0A0R4J4D0,1
C6T2G5,I1JYG7,1
K7KES1,K7KLF0,1
A0A0R0IHF9,I1MNV2,1
A0A0R0GFL3,A0A0R0G6V6,1
I1KBL4,A0A0R0EJV2,1
C6T883,I1L2H4,1
I1KSL6,I1KKD9,1
I1J870,I1LPK5,1
K7KES3,A0A0R0G342,1
A0A0R0G3G4,A0A0R0FJR0,1
C6TN69,A0A0R0GC27,1
I1K096,I1J8W6,1
A0A0R0FXD4,A0A0R0E3E6,1
K7KES3,C6T530,1
K7MRX6,C6SZQ0,1
I1LIH7,A0A0R0FEN3,1
I1M9T4,A0A0R0JQJ0,1
K7M846,I1JTE4,1
I1MEQ6,A0A0R4J354,1
K7KGE9,A0A0R0GG06,1
A0A0R0FYN8,I1MU00,1
K7M849,K7KCG5,1
I1L2H4,I1LZ09,1
A0A0R0KR16,P17093,1
A0A0R0FYN8,I1KM19,1
K7L3K3,I1LLS8,1
K7MMR3,A0A0R0FZM4,1
K7K9E1,K7M6R4,1
I1K2I1,A0A0R0JYY8,1
I1MEF8,A0A0R0E934,1
A0A0R0INQ5,I1MW74,1
I1JA95,C6SZ22,1
C6SYW6,C6T2H2,1
I1KPA1,I1LEC4,1
I1LPD3,C6SZQ0,1
I1N954,I1LUE0,1
I1KR80,K7MTL2,1
A0A0R0KWL0,I1MKM3,1
I1MY72,I1NJ53,1
I1NHI4,A0A0R0GFM7,1
I1LPI3,C6SZG1,1
I1K3X9,I1K7J4,1
K7KES3,K7L3P2,1
K7KW44,A0A0R0JES0,1
I1M3W1,K7MMR3,1
I1LGD6,I1KQB9,1
K7MTL2,K7MXD1,1
A0A0R0KWT5,A0A0R0GE56,1
K7LCS7,I1K5K3,1
I1NHI4,K7M841,1
A0A0R0IR73,I1N1Y6,1
C6TJ17,I1KH45,1
I1KGU0,I1M3W1,1
I1JFW6,A0A0R0HSV1,1
A0A0R0K0L0,A0A0R0FEN3,1
I1JD07,C6F117,1
I1MU00,A0A0R0H296,1
I1M1W3,A0A0R4J354,1
I1L8H7,A0A0R0EKI7,1
I1MBA2,K7L9M2,1
I1KZK2,I1NIE7,1
K7M849,A0A0R0G6V6,1
I1JDP3,A0A0R0G7I0,1
C6SX83,I1JMZ3,1
I1KQ68,I1KQE3,1
A0A0R0JLD5,A0A0R0FZM4,1
C6TC92,I1LFD2,1
I1MVK7,K7M6J1,1
I1KSL6,I1LKU1,1
I1JA95,C6TG91,1
I1LFD2,A0A0R0G5A8,1
I1LWR7,P62302,1
I1KPE7,I1JM69,1
I1NCF8,C6T1E6,1
A0A0R0EDS9,A0A0R0KE73,1
K7M5T0,I1L2H4,1
P17093,I1K5L7,1
K7MTL2,I1LLA9,1
K7MXE0,I1L4B6,1
C6TCH4,I1MC26,1
I1JA95,I1LFQ4,1
A0A0R0ENB3,I1LMW7,1
A0A0R0H141,I1JMZ3,1
I1MQB5,K7MGQ2,1
I1J9W0,I1KQE3,1
K7N5K2,I1KHJ6,1
A0A0R0GRI6,I1KPE7,1
A0A0R0KPE1,I1LGQ1,1
I1KD82,I1J4E1,1
C5NTE7,I1LVN3,1
I1JD07,A0A0R0I0B9,1
I1MLF1,I1N0U4,1
A0A0R0JYX3,I1JG98,1
I1N8P5,I1NG45,1
A0A0R0JJK8,I1J4B5,1
C6TBL4,I1KLS4,1
I1LGD6,I1LGQ1,1
I1M7C1,I1LPJ8,1
I1NHQ1,A0A0R4J2Q5,1
A0A0R0FJR0,I1JM69,1
I1MNU7,I1NCF6,1
K7MMG1,A0A0R0EKI7,1
I1JFW6,I1KIY3,1
K7LQV0,C6T1P2,1
C6SZ22,C6T065,1
C6TK75,I1MF50,1
Q2TFP1,K7L6N7,1
I1KPE7,I1K5L7,1
I1MBA2,I1KXK6,1
I1K9P1,K7M6I1,1
I1LGB7,I1KPE7,1
K7MC85,C6T0E4,1
I1N954,A0A0R0FZM4,1
A0A0R0GPH9,I1KHJ6,1
C6T2G5,I1JMZ3,1
A0A0R0G7I0,I1N6Z0,1
I1JD07,I1LGQ1,1
I1JKP1,A0A0R0L828,1
I1LGB7,K7MGQ2,1
I1NCF6,I1LAR7,1
I1JE09,C6TEP1,1
K7MRF5,I1JL13,1
I1JM18,I1NF12,1
A0A0R0EYS5,A0A368UHM1,1
K7MFZ6,I1LKU1,1
I1NHI4,I1KCY5,1
A0A0R0JRI8,A0A0R0G6V6,1
K7L4N7,I1LM73,1
C6T0U3,I1JA95,1
C6T968,K7K318,1
C6SVV7,I1L2H4,1
A0A0R0JES0,K7M841,1
I1MHH7,A0A0R0EKI7,1
I1NCS8,I1K970,1
A0A0R0F2Z4,K7L6K2,1
I1KJW4,A0A0R0K0K3,1
I1MGB0,K7KES3,1
K7MWR1,I1LPW2,1
I1JVU8,K7MM40,1
I1LGB7,P17093,1
A0A0R0L7U5,I1L8S1,1
I1MC39,I1LEC4,1
I1KJT5,I1KD82,1
I1MGB0,I1LGD6,1
I1LGD6,I1L8S1,1
I1LWR7,I1KM19,1
K7K4C7,A0A0R0JYB5,1
I1JFW6,I1N954,1
I1M7C7,I1K6E7,1
I1K628,I1K6E7,1
I1JYG6,A0A0R0H141,1
I1LFD2,I1JVN0,1
K7MGQ2,C6T968,1
K7K9E1,I1KSL6,1
I1LH11,A0A0R0E934,1
P62302,A0A0R0LFT0,1
K7LTR0,I1LIM0,1
I1JFN0,A0A0R0GFL3,1
A0A0R0GPH9,A0A0R0EJE2,1
C6T567,A0A0R0G7I0,1
A0A0R0K6I2,K7LXT7,1
I1N7K6,A0A0R4J2Q5,1
K7MWR1,K7LFD7,1
I1KAJ2,A0A0R0EKI7,1
A0A0R0GFM7,I1KHJ6,1
I1JKP1,A0A0R0JJI0,1
O22518,I1N954,1
C6T2L5,I1L7G4,1
I1JA95,C6T530,1
K7LHS7,I1KUP5,1
K7K318,C6T530,1
C6TD23,I1KVX9,1
K7MTL2,K7KVG4,1
A0A0R0EDS9,I1L8S1,1
I1LFD2,I1L8H7,1
I1JG98,K7KNC5,1
I1MQB5,A0A0R0L7U5,1
I1KYF8,I1L2H4,1
K7KW44,I1JTE4,1
C6T5U0,A0A0R0JLD5,1
C6SVR8,A0A0R0L7U5,1
I1LGB1,K7K318,1
C6TD23,I1K620,1
I1K215,C6TAF0,1
K7MNN5,I1NH98,1
A0A0R0K5X4,K7MM40,1
I1KQB9,C6SYW6,1
K7LTR0,I1MLZ0,1
K7K318,A0A0R0LFT0,1
I1LPW2,K7L1B9,1
I1L332,K7LSH9,1
I1L8H7,I1NJ53,1
I1JFW6,C6TEP1,1
C6TG91,A0A0R4J5B7,1
A0A0R4J2Q5,I1LZW4,1
A0A0R0HSJ1,I1MEF5,1
I1L0M6,P62302,1
C6TBL4,I1LLA9,1
I1JA95,I1L8S1,1
I1N5D5,K7K9E1,1
C6TLT3,I1K6E7,1
I1LGB7,A0A0R0L7U5,1
K7MGQ2,K7MMR3,1
K7LCS7,I1JM69,1
C6SWS6,I1K7J4,1
I1M0N9,A0A0R0FEN3,1
Q2PMT2,I1KM19,1
K7MST2,A0A0R0JBV0,1
I1MQD0,K7MMD7,1
K7KW44,A0A0R0EJE2,1
I1M7C7,I1KM19,1
I1NHI4,K7M849,1
I1MF50,K7MZP6,1
C6T5U0,A0A0R0KE73,1
P62302,I1KIY3,1
A0A0R0FXD4,I1NGQ5,1
A0A0R0EYS5,I1NH73,1
A0A0R0JB42,A0A0R0E934,1
I1L3P6,K7M6R4,1
C6T883,C6T065,1
O22518,C6SYE0,1
C6TBL4,K7MCD1,1
Q43463,I1JT28,1
A0A0R0FEN9,A0A0R4J5B7,1
I1MWF0,A0A0R0L828,1
I1K6E7,A0A0R0I0B9,1
I1LL05,I1J4E1,1
I1LH27,I1MY33,1
I1JA95,I1KNN1,1
I1L0M6,K7K318,1
I1MVK7,A0A0R0FEN3,1
I1KQE2,I1MSN3,1
I1KP31,A0A0R0K6I2,1
K7KGC2,A0A0R0L0E7,1
M1FIU8,K7LFD7,1
I1LFQ4,A0A0R0FJR0,1
A0A0R0L5Q1,I1N6N9,1
I1J8W6,I1MYV4,1
K7N145,I1MUC0,1
I1KUS2,I1N9E1,1
C6T5U0,C6T883,1
A0A0R0FEN9,I1LUE0,1
I1MC39,I1KSD0,1
K7MNN5,A0A0R0KNE1,1
K7KES3,A0A0R0LFT0,1
I1M3W1,I1KQB9,1
K7MZ38,I1J8W6,1
I1MXT2,A0A0R0GFL3,1
A0A0R0KWL0,I1M273,1
C6TJ17,C6TAW8,1
I1NJ53,C6TD73,1
I1L4B6,A0A0R0L7U5,1
I1L8L5,A0A0R0GUR9,1
K7N0X7,K7KK74,1
A0A0R0KPE1,I1KQB9,1
K7LTR0,K7LJF6,1
I1N5D5,I1LRE4,1
C6SW04,I1K7J4,1
I1JFW6,C6SZ22,1
I1MTV9,I1N9E1,1
I1LFD2,K7KDA5,1
A0A0R0FEN9,I1LGD6,1
I1KNN1,K7LCS7,1
C6TBL4,I1K5L7,1
C6TIQ7,C6SXJ9,1
C6TKW2,I1NJ53,1
I1LHS8,A0A0R0ET54,1
I1JV03,I1K7J4,1
A0A0R0FSS2,A0A0R0JRI8,1
P62302,K7MAP3,1
A0A0R0GS25,A0A0R0JES0,1
K7LCS7,C6TLT3,1
C6TKW2,A0A0R0EKI7,1
I1LHS8,K7KPJ4,1
I1J9I1,Q2TFP1,1
K7LRU2,I1MLJ0,1
A0A0R0KWL0,I1LDY7,1
I1KNN1,I1KQE3,1
K7MST2,A0A0R0JT51,1
I1LMP2,K7MC85,1
I1KVL0,I1MU00,1
K7M6R4,I1NIE7,1
I1JA95,C6SYE0,1
I1MQD0,I1K467,1
I1JW21,I1KM19,1
A0A0R0GJV8,I1JY67,1
I1K6E7,A0A0R0JLD5,1
C6SYW6,I1L8S1,1
K7K318,A0A0R0H296,1
I1JA95,I1JM69,1
C6SW04,I1JT28,1
C6TJ17,I1LVX2,1
I1KZJ7,A0A0R0EKI7,1
I1NIE5,I1MK96,1
A0A0R4J5B7,A0A0R0JLD5,1
I1N8P5,I1ML11,1
Q2PMT2,C6SYW6,1
C6TIQ7,A0A0R0FX70,1
K7MQG6,C6SYQ2,1
I1LUL2,A0A368UHC3,1
I1JD07,I1N1Y6,1
A0A0R0G7B5,A0A0R0JZD5,1
I1L171,I1JAG0,1
A0A0R0IHF9,A0A0R4J4C5,1
C6TD23,I1MHS1,1
A0A0R0IHF9,C6SWS6,1
I1JFW6,I1KQ68,1
I1MU00,I1K5L7,1
C6TLV6,C6T065,1
O22518,I1JW21,1
K7M5T0,C6T065,1
I1MTZ8,A0A0R4J488,1
A0A0R0IR73,I1L4B6,1
I1LDY7,K7K894,1
A0A0R0IHF9,K7L6N7,1
K7LCS7,I1JW21,1
I1M9T4,A0A0R0JJI0,1
I1KZW4,I1KXK6,1
I1MHS1,I1KD82,1
O22518,A0A0R0KE73,1
A0A0R4J5B7,I1KQB9,1
A0A0R4J488,I1LZW4,1
K7KGJ8,A0A0R4J5K6,1
C6TE07,K7MC85,1
A0A0R4J426,A0A0R0K0L0,1
A0A0R0FYN8,C6SYW6,1
A0A0R0IR73,I1JM69,1
K7MNN5,I1JKP1,1
I1KPE7,I1MM89,1
K7M5T0,A0A0R0EDS9,1
I1KJ56,I1LHS8,1
I1KYF8,I1KQE3,1
A0A0R0EJV2,I1KS36,1
C6SVB5,K7MC85,1
C6TLV6,A0A0R0EDS9,1
I1KH45,C6TIQ7,1
A0A0R0FSS2,A0A0R0JJI0,1
I1JZC3,K7LSG2,1
I1JRV0,C6T9S5,1
K7K894,K7KYY0,1
C6TKZ4,I1LPJ8,1
K7MGQ2,I1L4B6,1
I1LIS4,K7LK09,1
A0A0R0EDS9,I1L4B6,1
C6T968,I1KM19,1
I1JKP1,I1KCY5,1
I1KJ56,K7MXE0,1
I1J7A8,I1LFD2,1
K7MGQ2,I1MM89,1
I1M7C7,A0A0R0L7U5,1
I1MQB5,C6T065,1
I1MC39,A0A0R4J4C5,1
I1KHJ6,A0A0R0JJK0,1
I1KV60,I1MZV0,1
I1LUE0,I1KQ68,1
I1M3Q8,C6T0A0,1
A0A0R0GPH9,A0A0R0LB39,1
A0A0R0G5V6,A0A0R0EKI7,1
I1LGB7,A0A0R0EDS9,1
I1K725,C6SZG1,1
K7N1L5,I1JIJ4,1
K7K318,I1N1Y6,1
K7KES3,I1K5K3,1
I1KGU0,I1MU00,1
I1KCY5,A0A0R0KNE1,1
K7L3P2,K7K318,1
C6T883,K7LCS7,1
I1LGB1,I1MU00,1
K7M5T0,I1JE09,1
I1L0M6,I1L2H4,1
A0A0R0FZM4,K7MAP3,1
I1KVL0,P17093,1
I1LGD6,A0A0R0FYN8,1
I1JW21,I1L2H4,1
I1MQB5,I1M3W1,1
K7MC85,I1JS66,1
A0A368UHE3,I1KXK6,1
I1MQB5,A0A0R0FJR0,1
K7N145,I1MKM3,1
A0A0R0J7J3,I1KPE7,1
A0A0R0FYN8,P17093,1
I1JRV0,C6T1E6,1
I1JC65,I1JL13,1
K7N145,I1MIE5,1
I1LGB7,I1JD07,1
I1KIB3,I1KM19,1
I1K970,I1K4U3,1
I1K6E7,K7MMR3,1
I1NAF6,I1LBV2,1
K7KDM1,K7L7W0,1
I1K5G1,I1K467,1
C6TLV6,A0A0R0IR73,1
A0A0R0GJ85,K7M849,1
I1KZK2,A0A0R0LA89,1
A0A0R0KCV3,K7M6R4,1
A0A0R4J426,I1KJW4,1
A0A0R0FSY2,I1NJ53,1
K7MFE5,I1NF54,1
C6TG91,I1KPE7,1
I1K4R8,I1MY33,1
A0A0R0K0K3,I1KS20,1
I1NHI4,A0A0R0GFH3,1
K7M5T0,I1M3W1,1
K7MXH5,I1KJL3,1
A0A0R0EFE2,A0A0R0FXD4,1
I1MLN7,A0A0R4J488,1
I1K8C1,C6SZG1,1
I1LPK5,I1JAF7,1
K7M846,I1NH98,1
K7MMR3,I1L2H4,1
I1K6E7,C6T2H2,1
I1L2H4,A0A0R0LFT0,1
I1KGU0,I1KPE7,1
A0A0R0KE62,I1KQG0,1
K7K318,I1K5L7,1
I1JA95,I1N1Y6,1
I1J8W6,C6T530,1
I1JA95,I1KQB9,1
I1M1W3,I1JQR6,1
I1LGQ1,I1MU00,1
I1KLS4,I1MLJ0,1
A0A0R0ET54,K7MXE0,1
K7MMD7,I1M7B9,1
C6SYE0,P17093,1
O22518,C6TLT3,1
A0A0R0GBL8,A0A0R0K0K3,1
A0A0R0G2B9,A0A0R0EYS5,1
I1LUE0,A0A0R0G342,1
C6T0U3,A0A0R0IR73,1
I1KIB3,I1K6E7,1
A0A0R0KR16,I1MU00,1
A0A0R0LA89,I1JD52,1
K7K894,I1KHY2,1
I1M5E2,C6TGZ1,1
K7KES3,C6SZ22,1
A0A0R0KWT5,I1KCN1,1
C6TG91,A0A0R0EDS9,1
A0A0R0KWL0,C6SY99,1
I1LWR7,A0A0R0FZM4,1
K7KDX2,K7M841,1
I1KRZ2,A0A0R4J5C5,1
A0A0R0KR16,I1KPE7,1
A0A0R0G3G4,I1JE09,1
A0A0R0K0K3,I1LRH8,1
I1KV60,A0A0R0K6I2,1
I1KPE7,I1L8S1,1
I1KH45,I1N7F4,1
A0A0R0L372,I1K215,1
A0A0R0EYA9,A0A0R0JSJ9,1
I1M7C7,K7MGQ2,1
C6TLT3,C6SYW6,1
I1M7C7,K7KES3,1
I1L2H4,C6T2H2,1
Q2PMT2,A0A0R0FZM4,1
C6T883,A0A0R0KPE1,1
I1MF50,A0A0R0F7J9,1
A0A0R0KR16,K7LCS7,1
I1LHS8,I1MYV4,1
I1JIP5,K7MMD7,1
I1J4B5,I1LM73,1
I1LH11,I1LPK5,1
I1N0W9,I1MVC6,1
A0A0R0FXD4,A0A0R0L4N1,1
A0A0R0L0E7,A0A0R0G6V6,1
C6T968,C6SYW6,1
I1JE09,I1KQB9,1
I1MV96,A0A0R0HSA0,1
I1K6E7,A0A0R0FYN8,1
K7MXE0,C6T2H2,1
I1JRV0,I1LHR1,1
I1JE09,I1K5L7,1
K7LRU2,I1J8W6,1
I1K4R8,I1K7J4,1
I1L4B6,I1KPE7,1
A0A0R0I0B9,A0A0R0FJR0,1
I1KZK2,I1LRE4,1
C6TLV6,A0A0R4J5B7,1
I1J9W0,A0A0R0FJR0,1
I1MC39,I1K2I1,1
I1JXB4,I1M1D5,1
A0A0R0L098,P17093,1
I1L0M6,C6T065,1
I1KJD2,I1N0W9,1
C6T968,A0A0R0FZM4,1
I1NBE9,A0A0R0JBV0,1
I1NCS8,I1JUQ0,1
K7M5T0,I1KPE7,1
I1NCF6,I1MEZ1,1
I1K9J7,I1MY33,1
K7M5I5,K7KW44,1
K7LJF6,A0A0R0E934,1
A0A0R0FSS2,K7M841,1
I1JD36,K7K1Z2,1
A0A0R0E907,I1MEF5,1
Q2PMT2,A0A0R0FJR0,1
K7LCS7,I1MM89,1
I1LPK5,I1NBQ2,1
I1KJ98,K7MTL2,1
C6SXP5,A0A0R0EKI7,1
I1JUT9,K7MQG6,1
I1KNN1,C6SYW6,1
I1LFQ4,I1KM19,1
A0A0R0GS25,I1M9T4,1
C6SWG4,I1KPE7,1
I1K5G1,K7M6R4,1
C6T0U3,C6T065,1
K7N145,I1M0C3,1
K7KES3,C6T4Z6,1
I1M100,K7LFD7,1
K7MGQ2,I1JDH6,1
I1KQ68,A0A0R0L7U5,1
A0A0R0KWT5,I1MIE5,1
I1JFN0,K7M849,1
A0A0R0KWL0,A0A0R0EZ39,1
P46279,I1KTI0,1
I1MVK7,M1FN34,1
A0A0R0GZZ6,M1FN34,1
A0A0R4J5B7,I1JM69,1
A0A0R0G5A8,A0A0R0EKI7,1
K7M6J1,A0A0R0K0L0,1
A0A0R4J2W3,A0A0R0GWH6,1
A0A0R0KWL0,I1MIE5,1
I1JRV0,I1JFF6,1
I1JKP1,K7M846,1
I1NHQ1,A0A0R4J488,1
K7M5T0,K7K318,1
C6SZM2,A0A0R0EKI7,1
I1JFN0,K7KW44,1
I1MZ32,I1NJ53,1
I1L1S1,I1NJ53,1
C6TN69,C6SVH9,1
I1JIP5,I1KZK2,1
A0A0R0FSS2,I1KCY5,1
I1JA95,C6TLT3,1
I1KHJ6,A0A0R0L828,1
K7LDR8,I1NAJ5,1
Q43463,I1MY33,1
A0A0R0FEN9,P62302,1
I1JHN5,I1N7F4,1
K7MGQ2,C6SZ22,1
C6SYW6,A0A0R0LFT0,1
I1JFW6,I1L0M6,1
K7K894,I1MKM3,1
C6TD23,K7LHR2,1
K7KGE9,I1LLS8,1
I1K5K3,P62302,1
A0A0R0IHF9,I1NG45,1
A0A0R0ENB3,I1K911,1
I1MTV9,K7K794,1
K7M849,A0A0R0JES0,1
K7LY43,K7KLF0,1
C6TFN5,A0A0R0JTV5,1
C6SVR8,I1K6E7,1
I1KMP8,I1MEQ6,1
I1LPI3,A0A0R0FEN3,1
A0A0R0HSV1,I1MU00,1
I1KPA1,A0A0R4J4D0,1
A0A0R0KJP6,K7K4C7,1
I1MNS7,I1JE93,1
I1KVX9,I1LL05,1
I1KPE7,I1LZ09,1
I1LIH7,C6SZG1,1
I1MNU1,I1NIE7,1
A0A0R0ENB3,I1MK36,1
I1KYF8,I1JE09,1
I1K6E7,C6T530,1
I1JFN0,K7M846,1
I1K725,I1JB64,1
K7M097,K7MXE0,1
I1N8P5,I1LH27,1
A0A0R0L4P0,I1JQR6,1
C6T883,A0A0R4J5B7,1
I1KYD6,A0A0R0HSA0,1
K7N5K2,I1JKP1,1
C6SZQ0,K7K676,1
I1NHI4,A0A0R0JQJ0,1
K7KES3,I1LGB1,1
I1LHS8,I1K2U0,1
C6SYE0,A0A0R0FJR0,1
I1KPA1,I1NG45,1
I1KHJ6,K7M846,1
I1N954,I1KPE7,1
I1K628,I1L2H4,1
I1KGU0,I1KQE3,1
Q2TFP1,C6SWS6,1
A0A0R0FZM4,I1K5L7,1
I1K6E7,A0A0R0GRI6,1
I1LFD2,I1KHL4,1
A0A0R4J5B7,K7MAP3,1
K7L3K3,I1MZV0,1
K7KES3,C6F117,1
I1LGD6,I1JM69,1
K7K894,A0A0R0GE56,1
A0A0R0EJV2,K7KLF0,1
I1N954,A0A0R0EDS9,1
K7KK74,I1KQG7,1
I1JHC2,K7L9M2,1
I1MSN3,C6SW69,1
K7LCS7,I1KGU0,1
I1JVN0,A0A0R0EKI7,1
A0A0R0FYN8,I1L2H4,1
K7N5K2,K7LKS0,1
I1N1Y6,C6T065,1
I1JFW6,C6T968,1
I1K725,M1FN34,1
A0A0R0G7I0,C6SYR1,1
A0A0R0HDM5,A0A0R0EKI7,1
I1J9W0,I1K6E7,1
I1N3M5,A0A0R4J2Q5,1
A0A0R0JQJ0,I1NH98,1
I1LGB7,C6T065,1
A0A0R0EDS9,I1K5L7,1
A0A0R0H141,I1KB26,1
A0A0R0JLD5,P62302,1
A0A0R0GFM7,I1MM64,1
I1LIS4,I1L9K4,1
C6SY81,A0A0R0FEN3,1
A0A0R0GJ85,A0A0R0JRI8,1
C6SY25,I1LGD6,1
I1LFD2,I1MZ32,1
I1MWF0,K7M846,1
A0A0R0IR73,I1K5K3,1
C6SYE0,A0A0R0FZM4,1
K7LCS7,C6SY25,1
I1JFW6,Q2PMT2,1
I1LWR7,I1MU00,1
I1JE09,A0A0R0GRI6,1
I1KBQ5,I1JMH3,0
I1JV48,C6T5R4,0
I1JM69,K7L9M2,0
I1MT74,I1L9K4,0
A0A0R0GBL8,I1N898,0
I1N7K6,I1JRJ3,0
I1MEZ1,I1MC28,0
K7K553,I1K9J7,0
I1KCH6,I1M5B6,0
I1M7C1,I1MU00,0
K7M9K9,I1K2I1,0
C6TKB2,K7M4E0,0
I1JZC3,C6TGA9,0
A0A0R0FX70,C6T0A0,0
I1MK96,A0A0R0JQJ0,0
I1KCB7,K7LLV5,0
I1LSM6,K7M6R4,0
I1M9F7,K7LTB2,0
I1JFN0,I1K3X9,0
K7M4N3,I1MNU1,0
C6TKZ4,I1JYT2,0
I1LZT5,K7N1L5,0
I1JUR7,K7MXH5,0
A0A0R4J2K3,I1LL05,0
I1N0U4,I1LII4,0
I1N9E1,A0A0R0K7U0,0
I1JYG7,K7KWE4,0
C6TGR3,K7MRF5,0
I1NGQ5,K7N145,0
K7LTQ1,P17093,0
C6TBN8,A0A0R0EWR2,0
I1MM64,I1NC50,0
I1KQP3,A0A0R0GFH3,0
I1K5K3,I1LLS8,0
C6T1P2,A0A0R0GUR9,0
I1NIJ9,K7M6I1,0
A0A0R0GYG1,A0A0R0GWH6,0
I1JKP1,I1MK72,0
I1N0F1,I1L171,0
C6TNX5,I1LHS8,0
I1M7C7,K7KW44,0
I1JHC2,I1LH18,0
A0A0R0F077,A0A0R0GS25,0
C6T1P2,K7N1L5,0
A0A0R0ESI3,O22518,0
I1L3P6,A0A0R0GUR9,0
K7MRX6,I1LWZ0,0
I1JVN0,I1LH27,0
I1KZW4,K7KES1,0
I1MY33,K7MFZ6,0
C6SW69,I1JD36,0
A0A0R0J7Q5,K7LLV5,0
C6TG91,I1JAH7,0
I1M0N9,C6SZQ0,0
C6TG91,A0A0R0GWH6,0
C6T1E6,A0A0R0EJV2,0
I1NBC2,I1K467,0
C6T2L5,I1LL05,0
C6TBN8,A0A0R0JRI8,0
I1JAG0,A0A0R0HCS6,0
A0A0R4J3D2,K7N0V8,0
A0A0R4J2N2,A0A0R0L0E7,0
I1K0C4,K7KW44,0
I1KGZ6,A0A0R0FJR0,0
I1LGB7,K7KK74,0
I1KQE2,I1K5K7,0
K7MMR3,C6TCH4,0
C6TG99,K7L939,0
I1K8C1,I1NG45,0
I1N5E8,I1LUE0,0
C6T084,K7KFY5,0
I1KS20,K7KJB2,0
I1KJ56,I1K642,0
I1KVL0,K7N1T9,0
K7MGQ3,I1JRU7,0
K7M787,M1FN34,0
C5NTE7,A0A0R0FZM4,0
A0A0R0K5D9,K7MGQ2,0
I1MKM3,C6SZQ0,0
I1LFQ4,K7L2D7,0
K7LWN2,C6SYW6,0
K7KVG4,A0A0R0K7U0,0
I1KS88,K7MXH5,0
I1LUF0,I1MJJ9,0
A0A0R0IHF9,A0A0R0E934,0
A0A0R0KTM7,C6TBL4,0
A0A0R0FJF0,I1J4B5,0
I1L690,K7N1L5,0
A0A0R0ESI3,I1NCF6,0
C6T1P2,K7MXH5,0
A0A0R0L8Y1,I1N8M8,0
I1LMQ5,I1MNU2,0
K7N3F6,C6TIK0,0
K7MMR4,A0A0R0IF42,0
I1LYG4,I1LII4,0
C6T8L7,K7K8Y9,0
I1MIE5,A0A0R0JBL2,0
I1LJ93,I1N898,0
I1JT85,Q43463,0
I1J7S6,I1NG45,0
C6SVF8,A0A0R0K6I2,0
A0A0R0IHF9,K7MXE0,0
A5Z2K3,A0A0R0EUJ0,0
I1MSC6,I1M5B6,0
K7MS88,I1JD52,0
A0A0R0G5A8,K7MXE0,0
C6SXP5,I1JUQ6,0
C6T1P2,I1NCF6,0
I1LR08,A0A0R0E934,0
I1K628,I1KXK6,0
I1MGB0,I1JVX3,0
I1KAJ2,K7M6I1,0
K7M2D8,I1N8M8,0
I1L8G3,I1K4R8,0
A0A0R0I0B9,I1KJF2,0
C6SWL3,I1JA95,0
I1LUL7,K7L9M2,0
C6T426,I1LR48,0
I1LXH0,I1KAR1,0
I1KDB2,A0A0R0FGT9,0
A0A0R0HXE9,A0A0R0HSH0,0
I1MQB5,I1LG13,0
I1MM64,K7KH93,0
K7KLI7,C6SZQ0,0
I1J6B5,K7N1T9,0
I1MNK0,A0A0R0IF42,0
A0A0R0GZZ6,K7M592,0
A0A0R0L4N1,K7LIE3,0
I1N9I5,I1MW74,0
K7KYY0,I1MLJ0,0
A0A0R0F077,I1LW00,0
C6TKC3,I1LIA8,0
K7K676,I1MZV4,0
K7KYE0,K7L6N7,0
K7MH53,A0A0R0HSA0,0
A0A0R4J4C8,K7N0V8,0
I1K9P1,I1M998,0
A0A0R0EJE2,K7KES1,0
I1NDG6,A0A0R0FX75,0
K7LWC5,I1K970,0
I1L8S1,A0A0R0ENB3,0
I1M6L1,I1KFL5,0
A0A0R0FX46,I1LUL2,0
I1MNV4,K7L6K2,0
A0A0R0H9H8,I1JYT2,0
I1LRB0,I1JA95,0
I1KIB3,A0A0R4J488,0
I1LAR7,I1MNS7,0
I1NBE9,I1MQC8,0
I1MP46,K7M6I1,0
A0A0R0FX46,I1MEQ6,0
C6T426,K7M864,0
A0A0R0JJK8,I1JUQ0,0
I1MZ47,K7M6R4,0
I1LDA7,A0A0R0G7I0,0
I1N6Z0,C6T0A0,0
I1KIY3,I1MLF1,0
I1LLA9,A0A0R0F214,0
K7MMG1,I1JV03,0
I1M4P0,I1LIU7,0
I1K5H2,I1LM96,0
I1M3U2,K7KH93,0
C6TKZ4,K7KK86,0
I1K2U0,I1N761,0
C6T883,I1MVC6,0
I1J553,I1N5D5,0
C6T1E6,I1L9K4,0
C6SWM1,I1JVX3,0
I1KQ68,I1M225,0
I1M7V7,I1JRU7,0
I1MSD9,I1K467,0
A0A0R0FSY2,K7N0V8,0
I1KPT1,O22518,0
A0A0R4J2K3,A0A0R0EWR2,0
I1L4B6,K7N0V8,0
K7MXD1,I1K9J7,0
A0A0R0EZ39,K7L7W0,0
I1LUI7,I1LIT1,0
I1K328,K7N5K2,0
K7LGW1,I1M225,0
C6T1P2,I1NJ53,0
I1LG61,A0A0R0JBL2,0
C6TAF0,A0A0R0GJV8,0
K7LHR2,K7KK86,0
I1NBQ2,K7LIE3,0
I1NHI4,A0A0R0FGT9,0
K7MZP6,I1LLS4,0
I1JL13,K7M6Z2,0
A0A0R0GYG1,K7L2R0,0
I1NGQ5,I1LII4,0
I1J5Q1,A0A0R0JJK0,0
I1MEN1,I1KZY8,0
K7M9K9,K7LSG2,0
A0A0R0L4N1,A0A0R0GFL3,0
I1LUI7,K7M466,0
K7M5W5,C6SZG1,0
I1MT74,K7L2D7,0
I1NBQ2,I1M225,0
A0A0R0JYB5,A0A0R0JBL2,0
I1NDG6,I1KYL4,0
I1LYU9,C6T4V3,0
Q2TFP1,I1KXK6,0
A0A0R0H9H8,A0A0R0EKI7,0
I1LPI3,K7MRF5,0
I1J8V4,C6TGA9,0
I1JUJ6,I1KZK2,0
K7KDM1,A0A0R0EWR2,0
C6T507,K7N1L5,0
I1L4B6,K7KJB2,0
A0A0R0INQ5,A0A0R0ENB3,0
C6T0U3,I1LY15,0
I1N8P5,P17093,0
A0A0R0FX46,P62302,0
I1LGB1,I1LHS8,0
A0A0R0GC27,I1M998,0
I1KPT1,I1M1W3,0
I1K650,I1KJF2,0
I1NHI4,A0A0R0FXD4,0
K7M097,A0A0R0K0K3,0
A0A0R0FYN8,K7KWE4,0
I1KJ98,K7MMD7,0
I1K725,K7MNP5,0
A0A0R0J7Q5,I1KPE7,0
A0A0R0KCY1,I1JMZ7,0
I1K7J4,I1LH18,0
I1LFW0,K7LY43,0
I1JHC2,I1KZ09,0
A0A0R0FNV7,I1KVC1,0
I1KTL9,K7KES3,0
I1JXB4,A0A0R0KWL0,0
A0A0R0JES0,A0A0R0EUJ0,0
K7LW22,A0A0R0GPH9,0
K7MCH3,I1KYL4,0
A0A0R0GBL8,A0A0R0F214,0
I1JKP1,K7N0V8,0
I1JNK6,I1KAR1,0
C6TD73,I1LH27,0
I1LGB1,I1JMK4,0
A0A0R0G5A8,I1LLK1,0
I1LJ93,A0A0R0HCS6,0
I1N8Q6,I1N898,0
C6T2L5,K7KK86,0
I1JUR7,C6TCH4,0
I1LDU4,I1LLS8,0
I1MQB5,C6SYE1,0
I1M3U2,I1J9I1,0
A0A0R0L115,K7MRF5,0
K7LJV1,A0A0R0KWL0,0
I1KCH6,K7L9M2,0
I1M6L1,I1JUQ6,0
K7LJV1,I1K642,0
C6T507,I1LLS4,0
C6SVH9,I1LLS4,0
I1KJ98,K7M6I1,0
I1JG98,K7M841,0
K7MCD1,I1K970,0
I1NF54,I1MQC8,0
I1KB25,C6TBL4,0
I1NCS8,I1K6E7,0
A0A368UH03,A0A0R4J5B7,0
C6T2Z2,I1KSD0,0
A0A0R0EU45,K7K8Y9,0
A0A368UHE3,K7M9T4,0
I1M273,A0A0R0F214,0
I1MGB0,K7KH93,0
I1K9P1,I1K3X9,0
I1K7J4,A0A0R4J2Q5,0
C6TLV6,I1M998,0
I1JT85,I1MW74,0
I1JML1,K7KES3,0
I1KPA1,I1LW00,0
C6T7N2,K7MNP5,0
I1LKQ4,I1JUQ6,0
I1LS70,A0A0R0FGT9,0
C6T9S5,A0A0R0IF42,0
I1LMQ5,A0A0R0F214,0
I1MWF0,A0A0R0G7I0,0
K7K8U8,K7MTL2,0
I1KFU0,I1KZY8,0
I1KPA1,C6SYE1,0
A0A0R0J2L9,K7KVK2,0
I1L478,I1K9J7,0
A0A0R0F077,I1KUB2,0
A0A0R0G5A8,C6TIK0,0
A0A0R0F0T6,I1L332,0
I1KGN6,A0A0R0JJI0,0
I1LM73,I1L171,0
I1LPZ3,A0A0R0FX75,0
A0A0R0KNE1,I1K5B6,0
C6TBN8,A0A0R0GBB6,0
I1MC39,A0A0R0FEN3,0
K7MXD1,I1K3X9,0
I1JUI1,C6SYW6,0
C6T567,A0A0R0GBB6,0
C6T868,K7KFY5,0
I1KIY3,I1JAH7,0
K7LW22,A0A0R0K6I2,0
I1L5H8,A0A0R0JT51,0
A0A0R0FQN0,C6T2G5,0
K7LDR8,I1J9I1,0
I1KS20,K7K8Y9,0
I1M7C1,I1LH27,0
K7LWN2,I1MEQ6,0
H2D4C3,A0A0R0JBV0,0
I1KCH6,K7MQG6,0
K7K676,I1J8C9,0
A0A0R0GRI6,A0A0R0GJV8,0
A0A0R0H9H8,A0A0R4J4C3,0
C6TKC3,I1LIT1,0
I1J9J7,K7N1T9,0
A0A0R0LFT0,A0A0R0ESZ8,0
I1LD74,I1KVC1,0
I1JMZ4,I1MEQ6,0
I1JQR6,C6SWS6,0
K7KP67,A0A0R4J5K6,0
I1M5E2,A0A0R0K7U0,0
I1KBL4,A0A0R0FER5,0
I1JWF0,A0A0R0HSH0,0
A0A0R0K0L0,I1KH38,0
I1J870,I1LHS8,0
C6TKG0,K7LTR0,0
I1JHN5,K7KK86,0
A0A0R0KNE1,K7N1T9,0
A0A0R0EU45,Q2PMR3,0
K7MRX6,A0A0R0KVY6,0
I1K4U3,I1LVN3,0
I1JUJ6,O22518,0
A0A0R4J3D2,K7LHS7,0
I1N0W9,K7KVK2,0
I1MM89,I1MW74,0
A0A0R0HSV1,C6TCH4,0
I1MBM5,A0A0R0JBL2,0
C6SWD4,I1KJD2,0
I1LC20,A0A0R0EWR2,0
C6TKC3,I1JUQ6,0
I1KVL0,I1JMK4,0
I1LZT5,I1NCV4,0
I1MV96,A0A0R0JRI8,0
I1LRH8,I1LH27,0
A0A0R0ESI3,K7KK74,0
I1NBC2,A0A0R0GUR9,0
A0A368UHE3,K7KNC5,0
I1KGZ6,I1LUE0,0
K7L395,A0A0R0GG06,0
I1MLH9,A0A0R0E934,0
I1K9P1,K7M841,0
I1NIE7,K7N1L5,0
I1MFH3,A0A0R0GFH3,0
C6T1P2,I1JD07,0
I1LD74,I1J9I1,0
K7MCD1,A0A0R0GS25,0
I1M273,A0A0R0GS25,0
I1LBV2,A0A0R4J2Q5,0
C6SXJ9,I1JAH7,0
K7MGK0,I1JYT2,0
A0A0R0GNH6,I1LPW2,0
I1JL13,I1K467,0
I1LPJ3,I1J4B5,0
C6T1P2,I1KJF2,0
I1JI73,I1JMH3,0
I1L219,A0A0R0HSA0,0
I1L6W0,I1KAD1,0
I1JAG0,K7MC85,0
A0A0R0EZ39,A0A0R0H141,0
A0A0R0HSJ1,I1JD52,0
A0A0R4J3Y6,I1KTI0,0
A0A0R0G5A8,A0A0R0K6I2,0
K7KGC2,I1KVC1,0
I1MM89,K7LTB2,0
I1M7B9,I1NJ53,0
I1M3Q8,I1K146,0
I1KQC7,A0A0R4J426,0
Q2PMT2,K7LLV5,0
C6T883,I1LEC4,0
I1JNB0,A0A0R4J5B7,0
C6SWG4,A0A0R0JSJ9,0
C6TG81,I1M998,0
A0A0R0L4N1,A0A0R4J4C3,0
A0A0R0KNE1,C6SYW6,0
C6TKW2,A0A0R0KE62,0
I1K9B8,A0A0R0F214,0
I1L1L2,K7L9M2,0
K7KTT9,I1K215,0
C6TNX5,I1LH27,0
I1MZ32,I1KSD0,0
I1NBE9,K7M6Z2,0
K7M9K9,I1ML11,0
I1MRS5,A0A0R4J5B7,0
I1N1Y6,I1N8M8,0
C6SY81,I1M998,0
I1N4X7,C6SZG1,0
A0A0R0F2G6,I1K970,0
C6T507,K7K8K7,0
A0A0R4J3N1,K7MMD7,0
C6TGR3,A0A0R4J5K6,0
K7M2D8,K7L6N7,0
I1MEN1,I1N5D5,0
I1K5H2,A0A0R4J5C5,0
C6T9S5,I1LIU7,0
C6SYE0,A0A0R0JRI8,0
I1N0R5,K7M864,0
Q2TFP1,I1J547,0
C6TLT3,C6T4V3,0
I1KS36,I1NCV4,0
I1KHY2,K7LCS7,0
I1MC26,I1MJJ9,0
A0A0R0JS60,A0A0R0L0E7,0
I1M9T4,I1JD07,0
C6T2H2,I1LPK5,0
I1JVP4,K7MNN5,0
I1KTS9,I1M1D5,0
K7L240,K7M6J1,0
C6SYE0,K7KH93,0
I1LZT5,I1JRV0,0
A0A0R0K5D9,A0A0R4J426,0
I1JHN5,I1MGG7,0
Q2TFP1,I1JE09,0
A0A0R0INQ5,K7M846,0
I1MK36,A0A0R0JJI0,0
I1MLH9,K7K8Y9,0
K7KPJ4,A0A0R0JJI0,0
I1NHI4,I1NCV4,0
I1L6W0,C6TNW3,0
K7LRU2,I1L9K4,0
I1JQR6,C6TJ17,0
I1MT74,A0A0R0JBV0,0
I1N4X7,K7M6J1,0
C6T1E6,A0A0R0GWH6,0
K7LW22,A0A0R0E934,0
I1KHL6,K7N0V8,0
A0A0R0G5A8,A0A0R0L4P0,0
K7MMR4,C6T5R4,0
I1L219,K7M466,0
I1KKD9,I1KFL5,0
I1MM89,I1JAH7,0
A0A0R0KFE8,A0A0R4J5K6,0
I1KB25,K7MQG6,0
I1KS88,I1K642,0
I1NDC0,I1M225,0
I1NH98,K7M6J1,0
I1LPZ2,K7K8Y9,0
A0A0R0KE73,I1N780,0
I1JIW3,I1LR48,0
A0A0R0KE73,K7KWE4,0
I1L6W0,I1J8C9,0
A0A0R0L115,A0A0R0EG78,0
A0A0R0H9H8,A0A0R4J4D0,0
I1M9T4,A0A0R0GAQ8,0
I1N8M4,K7N1T9,0
I1JP52,I1JRV0,0
I1MLK3,A0A0R0K7U0,0
K7LVE4,C6SZQ0,0
I1L8S1,I1M1D5,0
I1LZ09,A0A0R0FGT9,0
C6SXP5,A0A0R0JBL2,0
I1M7C1,K7KJB2,0
I1K7J4,I1K642,0
I1NBQ2,I1LR48,0
A0A0R0G342,I1JAH7,0
I1MJM9,A0A0R0FGT9,0
I1MC26,A0A0R0GBB6,0
I1JM69,K7K894,0
I1LIS4,I1JM18,0
Q2PMS6,A0A0R0GUR9,0
K7MCH3,A0A0R0JT51,0
A0A0R0KTM7,A0A0R0JJK0,0
C6T3K0,A0A0R0HSA0,0
K7M1G4,I1KCY5,0
C6T567,I1JA95,0
I1JMZ4,I1KZ09,0
I1NDC0,A0A0R4J4C3,0
C6SY25,K7KVK2,0
K7K2H1,I1KCY5,0
I1J8V4,I1KJF2,0
I1J9J7,A0A0R0ESZ8,0
I1L0M6,I1MZV4,0
C6TKZ4,I1MSN3,0
A5Z2K3,A0A0R0F214,0
A0A0R0LFT0,K7M4E0,0
A0A0R0L115,A0A0R0FEN3,0
I1JY87,I1J4B5,0
I1MU29,C6TGZ1,0
K7LGW1,I1NCF8,0
K7K2H1,A0A0R0KWL0,0
I1NCS8,I1LUL2,0
I1KPA1,I1LVN3,0
I1LQ02,I1J547,0
A0A0R0FQN0,I1MW74,0
I1KY58,C6TGA9,0
I1KZI6,I1NAJ5,0
I1KBL4,A0A0R0H141,0
I1KLS4,A0A0R0JJK0,0
I1JNV3,I1J8C9,0
K7L3K3,I1LL05,0
C6T5Z0,I1LII4,0
C6SVH9,K7K318,0
I1MTZ8,K7MM40,0
A0A0R0G5A8,A0A0R0L5Q1,0
I1KV60,I1KH38,0
K7MNC0,C6TN69,0
I1LXH0,C6T0A0,0
C6TE07,K7KNC5,0
I1NH98,I1MPJ4,0
I1LJI8,K7L939,0
A0A0R0JJ98,I1KFL5,0
I1L219,A0A0R0FM97,0
K7LIW2,A0A0R0IF42,0
K7MGQ3,A0A0R0GPH9,0
P09755,I1K146,0
I1KPQ8,I1MNV2,0
K7MD28,A0A0R0GS25,0
A0A0R0GYG1,C6SZQ0,0
A0A0R0FSS2,A0A0R4J4D0,0
I1MTX9,I1N761,0
I1JT85,I1L9K4,0
K7LKS0,A0A0R4J2Q5,0
K7MZ38,A0A0R4J426,0
I1LYG4,C6SW04,0
K7MNC0,A0A0R0JJI0,0
I1KGN6,I1MJJ9,0
K7KNJ6,I1LY15,0
C6SWL3,A0A0R0K6I2,0
I1KTD4,C6SX83,0
A0A0R0GZZ6,C6T5U0,0
A0A0R0GG96,A0A0R0GFH3,0
I1JNK6,A0A0R4J5C5,0
I1LPZ2,A0A0R0H141,0
C6T084,I1JD07,0
K7KGJ8,A0A0R0FER5,0
A0A0R0L8Y1,C6SYE1,0
I1MZ32,A0A0R0EWR2,0
A0A0R0HHZ3,I1LY15,0
I1M7C1,I1LEC4,0
I1NH73,I1K467,0
K7K3W5,A0A0R0GPH9,0
I1J8V4,A0A0R0FB78,0
I1L478,I1MW74,0
I1M6L1,C6SYW6,0
A0A0R0FKK9,I1KJD2,0
I1M717,I1JFW6,0
I1JAG0,A0A0R0GUR9,0
I1J8V4,I1LL05,0
I1LYN0,K7K894,0
I1KPQ8,I1J8W6,0
I1M273,A0A0R0FB78,0
Q2PMU0,C6TBL4,0
I1M6L1,K7M466,0
I1KTL9,I1KXK6,0
I1M9T4,I1KLS1,0
K7KYY0,I1KEC8,0
A0A0R0FNM4,I1MNU1,0
I1JZC3,A0A0R0KWL0,0
I1NBQ2,I1KXK6,0
A0A0R0GCF5,I1MRI5,0
K7MC09,I1JYT2,0
K7K8U8,A0A0R0H141,0
K7M5W5,I1LIU7,0
I1M273,A0A0R0L5Q1,0
A0A0R0G342,I1LPK5,0
I1JW64,A0A0R4J5B7,0
I1KRD4,I1M225,0
K7L3P2,I1MPJ4,0
A0A0R0JG07,K7M6J1,0
A0A0R0INQ5,K7M6I1,0
I1LYQ9,I1KMS8,0
M1FN39,A0A0R0KPE1,0
I1KQG0,I1LEC4,0
I1LYU9,K7MTL2,0
A0A0R0I1I4,I1M225,0
I1KEY6,A0A0R0K0K3,0
C6SYF3,I1LM96,0
I1KVS3,A0A0R0JJI0,0
A0A0R0H2V0,I1MPJ4,0
I1L9A1,K7MNP5,0
I1JWF0,I1K9J7,0
A0A0R4J2K3,I1LH27,0
I1KQE2,I1LY15,0
I1KPA1,I1J547,0
I1J7S6,P62302,0
C6TK75,K7KFY5,0
I1JKS2,I1KAR1,0
I1LGQ1,K7KW44,0
A0A0R4J2W3,I1KM19,0
K7K676,I1K146,0
I1MY43,C6T065,0
A0A0R0JES0,I1MF50,0
I1M717,K7LY43,0
I1K5J5,I1J8C9,0
I1L4B6,A0A0R0JBL2,0
I1KZW4,A0A0R0IT62,0
I1MGG3,K7N1T9,0
I1KKD9,A0A0R4J4C5,0
I1JXB4,K7KK74,0
I1KS36,I1LWZ0,0
K7KGJ8,K7KH93,0
I1LS70,C6TK73,0
K7LGW1,I1JE09,0
K7KKB2,I1L332,0
I1N0R5,C6TIQ7,0
K7LXT7,A0A0R4J4D0,0
C6T1P2,A0A0R4J2Q5,0
I1KAJ2,C6SZ70,0
I1KTL9,A0A0R0GG06,0
I1KQE2,K7K894,0
K7MCD1,A0A0R0JQJ0,0
C6TBJ1,A0A0R0FB78,0
A0A0R0FNM4,I1LIA8,0
I1LPJ3,K7N145,0
C6T1P2,I1J8W6,0
I1K5H2,K7LK09,0
C6TNL5,I1MQC8,0
I1JVN0,I1JC65,0
I1JE83,I1LR48,0
I1LYU9,Q2PMR3,0
K7MTC4,I1LUL2,0
I1J8W9,I1JAH7,0
I1LMP2,K7M864,0
K7M1G4,I1JFW6,0
I1MEN1,I1NJ53,0
I1LUF0,K7KNC5,0
I1K9B8,K7M6R4,0
I1KQE2,I1KH38,0
I1MUQ7,I1K970,0
I1JE93,I1LFD2,0
I1N0R5,K7LTR0,0
I1KJH7,K7LCS7,0
A0A0R0L098,A0A0R0JTV5,0
K7KYY0,C6T5R4,0
I1M9F7,A0A0R0IF42,0
I1LRB0,I1JRU7,0
A0A0R0H296,A0A0R0L828,0
A0A0R0FSY2,K7MTL2,0
I1LDA7,K7MM40,0
I1K5J5,A0A0R4J2Q5,0
Q2PMU2,A0A0R0ESZ8,0
K7M2D8,I1KTI0,0
I1M273,I1LH27,0
I1MHH7,I1K5K7,0
A0A0R0GG96,I1NCF6,0
A0A0R0FKK9,I1NAF6,0
A0A0R0FSS2,I1J9I1,0
A0A0R0JG07,I1LIT1,0
C6T868,I1K2I1,0
A0A0R0F077,A0A0R0EG78,0
I1J553,A0A0R0L4P0,0
I1JW21,K7KQZ8,0
K7KE09,C6SZQ0,0
A0A0R0FEN9,I1MNU1,0
K7LA18,I1MU00,0
A0A0R0KNS7,I1LEC4,0
I1JWH5,I1L9K4,0
I1KX98,A0A0R0FXD4,0
I1K5L7,I1KZY8,0
I1JUJ6,A0A0R0GPH9,0
C6T8L7,A0A0R0EYS5,0
I1N8P5,I1MNU2,0
A0A0R0GE84,A0A0R0IT62,0
I1LMQ5,C6TJM4,0
I1KNN1,K7KH93,0
I1JQR6,I1K115,0
A0A0R0H296,I1NCV4,0
I1K5J5,K7KVK2,0
I1MC26,I1LPK5,0
I1KB25,I1L3P5,0
P07506,I1JM18,0
I1LJ94,K7LCS7,0
I1JY87,K7KVK2,0
C6T2Y4,A0A0R4J488,0
I1LSM6,K7KES3,0
A0A0R0L115,I1LUE0,0
I1JXB4,Q43463,0
I1KHL4,I1KHJ4,0
I1L8H7,I1KXK6,0
C6SXJ9,A0A0R0FZM4,0
I1J5U5,K7MMD7,0
I1LLA9,I1MVC6,0
A0A0R0FSY2,A0A0R4J426,0
A0A0R4J4C8,K7K318,0
I1JHC2,I1KM19,0
I1MQB5,I1MW74,0
I1MBM5,I1K642,0
I1LS70,A0A0R4J426,0
I1K3P0,I1K970,0
K7M097,K7LY43,0
C6SVR8,I1LY15,0
I1N1X8,K7LIE3,0
I1L653,C6TGA9,0
I1LDA7,I1N7F4,0
I1KJT5,A0A0R0GS25,0
I1L1N3,I1L3P5,0
I1LJ94,I1JUQ6,0
A0A0R0GE56,A0A0R0KPE1,0
I1JYG6,I1LII4,0
K7KP67,A0A0R4J426,0
I1JWH5,I1J4B5,0
K7MXD1,K7MC85,0
I1K5L7,I1MNU2,0
A0A0R0JLD5,K7M849,0
I1KEG8,A0A0R4J5C5,0
I1KS20,K7KH93,0
A0A0R0K5D9,K7MXE0,0
I1JW64,A0A0R0IZY4,0
K7KPJ4,I1ML11,0
K7MCD1,I1KFL5,0
I1JT85,K7LSG2,0
K7LJF6,A0A0R0EUJ0,0
K7KPJ4,A0A0R0L4P0,0
K7N3F6,A0A0R0JBL2,0
I1MNM3,K7L2R0,0
A0A0R0G3G4,I1K146,0
I1LMW7,K7LTB2,0
I1LMP2,I1K5B6,0
C6TCW7,I1J9I1,0
C6TNX5,I1JUQ0,0
I1KBB6,I1NCV4,0
I1MY33,A0A0R0GS25,0
I1N4X7,I1MTV9,0
I1LKQ4,A0A0R0GJV8,0
C6SXJ9,I1J8W6,0
I1MIE5,A0A0R0JQJ0,0
A0A0R0GZZ6,I1JRV0,0
I1N0R5,I1KZY8,0
C6TKG0,I1KJF2,0
K7LSH9,I1JK31,0
C6T3I8,K7KTS8,0
I1KRD4,K7N129,0
I1NHQ1,I1K2I1,0
I1J4E1,A0A0R0GFH3,0
K7K415,I1LII4,0
A0A0R0KFE8,K7L2R0,0
I1LA00,K7M6J1,0
K7LQ96,I1NG45,0
K7MAP3,I1J4B5,0
I1L215,K7KQZ8,0
I1LDU4,K7KH93,0
I1LGB1,I1L7G4,0
K7LWN2,A0A0R0JSJ9,0
A0A0R0EYA9,I1N7F4,0
I1KJL3,I1M269,0
I1LYU9,A0A0R0K7U0,0
A0A0R0EWX9,I1M269,0
C6TKL8,K7MC85,0
I1L690,I1K642,0
I1LJI8,I1LLK1,0
A0A0R0I0B9,K7MC85,0
K7LSH9,I1K3X9,0
I1KX98,A0A0R0KWT5,0
I1L6W0,I1LVN3,0
K7KFV5,I1ML11,0
C6T4Z6,C6SX83,0
I1N1X8,K7M9T4,0
I1KTS9,I1KEC8,0
I1K650,I1JAH7,0
Q2PMT2,I1K5B6,0
A0A0R0K0L0,I1M3W1,0
I1MYV4,I1KXK6,0
O48901,C6TJ17,0
A0A0R0KJP6,I1KJD2,0
K7LUF9,I1LM96,0
C6SY99,K7K8K7,0
A0A0R0HSJ1,A0A0R0L5Q1,0
I1LCX3,K7LIE3,0
I1M2R5,I1JA95,0
C6T4Z6,I1LFD2,0
C6TNL5,I1LR48,0
C6SWD4,I1N8M8,0
K7LWC5,C6T065,0
C6SY99,A0A0R0GFL3,0
I1K911,C6T0A0,0
I1LPI3,I1KQE3,0
A0A0R0GJ85,A0A0R0JBV0,0
I1JQR6,A0A0R0EKI7,0
A0A0R0L7S1,A0A0R0FXD4,0
K7KEV0,I1N780,0
I1JL13,I1K1W8,0
I1JMT0,I1LR48,0
I1KH45,I1LW00,0
I1L8H7,A0A0R4J384,0
I1KZJ7,K7LLV5,0
I1L478,A0A0R0JJI0,0
A0A0R0KNS7,I1JK31,0
I1KGI6,I1L171,0
K7LUF9,K7M466,0
K7MAP3,K7LTR0,0
I1MDC4,K7N1L5,0
I1KPA1,I1LY15,0
I1JXB4,K7KTS8,0
C6TL77,A0A0R0FB78,0
I1LBV2,A0A0R0JBV0,0
K7KY63,I1NAF6,0
A0A0R0IGP2,A0A0R0JJI0,0
I1LIK8,K7MNP5,0
I1MYV4,K7N1L5,0
A0A0R0F2Z4,K7M841,0
I1M0C3,A0A0R0JBL2,0
I1LJ94,I1MC28,0
A0A0R0FYN8,I1M269,0
C6TKW2,I1LEC4,0
A0A0R0GG96,I1LIT1,0
I1MBW8,I1KUB2,0
C6TAF0,I1KH38,0
K7MVB9,I1JYT2,0
A0A0R0EI44,I1JRV0,0
K7K2H1,I1MGG7,0
A0A0R0FSY2,C6TNW3,0
A0A0R0FSS2,C6TD23,0
K7LVE4,I1KFL5,0
C6T426,A0A0R0JQJ0,0
I1K9B8,K7LLV5,0
I1KYF8,C6SW04,0
C6TG99,A0A0R0EG78,0
K7KDM1,I1N898,0
C6T567,I1L9K4,0
I1MTH0,K7MQG6,0
I1JDR2,I1KQE3,0
I1JHC2,I1K115,0
I1NGD2,I1K2I1,0
I1LKQ4,A0A0R4J384,0
C6SZG8,I1K6E7,0
A0A0R0JJ98,I1KQE3,0
I1KS20,I1MNU1,0
C6TG81,I1KXK6,0
I1NCS8,I1MLF1,0
A0A0R0L8Y1,A0A0R0GG06,0
I1LZT5,K7LIE3,0
I1J7S6,A0A0R0JQJ0,0
I1LDY7,K7LK09,0
I1JTE4,I1NCV4,0
K7LA18,I1NIE5,0
I1MHS1,K7N145,0
A0A0R0FSS2,I1KLS1,0
I1LDU4,I1MRP6,0
A0A0R0G2B9,I1LXQ3,0
C6T083,A0A0R4J4C3,0
I1KXG2,K7MFZ6,0
I1KBL4,C6TCH4,0
O48901,I1KM19,0
I1KTL9,I1JRJ3,0
I1L412,I1K4R8,0
I1KD09,K7MYK9,0
I1NGL5,I1M277,0
I1KS20,K7KVK2,0
I1L690,K7MC85,0
I1KPA1,I1M5B6,0
I1J5B0,K7LY43,0
K7K553,A0A0R0HSA0,0
O48901,I1LFD2,0
C6T2H2,I1M225,0
I1KJW4,K7LFD7,0
K7K1Z2,I1JMH3,0
I1KPU4,I1MZV4,0
I1MZ32,A1YZE0,0
C6SYE0,K7N145,0
I1L1S1,A0A0R0IZY4,0
I1MYV4,C6T4V3,0
I1L1L2,A0A0R0JBV0,0
C6SWI9,I1J9I1,0
A0A0R0KH89,I1M277,0
A0A0R0I0B9,I1LHS8,0
K7MWR1,I1LM96,0
I1MTH0,K7L2D7,0
I1KGN6,A0A0R0KWL0,0
I1MEZ1,K7KES3,0
I1LGQ1,I1K115,0
K7KTT9,C6SYW6,0
I1KJ56,K7LLV5,0
A0A0R0J7J3,K7K8Y9,0
I1LZW4,I1K115,0
I1KKD9,A0A0R0HSH0,0
C6TAW8,I1MZV4,0
K7K794,I1N8M8,0
I1NF54,I1KCY5,0
I1LDY7,A0A0R4J4D0,0
I1MC26,I1J4B5,0
K7LTQ1,C6SZ70,0
K7KY63,I1LXQ3,0
A0A0R0GNH6,A0A0R0JJI0,0
K7MST2,A0A0R4J4C5,0
C6SWI9,I1KJD2,0
K7M2D8,K7KQZ8,0
C6SWA0,I1JUQ6,0
C6TCW7,I1LIT1,0
A0A0R0H2V0,K7LSJ2,0
I1NJ79,I1NG45,0
K7KGJ8,I1MC28,0
A0A0R0H9H8,K7KWE4,0
I1JVU8,A0A0R0FZM4,0
I1KS88,I1LIU7,0
A0A0R0HSJ1,A0A0R0JJI0,0
K7LUF9,I1K6E7,0
I1KLE1,A0A0R0GFH3,0
I1MLH9,I1JA95,0
I1K5H2,I1J547,0
A0A0R0KR16,K7KH93,0
I1N8Y6,I1LVN3,0
I1KR80,I1KD82,0
I1MGB0,K7LNG6,0
A0A0R0GE84,I1NJ53,0
I1KZJ7,I1L171,0
I1JE38,K7MNN5,0
C6T0U3,I1MVC6,0
I1KBL4,A0A0R0IF42,0
I1LFW0,I1LFD2,0
I1K5K3,I1JB64,0
C6T1E6,K7MXE0,0
I1LSM6,I1J547,0
I1K912,K7KW44,0
K7K1Z2,K7MQG6,0
I1J4E1,K7L6K2,0
I1MLH9,C6T065,0
I1MTX9,I1JD52,0
I1K7J4,I1JD36,0
I1NBE9,K7LSG2,0
I1MLN7,I1L7G4,0
I1JE93,K7MQG6,0
I1KAJ2,K7M6J1,0
I1LPJ3,K7N1T9,0
A0A0R0IHF9,I1NC50,0
C6TE07,K7LCS7,0
I1MLK3,I1K146,0
I1NIE7,I1M225,0
I1LDA7,I1LM96,0
I1K3U2,I1LPW2,0
I1L8G3,Q2PMR3,0
I1M7B9,A0A0R0GAQ8,0
I1LIR4,A0A0R0JSJ9,0
K7M097,A0A0R0FGT9,0
I1KXI7,I1L332,0
I1LRH8,I1LGD6,0
C6T883,I1MGG7,0
A0A0R0H7N0,I1KFL5,0
I1KLS4,K7LIE3,0
I1KQG0,A0A0R0FEN3,0
A0A0R0JS60,A0A0R0H141,0
I1NF54,K7N1T9,0
I1KS20,I1KQE3,0
I1KBQ5,I1MNS7,0
I1JQR6,I1JV03,0
I1K9B8,I1J4B5,0
I1KTD4,A0A0R0KWT5,0
I1MRY0,I1K3X9,0
K7LUF9,I1NCF6,0
K7MMF4,I1KYL4,0
A0A0R0EWX9,I1LIT1,0
K7LRU2,I1KZ09,0
I1JS58,A0A0R0HSH0,0
I1LJ93,I1L3P5,0
I1KMS4,I1LLS4,0
I1MBA2,K7LK09,0
A0A0R0G6V6,I1KD82,0
K7K1Z2,A0A0R0EG78,0
I1LGQ1,K7MQG6,0
I1MLH9,K7M841,0
I1MUQ7,K7L7W0,0
I1LFQ4,I1LII4,0
I1JMZ4,I1JK31,0
A0A0R0JS60,I1LEC4,0
C6TKC3,I1KLS1,0
I1LYG4,A0A0R0IT62,0
A0A0R0I0B9,I1NCV4,0
A0A0R4J3Y6,I1NIE5,0
I1LD74,C6SZ70,0
I1JIJ4,K7KES1,0
K7KGC2,K7M466,0
C6SWA0,K7MC85,0
I1MP46,A0A0R0JBL2,0
C6SYR1,K7MXH5,0
A0A0R0G2B9,I1M269,0
I1LC20,I1KEC8,0
I1J5Q1,C6SZQ0,0
C6TEP1,I1MSN3,0
I1M4Y9,A0A0R0H141,0
I1K3P0,C6T4V3,0
K7KIU3,I1JRV0,0
I1LLA9,I1MJJ9,0
I1NHQ1,A0A0R0ESZ8,0
I1N4X7,A0A0R0IT62,0
C6TBQ2,A0A0R0GJV8,0
I1JFF6,I1MEF5,0
I1K620,I1JUQ0,0
I1KGU0,A0A0R0KWT5,0
A0A0R0H7N0,I1KJD2,0
K7LIW2,K7L2R0,0
A0A0R0INQ5,I1MLJ0,0
A0A0R0HSJ1,C6TBL4,0
I1J5Q1,I1MW74,0
I1LA00,A0A0R0L5Q1,0
A0A0R0KNS7,C6TD23,0
I1MNV4,A0A0R0L5Q1,0
I1K9B8,I1LG13,0
I1LGB7,I1J9I1,0
C6SZM2,A0A0R0IT62,0
K7LUF9,A0A0R0HCS6,0
K7MC09,P62302,0
I1KQC7,K7LTB2,0
I1KS88,I1MW51,0
H2D4C3,C6SW04,0
Q2PMT2,I1MVC6,0
A0A0R0JYY8,I1JRV0,0
A0A0R0F077,K7M849,0
K7L1D3,I1JD52,0
K7KDA5,C6TGZ1,0
K7LSH9,C6SX83,0
I1JBJ2,I1JV03,0
I1K912,I1MNU1,0
I1J9W0,I1M998,0
C6TLT3,K7LNG6,0
C6SWL3,K7L7W0,0
I1JXQ3,I1LII4,0
A0A0R0KR16,I1MNS7,0
I1K5H2,K7KW44,0
I1LS70,I1LH18,0
I1LFW0,A0A0R0GG06,0
I1JUI1,A0A0R0FX75,0
I1JE38,A0A0R0FX75,0
I1LYG4,K7MFZ6,0
K7MC09,K7LIE3,0
I1MM89,K7MFE5,0
A0A0R0H296,I1MNU1,0
I1JV48,K7M6R4,0
I1LG61,I1MSN3,0
I1KYF8,A0A0R0L828,0
C6T507,I1LM96,0
I1L5Z7,C6TGA9,0
K7M5T0,A0A0R0JQJ0,0
I1JNB0,I1JM18,0
A0A0R4J2N2,K7MRF5,0
I1KD09,I1MU00,0
I1NGD2,I1K970,0
K7N5D4,K7N145,0
I1MQD0,I1J547,0
I1NHQ1,I1NIE5,0
K7MRX6,I1NJ53,0
K7LA18,A0A0R0KWL0,0
I1JKP1,K7MQG6,0
I1MHA4,A0A0R0JJI0,0
I1JCY0,I1JMZ7,0
I1K7N0,A0A0R0IZY4,0
A0A0R0K6F4,I1JAH7,0
A0A0R0ET54,K7KFY5,0
C6TC92,K7LHS7,0
I1L1N3,I1MZV4,0
O48548,I1MZV0,0
C6SWI9,A0A0R0KE62,0
I1LIM0,C6TJM4,0
I1LIK8,K7KK86,0
K7KIU3,C6T2G5,0
I1JMT0,C6SX83,0
A0A0R4J3N1,K7MFZ6,0
A0A368UHM1,I1K5B6,0
I1KRD4,A0A0R4J4H3,0
I1LY25,A0A0R0JBL2,0
I1J553,I1LL05,0
A0A0R0FJF0,I1MZV0,0
I1K8N0,A0A0R0EUJ0,0
A0A0R0GCF5,A0A0R0JBV0,0
K7LRU2,A0A0R0L5Q1,0
C6SVB5,I1KQE3,0
K7LEG0,I1MLJ0,0
I1LPZ2,I1M5B6,0
I1KQP3,I1LII4,0
I1JR41,K7LCS7,0
I1KLS4,I1K3X9,0
C6TAW8,I1MSN3,0
I1N7K6,K7LTR0,0
M1FIU8,A0A0R0K0K3,0
Q2TFP1,I1MEF5,0
K7L3P2,I1N898,0
A0A0R0ESI3,K7N1L5,0
I1LSM6,A0A0R0IZY4,0
A0A0R0EZ39,I1LL05,0
I1LCX3,C6SX83,0
I1KIB3,I1N7F4,0
I1JR41,C6TNW3,0
C6T2L5,I1JMH3,0
I1LP18,I1LH27,0
A0A0R0HHZ3,A0A0R0FJR0,0
I1JFS9,I1LG13,0
A0A0R0EZ39,I1JB64,0
C6SWL3,I1KZK2,0
I1L524,I1M1W3,0
C6SW43,K7KK86,0
I1KB25,I1JHJ0,0
I1LYU9,I1L7G4,0
I1LPZ2,I1JD07,0
A0A0R0FSS2,I1LPK5,0
O48548,K7M841,0
I1K9P1,I1LY15,0
A0A0R0HSV1,I1JB64,0
I1MUN3,I1LPK5,0
K7MI53,I1K146,0
I1KYD6,K7KTS8,0
I1MM89,K7LQV0,0
C6SXJ9,I1K3X9,0
I1L5H8,C6TNW3,0
A0A368UHG0,I1JUQ0,0
I1JUJ8,A0A0R0L7U5,0
I1NHQ1,I1MEQ6,0
I1KJL3,A0A0R4J4D0,0
C6TLV6,I1K970,0
A0A0R0H8M3,A0A0R0G7I0,0
K7M2D8,I1KPE7,0
I1MVG5,I1K642,0
I1KBB6,I1MK72,0
C6SZ22,I1JD52,0
I1LPI3,A0A0R0F214,0
I1KS88,I1MNS7,0
C6SXM9,C6TCH4,0
K7LWC5,A0A0R0GUR9,0
A0A368UHG0,C6TD23,0
I1LJA4,K7LY43,0
I1NF54,A0A0R0FZM4,0
A0A0R0L8Y1,I1LLK1,0
I1JVP4,C6T0A0,0
K7L1D3,I1JB64,0
C6SYA3,I1NC50,0
I1KH45,I1KUS2,0
A0A0R0JB42,C6TIK0,0
I1KHJ6,K7L9M2,0
K7LWN2,I1KMS8,0
I1JUJ6,I1KLS1,0
K7N0X7,I1JMZ7,0
I1K650,K7MXE0,0
I1K5H2,K7N5K2,0
A0A0R0GCF5,A0A0R0KVY6,0
I1J8V4,K7MRF5,0
K7LDR8,A0A0R0KE62,0
I1M2R5,I1MNU1,0
P07506,I1JV03,0
I1LDU4,A0A0R4J4D0,0
K7LTQ1,K7N5K2,0
I1KYS6,K7L4N7,0
A0A0R0L115,A0A0R0GBB6,0
K7MNC0,A0A0R0FJR0,0
I1NGD2,K7N1T9,0
K7MRX6,C6SZG1,0
K7KDA5,K7M849,0
K7KFV5,I1NJ53,0
K7LTQ1,I1LHS8,0
I1MM89,I1L9K4,0
C6T3K0,A0A0R0EDS9,0
I1KAJ2,K7LLV5,0
I1KV60,K7KQZ8,0
A0A0R0L7S1,I1MPJ4,0
I1NF54,I1NCV4,0
I1KHL4,K7KTS8,0
I1KEG8,A0A0R0HV63,0
C6T3K0,A0A0R0JTV5,0
I1KCB7,I1JV03,0
K7LWC5,K7KK86,0
A0A0R0GNH6,K7M846,0
I1MY72,I1LVN3,0
O48901,A0A0R0GAQ8,0
I1LRB0,C6TGA9,0
Q2PMU0,A0A0R0K7U0,0
A0A0R0FQN0,I1LEC4,0
K7LDR8,A0A0R0EUJ0,0
K7LHR2,A0A0R0GAQ8,0
I1M7C1,I1MLJ0,0
I1MYX8,K7KWE4,0
I1LFQ4,I1J547,0
I1K650,K7LSJ2,0
C6TBN8,A0A0R4J2Y1,0
A0A0R0JH35,I1N898,0
I1N5E8,K7LCS7,0
K7LTQ1,C6TGA9,0
I1LS70,A0A0R0HV63,0
K7MST2,I1NAJ5,0
C6SVR8,A0A0R0GS25,0
C6TL77,A0A0R0FJR0,0
I1LDY7,I1LVN3,0
I1J4E1,K7M841,0
A0A0R0GRI6,I1L332,0
I1JRA0,A0A0R4J5B7,0
Q2PMT2,I1LPJ8,0
K7N0U1,K7K894,0
C6TL77,I1KJF2,0
C6SYR1,K7M6I1,0
I1K328,A0A0R0KWT5,0
A0A0R0J7J3,I1MGG7,0
K7LQ96,A0A0R0GFM7,0
A0A368UHC3,K7MFZ6,0
I1JUJ6,I1KAR1,0
I1NIE7,K7MGQ2,0
I1N3M5,K7L939,0
I1MXT2,K7K894,0
C6SY99,K7N129,0
A0A0R0FSS2,I1MRP6,0
K7K553,C6T4V3,0
A0A0R0K6F4,C6SX83,0
C6SXJ9,A0A0R0EWR2,0
I1JU70,I1N8M8,0
I1JW21,I1M998,0
I1JBJ2,K7MNP5,0
I1K5J5,C6TBL4,0
I1LIM0,I1KH38,0
K7K1Z2,I1NCV4,0
A0A0R0JG07,A0A0R0FGT9,0
K7MAP3,A0A0R0GS25,0
K7LIW2,I1N8M8,0
I1KJ56,K7L4N7,0
I1KZW4,I1MNV2,0
A0A0R0FEN9,I1LLS4,0
A0A0R0E3E6,K7LTR0,0
I1LH11,K7KAB4,0
C6TAW8,I1LLS8,0
A0A0R0JS60,A0A0R0E934,0
I1KYD6,A0A0R0JYX3,0
A0A0R0EJE2,A0A0R0KWL0,0
A0A0R0J7J3,I1M277,0
I1K650,I1JRV0,0
I1N5E8,I1N761,0
I1NHQ1,C6T2G5,0
I1JFN0,I1LLK1,0
I1LIR4,C6TJM4,0
A0A0R0LFT0,A1YZE0,0
A0A0R4J2K3,I1LPW2,0
I1JV48,K7M6J1,0
I1LJ94,I1LIT1,0
A0A0R0GE56,A1YZE0,0
I1KQG0,K7KES1,0
C6TG81,I1L171,0
K7KNJ6,Q43463,0
A0A0R0ET54,A0A0R0EDS9,0
A0A0R0KTM7,I1MQC8,0
I1MU29,A0A0R0FJR0,0
I1NJ79,K7N0V8,0
A0A0R0GJ85,I1JK31,0
I1MYX8,A0A0R0JBV0,0
C6SWL3,I1JE09,0
K7KLF0,A0A0R4J5K6,0
I1JY67,I1JUQ6,0
I1KHY2,I1KHJ4,0
I1KTD4,A0A0R0EJV2,0
I1K725,A0A0R4J2Q5,0
I1L8G3,I1JE09,0
I1KIY3,A0A0R0EJV2,0
I1KCB7,I1MZV4,0
I1KFU0,C6SWS6,0
I1N9I5,A0A0R0GBB6,0
A0A0R0F2Z4,I1M269,0
I1NGQ5,I1JMZ7,0
I1KP31,A0A0R0FGT9,0
K7N3F6,I1MNU1,0
I1JCY0,I1MF50,0
I1L690,I1J4B5,0
I1JBJ2,I1LH27,0
I1MEZ1,I1LIA8,0
A0A0R0FSY2,I1LLK1,0
I1LIK8,I1L2H4,0
I1K912,I1LPW2,0
I1KNN1,K7KTS8,0
I1MHA4,I1K215,0
I1MNK0,I1K5B6,0
I1NHQ1,I1KHJ4,0
K7LHR2,A0A0R0HSA0,0
A0A0R0ERF9,I1LH27,0
I1LCX3,A0A0R0H141,0
I1MNV4,I1LG13,0
I1MIE5,A0A0R0K0K3,0
A0A0R0EJE2,K7LSG2,0
C6SWZ1,K7K8K7,0
C6TG91,A0A0R0KVY6,0
I1KR80,A0A0R0JJK0,0
I1MJ97,I1JK31,0
C6T968,Q2PMR3,0
C6TFN5,I1K970,0
A0A0R0KCV3,I1JV03,0
I1KY58,I1MZV4,0
A0A368UHC3,I1MC28,0
A0A0R0KCY1,A0A0R4J5K6,0
I1LJW2,C6TN69,0
A0A368UHC3,K7L6K2,0
I1MVG5,A0A0R0GG06,0
I1M4Y9,K7M864,0
I1KMS4,I1JD36,0
I1JG98,C6T5R4,0
I1N056,A0A0R0IZY4,0
I1KKD9,A0A0R0EJV2,0
K7LTQ1,K7KW44,0
I1MQD0,K7LHS7,0
A0A0R0K5D9,K7LHS7,0
I1NFS4,K7MM40,0
I1LIK8,A0A0R0JJK0,0
I1JBJ2,Q43463,0
I1MSC6,K7N145,0
I1LYQ9,Q43463,0
C6TBJ1,I1LLK1,0
I1LLA9,I1K467,0
I1LRH8,K7M9T4,0
I1MEZ1,A0A0R0EG78,0
I1N9I5,I1NC50,0
K7LKS0,C6SZQ0,0
A0A368UHM1,K7M466,0
A0A0R0KNS7,A0A0R0FX75,0
I1M4Y9,A0A0R0EUJ0,0
I1M4Y9,A0A0R0JBV0,0
I1MJM9,I1MLJ0,0
C6F117,K7M6J1,0
C6T1P2,I1KAR1,0
I1MNE4,A0A0R0F214,0
K7LUF9,K7L6K2,0
I1JAG0,K7MNP5,0
I1JW64,K7LTR0,0
K7KDX2,K7L2D7,0
K7LW22,K7KQZ8,0
K7LQ96,K7LY43,0
C6T4Z6,A0A0R0HCS6,0
I1KAJ2,I1NG45,0
I1LLA9,I1NAF6,0
I1JE83,O22518,0
I1L9A1,I1N5D5,0
A0A0R0ERF9,I1LR48,0
K7LQ96,A0A0R0FXD4,0
A0A0R0IAV3,I1NIE5,0
K7KYY0,I1JD07,0
C6SZM2,I1M225,0
I1JNV3,I1MEQ6,0
I1MNV4,C6T4V3,0
I1LIR4,I1MRP6,0
I1KS88,C6T0A0,0
I1LHY4,A0A0R0H141,0
I1J5B0,I1NCF8,0
I1LRE4,A0A0R0F214,0
Q2PMS6,K7MC85,0
I1KQB9,A0A0R0G7B5,0
I1K7N0,P62302,0
A0A0R4J2N2,I1MLJ0,0
I1MT74,I1KQE3,0
C6T5Z0,K7MXH5,0
I1M6L1,I1LHS8,0
I1JW64,I1LIA8,0
I1KPT1,I1KEC8,0
I1KFI5,A0A0R0G7I0,0
I1M100,K7KWE4,0
I1NCS8,I1LR48,0
I1MNU7,I1K6E7,0
A0A0R0FX46,I1LR48,0
I1N8M4,I1JMH3,0
K7LHR2,A0A0R0KWT5,0
A0A0R0EJE2,A0A0R0EDS9,0
I1M273,I1L2H4,0
A0A0R0JKU3,I1LH18,0
I1LZT5,K7L939,0
I1KTD4,K7KFY5,0
A0A0R0JES0,I1KUS2,0
I1KXI7,I1KLS1,0
I1KRD4,I1JD52,0
A0A0R0EU45,K7MXE0,0
I1LRE4,C6TJ17,0
I1K0C4,C6TGZ1,0
A0A0R0K6F4,A0A0R4J384,0
I1J5Q1,C6T5R4,0
A0A0R0E3E6,K7KTS8,0
I1LH11,I1M277,0
K7MGQ3,I1NIE5,0
A0A0R0F0T6,I1N898,0
A0A0R0JJ98,I1KJD2,0
I1KJ98,A0A0R0E934,0
K7MWR1,I1K1W8,0
K7KNJ6,I1MRI5,0
I1KQP3,A0A0R0GS25,0
K7K415,I1KXK6,0
I1L215,K7MFE5,0
K7MNC0,C6TIK0,0
I1NF54,K7MRF5,0
C6SWI3,K7KJB2,0
I1K328,C6TK73,0
C6T3K0,I1K970,0
C6SZY0,K7K8K7,0
I1JUI1,A0A0R0JRI8,0
Q2PMU0,I1MU00,0
I1JYG6,A0A0R0L0E7,0
I1MQB5,I1LH27,0
M1FN39,I1KEC8,0
A0A0R0JZD5,A0A0R0JJK0,0
A0A0R0K6F4,I1L171,0
I1JBJ2,A0A0R4J4C3,0
I1J553,I1ML11,0
I1KRF9,K7KAB4,0
A0A0R0E3E6,A0A0R0FX75,0
C6T2Z2,A0A0R4J2Y1,0
I1LZT5,C6TN69,0
I1L690,I1MQC8,0
I1KJW4,I1LFD2,0
I1N3M5,A0A0R0IR73,0
I1LD74,Q2PMR3,0
I1KBQ5,A0A0R0K6I2,0
K7MXS9,A0A0R0H141,0
C6SW69,C6TJ17,0
K7L1D3,C6TN69,0
I1KQG0,I1J8W6,0
I1J7A8,K7KWE4,0
A0A0R0KNE1,K7LSG2,0
I1N9I5,A0A0R4J384,0
C6SXM9,K7L6N7,0
I1KIY3,I1L7G4,0
A0A0R0KCV3,K7L2D7,0
A0A0R0ERF9,A1YZE0,0
I1NH73,I1JM18,0
I1JY67,I1JRJ3,0
I1KBM7,I1JD36,0
C6TBQ2,I1KH38,0
I1JE38,K7KAB4,0
I1MLK3,K7M4E0,0
C6T4Z6,I1JV03,0
A0A0R0JH35,I1NIE5,0
A0A0R0IGP2,I1KZK2,0
A0A368UHM1,A0A0R0KWT5,0
I1MTZ8,A0A0R0EYS5,0
I1K628,I1JC65,0
I1JS66,K7LSG2,0
I1LPC3,A0A0R0L7U5,0
I1JKS2,A0A0R0KVY6,0
K7MMR3,A0A0R0JQJ0,0
I1N1X8,K7KK74,0
A0A0R0HSJ1,I1MTV9,0
A0A368UHM1,I1JMK4,0
I1MNK0,I1JRJ3,0
I1KFU0,A0A0R0FTI5,0
I1KY58,I1K5K7,0
I1KQB9,I1M225,0
I1L8S1,K7M841,0
A0A0R0EJE2,K7LQV0,0
I1KHL6,A0A0R0HSH0,0
C5NTE7,K7LNG6,0
I1KYF8,C6TJ17,0
I1MJM9,I1MNU2,0
A0A0R0H2V0,K7KWE4,0
K7KE09,K7KTS8,0
I1M7V7,I1MK72,0
I1MRY0,K7K8K7,0
I1JIP5,I1KQE3,0
I1JFN0,I1M1D5,0
I1LSM6,A0A0R0ESZ8,0
I1KBQ5,I1MGG7,0
I1LRE4,I1MW74,0
I1LWR7,I1K215,0
I1M3Q8,I1MGG7,0
C6TGR3,K7M6R4,0
I1JW21,K7M6I1,0
A0A0R0KJP6,A0A0R4J4H3,0
I1L215,I1KAR1,0
I1KEG8,A0A0R0FEN3,0
I1NDC0,I1N780,0
I1JUR7,K7K4C7,0
A0A0R0HSV1,A0A0R0GJV8,0
I1N8P5,A0A0R0FER5,0
I1KC19,C6SZ70,0
K7MZ38,K7KQZ8,0
K7KGJ8,K7MNP5,0
I1MSD9,A0A0R0G7B5,0
K7LWI3,C6SYW6,0
I1N9E1,K7KQZ8,0
I1LC01,A0A0R0GG06,0
I1NFS4,A0A0R0JRI8,0
A0A0R0JS60,A0A0R0KVY6,0
I1KJ56,K7M6J1,0
K7LQ96,C6SYW6,0
I1K911,C6TGZ1,0
C6T9S5,I1JD52,0
I1MY72,C6TNW3,0
I1JTE4,A0A0R0FGT9,0
C6T3G1,I1M998,0
K7KLF0,I1LL05,0
A0A0R0HHZ3,K7LTR0,0
I1N1X8,I1K467,0
K7LKS0,I1JRJ3,0
A0A0R0HSV1,I1LH27,0
I1LH11,I1KJD2,0
A0A0R0FNM4,K7KJB2,0
A0A0R0GE56,I1MLJ0,0
I1LHY4,K7N0V8,0
I1JT28,I1MQC8,0
A0A0R0J7Q5,I1K6E7,0
A0A0R0GJ85,I1M5B6,0
I1KDB2,K7MRF5,0
I1KJW4,I1J547,0
A0A0R0I8Z5,A0A0R0HSA0,0
I1N1Y6,I1JUQ6,0
C6T3G1,A0A0R0GFH3,0
I1N0F1,A0A0R0EWR2,0
I1KPA1,K7LFD7,0
I1J7A8,I1JA95,0
I1L6W0,A0A0R0JT51,0
A0A0R0GE84,I1JB64,0
I1KKD9,I1KZY8,0
I1LJA4,K7L6K2,0
C6TLT3,A0A0R0FTI5,0
K7KYY0,K7LLV5,0
I1L653,A0A0R0L4P0,0
I1KXI7,I1L2H4,0
A0A0R0FX70,I1K642,0
I1JVP4,C6SZG1,0
I1LJ94,C6SZ70,0
I1N7K6,I1KFL5,0
I1LYQ9,K7L9M2,0
I1JXQ3,I1KYL4,0
K7KYY0,A0A0R0E934,0
C6T083,I1LH27,0
C6SVB5,A0A0R0JBV0,0
A0A0R0J7Q5,I1LIA8,0
I1KIB3,K7M4E0,0
K7K415,I1JMH3,0
I1MNM3,A0A0R0EDS9,0
I1KJT5,K7LNG6,0
A0A0R0FYN8,I1L9K4,0
A0A0R0F0T6,I1JA95,0
I1KFI5,M1FN34,0
K7MNC0,A0A0R0KPE1,0
I1N3M5,K7LK09,0
I1LIM0,K7LQV0,0
C6T426,I1KXK6,0
I1N1Y6,I1NCF6,0
C6T2Y4,I1JC65,0
I1KCH6,I1K5B6,0
I1MVE9,K7MQG6,0
I1K0C4,I1KVC1,0
I1M3Q3,A0A0R0E934,0
K7KDM1,I1JD07,0
A0A0R0FEI0,K7MFZ6,0
K7MST2,A0A0R0KVY6,0
I1JZC3,K7K8K7,0
I1LD74,A0A0R0JTV5,0
I1MP46,I1MPJ4,0
I1M0C3,A0A0R4J4H3,0
I1KR80,I1K970,0
I1JFN0,I1NJ53,0
I1JT85,K7K8K7,0
C6SYQ2,I1K970,0
K7L1D3,A0A0R4J2Y1,0
I1JUJ8,A0A0R0GFM7,0
C6TBJ1,K7MFZ6,0
C6SZG8,I1LIT1,0
I1KRF9,I1K146,0
A0A0R0HHZ3,A0A0R0JBL2,0
K7MMG1,I1MQC8,0
K7LZZ5,K7KES3,0
I1MLK3,A0A0R0G7I0,0
K7KDX2,K7MM40,0
A0A0R0FSS2,K7LSJ2,0
I1KGZ6,I1KJF2,0
I1KBL4,K7MFZ6,0
A0A0R0HDM5,A0A0R0L5Q1,0
A0A0R4J2N2,Q2PMR3,0
I1M3V1,A0A0R0FZM4,0
C6SWD4,I1KXK6,0
I1LIS4,C6SYW6,0
I1L219,A0A0R4J5B7,0
I1MK96,A0A0R0ESZ8,0
I1L4B6,K7M864,0
I1MEZ1,K7MGQ2,0
I1LIH7,A0A0R0GS25,0
A0A0R0JS60,C6TCH4,0
I1MZ47,A0A0R0JBV0,0
I1M2R5,K7N145,0
I1NHI4,I1KAR1,0
I1JS66,I1K146,0
I1NIJ9,K7KK74,0
I1KTD4,I1KXK6,0
I1K4D7,A0A0R4J5C5,0
K7KDA5,I1LIT1,0
I1MSD9,I1JHJ0,0
I1JS66,I1JK31,0
C6SXF5,I1J547,0
A0A0R0G5V6,K7MC85,0
A0A0R0HSJ1,K7M849,0
P09755,K7N145,0
C6TKG0,A0A0R0FTI5,0
I1KZJ7,I1MU00,0
I1MRY0,K7L6N7,0
Q2PMS6,A0A0R0GFL3,0
I1N0U4,I1KSD0,0
I1JIW3,I1MPJ4,0
I1N6N9,I1KSL6,0
C6SVR8,I1JB64,0
I1JG98,A0A0R0K0K3,0
K7LWI3,K7MMD7,0
I1LRB0,I1MVC6,0
I1KQG7,I1MNV2,0
I1LDY7,K7K318,0
I1KS88,I1N761,0
I1JBJ2,K7LQV0,0
I1N9E1,I1K2I1,0
I1LUL7,A0A0R4J426,0
I1LP56,I1K642,0
I1JNV3,I1JRJ3,0
A0A0R4J389,A0A0R0JRI8,0
C6SXF5,I1MEF5,0
I1L5Z7,I1NJ53,0
C6TC92,I1LLS4,0
I1LHR1,C6T5U0,0
I1JE93,I1L332,0
K7L9V3,A0A0R0JSJ9,0
K7KE09,I1JFW6,0
A0A0R0GC27,I1MPJ4,0
A0A0R0GBL8,I1K1W8,0
I1N6Z0,I1KVC1,0
I1J8W9,I1LIU7,0
A0A0R0EFE2,K7L6K2,0
Q2PMU0,A0A0R0HV63,0
A0A0R0E907,K7LQV0,0
I1N8Q6,K7KTS8,0
C6TEP1,I1MF50,0
I1J5Q1,A0A0R0FTI5,0
K7LSH9,A0A0R0IF42,0
K7MS88,K7MXE0,0
K7K9E1,K7K8K7,0
I1LHY4,K7K8Y9,0
I1JT85,I1MLF1,0
I1NJ79,K7MQG6,0
I1LKU1,I1KZY8,0
I1JS58,K7MXE0,0
I1LZM7,C6TBL4,0
I1KUP5,I1JD52,0
C6T084,P62302,0
K7M097,K7MNN5,0
I1KJ98,I1JRU7,0
K7LQ96,M1FN34,0
I1MTH0,K7LTB2,0
I1K5L7,K7KW44,0
I1L1N3,I1MNV2,0
I1LDY7,C6SYW6,0
C6SYA3,I1M5B6,0
I1MGB0,K7M4E0,0
I1LYQ9,A0A0R0KWT5,0
I1MNK0,A0A0R0K0K3,0
I1NF54,I1N898,0
I1N0F1,A0A0R4J488,0
I1M7B9,I1M998,0
I1JP52,K7K318,0
C6TEP1,C6SX83,0
C6T0U3,K7KVK2,0
C6TLT3,I1LIA8,0
A0A0R0KNS7,A0A0R0FER5,0
A0A0R0FJF0,C6SYE1,0
I1M3V1,A0A0R0KPE1,0
A0A0R0HIA6,I1L7G4,0
I1L1L2,C6TCH4,0
K7LEG0,I1LLK1,0
A0A0R0FX70,A0A0R0GFL3,0
I1KQG0,A0A0R0EYS5,0
C6TEP1,I1LPK5,0
A0A368UJ64,A0A0R0L7U5,0
I1MNK0,I1K1W8,0
I1J8W9,I1JM18,0
I1KRZ2,I1MVC6,0
I1M757,I1KHJ4,0
I1LFQ4,I1ML11,0
I1J870,I1M1W3,0
K7N3F6,I1L7G4,0
K7M4N3,A0A0R4J426,0
I1LJI8,K7MC85,0
I1NBE9,I1JVX3,0
I1KHL6,K7M592,0
K7KDX2,C6SZ70,0
I1NFU9,I1LH18,0
A0A368UJ64,K7MQG6,0
I1LIR4,K7N1T9,0
A0A0R0KTM7,I1LIU7,0
I1KCX1,I1LGD6,0
I1NGQ5,K7M841,0
I1NBC2,I1JC65,0
K7KTT9,I1JYT2,0
K7MD28,I1KYL4,0
I1LGB1,A0A0R0IZY4,0
I1LMQ5,I1JRU7,0
A0A0R0J7Q5,Q43463,0
I1NIE7,A0A0R0IR73,0
I1M6L1,A0A0R0HV63,0
I1KZI6,I1KHJ4,0
I1MY43,I1JA95,0
I1LG61,I1LH27,0
I1L5H8,K7MC85,0
K7L1D3,A0A0R4J384,0
I1MHA4,A0A0R0FEN3,0
I1NDG6,A0A0R0KWT5,0
I1J5B0,A0A0R0ESZ8,0
C6T8L7,K7KAB4,0
K7K9E1,K7MYK9,0
A0A0R0FNV7,I1MK72,0
A0A0R0LB39,I1JV03,0
K7LEG0,K7KES3,0
A0A0R0H296,I1KSL6,0
K7K676,I1L9K4,0
I1M9T4,I1KYL4,0
A0A368UJ64,I1KLS1,0
I1K620,I1MZV4,0
I1JKP1,K7MRF5,0
C6T2Y4,M1FN34,0
I1LUI7,A0A0R0L5Q1,0
K7LKS0,A0A0R0JBL2,0
I1N9S5,I1LUE0,0
A0A0R0JJ98,A0A0R0FM97,0
A0A0R0GG96,K7MYK9,0
I1KJH7,I1LFD2,0
I1JP52,I1MLF1,0
I1NDG6,I1K3X9,0
I1JFN0,A0A0R0JTV5,0
C6SWZ1,K7MNN5,0
K7M9K9,A0A0R0EJV2,0
I1LH11,A0A0R0FXD4,0
A0A0R0HDM5,I1KUB2,0
I1KFU0,I1MJJ9,0
A0A0R4J2W3,C6TGA9,0
I1LGI1,A0A0R4J426,0
I1JNB0,A0A0R0KVY6,0
I1N9S5,I1KFL5,0
I1KRF9,A0A0R0HCS6,0
I1MIE5,I1N8M8,0
I1LJ93,K7L7W0,0
C6SWG4,I1K9J7,0
I1MZ32,A0A0R0HSA0,0
K7K415,C6TJ17,0
I1LHR1,I1L332,0
I1MNE4,A0A0R4J426,0
K7MST2,A0A0R0ESZ8,0
I1JW64,A0A0R0GFM7,0
K7L1B9,I1K642,0
I1J7A8,I1LW00,0
K7KGE9,A0A0R0ENB3,0
I1LUI7,I1K215,0
I1MLK3,C6TIK0,0
I1LRB0,I1MZV4,0
I1K5K3,I1MRI5,0
I1KUP5,I1NG45,0
C6T0E4,I1MSN3,0
I1K5J5,A0A0R0JSJ9,0
I1MWF0,I1LH18,0
A0A0R0KTM7,I1NCV4,0
A0A0R0FX70,I1MVC6,0
A0A0R0HDM5,K7MGQ2,0
K7KGC2,A0A0R0GJV8,0
I1LUF0,K7N0V8,0
I1MEF8,I1K5K7,0
K7MCH3,K7MQG6,0
I1M6L1,A0A0R0EG78,0
C6TKZ4,A0A0R0JSJ9,0
I1KLS4,C6TIK0,0
I1LC01,K7LK09,0
C6SVH9,K7KH93,0
A0A0R0L098,I1M225,0
I1LZ09,I1K3X9,0
I1KU09,K7N1L5,0
I1MHA4,I1LPJ8,0
C6TLT3,K7LSG2,0
A0A0R0HIA6,K7M841,0
I1MHH7,C6T065,0
I1LUF0,K7M6R4,0
K7N0U1,I1N780,0
C6TKC3,I1K970,0
I1NH73,I1JK31,0
I1K8C1,I1L9K4,0
I1J8W9,I1JE09,0
A0A0R0FX70,C6T2G5,0
K7LTQ1,C6TFX5,0
I1N954,A0A0R0FTI5,0
K7K794,A0A0R4J5B7,0
A0A0R0L098,K7LK09,0
I1KLS4,I1K5B6,0
I1JVN0,I1K1W8,0
P46279,A0A0R0L7U5,0
I1K4D7,I1MNU1,0
A0A0R4J4C8,K7LSG2,0
I1NBE9,K7L2R0,0
I1M3Q3,K7MXE0,0
A0A0R4J354,Q43463,0
A0A0R0EI44,A0A0R0E934,0
I1L9A1,I1MNU1,0
I1LP18,K7LK09,0
I1M0C2,C6SZ70,0
C6T083,I1JVX3,0
I1JMT0,I1KLS1,0
I1LC01,K7M864,0
A0A0R0EYA9,K7KQZ8,0
M1FN39,A0A0R0IZY4,0
I1NDC0,I1K146,0
I1NJ79,A0A0R0GJV8,0
I1NJ79,A0A0R0JBV0,0
I1JHC2,I1LLS8,0
C6T567,P17093,0
K7K3W5,Q43463,0
I1N8Y6,K7KQZ8,0
I1MEZ1,I1MRP6,0
A0A0R0JES0,A0A0R4J426,0
A0A0R0J7Q5,K7LSJ2,0
I1M0C2,P62302,0
I1MRS5,I1J9I1,0
I1KRZ2,I1K642,0
I1JW64,K7L2D7,0
C6TEP1,I1JB64,0
I1JFF6,A0A0R0JTV5,0
C6TBQ2,I1MJJ9,0
I1LM73,K7LIE3,0
C6SZ22,K7KFY5,0
I1KLS4,K7KJB2,0
A0A0R0FNM4,I1LL05,0
H2D4C3,I1MEQ6,0
I1L1L2,C6SWS6,0
C6SXJ9,K7M846,0
I1MYX8,K7KES3,0
I1JHC2,I1KCY5,0
K7KEV0,I1K6E7,0
I1M0S4,I1NAF6,0
C6T0E4,A0A0R0IF42,0
I1M7B9,I1LVN3,0
C6TBN8,A0A0R0KWT5,0
I1JDH6,A0A0R0GBB6,0
I1JNK6,I1KCY5,0
I1LVX2,A0A0R4J4D0,0
K7MC09,I1LHS8,0
A0A0R0FSS2,I1MQC8,0
I1K3U2,K7MRF5,0
C6T3K0,K7LK09,0
I1KDB2,A0A0R0E934,0
I1N8M4,K7M6Z2,0
A0A0R0G6V6,A0A0R0HSH0,0
A0A0R4J3D2,I1MLF1,0
C6TG81,K7MMD7,0
I1J553,K7MNN5,0
I1NBQ2,I1NJ53,0
I1JNB0,I1KJD2,0
I1N4X7,C6T065,0
I1KPT1,I1KSD0,0
I1KQC7,I1JFW6,0
K7K9E1,I1NG45,0
I1JRL7,C6TIQ7,0
C6TNL5,A0A0R0FGT9,0
I1KLE1,I1K642,0
I1MNM3,A0A0R0GWH6,0
I1KC19,I1KD82,0
I1LMQ5,A0A0R4J5B7,0
C6T1P2,I1K1W8,0
I1L478,I1JV03,0
I1KQP3,I1N8M8,0
I1J4E1,I1NG45,0
A0A0R0K6F4,K7MRF5,0
I1N0U4,C6SW04,0
I1KNN1,K7MC85,0
C6T3K0,I1MLF1,0
K7LZZ5,K7LSJ2,0
I1LFQ4,I1K1W8,0
I1KRF9,I1K4R8,0
K7MWR1,A0A0R0K0K3,0
A0A0R0F2Z4,I1K115,0
A0A0R0FQN0,I1M1W3,0
K7LA18,K7LTB2,0
I1MIE5,I1MRP6,0
A0A0R0FSY2,A0A0R0JTV5,0
I1KCB7,I1K9J7,0
I1N9S5,I1M998,0
I1N8P5,I1N7F4,0
I1MNE4,A0A0R4J5C5,0
K7LVE4,C6SYE1,0
C6T7N2,C6T0A0,0
I1KHL6,A0A0R0EG78,0
I1K4D7,K7LLV5,0
I1KJ98,A0A0R0KE62,0
K7KLF0,A0A0R0G7I0,0
I1NBE9,I1KHJ4,0
A0A368UHC3,C6TIK0,0
I1KP31,A0A0R0FEN3,0
I1KB25,A0A0R0FGT9,0
K7KIU3,A0A0R0JT51,0
A0A0R0JES0,K7MNP5,0
C6SWM1,A0A0R0L828,0
I1KU09,A0A0R0IZY4,0
I1LYG4,I1M269,0
I1LMP2,C6TNW3,0
I1M4Y9,K7L9M2,0
I1MEN1,I1K9J7,0
C6SZY0,I1JFW6,0
I1LPD3,A0A0R0KWL0,0
I1LGB1,A0A0R0GFL3,0
I1N1X8,A0A0R0IZY4,0
K7MCH3,I1KZY8,0
A0A368UHC3,A0A0R0IT62,0
I1K3P0,I1NG45,0
C6T3G1,A0A0R0KVY6,0
I1LFQ4,I1KUB2,0
I1MRS5,A0A0R0EYS5,0
I1MHS1,I1LXQ3,0
I1KU09,K7M846,0
I1MGG3,A0A0R0IT62,0
I1MVK7,I1LM96,0
I1MSD9,I1JYT2,0
C6TEP1,A0A0R0JTV5,0
I1MVK7,I1KUB2,0
I1MT74,A0A0R4J2Y1,0
I1MIE5,I1K970,0
K7MAP3,I1JHJ0,0
K7L9V3,I1N780,0
A0A0R0H2V0,C6TD23,0
A0A0R0GE84,I1K215,0
P46279,A0A0R0KVY6,0
I1LPC3,I1LEC4,0
C6SVH9,I1KSL6,0
I1JAF7,I1LEC4,0
I1KTS9,A0A0R0FM97,0
I1M2R5,C6SZQ0,0
I1JML1,K7LTB2,0
I1JBJ2,I1JAH7,0
I1MTH0,C6TGZ1,0
I1KVL0,I1K970,0
I1K3U2,K7M466,0
I1KGN6,I1M1W3,0
I1KJW4,Q2PMR3,0
K7MZ38,I1LWZ0,0
I1M717,A0A0R0FB78,0
O48548,I1LL05,0
C6TKL8,C6SZG1,0
I1M7C7,A0A0R0IZY4,0
I1KFI5,I1KHJ4,0
C6T968,A0A0R4J4H3,0
I1L219,K7MMD7,0
I1M3Q3,C6TK73,0
K7MCH3,K7M6Z2,0
A0A0R0KTM7,K7MC85,0
A0A0R0F2G6,I1NIE5,0
I1MUC0,A0A0R0K7U0,0
I1KJ98,I1LLK1,0
A0A0R0GYG1,I1LWZ0,0
I1MHS1,A0A0R4J426,0
I1MWP7,A0A0R0ENB3,0
C6TC92,I1NAJ5,0
I1KGU0,A0A0R0GFM7,0
A0A368UHG0,K7MMD7,0
A0A0R0HHZ3,A0A0R0KPE1,0
K7LKS0,K7N145,0
I1N9E1,A0A0R0FJR0,0
I1K8C1,I1MNU2,0
A0A0R0EYA9,K7LNG6,0
A0A0R0JLD5,I1L332,0
K7M787,I1LR48,0
I1M6L1,I1L171,0
I1M3V1,I1N761,0
K7MST2,I1MF50,0
I1KIY3,C6T0A0,0
C6TG81,I1LHS8,0
K7LUF9,K7M9T4,0
A0A0R0FEN9,I1K215,0
I1LZ09,C6T0A0,0
K7K2H1,A0A0R0GAQ8,0
I1MBA2,A0A0R4J5C5,0
I1KPU4,I1LM96,0
I1N954,I1K3X9,0
A0A0R0F7J9,A0A0R0EKI7,0
I1JY67,I1LUL2,0
K7MXS9,C6SZQ0,0
I1KVS3,C6T065,0
K7K676,K7M4E0,0
A0A0R0FX46,I1MGG7,0
K7MNC0,A0A0R0JT51,0
I1KEG8,K7KES1,0
A0A0R0FNM4,A0A0R0ENB3,0
I1JFN0,A0A0R0JBL2,0
I1MWF0,I1JB64,0
I1KBM7,I1MRP6,0
I1L6W0,K7LSG2,0
I1JV48,P62302,0
I1JNV3,I1JMK4,0
I1LZ09,I1MGG7,0
K7MPL4,I1L332,0
I1JUR7,I1N8M8,0
K7MPL4,K7M864,0
I1JG98,C6T0A0,0
A0A0R0L372,K7MXE0,0
A0A0R0I0B9,A0A0R0EYS5,0
K7N0X7,P17093,0
C6SWM1,A0A0R0GPH9,0
A0A0R0LA89,I1NIE5,0
K7M5I5,P62302,0
I1JHC2,A0A0R0GUR9,0
I1JIW3,C6TJM4,0
A0A0R0L7S1,A0A0R0KPE1,0
I1JE38,A0A0R0GWH6,0
I1NCS8,K7M849,0
A0A0R0FX70,I1KEC8,0
I1KV60,A0A0R0H141,0
C6T084,I1KJD2,0
I1K620,I1MLF1,0
C6SYQ2,K7KVK2,0
C6TNX5,K7M466,0
K7KE09,A0A0R0G7I0,0
A0A0R0L372,I1JAH7,0
K7MD28,I1N898,0
A0A0R0IGP2,C6TBL4,0
I1LS70,A0A0R0GG06,0
A0A0R0L115,A0A0R0EDS9,0
C6SWA0,I1K115,0
I1KBL4,I1LH18,0
I1MY33,I1JE09,0
I1KQE8,I1LUE0,0
M1FIU8,A0A0R0GG06,0
I1MY72,C6T5U0,0
K7MMR4,K7N0V8,0
I1MBW8,K7M592,0
K7K553,I1JD36,0
I1N8Q6,K7KES1,0
K7MC09,K7M864,0
A0A0R0I1I4,Q2PMR3,0
K7LVE4,C6SW04,0
I1MQD0,I1MNU2,0
I1KX98,C6SW04,0
A0A0R0GYG1,I1NCV4,0
C6TG81,I1MJJ9,0
I1LD74,I1MVC6,0
I1MY72,K7M592,0
C6TAW8,A0A0R0EG78,0
I1LH11,P17093,0
Q2PMT2,K7MMD7,0
I1KNN1,K7LTB2,0
I1LA00,K7MQG6,0
I1N7K6,I1JD36,0
C6SZL0,P62302,0
I1MVE9,Q43463,0
A0A0R0HXE9,I1M269,0
K7KTT9,I1LHS8,0
I1MTZ8,C6SZ70,0
C6T567,I1LH27,0
I1JR41,A0A0R0JYX3,0
I1JV48,A0A0R4J4D0,0
K7L9V3,A0A0R0HV63,0
I1LYG4,I1K3X9,0
K7LJF6,I1MZV4,0
A0A0R0JYY8,I1KJF2,0
I1MGG3,A0A0R0HSA0,0
I1LDY7,C6T4V3,0
K7MTC4,A0A0R0IR73,0
I1KJL3,K7LK09,0
I1LJI8,I1KCY5,0
A0A0R0L2U1,I1KUB2,0
I1KYS6,K7MXH5,0
I1KTL9,I1MK72,0
M1FIU8,A0A0R0JBL2,0
I1LBV2,I1M225,0
I1KPQ8,K7L6K2,0
C6TD73,I1MLF1,0
K7L9V3,A0A0R0JTV5,0
I1JI73,I1NAF6,0
A0A0R0E3E6,A0A0R0GWH6,0
I1MVK7,K7MNN5,0
I1JNV3,K7MQG6,0
I1JE93,A0A0R0FTI5,0
I1JI73,I1M269,0
I1K7J4,I1MRP6,0
I1MRY0,I1MGG7,0
A0A0R0IHF9,A0A0R0JYX3,0
I1LZT5,C6TD23,0
A0A0R0EZ39,K7KH93,0
C6SVF8,I1MNU2,0
Q2PMS6,O22518,0
Q2PMU2,A0A0R0FXD4,0
I1JXB4,C6TIQ7,0
C6T0U3,I1MTV9,0
A0A0R0KJP6,A0A0R0L5Q1,0
C6SVV7,A0A0R0JYX3,0
I1MEZ1,A0A0R0FXD4,0
I1KYF8,A0A0R0JT51,0
K7M2D8,I1L9K4,0
I1L3P6,I1NCF6,0
A0A0R4J3Y6,A0A0R4J384,0
C6SWM1,I1MPJ4,0
A0A0R0ESI3,K7M6Z2,0
I1LZW4,A0A0R0GJV8,0
I1M7V7,I1JM18,0
I1MU29,I1KEC8,0
I1MNM3,C6TGA9,0
I1MJM9,I1JK31,0
I1L412,A0A0R0G7I0,0
C6TNX5,K7MM40,0
K7KKB2,A0A0R0JQJ0,0
P09755,I1K9J7,0
I1LR08,I1KZ09,0
I1KEG8,I1LUE0,0
I1J9J7,C6TN69,0
A0A0R0KCY1,K7MNP5,0
K7KCG5,I1KEC8,0
I1K911,K7N5K2,0
I1L5Z7,I1MK72,0
I1M0S4,I1LY15,0
C6SWI3,C6T2G5,0
A0A0R0JKU3,C6TIK0,0
K7MMF4,K7KNC5,0
I1LJW2,K7LY43,0
I1MP46,I1KVC1,0
I1JDP3,C6TN69,0
I1LUL7,K7KVK2,0
C6TFR5,Q43463,0
C6T8R7,A0A0R0GUR9,0
I1N0I7,I1KVC1,0
A0A0R0G3G4,K7L2D7,0
I1L1N3,K7KNC5,0
A0A0R0I8Z5,K7MNP5,0
K7K2H1,A0A0R0EDS9,0
I1L690,K7KJB2,0
I1JE38,A0A0R0KVY6,0
C6TGR3,K7L939,0
A0A0R0LB39,C6TCH4,0
I1JNK6,I1MZV0,0
I1JKP1,A0A0R0FGT9,0
K7K415,C6T4V3,0
A0A0R0F2Z4,I1NIE5,0
I1NF54,A0A0R0FER5,0
K7MXS9,I1KFL5,0
I1LR08,A0A0R4J4D0,0
A0A0R0FNV7,K7MM40,0
I1KVS3,I1KHJ4,0
I1N954,I1JMZ7,0
I1L5Z7,C6TJ17,0
K7K794,C6T4V3,0
I1KCH6,A0A0R4J5C5,0
K7LQ96,A0A0R0HCS6,0
K7MTC4,I1NG45,0
I1MC26,K7LNG6,0
K7L9V3,I1NCV4,0
C6SYA3,I1JMK4,0
A0A0R4J354,I1K5K7,0
C6TL77,I1MEQ6,0
I1LJ93,A0A0R0KWT5,0
K7K415,I1L9K4,0
I1KYS6,K7N129,0
A0A0R0JG07,A0A0R4J384,0
I1N9S5,M1FN34,0
I1N9E1,I1LY15,0
I1LDA7,K7KVK2,0
I1M0C3,C6T2G5,0
I1JYG6,I1MF50,0
I1LUF0,K7LK09,0
I1LMP2,C6T2G5,0
I1M6L1,K7MQG6,0
I1M9T4,I1MU00,0
I1LIH7,A0A0R0GPH9,0
C6TMM7,A0A0R0IT62,0
I1MYX8,A0A0R0JJI0,0
I1JY67,A0A0R0E934,0
I1JUR7,I1MNU1,0
I1M0C2,A0A0R0H141,0
I1LDA7,P17093,0
I1K725,I1LUE0,0
A0A0R0I0B9,A0A0R0IZY4,0
C6SW43,C6T065,0
A0A0R0KXY9,K7N1T9,0
A0A0R0EI44,K7KVK2,0
I1KKD9,A0A0R0KVY6,0
I1K4U3,A0A0R0KWL0,0
K7KDA5,I1MNS7,0
C6TFN5,K7N5K2,0
K7KGJ8,K7LSJ2,0
A0A0R0L115,K7KTS8,0
I1K620,A0A0R4J4C5,0
A0A0R4J2K3,A0A0R0H141,0
K7M097,I1K115,0
I1M7B9,I1JA95,0
I1L1S1,K7LNG6,0
I1JT85,I1J9I1,0
I1NDC0,I1K5B6,0
C6SXP5,K7LY43,0
K7KFV5,I1KZK2,0
K7M5W5,I1MJJ9,0
I1JFN0,I1MU00,0
A0A0R0K0L0,I1K5K7,0
A0A0R0G2B9,I1M1W3,0
I1LAR7,A0A0R0ESZ8,0
I1KVS3,I1JMH3,0
I1M757,C6SZG1,0
I1LHR1,I1LUE0,0
K7MC09,I1NG45,0
I1KFU0,A0A0R0E934,0
I1LVX2,I1JAH7,0
I1LIS4,A0A0R0K6I2,0
I1N439,I1JD36,0
K7LRU2,C6TGZ1,0
I1KTD4,K7LSG2,0
K7MXS9,I1NCF8,0
K7MCD1,A0A0R0FER5,0
I1J6B5,A0A0R0JBL2,0
K7KGC2,I1MW51,0
A0A0R0JZD5,K7N1L5,0
I1L478,K7M592,0
I1MWF0,A0A0R0FZM4,0
I1MNV4,K7LIE3,0
I1L524,C6SWS6,0
A0A0R0HSV1,A0A0R0JTV5,0
K7MPL4,I1NAJ5,0
C6TEP1,M1FN34,0
I1N0I7,A0A0R4J5C5,0
A0A0R0FJF0,K7LTR0,0
I1JQR6,C6T2G5,0
I1N3M5,I1KH38,0
C6T7N2,K7KK74,0
A0A0R4J2N2,A0A0R4J5B7,0
I1LZT5,I1NC50,0
I1MVK7,I1K1W8,0
K7LSH9,I1MJJ9,0
I1JHC2,I1MRP6,0
I1MEZ1,I1JMK4,0
O48901,I1K4R8,0
I1MY72,I1LW00,0
C6SYF3,I1L2H4,0
I1MNV4,I1KQE3,0
I1J5B0,I1JMK4,0
I1L8G3,A0A0R0GJV8,0
A0A0R0JLD5,K7M592,0
K7L1D3,I1MRI5,0
I1LIR4,A0A0R0L5Q1,0
I1N5E8,A0A0R0EDS9,0
A0A0R0KNS7,C6TGZ1,0
A0A0R0KCY1,A0A0R0HSA0,0
A0A0R0H296,A0A0R0FGT9,0
A0A0R0F7J9,I1K9J7,0
C6T8L7,A0A0R0E934,0
C6T5Z0,K7KW44,0
A0A368UJ64,I1MEQ6,0
I1LJI8,A0A0R0E934,0
I1KQG7,A0A0R4J5B7,0
A0A0R0K6F4,I1LGD6,0
C6TKZ4,I1MNS7,0
I1K4U3,K7KVK2,0
A0A0R0FYN8,I1MTV9,0
I1LKU1,I1NCF6,0
I1KV60,I1KHJ4,0
I1JU70,I1KLS1,0
I1MVG5,Q2PMR3,0
A0A0R0JJ98,A0A0R0IR73,0
I1LUI7,C6T065,0
I1L412,I1KH38,0
C6TLT3,A0A0R0GJV8,0
I1M7C1,I1N7F4,0
I1LC20,A0A0R0H141,0
K7KGC2,I1L7G4,0
I1MLH9,I1JD07,0
I1M7V7,I1JB64,0
I1LHY4,I1JM18,0
I1KQG7,I1N5D5,0
A0A0R0FJF0,I1K2I1,0
I1K5G1,I1L7G4,0
I1M2R5,K7MC85,0
I1KXG2,I1K4R8,0
A0A0R0K6F4,C6T5U0,0
I1M757,I1JMH3,0
C6T8L7,I1L171,0
I1L5H8,A0A0R4J488,0
I1K5H2,I1JA95,0
I1L478,A0A0R0JQJ0,0
K7KP66,K7N5K2,0
K7KZ42,A0A0R0GBB6,0
I1KBL4,A0A0R4J488,0
A0A0R0L098,I1NC50,0
K7K553,I1NJ53,0
C6SWL3,C6TFX5,0
A0A0R0L8Y1,I1MU00,0
K7LWN2,K7MC85,0
I1JUR7,I1NG45,0
I1M0C3,I1J4B5,0
C6T2L5,I1MF50,0
A0A0R0IHF9,A0A0R0JQJ0,0
I1JHC2,I1MZV0,0
C6SWL3,A0A0R0GJV8,0
I1JZC3,Q43463,0
I1JIW3,A0A0R0L7U5,0
C6T0E4,I1NAF6,0
Q2PMU2,I1MZV4,0
I1N0W9,K7MFE5,0
A0A0R0HN81,I1MNV2,0
I1N0U4,A0A0R0L0E7,0
I1LZT5,I1JA95,0
A0A0R0JYB5,I1L171,0
C6SXM9,I1NJ53,0
I1LM73,I1MEF5,0
I1M7C1,K7LIE3,0
I1JV48,I1KFL5,0
A0A368UHG0,C6TJM4,0
A0A0R0FNM4,I1MK72,0
I1J9W0,I1NJ53,0
I1KRD4,A0A0R4J2Y1,0
C6T083,A0A0R4J4H3,0
I1KLE1,C6TK73,0
K7M142,K7M6Z2,0
I1KR80,K7KES1,0
K7LW22,I1KH38,0
I1K9P1,C6T5U0,0
C6SWZ1,I1NCV4,0
C6SVV7,K7LNG6,0
I1MIE5,A0A0R4J4C3,0
I1KIB3,I1NC50,0
K7KYY0,K7MFZ6,0
I1KBL4,A0A0R0L0E7,0
A0A0R0F2Z4,A0A0R0GBB6,0
C6TG99,I1N761,0
A0A0R0FQN0,I1LM96,0
C6T2Y4,C6TIQ7,0
A0A0R0FEI0,K7N0V8,0
I1KAJ2,I1N5D5,0
C6SYA3,K7M841,0
C6SXF5,I1L171,0
K7KFV5,I1MLF1,0
I1MNU7,I1M225,0
C6TFN5,I1MRP6,0
C6TNL5,I1N7F4,0
A0A0R0FEN9,I1KSL6,0
A0A0R0JKU3,A0A0R4J5C5,0
I1LUI7,I1M277,0
I1KQP3,A0A0R0L828,0
C6SWG4,I1MEQ6,0
I1JUJ6,K7N0V8,0
K7L1D3,A0A0R0KWL0,0
I1MNK0,I1MSN3,0
I1LJA4,I1LPJ8,0
K7L3P2,I1L3P5,0
C6TG91,I1L7G4,0
C6TLT3,A0A0R0JBL2,0
I1MEZ1,I1KJF2,0
I1MHA4,I1JC65,0
I1KBL4,K7MYK9,0
A0A0R0FX70,I1LPW2,0
I1LZM7,I1MVC6,0
A0A0R4J2K3,C6TN69,0
I1K2J5,A0A0R0K6I2,0
A0A0R0LB39,A0A0R4J5K6,0
I1M3Q8,K7MM40,0
C6T507,A0A0R0KVY6,0
A0A368UH03,I1K467,0
I1K620,O22518,0
I1LC01,K7M6J1,0
I1KQG0,I1K2I1,0
I1K7J4,K7LTB2,0
I1KJ56,I1LPK5,0
I1JE83,I1KZY8,0
K7M2D8,A0A0R0FXD4,0
P07506,I1MSN3,0
K7N0X7,C6TGA9,0
K7KP66,K7MRF5,0
I1KJ56,M1FN34,0
I1KY58,C6T5U0,0
I1K096,I1KSL6,0
I1K912,C6SZQ0,0
A0A0R0E907,A0A0R0FM97,0
C6TKL8,A0A0R0GFM7,0
I1JVU8,I1MNS7,0
I1NDG6,I1MC28,0
K7LEG0,A0A0R4J4C3,0
I1J4E1,I1LVN3,0
A0A0R0ESI3,C6T2G5,0
A0A0R0JES0,A0A0R0GUR9,0
I1MT74,I1M998,0
A0A0R0EU45,I1MTV9,0
C6SWL3,C6TIK0,0
A0A0R0J2L9,I1MK72,0
I1K9B8,A1YZE0,0
I1KYF8,A0A0R4J4H3,0
I1L6W0,A0A0R0H141,0
I1LMP2,K7M466,0
A0A0R0K5X4,K7M864,0
C6TNX5,K7N145,0
I1LS70,I1JMH3,0
A0A0R0FYN8,A0A0R0FGT9,0
I1J870,I1NG45,0
I1LZ09,A0A0R0K7U0,0
I1M3U2,C6TNW3,0
A0A0R0F2G6,K7KVK2,0
I1JKS2,I1KCY5,0
I1JFS9,K7L4N7,0
C6T7N2,K7L2D7,0
A0A0R0H9H8,I1JHJ0,0
I1LS70,A0A0R0EG78,0
A0A0R0FSS2,C6SYE1,0
I1L8L5,A0A0R0JBV0,0
I1LGB1,A0A0R0GWH6,0
K7MGK0,I1M5B6,0
I1J9W0,I1N780,0
A0A0R0L372,K7M466,0
I1LC20,I1MTV9,0
I1J7S6,K7L9M2,0
I1KYD6,I1MQC8,0
I1K650,A0A0R0F214,0
I1MK96,C6TN69,0
I1M7B9,I1LR48,0
K7KLF0,K7MYK9,0
C6TG99,I1L3P5,0
C6TMM7,K7N145,0
K7K415,M1FN34,0
I1JRA0,I1MEF5,0
A0A0R0J2L9,I1KD82,0
I1KZW4,A0A0R0GG06,0
I1JW64,A0A0R4J426,0
C6T883,K7M4E0,0
K7MZP6,I1NG45,0
A0A0R0G342,I1JMH3,0
K7K1Z2,I1KUB2,0
I1N9I5,C6TIQ7,0
A0A0R0GBL8,K7N129,0
K7LTQ1,I1KM19,0
I1MU29,I1JRJ3,0
C6T968,I1J8C9,0
K7MMR4,A0A0R0GG06,0
I1KY58,I1JK31,0
I1KQP3,I1MRP6,0
I1LLA9,K7KQZ8,0
I1MLZ0,I1LL05,0
A0A0R0KCY1,C6T5R4,0
C6SVH9,K7KWE4,0
C6SZ22,I1JV03,0
K7M5W5,I1LW00,0
C6SVH9,K7KQZ8,0
I1KYS6,I1KMS8,0
I1M7C1,I1LPK5,0
I1KTS9,I1MRI5,0
I1MJM9,I1JD52,0
I1JBJ2,I1MW51,0
K7LKS0,C6SZG1,0
A0A0R0E3E6,I1NAJ5,0
I1M5E2,I1LUE0,0
I1NIJ9,I1JB64,0
K7KEV0,K7LK09,0
I1M4P0,A0A0R4J4C3,0
I1JQR6,A0A0R0GPH9,0
I1LLA9,K7LTB2,0
I1MSC6,K7LSG2,0
K7KNJ6,C6TGZ1,0
I1L5Z7,I1M3W1,0
I1MEF8,A0A0R0L4P0,0
I1N5E8,A0A0R0IR73,0
I1JIP5,C6TK73,0
K7MWR1,I1M269,0
A0A0R0J2L9,K7M846,0
A0A368UHE3,I1LIA8,0
K7MMR4,K7N145,0
I1JT85,K7N145,0
A0A368UH03,K7KK86,0
I1MSC6,K7MNN5,0
K7KP67,I1MJJ9,0
I1NH73,I1LUL2,0
I1K0C4,C6TJ17,0
A0A0R0LA89,I1M3W1,0
I1JTE4,I1JHJ0,0
A0A0R0I1I4,A0A0R0IZY4,0
K7KLI7,I1MVC6,0
I1MHH7,K7M864,0
K7LWI3,A0A0R0GFM7,0
I1MY72,I1JB64,0
I1LVX2,K7M466,0
K7M5W5,K7MNP5,0
K7MZP6,I1MGG7,0
I1L1N3,K7L9M2,0
I1KAJ2,K7KH93,0
K7M142,A1YZE0,0
K7KLF0,I1K6E7,0
H2D4C3,I1KSL6,0
A0A0R0INQ5,A0A0R0EKI7,0
A0A0R0J7J3,C6TD23,0
C6SYA3,A0A0R0EYS5,0
I1KBB6,A0A0R0EG78,0
A0A0R0KNS7,I1MNS7,0
I1LDA7,I1KZK2,0
I1JDR2,I1MNU1,0
K7MD28,I1L171,0
K7LUF9,I1J547,0
I1MC26,A0A0R0EUJ0,0
I1JMZ3,K7L7W0,0
Q2TFP1,K7LSJ2,0
I1KYD6,K7L7W0,0
A5Z2K3,A0A0R0GS25,0
I1MNE4,I1L2H4,0
I1M0C3,K7MRF5,0
I1N9S5,I1KSD0,0
A0A0R0KCV3,A0A0R0GJV8,0
A0A0R0L098,I1MSN3,0
M1FN39,A0A0R0IF42,0
K7MI53,K7KAB4,0
C6SYQ2,I1LH27,0
I1NH73,K7LFD7,0
I1NBQ2,I1KQE3,0
I1LKU1,A0A0R4J5C5,0
I1K2Z9,A0A0R0JBV0,0
I1L6W0,C6T4V3,0
K7KEV0,I1LY15,0
I1KPA1,I1JYT2,0
I1JM69,I1M277,0
I1NJ79,K7LSG2,0
K7M787,I1MC28,0
I1LDA7,K7LFD7,0
C6TKL8,K7MFZ6,0
K7N5D4,I1NAF6,0
I1MUN3,A0A0R0JT51,0
I1J6B5,I1LII4,0
I1JVN0,A0A0R0E934,0
A0A368UHE3,A0A0R0FTI5,0
I1MRY0,I1KUS2,0
A0A0R0G2B9,A0A0R0GJV8,0
K7K676,I1LL05,0
I1LZM7,K7LY43,0
I1KC19,C6TBL4,0
I1JWH5,A0A0R0GWH6,0
K7MGK0,A0A0R0IR73,0
I1KB25,I1MRP6,0
I1JTW0,A0A0R0EWR2,0
I1KUP5,I1L2H4,0
I1JXB4,K7M592,0
I1L412,K7MYK9,0
A0A0R0KE73,I1LIT1,0
I1MUN3,K7KWE4,0
I1KPA1,I1NCF8,0
C6SWM1,K7M6Z2,0
I1K0C4,I1N8M8,0
K7MVB9,I1MNU1,0
I1KRD4,K7KW44,0
A0A0R0KXY9,I1L9K4,0
I1MFH3,I1KM19,0
I1M3V1,I1LR48,0
I1JHC2,C6SZG1,0
I1K3P0,C6TNW3,0
I1KVL0,I1KSL6,0
I1M4P0,I1JV03,0
I1LPJ3,I1LLS8,0
I1KKD9,I1L332,0
C6SXJ9,I1LM96,0
I1N9I5,K7L9M2,0
I1KLS4,A0A0R0JQJ0,0
I1K5H2,K7KJB2,0
I1MVE9,K7K8Y9,0
C6T2Y4,A0A0R0G7B5,0
I1JWF0,I1MNV2,0
I1K9P1,A0A0R0JYX3,0
C6T3G1,I1M225,0
C6SWI9,K7KAB4,0
A0A368UHC3,A0A0R0L5Q1,0
A0A0R0E3E6,I1JA95,0
I1M100,I1J8W6,0
K7M787,I1K215,0
K7KP67,A0A0R0K6I2,0
I1KYS6,I1K5B6,0
K7LXT7,I1LHS8,0
I1KS36,I1MVC6,0
I1JUJ8,I1JD36,0
O48901,I1MNU1,0
I1JWF0,I1MSN3,0
I1MK36,K7N1L5,0
K7LKS0,I1KLS1,0
I1M3V1,I1MRI5,0
I1JL13,I1KAD1,0
C6SY99,I1KZK2,0
I1M7C7,C6SW04,0
I1LH11,A0A0R4J4D0,0
I1JUT9,I1K115,0
K7M5W5,A0A0R0HSA0,0
I1NJ79,A0A0R0K6I2,0
K7KDX2,I1KUB2,0
I1JE93,K7N145,0
I1L1S1,I1KPE7,0
C6T8R7,I1MTV9,0
I1MFH3,K7K8K7,0
I1J553,I1JHJ0,0
I1LD74,K7L2R0,0
I1MNM3,A0A0R4J426,0
I1JP52,K7LY43,0
I1N3M5,O22518,0
C6TG81,A0A0R0EJV2,0
I1L8G3,C6TK73,0
I1JVP4,C6TN69,0
A0A0R0GBL8,K7LSG2,0
I1JNV3,A0A0R0GFM7,0
I1MY43,I1M225,0
I1M5E2,C6T5R4,0
I1JFF6,I1KM19,0
C6T567,I1MU00,0
Q2PMU0,I1M1D5,0
C6SYR1,I1LUE0,0
I1M4Y9,I1KUS2,0
I1KTD4,I1N780,0
I1K2J5,I1K215,0
I1KDB2,A0A0R0L7U5,0
C6T968,K7L6N7,0
A0A0R0GJ85,I1L9K4,0
I1MWP7,I1J8C9,0
I1LIS4,A0A0R0F214,0
K7M097,K7KQZ8,0
I1KQ68,K7KTS8,0
I1LC20,A0A0R0F214,0
A0A0R0GE56,I1NC50,0
I1N8M4,P17093,0
I1KYF8,I1K467,0
I1JE83,I1LPJ8,0
I1KFI5,A0A0R4J4D0,0
I1LY25,I1LIU7,0
K7LDR8,K7KQZ8,0
K7LWN2,I1KJD2,0
A0A0R0GZZ6,I1NAF6,0
C6TKL8,K7MNN5,0
K7LGW1,I1MQC8,0
I1JTE4,I1KM19,0
C6T1P2,A0A0R0GBB6,0
A0A0R0JLD5,A0A0R0GAQ8,0
K7KY63,K7MM40,0
I1KAJ2,I1KUB2,0
A0A0R0F7J9,K7N0V8,0
C6SXJ9,K7KW44,0
I1NCS8,A0A0R4J2Q5,0
K7L3P2,I1KZ09,0
I1JVN0,K7L9M2,0
I1JMZ3,A0A0R0K7U0,0
I1LFW0,I1KUB2,0
C6T2Z2,K7LQV0,0
K7LZZ5,K7K8K7,0
A0A368UHC3,Q2PMR3,0
I1N8P5,A0A0R0JQJ0,0
I1LC01,K7KW44,0
K7K553,I1LFD2,0
C6T2L5,I1MNU2,0
A0A0R4J3N1,K7MFE5,0
I1NGL5,K7MYK9,0
A0A0R0I1I4,I1MU00,0
C6SY81,I1MSN3,0
I1MBA2,A0A0R0GFH3,0
K7KKB2,A0A0R0L5Q1,0
C6SXJ9,I1KJF2,0
A0A0R0FEI0,A0A0R0L5Q1,0
I1KU09,K7M592,0
C6SW69,C6SZG1,0
C6TNX5,C6T5R4,0
K7LEG0,I1LPK5,0
I1KB25,K7M6I1,0
I1N9I5,I1LM96,0
A0A0R0JKU3,A0A0R0G7B5,0
I1M7V7,C6TBL4,0
I1MEF8,C6TBL4,0
A0A0R0H2V0,K7LFD7,0
K7MMR4,K7LY43,0
I1JE38,I1KVC1,0
K7LVE4,I1MTV9,0
A0A368UJ64,K7LNG6,0
K7LWC5,I1J8W6,0
A0A0R0G3G4,K7M846,0
K7K676,A0A0R0GG06,0
I1KCH6,M1FN34,0
P07506,I1MGG7,0
I1LHR1,K7K4C7,0
I1NH73,I1L332,0
Q2PMU0,I1MVC6,0
Q2PMU0,C6TIK0,0
H2D4C3,I1KYL4,0
I1NHQ1,A0A0R0GUR9,0
I1KQ68,I1K3X9,0
A0A0R4J2K3,A0A0R0L0E7,0
K7KPJ4,A0A0R0IT62,0
K7MTC4,I1K5B6,0
I1JNK6,I1L9K4,0
K7MI53,K7M4E0,0
I1M5E2,C6TNW3,0
I1K8C1,O22518,0
I1JV48,A0A0R0GG06,0
C6T426,I1LWZ0,0
I1MNV4,C6T5R4,0
I1LKU1,A1YZE0,0
I1LYN0,I1KTI0,0
I1JAF7,C6SZG1,0
I1LD74,K7M9T4,0
A0A0R0GE56,I1KZK2,0
K7KDX2,A0A0R4J4D0,0
C6TLV6,K7N1L5,0
I1J4E1,I1KAR1,0
I1KUT8,K7LIE3,0
C6T8L7,I1N780,0
A0A0R0GE84,I1JM18,0
I1KTD4,A0A0R4J2Y1,0
I1KXG2,K7LHS7,0
K7MST2,I1NC50,0
C6TNL5,I1JRV0,0
I1NGD2,I1M1W3,0
I1KPT1,C6TN69,0
P07506,A0A0R0KWT5,0
I1KVX9,I1MU00,0
I1JNK6,I1LUE0,0
I1KQC7,C6TGZ1,0
I1LPD3,I1MNU2,0
I1NGL5,A0A0R0IZY4,0
I1MTZ8,I1JAH7,0
I1JDP3,C6T5U0,0
C6T2Z2,I1MC28,0
I1KQE8,A0A0R0FGT9,0
K7LRU2,I1KPE7,0
I1KVX9,K7M846,0
I1JKS2,I1KXK6,0
A0A0R0F2Z4,K7LTR0,0
I1JDH6,A1YZE0,0
I1JUJ6,I1JVX3,0
K7LIW2,I1JM18,0
I1JXB4,A0A0R4J488,0
I1M3Q8,I1MVC6,0
A0A0R0LA89,K7N0V8,0
I1K5G1,A0A0R0L5Q1,0
I1LZ09,K7MQG6,0
C6TFR5,I1KH38,0
K7MWR1,I1JVX3,0
I1MIE5,I1JVX3,0
Q2PMQ9,A0A0R0EUJ0,0
I1KB25,K7M849,0
K7M4N3,K7M4E0,0
K7MPL4,A0A0R0FJR0,0
I1MK36,I1KQE3,0
I1NF54,I1JRJ3,0
I1JV48,I1MNU2,0
I1LFQ4,I1J9I1,0
I1MLH9,C6TD23,0
A0A0R0F077,I1KEC8,0
I1MHS1,I1JUQ0,0
A0A0R4J3R4,I1NJ53,0
I1KCH6,I1KAD1,0
I1M7B9,K7N129,0
I1N4X7,A0A0R0ESZ8,0
I1JUR7,A0A0R0ESZ8,0
A0A0R0FSS2,I1JUQ6,0
A0A0R0G5A8,K7M6R4,0
A0A0R0KCY1,K7MMD7,0
I1KZW4,I1K467,0
I1NC77,I1K1W8,0
A0A0R4J389,I1LH27,0
I1LPZ3,K7MNP5,0
C6TMM7,K7M6I1,0
I1NF12,A0A0R0GAQ8,0
I1L0M6,I1JC65,0
K7KY63,I1JRJ3,0
I1LGQ1,A0A0R0KE62,0
I1L3P6,I1K1W8,0
I1MU29,K7LHS7,0
C6T0E4,C6TN69,0
A0A0R0KFE8,K7K8K7,0
K7M1G4,C6SW04,0
I1L4B6,A0A0R0K7U0,0
A0A368UHE3,A0A0R0ESZ8,0
K7MVB9,I1JD52,0
Q2PMT2,I1KH38,0
K7K794,I1LL05,0
I1KVS3,I1JM18,0
I1LIR4,A0A0R0ENB3,0
C6TKL8,A0A0R0FTI5,0
A0A0R0F0T6,I1MNS7,0
I1LKU1,A0A0R0GBB6,0
I1N1V6,K7KK74,0
Q2PMS6,A0A0R0GFM7,0
I1NBE9,A0A0R4J2Y1,0
I1JV48,C6SYE1,0
I1L1N3,A0A0R0HSA0,0
I1KHL6,I1M269,0
A0A0R0K0L0,C6T065,0
I1JXQ3,A0A0R0GAQ8,0
I1KVX9,K7MGQ2,0
I1MLH9,I1MZV4,0
C6SWD4,A0A0R0L7U5,0
K7M787,I1LH18,0
I1KJH7,I1K467,0
I1MFH3,A0A0R0IF42,0
A0A0R0FX46,I1JD07,0
K7L395,K7KFY5,0
I1L8S1,K7LSG2,0
I1JYG6,C6T5R4,0
I1JKS2,I1JE09,0
K7N5D4,A0A0R0JYX3,0
I1MZ32,A0A0R4J488,0
I1MM64,I1MZV4,0
I1JYG6,I1KLS1,0
I1J9J7,K7LIE3,0
I1KZJ7,I1MEF5,0
C6TE07,I1NJ53,0
I1NHI4,A0A0R0KVY6,0
I1KD09,I1K4R8,0
C6SVF8,I1MRI5,0
K7K8U8,K7KK86,0
C6SY81,I1KEC8,0
I1LIS4,A0A0R0FX75,0
K7KDA5,K7N129,0
I1JKS2,C6TNW3,0
K7KLF0,K7N1L5,0
K7LA18,A0A0R0KPE1,0
C6SWM1,A0A0R0GFL3,0
K7K553,A0A0R0E934,0
Q2PMS6,I1MZV0,0
I1KR80,I1KHJ4,0
I1JYG7,K7L6N7,0
C6TAF0,A0A0R0EUJ0,0
K7N3F6,I1MLJ0,0
A0A0R0K5X4,K7KTS8,0
I1KH45,I1MRP6,0
I1M3V1,A0A0R0ESZ8,0
I1KQG0,K7LHS7,0
A0A0R0I0B9,I1KZY8,0
I1N6Z0,I1JRJ3,0
I1NH98,I1MSN3,0
P46279,P17093,0
A0A0R0GRI6,K7N145,0
K7MRX6,A0A0R0GFM7,0
A0A0R0EFE2,I1JMZ7,0
A0A0R0FJF0,A0A0R4J488,0
I1N056,I1KQE3,0
I1JAF7,K7KJB2,0
A0A0R0KXY9,K7KVK2,0
A0A0R4J354,A0A0R4J5B7,0
I1JUR7,K7M846,0
K7K676,I1JUQ0,0
A0A0R0HXE9,I1LH27,0
A0A0R0ET54,I1LG13,0
C6SYQ2,K7MYK9,0
C6SZM2,I1KZK2,0
I1MGG3,I1LPW2,0
C6SYF3,A0A0R0FTI5,0
I1KQP3,K7MFE5,0
I1KBM7,A0A0R0KVY6,0
K7MTC4,A0A0R0FEN3,0
I1MK36,K7MRF5,0
I1KQG0,A0A0R0K6I2,0
C6SY81,I1K4R8,0
C6TFR5,K7LIE3,0
C6TG99,I1KAR1,0
K7M2D8,I1KJF2,0
I1KS36,K7L4N7,0
I1LDU4,I1LEC4,0
C6TEP1,I1KAD1,0
I1KPT1,K7N1L5,0
C6TLT3,C6SWS6,0
I1MTX9,I1KMS8,0
A0A0R0KR16,I1KLS1,0
I1KJL3,I1J9I1,0
I1JKS2,I1KZY8,0
I1NGD2,I1LM96,0
A0A0R0I1I4,A0A0R0GJV8,0
A0A0R0F7J9,I1MLF1,0
I1JS58,I1MK72,0
C6TG91,I1MNS7,0
I1KNN1,I1KSL6,0
I1KJT5,K7KWE4,0
C5NTE7,I1KMS8,0
I1KIB3,I1LHS8,0
I1J5Q1,K7K8K7,0
I1K2J5,K7N0V8,0
I1N9S5,K7LK09,0
K7KDM1,I1MNU1,0
K7LA18,I1MNU1,0
I1MC39,I1MQC8,0
I1N8M4,I1LUL2,0
I1N056,A0A0R0FER5,0
I1KBQ5,A0A0R0K7U0,0
A0A0R0F7J9,I1LIU7,0
A0A0R0FX70,I1N5D5,0
I1L412,A0A0R0GBB6,0
K7M5T0,I1MTV9,0
I1MHA4,A0A0R0JBV0,0
C6F117,I1MSN3,0
I1LIS4,I1MNV2,0
C6T8R7,I1KSD0,0
I1KIY3,K7LIE3,0
A0A0R0EWX9,I1J547,0
I1KRD4,C6TIQ7,0
I1LPZ3,I1MTV9,0
C6TBQ2,K7N5K2,0
C6SVH9,A0A0R0JRI8,0
I1LZ09,K7KES1,0
I1LIH7,A0A0R0IR73,0
K7KEV0,I1K970,0
A0A0R0IHF9,I1JA95,0
K7MRX6,A0A0R0GS25,0
A0A0R0JES0,A0A0R4J4C3,0
I1MC26,I1LVN3,0
A0A0R0GZZ6,C6TK73,0
A0A0R0IGP2,A0A0R0GAQ8,0
I1MUC0,C6SZ70,0
Q2TFP1,A0A0R0IZY4,0
I1KNN1,I1K1W8,0
K7L8H2,P17093,0
A0A0R0EI44,A0A0R0HSH0,0
H2D4C3,K7KFY5,0
K7LGW1,I1K146,0
I1KRD4,K7MM40,0
I1KCB7,I1KVC1,0
I1JRA0,A0A0R0JJI0,0
I1KLE1,I1LWZ0,0
I1KLE1,I1MZV4,0
I1LWR7,A0A0R0JQJ0,0
I1NH73,I1M1W3,0
I1K911,K7LTR0,0
I1MUQ7,A0A0R0EYS5,0
I1NIE7,I1J8W6,0
K7KGC2,I1LLS8,0
C6SYA3,A0A0R4J4C3,0
C6TGR3,I1LLK1,0
I1N1Y6,K7MM40,0
K7KDM1,K7L939,0
I1KZI6,K7MFE5,0
K7MH53,I1M225,0
I1LG61,I1KD82,0
I1J9J7,I1M3W1,0
I1K5G1,A0A0R0FZM4,0
K7MVB9,I1LIT1,0
I1JNV3,K7N129,0
I1KMP8,A0A0R0FEN3,0
C6T8L7,I1KUS2,0
A0A0R0EU45,I1JHJ0,0
I1KCX1,I1K5B6,0
I1KV60,A0A0R0EJV2,0
K7MMR4,I1J8W6,0
I1L250,A1YZE0,0
I1LLA9,I1LIA8,0
I1JE83,K7KK74,0
I1JAF7,A0A0R0KE62,0
C6TAW8,I1KAR1,0
I1LGB1,I1LEC4,0
I1MM64,A0A0R0EKI7,0
I1KV60,A0A0R0K7U0,0
I1LUF0,K7N1T9,0
I1KJ56,C6TCH4,0
I1L8H7,I1K215,0
C6SWG4,A0A0R4J2Q5,0
C6TEP1,I1KZ09,0
I1MEN1,I1JA95,0
K7L1D3,C6SZ70,0
A0A0R0FX70,K7N5K2,0
I1N6N9,I1NCF8,0
I1M3V1,I1MVC6,0
I1N1V6,K7KES3,0
I1JDR2,I1JB64,0
I1KQ68,K7MC85,0
I1KYS6,A0A0R0EG78,0
I1LA00,K7M6I1,0
A0A0R4J2W3,I1JM18,0
K7MCH3,I1K3X9,0
I1JT28,I1LIA8,0
C6T2Z2,A0A0R0L7U5,0
C6T3G1,A0A0R0L0E7,0
K7L3P2,I1JRJ3,0
I1KLE1,I1M998,0
I1MK36,I1LUE0,0
I1N8Y6,I1MRI5,0
I1K2J5,K7MTL2,0
C6TNL5,I1NG45,0
I1NFU9,I1JUQ6,0
A0A0R0L4N1,A0A0R4J5C5,0
I1M3U2,I1MGG7,0
I1MQB5,K7MNN5,0
C6T1P2,A0A0R0IR73,0
C6T1P2,I1LIA8,0
C6T1E6,A0A0R0GPH9,0
I1JG98,K7MM40,0
I1N3M5,I1KJF2,0
I1JDR2,K7L4N7,0
C6TG81,A0A0R0HSH0,0
I1LJ93,C6TBL4,0
I1KHY2,C6SYW6,0
I1N7K6,A0A0R4J5B7,0
K7MZ38,K7N1L5,0
K7KIU3,I1KZ09,0
I1KEY6,C6SX83,0
I1MNU7,K7KWE4,0
I1KRD4,K7N0V8,0
K7MZ38,I1LG13,0
I1LHY4,I1NCF6,0
I1MC26,I1JAH7,0
A0A0R0FSS2,A0A0R0EYS5,0
I1LPZ3,I1LIA8,0
I1LUI7,I1KHJ4,0
I1KR80,I1M1D5,0
I1L9A1,O22518,0
I1L412,I1LUL2,0
I1LJ93,K7N5K2,0
I1LJI8,I1KD82,0
A0A0R0JKU3,K7KW44,0
I1MY43,C6TNW3,0
A0A0R0EWX9,K7N145,0
I1MC26,I1K215,0
I1N0W9,I1LH27,0
I1KQE8,C6SZQ0,0
A0A0R0I0B9,I1L332,0
I1MSD9,I1MLJ0,0
A0A0R0INQ5,I1MLF1,0
K7MMF4,I1LUL2,0
C6TNX5,I1MNU1,0
I1MU29,I1KFL5,0
I1JUR7,I1K5B6,0
C6SWZ1,K7KW44,0
C6TNX5,A0A0R0FM97,0
A0A0R0GRI6,A0A0R0FX75,0
I1KY58,I1MVC6,0
I1LRB0,I1N8M8,0
I1JR41,I1JMH3,0
K7K1Z2,I1LXQ3,0
K7L1B9,I1MZV0,0
I1JS66,I1K3X9,0
I1M717,A0A0R0GFL3,0
A0A0R0K0L0,K7M4E0,0
I1NHI4,I1LPJ8,0
I1MZ32,A0A0R4J2Q5,0
I1MQD0,I1LM96,0
I1K3U2,I1KZ09,0
I1MBW8,I1JVX3,0
Q2TFP1,A0A0R0FEN3,0
I1KTD4,I1LEC4,0
I1KX98,A0A0R0HSA0,0
I1MNM3,A0A0R0JJK0,0
A0A0R0KNS7,I1L3P5,0
I1LC20,A0A0R0GAQ8,0
K7LW22,K7M864,0
A0A0R0J2L9,A0A0R4J5K6,0
A0A0R0GYG1,A0A0R0GFM7,0
A0A0R4J3D2,I1KCY5,0
K7K1Z2,A0A0R0JTV5,0
I1MTZ8,I1LPJ8,0
K7MTC4,I1LII4,0
A0A0R0G3G4,A0A0R0FX75,0
K7M5T0,I1KZY8,0
I1KAJ2,K7L6K2,0
I1MIE5,A0A0R0FX75,0
A0A0R0J7Q5,I1JHJ0,0
K7KTT9,I1MQC8,0
K7MMR3,I1MRI5,0
I1KEG8,K7K4C7,0
I1KYS6,K7M466,0
A0A0R0E3E6,K7LSJ2,0
I1KUP5,A0A0R0JYX3,0
A0A0R4J354,K7LNG6,0
I1JDR2,I1KAD1,0
K7LWC5,I1NAJ5,0
I1N1V6,I1KM19,0
I1M2R5,I1JM18,0
A0A0R0ET54,C6TIK0,0
A0A0R0L372,I1NG45,0
I1JTE4,I1JA95,0
A0A0R0JG07,I1KSD0,0
C6T507,I1LPJ8,0
I1JP52,I1KZK2,0
A0A0R0KH89,K7L2D7,0
I1JTW0,K7M849,0
I1LHR1,I1MGG7,0
I1LP56,I1N898,0
A0A0R0FEN9,I1KEC8,0
I1LIR4,K7LCS7,0
A0A0R0JJK8,I1LLS8,0
I1KZI6,I1K5B6,0
I1NH73,C6TJ17,0
C6SWA0,K7KK86,0
A0A0R0LA89,A0A0R0L4P0,0
I1KPT1,I1LLS4,0
I1KUP5,I1MZV0,0
K7KPJ4,I1MEF5,0
I1N6N9,A0A0R0EWR2,0
I1MHA4,I1N8M8,0
K7M1G4,A0A0R0JYX3,0
I1JS58,K7MNP5,0
A0A0R0JG07,I1J8W6,0
I1JVP4,Q43463,0
I1MVE9,I1LXQ3,0
I1K911,I1JB64,0
I1JP52,I1MJJ9,0
I1KS88,I1MK72,0
I1J5U5,A0A0R0JRI8,0
A0A0R0HXE9,K7L4N7,0
K7M4N3,I1K1W8,0
I1JWF0,I1L332,0
I1LRB0,K7MMD7,0
A0A0R0G342,C6T4V3,0
I1LCX3,I1M998,0
C6SWZ1,K7MM40,0
A0A0R0L4N1,I1M1D5,0
K7K415,K7KW44,0
I1N8P5,I1LL05,0
A0A0R0HSJ1,K7LNG6,0
I1JP52,A0A0R0JBL2,0
C6SWG4,A0A0R4J4H3,0
I1JIW3,I1NIE5,0
I1NFU9,I1K6E7,0
I1JU70,I1JMK4,0
I1M717,K7L4N7,0
A0A0R0KE73,K7MFZ6,0
I1LYU9,I1LLS4,0
I1LUF0,I1LEC4,0
K7LWC5,K7K8K7,0
I1NH73,K7MXE0,0
I1MBM5,A0A0R0FZM4,0
C6T083,K7MNP5,0
I1KB26,I1KZ09,0
I1MDC4,K7KAB4,0
K7MGK0,K7LHS7,0
I1MWP7,I1MEQ6,0
I1JI73,A0A0R4J2Y1,0
Q2TFP1,A0A0R0FJR0,0
I1LIK8,I1J8C9,0
I1K328,I1K3X9,0
I1KNN1,A0A0R0ESZ8,0
I1KYS6,I1LL05,0
A0A0R0K5D9,I1KYL4,0
C6T1E6,A0A0R0FM97,0
I1L5Z7,K7LLV5,0
I1KIB3,I1MF50,0
I1K5J5,I1LLK1,0
I1MZ47,C6SW04,0
K7KDX2,I1L7G4,0
C6T4Z6,A0A0R0HSH0,0
I1L1S1,I1L2H4,0
I1JDP3,I1L3P5,0
I1LSM6,Q2PMR3,0
I1KUP5,K7LSG2,0
I1LPD3,I1K146,0
K7N5D4,A0A0R0GJV8,0
I1M4Y9,K7KES1,0
A0A0R0K6F4,I1LH18,0
C6TKC3,I1K1W8,0
I1KYF8,A0A0R4J2Y1,0
I1M0C3,A0A0R0FER5,0
A0A0R0F077,O22518,0
A0A0R0JLD5,I1M998,0
K7MS88,K7KK74,0
C6SWI9,K7M6R4,0
C6SWD4,I1LIU7,0
A0A0R0KTM7,I1JD07,0
I1J8W9,I1MZV4,0
I1M757,A0A0R0GUR9,0
K7LZZ5,A0A0R0KWT5,0
C6TKC3,K7KVK2,0
I1KVL0,A0A0R0JTV5,0
C6T9S5,A0A0R0HSA0,0
A0A0R4J2K3,I1LUL2,0
K7L1D3,I1K467,0
I1KEG8,I1KFL5,0
I1MY33,I1L3P5,0
C6TL77,C6T2G5,0
A0A0R0EWX9,M1FN34,0
A0A0R0GNH6,I1MTV9,0
C6T084,I1K467,0
I1MGG3,I1N7F4,0
I1KXG2,I1JE09,0
I1MYV4,I1K4R8,0
C6T530,K7M9T4,0
A0A0R0EU45,K7MC85,0
P46279,C6TIK0,0
I1J8W9,Q43463,0
C6TC92,A0A0R0KE62,0
I1LHR1,I1KCY5,0
P46279,A0A0R0FGT9,0
I1JWF0,K7M4E0,0
I1JWF0,K7M466,0
I1MSC6,I1LLS4,0
A0A0R0H296,I1MVC6,0
A0A0R0JG07,I1L3P5,0
I1KMP8,I1KUB2,0
C6TKB2,A0A0R0FM97,0
I1LZM7,K7MFE5,0
C6SVH9,I1K9J7,0
O48548,C6TBL4,0
I1JW64,I1N761,0
C6SXM9,I1M3W1,0
K7MMR4,A0A0R0ESZ8,0
C6TBJ1,A0A0R0EKI7,0
C6SVV7,A0A0R0EKI7,0
C6TG99,A0A0R0GBB6,0
A0A0R0FNM4,I1MRI5,0
I1LR08,C6TCH4,0
I1N056,C6SYE1,0
C6T883,I1MW51,0
I1JXQ3,A0A0R4J4D0,0
A0A368UHM1,K7N129,0
I1K7N0,C6SX83,0
I1LPD3,I1N898,0
I1KB25,A0A0R0L5Q1,0
I1LDY7,M1FN34,0
A0A0R0F2G6,I1K215,0
A0A0R0KCV3,K7L9M2,0
I1M273,K7MXH5,0
Q2PMU2,I1K5B6,0
C6T530,A0A0R4J2Q5,0
I1KD09,K7LHS7,0
I1KHY2,I1NCF8,0
I1KHL4,K7M841,0
I1K5J5,I1KHJ4,0
K7M5T0,I1LH27,0
I1JUJ6,I1NCF8,0
A0A0R0F7J9,I1J8C9,0
I1K650,K7KK86,0
C6TG81,K7KJB2,0
I1JT28,K7L9M2,0
I1KGI6,I1JMZ7,0
I1J7A8,C6TK73,0
A0A0R0KJP6,C6SX83,0
I1KAJ2,A0A0R0GFL3,0
I1M0N9,I1JUQ6,0
I1NCS8,I1JE09,0
I1KGN6,A0A0R0FEN3,0
I1MBR7,I1LG13,0
K7M142,I1JE09,0
A0A0R0IHF9,C6TFX5,0
I1KQE8,K7KNC5,0
C6TAF0,C6T4V3,0
I1KZW4,A0A0R0HSA0,0
I1KNN1,A0A0R0GWH6,0
I1JFS9,K7KWE4,0
A0A0R0IHF9,K7KTS8,0
I1MEN1,K7LNG6,0
C6SYR1,K7M846,0
K7KDX2,K7K8K7,0
K7MH53,A0A0R0JQJ0,0
C6TD73,I1KM19,0
C6T530,K7M592,0
I1JVU8,A0A0R0HCS6,0
K7LUF9,I1LGD6,0
I1MJM9,I1MF50,0
K7M787,I1MEQ6,0
I1MLK3,I1LM96,0
I1NFS4,I1JD07,0
I1LPI3,K7LLV5,0
M1FN39,P62302,0
C6SYE0,I1KXK6,0
I1MFH3,A0A0R0F214,0
I1LS70,A0A0R0KWT5,0
A0A0R0EYA9,I1LUE0,0
I1JE38,I1MNS7,0
C6SY25,K7L2D7,0
K7M2D8,I1KH38,0
I1KB25,Q2PMR3,0
I1KVS3,I1L171,0
C6SVB5,I1MGG7,0
I1KRZ2,I1LH27,0
K7L240,K7L6N7,0
I1KCN1,A0A0R0JJI0,0
I1NHI4,I1J547,0
I1MNM3,K7LSG2,0
A0A0R0FYN8,I1KSD0,0
A0A0R0L2U1,I1KJF2,0
K7KNJ6,I1KD82,0
C6T5Z0,A0A0R4J2Y1,0
I1K4D7,I1MC28,0
I1MEZ1,I1L9K4,0
K7KPJ4,K7MMD7,0
Q2PMQ9,K7M849,0
I1LFQ4,A0A0R0GFL3,0
K7MGK0,K7MM40,0
I1N9S5,I1KZY8,0
Q2PMQ9,A0A0R0FGT9,0
I1L8H7,K7KES1,0
A0A0R4J3Y6,I1JRJ3,0
C6SZM9,I1NIE5,0
C6TL77,I1JRJ3,0
C6T2Y4,I1LHS8,0
C6TC92,K7KJB2,0
I1KDB2,K7LLV5,0
I1K3P0,K7K4C7,0
C6SXJ9,I1KSD0,0
A0A0R0GC27,A0A0R0HSA0,0
I1LMW7,I1KYL4,0
C6SVU4,I1JD36,0
A0A0R0FKK9,I1LII4,0
I1JKS2,C6SYW6,0
I1K2U0,C6SZG1,0
K7KVG4,K7MRF5,0
A0A0R0KR16,I1JUQ0,0
A0A0R0JH35,K7K4C7,0
C6T1E6,I1KSD0,0
I1N5E8,I1JYT2,0
A0A0R0GG96,K7L2R0,0
I1LGB7,C6SYE1,0
I1KXG2,K7KK74,0
I1KZI6,I1MEF5,0
I1KBM7,A0A0R0EYS5,0
C6TKW2,I1J9I1,0
K7MMR4,I1KLS1,0
C6TEP1,I1LII4,0
I1KZI6,I1L332,0
I1LRE4,K7KTS8,0
I1KHJ6,A0A0R0G7I0,0
I1NFU9,A0A0R0E934,0
I1JYG6,A0A0R0GFL3,0
K7LRU2,I1M277,0
A0A0R4J389,K7KTS8,0
I1KVS3,I1N761,0
K7MC09,A0A0R0L5Q1,0
I1KBL4,I1JUQ0,0
I1LDA7,I1M5B6,0
I1K7J4,I1JUQ0,0
I1KYF8,K7LFD7,0
I1LDA7,A0A0R0GWH6,0
I1KCX1,I1M277,0
K7LKS0,I1J4B5,0
I1LVX2,A0A0R0EJV2,0
K7N3F6,I1KUB2,0
I1JUT9,I1JV03,0
A0A0R0GRI6,I1LPK5,0
I1KS20,K7MC85,0
I1LIK8,I1K115,0
A0A0R0EFE2,A0A0R0E934,0
I1MLK3,K7N145,0
A0A0R0JZD5,I1KLS1,0
K7MVB9,I1KAR1,0
A0A0R0GYG1,A0A0R0FZM4,0
A0A0R0FNV7,I1K6E7,0
K7M787,K7M846,0
A0A0R0KNE1,I1MNV2,0
A0A0R0L8Y1,C6TD23,0
A0A0R0GE84,K7M6Z2,0
K7MNC0,A0A0R0GAQ8,0
I1MTX9,I1K146,0
I1J5B0,C6TIK0,0
I1JUR7,I1ML11,0
C6TBN8,A0A0R0JQJ0,0
K7MCH3,I1KAR1,0
I1L6W0,A0A0R0JBL2,0
I1MY72,A0A0R0JQJ0,0
C6SXM9,K7MXE0,0
I1LUL7,C6TGZ1,0
I1KGN6,I1MU00,0
I1LJW2,I1MJJ9,0
K7M5I5,I1JD07,0
I1K2J5,K7L6N7,0
I1JDP3,C6SZG1,0
K7MMG1,K7L9M2,0
I1MNK0,K7MNN5,0
I1M100,K7KFY5,0
O48548,I1NIE5,0
C6TFR5,K7LSG2,0
C6TAW8,A0A0R0HCS6,0
I1N0F1,I1KZ09,0
K7L3K3,A0A0R0HSH0,0
I1N3M5,I1KSL6,0
A0A0R0JES0,I1LUE0,0
K7LWN2,A0A0R0K6I2,0
C6SZM9,I1K215,0
I1JAF7,I1N7F4,0
I1MUC0,I1KPE7,0
I1J8V4,C6SX83,0
A0A368UJ64,K7K8K7,0
C6T1E6,C6SYW6,0
I1MQD0,I1ML11,0
A0A0R0LFT0,K7L9M2,0
A0A0R0J2L9,A0A0R0EKI7,0
A0A0R0FKK9,I1NCF8,0
A0A0R0FSY2,I1KJF2,0
I1MC26,K7LSG2,0
I1J5U5,A0A0R0FJR0,0
K7MXD1,I1LIA8,0
I1L6W0,A0A0R0FM97,0
I1NF54,K7KJB2,0
A0A0R0JG07,A0A0R0EUJ0,0
I1KQG0,K7MYK9,0
A0A0R0GRI6,I1KYL4,0
C6SZM2,K7M9T4,0
K7LXT7,A0A0R0GUR9,0
I1MBM5,A0A0R0KWT5,0
A0A0R0H296,I1MPJ4,0
I1M0N9,I1MPJ4,0
I1LKQ4,A0A0R4J5C5,0
K7MH53,I1MEQ6,0
K7MXD1,A0A0R0KWT5,0
I1K2Z9,I1MPJ4,0
K7L395,I1N8M8,0
K7KP66,I1LIU7,0
Q2PMS6,K7LY43,0
I1JAG0,I1LPJ8,0
A0A0R0H296,K7MYK9,0
C6SWL3,P62302,0
A0A0R0HIA6,I1JVX3,0
I1NF54,A0A0R0GJV8,0
A0A0R4J2N2,A0A0R0L7U5,0
I1KCN1,C6TIQ7,0
K7K676,A0A0R4J2Y1,0
K7MRX6,I1L7G4,0
I1KZI6,K7LLV5,0
I1J5B0,I1K6E7,0
K7K794,A0A0R0FM97,0
I1MK96,A0A0R0GFH3,0
I1LP18,K7LIE3,0
I1KFI5,A0A0R4J4H3,0
A0A0R0KNS7,K7LHS7,0
A0A0R0I8Z5,K7N129,0
C6SVV7,I1L332,0
A0A0R0GBL8,I1KHJ4,0
I1JUJ8,I1MNV2,0
I1NFS4,C6TGZ1,0
I1JRL7,K7KES3,0
C6T1P2,A0A0R0ESZ8,0
C6SZL0,I1MRP6,0
A0A0R0ESI3,I1MPJ4,0
I1MY33,I1KCY5,0
I1JW64,I1KPE7,0
I1JS58,A0A0R0FB78,0
I1MQD0,A0A0R0KVY6,0
I1KHY2,I1MNV2,0
I1JZC3,K7MXE0,0
I1KQG7,A0A0R0L828,0
I1JHN5,I1L2H4,0
I1JY67,K7M849,0
C6SZL0,I1JE09,0
I1JVN0,A0A0R0H141,0
K7MGQ3,I1KZK2,0
I1JYG7,A0A0R0GS25,0
K7K8U8,A0A0R0HSH0,0
I1LMW7,I1LWZ0,0
K7MRX6,K7L7W0,0
I1MDC4,C6T4V3,0
I1LAR7,A0A0R0GFM7,0
I1JBJ2,I1KMS8,0
K7L240,I1KLS1,0
I1JIP5,K7KW44,0
C6TK75,A0A0R0JTV5,0
I1MYX8,I1LUL2,0
A0A0R0J7J3,A0A0R0JJK0,0
I1MNM3,A0A0R0GAQ8,0
O48548,I1K970,0
I1MK96,I1JUQ0,0
I1JUR7,I1J4B5,0
I1KYD6,I1NCF8,0
C6T5Z0,I1KSD0,0
I1LG61,A0A0R0EYS5,0
I1KQG0,K7L9M2,0
I1LKU1,O22518,0
I1KLE1,K7MC85,0
I1MSC6,I1MK72,0
I1N0W9,A0A0R0FJR0,0
I1L478,I1LPW2,0
I1K8C1,I1M269,0
A0A0R0GBL8,K7LTB2,0
I1L1N3,I1MSN3,0
I1MUN3,I1MQC8,0
K7KIU3,K7KAB4,0
I1MXT2,A0A0R0FJR0,0
I1M9T4,I1KMS8,0
P48513,I1K5K7,0
C6TAF0,I1N8M8,0
I1KJH7,K7KJB2,0
I1MEZ1,Q2PMR3,0
A0A0R0L2U1,I1JHJ0,0
A0A0R0IGP2,A0A0R0KWT5,0
A0A0R0I0B9,K7KWE4,0
I1KLE1,I1KSL6,0
I1LPC3,I1KZY8,0
I1K5H2,C6TGA9,0
K7MD28,K7LK09,0
I1MLZ0,K7KES3,0
A0A0R0G6V6,K7MRF5,0
I1L1S1,C6TD23,0
I1MBW8,K7LFD7,0
I1KXG2,A0A0R0JBV0,0
K7KYY0,P17093,0
I1LMQ5,I1JVX3,0
A0A0R0JS60,C6TIQ7,0
K7MWR1,I1KJD2,0
I1K2J5,I1MNU2,0
I1M9T4,A0A0R0FEN3,0
I1M0C2,A0A0R0JT51,0
I1MDC4,M1FN34,0
K7K8U8,A0A0R0FEN3,0
I1MUN3,C6TD23,0
A0A0R0H9H8,K7MXH5,0
I1JHN5,A0A0R0GFH3,0
A0A0R0KTM7,I1MC28,0
C6TGR3,I1LFD2,0
I1MT74,P62302,0
K7M5I5,I1N761,0
A0A0R0GE84,I1KQE3,0
K7M9K9,A0A0R0GG06,0
A0A0R0HSJ1,I1KSL6,0
I1KYS6,I1MNS7,0
I1KIB3,K7KTS8,0
K7MC09,K7MQG6,0
I1MK96,C6TK73,0
I1N439,I1KUB2,0
I1KBL4,K7M849,0
C6TKB2,K7LK09,0
I1KTD4,P17093,0
K7LDR8,I1NCV4,0
K7KDX2,A0A0R0IF42,0
I1M3U2,I1LW00,0
C6T2Z2,C6SYE1,0
A0A0R0HSV1,C6TN69,0
I1M7V7,I1MPJ4,0
I1MVE9,I1MNS7,0
I1JS66,I1K1W8,0
C6TAW8,I1JRJ3,0
I1K650,A0A0R0FM97,0
I1LP56,A0A0R0L4P0,0
A0A0R0F2Z4,A0A0R0GWH6,0
I1LMQ5,A0A0R4J5K6,0
A0A0R0K5X4,I1LR48,0
Q2PMT2,I1LWZ0,0
A0A0R4J3D2,K7K8K7,0
I1LUF0,A0A0R0KPE1,0
I1MLK3,K7KVK2,0
C6T9S5,A0A0R0GUR9,0
I1MGG3,A0A0R0GJV8,0
C6SVB5,I1LLK1,0
K7LRU2,I1K3X9,0
I1L5Z7,I1KVC1,0
I1JY67,I1KAR1,0
I1JUR7,A0A0R0H141,0
I1JUT9,K7N1T9,0
I1M6L1,I1LLS4,0
P46279,I1M1W3,0
A0A0R0J2L9,I1LFD2,0
I1JE38,I1JFW6,0
A0A0R0EWX9,K7MC85,0
I1M0S4,I1MU00,0
I1JWH5,I1KLS1,0
I1NH98,A0A0R0L7U5,0
A0A368UH03,C6TFX5,0
I1N056,C6TGZ1,0
K7K3W5,I1K467,0
C6TKW2,K7KTS8,0
I1LBV2,A0A0R4J5K6,0
I1LKQ4,I1MGG7,0
I1NDC0,I1J8C9,0
I1NIE7,I1LH27,0
I1LCX3,I1JA95,0
A0A0R0JYY8,K7N145,0
K7MST2,C6TBL4,0
K7LSH9,C6TD23,0
I1KX98,I1LPK5,0
K7LWC5,I1KZK2,0
I1MY33,K7M6R4,0
I1KQG0,K7L6K2,0
K7MGQ3,I1LG13,0
I1K5L7,I1JV03,0
O48901,A0A0R4J488,0
I1MWP7,I1KYL4,0
I1LZT5,K7M6Z2,0
I1M4P0,I1NG45,0
I1M6L1,K7MMD7,0
K7LJV1,C6TIK0,0
C6TFN5,I1K2I1,0
I1LDY7,I1K9J7,0
I1L690,I1LPW2,0
I1K096,I1LH18,0
C6SZ22,C6TIQ7,0
H2D4C3,I1LY15,0
I1M9T4,A0A0R0HV63,0
C6SW43,I1K5K7,0
I1JY87,I1MNU2,0
A0A0R0L7S1,I1J9I1,0
C6SVH9,I1JUQ0,0
K7LTQ1,I1JE09,0
A0A0R0E3E6,K7L4N7,0
A0A0R0E3E6,I1LPJ8,0
C6T3I8,A0A0R0GJV8,0
I1J7S6,A0A0R4J4H3,0
C6TNL5,I1M3W1,0
K7LQ96,I1ML11,0
K7K9E1,I1MLF1,0
C6T507,I1K9J7,0
K7M097,A0A0R0GFH3,0
A0A0R0H9H8,I1LII4,0
I1KLS4,C6SYE1,0
K7LZZ5,I1LII4,0
I1K5H2,I1JD52,0
I1K620,I1MJJ9,0
K7LIW2,I1K970,0
C6T9S5,I1MVC6,0
I1KEG8,K7KH93,0
I1MEZ1,I1JRV0,0
I1LY25,A0A0R0EWR2,0
I1KMS4,A0A0R0KPE1,0
K7MMF4,A0A0R0FGT9,0
I1M7V7,A0A0R0EG78,0
I1M3Q8,K7M849,0
A0A0R0KXY9,I1KVC1,0
I1K3U2,I1NIE5,0
Q2PMU2,I1NAJ5,0
C6T2H2,I1MVC6,0
C6TFR5,K7MYK9,0
I1M0C3,I1MZV4,0
I1LIK8,K7N129,0
I1N6Z0,I1MF50,0
I1MBM5,C6TGZ1,0
A0A0R0KR16,I1JVX3,0
C6T567,I1LEC4,0
I1M7C7,I1JD52,0
K7LDR8,A0A0R0ENB3,0
A0A0R0FEI0,I1LGD6,0
K7N0U1,K7L9M2,0
K7K8U8,I1J547,0
I1LYG4,O22518,0
C6T0U3,A0A0R0L4P0,0
K7MNC0,I1KSD0,0
I1MY72,A0A0R0IZY4,0
I1L8L5,I1LLS4,0
I1NGD2,A0A0R0JTV5,0
K7LW22,K7N0V8,0
I1J9W0,A0A0R4J488,0
K7MS88,C6TCH4,0
I1LIK8,K7LSJ2,0
K7LRU2,I1MEF5,0
I1KCH6,A0A0R0JYX3,0
K7K8U8,C6TBL4,0
C6T1E6,A0A0R0FX75,0
I1N1X8,K7LTR0,0
I1KS88,A0A0R0FX75,0
A0A0R0IAV3,A0A0R0JTV5,0
I1N439,A0A0R0FEN3,0
I1NGQ5,C6TNW3,0
I1MUN3,I1KTI0,0
I1KKD9,I1KXK6,0
I1N439,K7M6J1,0
A0A368UH03,I1NCF6,0
I1MLK3,I1K5K7,0
I1KS36,I1LH18,0
I1JRL7,I1K1W8,0
A0A0R0E907,C6TGA9,0
I1MBA2,A0A0R0JYX3,0
A0A0R0JZD5,A0A0R0GFL3,0
I1L250,K7MXE0,0
K7LQ96,A0A0R0EJV2,0
C6T4Z6,K7LTB2,0
A0A0R0K5D9,A0A0R0HSA0,0
I1M4Y9,I1LH18,0
I1N6N9,I1JMH3,0
I1KGU0,I1J9I1,0
Q2PMT2,A0A0R0JBV0,0
K7MVB9,I1J8C9,0
Q2PMU0,A0A0R0IZY4,0
I1KFU0,K7M6Z2,0
I1K8N0,I1LEC4,0
I1JKS2,I1KSL6,0
I1LJ94,K7L2R0,0
A0A0R4J3R4,A0A0R0KWT5,0
C6SVF8,I1K642,0
I1KUP5,A0A0R0FER5,0
K7MZP6,A0A0R0HV63,0
K7LXT7,C6T065,0
I1KPA1,A0A0R0L4P0,0
C6TE07,K7LSG2,0
I1L6W0,I1JD52,0
I1MT74,I1M1D5,0
K7L240,I1MVC6,0
A0A0R4J3N1,C6TFX5,0
I1KVS3,I1LM96,0
K7KIU3,A0A0R0L7U5,0
K7MH53,K7K894,0
K7MST2,K7LSJ2,0
A0A368UHC3,K7KNC5,0
C6TMM7,I1LLK1,0
I1K2U0,C6SZQ0,0
I1LIH7,I1MNV2,0
I1KYF8,C6T5R4,0
I1N8Y6,K7M6I1,0
I1MQB5,I1KUB2,0
I1L4B6,K7LNG6,0
I1K2U0,K7N0V8,0
I1KRZ2,K7L4N7,0
I1KS88,K7M466,0
I1LP18,K7M6I1,0
K7MMR4,I1N898,0
K7MXD1,I1NAF6,0
I1JE93,I1K467,0
K7L1B9,A0A0R0L5Q1,0
I1JUJ8,K7N129,0
C6TAW8,I1J4B5,0
A0A0R0GRI6,I1NJ53,0
A0A0R0FNV7,I1MVC6,0
I1JIJ4,A0A0R4J426,0
I1KV60,K7KK74,0
K7K3W5,A0A0R0EYS5,0
C5NTE7,K7LFD7,0
I1NGD2,I1KZK2,0
Q2TFP1,C6TD23,0
C6TD73,K7M846,0
I1LWR7,K7LLV5,0
I1NBQ2,I1J8W6,0
K7N5D4,I1L171,0
I1MUC0,I1LEC4,0
I1NFS4,A0A0R0JJK0,0
I1MHH7,A0A0R0FB78,0
K7L3P2,I1L9K4,0
I1L412,C6TIK0,0
I1MWP7,I1LG13,0
I1LHR1,I1LGD6,0
A0A368UHE3,K7KWE4,0
A0A0R0KTM7,I1JFW6,0
I1MNU7,I1KAD1,0
I1JWF0,K7K4C7,0
A0A0R4J3Y6,A0A0R0GS25,0
I1MU29,I1KUB2,0
C6TAF0,A0A0R0FEN3,0
I1K3P0,K7L9M2,0
I1KBQ5,K7KNC5,0
A0A0R4J3D2,A0A0R0JTV5,0
K7LZZ5,I1KZK2,0
P07506,K7MNP5,0
I1JYG7,K7L2R0,0
I1MNK0,K7LSJ2,0
I1MNE4,A0A0R0JBL2,0
I1KLE1,I1L332,0
I1LZM7,K7L6K2,0
I1JU70,I1J9I1,0
A0A0R0I1I4,I1LPK5,0
I1JIP5,I1J547,0
A0A0R0EU45,K7KNC5,0
I1MEZ1,K7LCS7,0
I1JM69,K7KWE4,0
K7MXD1,I1KYL4,0
I1KTL9,I1JUQ6,0
I1MKM3,K7M466,0
C6TAW8,A0A0R0JYX3,0
I1KTD4,I1LPJ8,0
I1J5B0,K7L7W0,0
I1LQ02,A0A0R0JYX3,0
I1MNM3,K7KQZ8,0
I1LWR7,A0A0R0HV63,0
K7M2D8,K7LNG6,0
I1L524,I1JD36,0
A0A0R0L7S1,I1K970,0
I1L8L5,I1MNU2,0
I1JNV3,I1K5K7,0
I1KTL9,I1NAJ5,0
I1J4E1,K7K4C7,0
I1KQB9,I1M998,0
I1KUP5,A0A0R0JJK0,0
A0A0R0FSY2,A0A0R0EYS5,0
I1N4X7,K7M6I1,0
I1LP18,I1M3W1,0
I1JQR6,K7KJB2,0
I1KUP5,I1M998,0
C6TEP1,K7LQV0,0
K7KTT9,I1N5D5,0
I1LFW0,I1NCV4,0
I1LPZ2,I1NC50,0
I1LIS4,A0A0R0HSH0,0
A0A0R0K5X4,A0A0R0IR73,0
I1JRL7,C6TNW3,0
C6SWG4,A0A0R0GUR9,0
I1N0F1,K7M4E0,0
I1J7S6,K7M592,0
A0A0R0G5A8,A0A0R0HV63,0
I1M9F7,I1KYL4,0
I1LKQ4,K7MFE5,0
A0A0R0K6F4,I1KHJ4,0
I1KYD6,C6TN69,0
K7M142,A0A0R0IT62,0
A0A0R0H2V0,I1M998,0
I1NGL5,C6TCH4,0
C6TE07,I1M1W3,0
I1LDY7,I1MLF1,0
I1LP56,I1MU00,0
I1M717,C6TFX5,0
I1KQB9,K7KVK2,0
I1L478,K7MFZ6,0
C6SZY0,A0A0R0G7B5,0
I1KBB6,I1NCF8,0
I1NC77,K7L6N7,0
A0A368UH03,I1K5K7,0
K7L1B9,A0A0R0G7B5,0
I1NGQ5,I1LPJ8,0
K7KDX2,I1JVX3,0
A0A0R4J2W3,A0A0R0L5Q1,0
I1LUI7,I1LPW2,0
A0A0R0K5D9,I1MNU2,0
K7LQ96,I1LH18,0
I1K7N0,A0A0R0GFM7,0
K7KEV0,I1K2I1,0
I1JUJ6,A0A0R0GFH3,0
I1JS58,I1LII4,0
I1M7C1,K7KK86,0
I1M2R5,I1JRV0,0
M1FIU8,I1MEF5,0
I1MJ97,K7MNP5,0
A0A0R0HXE9,A0A0R4J426,0
A0A0R0J2L9,I1MLF1,0
I1LQ02,K7N1T9,0
I1K0C4,A0A0R0JT51,0
A0A0R4J3R4,A0A0R0IZY4,0
A0A0R0JS60,A0A0R0JTV5,0
I1L524,A0A0R0EG78,0
A0A0R0EWX9,C6TGZ1,0
I1JRL7,I1K970,0
A0A0R0JYY8,A0A0R0IF42,0
I1N439,I1K146,0
A0A0R0IGP2,K7MFZ6,0
I1KNN1,K7KQZ8,0
C6TG81,K7L939,0
I1JXB4,I1M225,0
A0A0R0FNV7,C6T5R4,0
A0A0R0G342,A0A0R0JBV0,0
I1K9B8,K7KVK2,0
I1JI73,C6T5R4,0
C6SVV7,I1J547,0
I1LC01,A0A0R0JJK0,0
I1LZW4,I1LR48,0
I1MEN1,I1KXK6,0
I1JNV3,I1MK72,0
I1LJI8,I1MEF5,0
I1KHL6,A0A0R0GBB6,0
A0A0R0FX46,A0A0R0FZM4,0
I1L3P6,K7MNN5,0
I1MNM3,I1KZK2,0
A0A0R0GJ85,I1MEF5,0
K7LZZ5,K7KTS8,0
A0A368UHE3,K7MM40,0
I1L8S1,A0A0R0GS25,0
I1MC39,C6SX83,0
I1LXH0,C6SZ70,0
I1MIE5,I1MGG7,0
I1KBB6,C6SYW6,0
I1MQB5,I1LLK1,0
A0A0R0GNH6,C6SZG1,0
I1MY33,K7MTL2,0
C6T083,K7KW44,0
I1J4E1,I1LPW2,0
A0A0R0H296,A0A0R4J4H3,0
A0A0R0F2G6,A0A0R0L7U5,0
K7KPJ4,K7L7W0,0
K7LGW1,I1M5B6,0
I1MHH7,A0A0R4J5K6,0
C6T3K0,I1K9J7,0
K7M9K9,K7KNC5,0
C6TNL5,A0A0R0FB78,0
I1JYG6,A0A0R0EWR2,0
C6T1E6,K7K4C7,0
C6TEP1,K7M6Z2,0
I1KB25,A0A0R0FER5,0
I1MJM9,A0A0R0IT62,0
A0A368UJ64,I1LLS4,0
C6SWI3,A0A0R0GS25,0
I1KJT5,K7MFE5,0
I1LGB1,I1JMZ7,0
I1KGN6,K7MFZ6,0
I1KGU0,I1JV03,0
I1NBC2,K7K318,0
A0A368UHG0,K7M6R4,0
I1KQ68,C6TIK0,0
C6SVU4,I1NCV4,0
C6SZY0,I1JHJ0,0
A0A0R0JH35,I1NG45,0
I1L0M6,I1MLF1,0
I1NFU9,I1KSL6,0
A0A0R0F2G6,K7M9T4,0
I1KEY6,C6T4V3,0
I1NIJ9,I1K4R8,0
C6T2H2,K7MNN5,0
K7LW22,C6SYW6,0
K7MXD1,K7KAB4,0
I1M7B9,I1L171,0
I1JFS9,I1MPJ4,0
I1N056,I1J547,0
I1JVU8,K7M592,0
A0A0R0FSS2,A0A0R0FTI5,0
I1KQP3,C6SW04,0
A0A0R0JS60,K7LQV0,0
C6SXM9,K7M864,0
I1L5H8,K7LQV0,0
I1MQD0,I1LG13,0
I1KX98,A0A0R0EWR2,0
A0A0R4J3D2,Q2PMR3,0
I1MLZ0,A0A0R0L828,0
I1KVX9,K7KNC5,0
I1MEZ1,C6T2G5,0
Q2PMS6,I1M269,0
K7M097,K7M9T4,0
K7MS88,I1LEC4,0
I1MU29,K7KW44,0
C6T1E6,A0A0R4J426,0
I1JFS9,C6TIK0,0
A0A0R0FYN8,I1LFD2,0
I1LBV2,I1LUL2,0
I1MNK0,I1LWZ0,0
I1MLH9,K7KH93,0
I1KNN1,I1K5K7,0
K7MMG1,K7KES1,0
K7MMG1,A0A0R0H141,0
C6T868,A0A0R0GBB6,0
A0A0R0G6V6,I1JA95,0
I1NF12,A0A0R4J4H3,0
A0A0R0JLD5,A0A0R0FXD4,0
K7LVE4,K7LIE3,0
I1KVL0,I1LG13,0
K7L1D3,K7LSG2,0
P48513,A0A0R0GFM7,0
K7MD28,I1LIU7,0
C6T2Y4,I1KVC1,0
A0A0R0FX70,C6T4V3,0
I1KD09,C6SYE1,0
I1JUT9,I1NAF6,0
I1JXB4,K7MMD7,0
I1KVX9,K7LTR0,0
C6T0E4,Q2PMR3,0
I1LYN0,K7M4E0,0
I1L478,C6TGA9,0
I1KVS3,A0A0R0EDS9,0
A0A0R4J3D2,K7M864,0
I1KHJ6,I1JE09,0
K7KKB2,I1JA95,0
I1NGD2,K7LSG2,0
K7KNJ6,A0A0R0JBV0,0
I1M0N9,K7LY43,0
I1KVL0,A1YZE0,0
K7KDA5,I1N780,0
K7LJF6,I1K3X9,0
I1MEN1,I1K642,0
A0A0R0JES0,I1M225,0
I1LCX3,I1MRI5,0
C6TNL5,I1M269,0
I1LPZ2,I1LII4,0
I1K0C4,A0A0R4J5C5,0
I1J9W0,K7MFE5,0
I1JVN0,I1KLS1,0
I1J7A8,A0A0R0KVY6,0
I1LM73,I1NAF6,0
I1MVG5,A0A0R0GFL3,0
K7L3K3,A0A0R0JSJ9,0
I1KS36,I1JK31,0
I1LHR1,I1JK31,0
K7LZZ5,I1N5D5,0
I1LCX3,I1MEQ6,0
I1NDG6,K7LQV0,0
I1JML1,I1NJ53,0
I1L250,K7M6J1,0
I1LP18,A0A0R0GFL3,0
A0A0R0EU45,I1MSN3,0
A0A0R0L7S1,A0A0R0FGT9,0
C6SYA3,I1N898,0
I1L215,K7MNN5,0
I1J7S6,I1L3P5,0
I1KEG8,A0A0R0FZM4,0
I1M9T4,I1JD36,0
C6T530,A0A0R0KE62,0
Q2TFP1,C6TNW3,0
I1JMZ3,A0A0R0IT62,0
C6TFN5,K7LHS7,0
A0A0R0EI44,I1N761,0
I1MNM3,I1K2I1,0
C6TAF0,I1LM96,0
I1N8Q6,K7L6K2,0
I1JY67,I1JD36,0
A0A0R0KNS7,A0A0R0JJK0,0
I1MNU7,A0A0R0EDS9,0
C6TCW7,I1L171,0
C6TNL5,C6SWS6,0
C6TBQ2,K7K318,0
I1KTL9,K7L2D7,0
K7LUF9,I1MC28,0
I1LDA7,K7KJB2,0
I1MY72,I1KSL6,0
A0A0R0L2U1,I1N780,0
A0A0R0F077,A0A0R0KVY6,0
I1KJL3,K7KQZ8,0
C6TFR5,I1JB64,0
K7KVG4,I1JA95,0
K7LJF6,K7KVK2,0
I1KKD9,I1NIE5,0
K7KVG4,K7MNN5,0
I1JU70,I1JFW6,0
I1K5K3,A0A0R0FXD4,0
I1KU09,A0A0R0JRI8,0
C6TBN8,A0A0R0GFH3,0
I1LYQ9,K7MRF5,0
A0A0R0F2G6,A0A0R0K6I2,0
C6T8L7,K7N1T9,0
C6SW43,I1KM19,0
A0A0R0JJK8,K7N0V8,0
A0A0R0IAV3,K7LTB2,0
C6T0U3,K7M864,0
K7LIW2,K7MQG6,0
I1JTW0,C6SYE1,0
I1MC39,K7MFE5,0
A0A0R0JS60,A0A0R0IR73,0
I1KVL0,I1KVC1,0
A0A0R0LFT0,A0A0R0GFH3,0
I1MHS1,A0A0R4J2Y1,0
A0A0R0FEI0,A0A0R0KWL0,0
I1L219,I1J9I1,0
C6TL77,A0A0R0EWR2,0
I1L0M6,I1KTI0,0
I1K3P0,A0A0R0L828,0
P46279,C6SWS6,0
A0A0R4J2W3,I1KYL4,0
C6SYA3,K7LIE3,0
A0A0R4J2W3,A0A0R0JJI0,0
K7MGK0,C6SWS6,0
K7M142,A0A0R0IR73,0
I1NIJ9,A0A0R0GWH6,0
I1KQG0,A0A0R0FM97,0
I1KQ68,K7L939,0
I1KRF9,A0A0R0EKI7,0
I1KQG7,K7N1L5,0
I1KBQ5,I1LIT1,0
I1MEF8,K7LLV5,0
I1N9S5,I1N7F4,0
I1NBC2,K7MNN5,0
K7M9K9,I1M998,0
A0A0R0E907,A0A0R0JRI8,0
I1JMZ4,K7LFD7,0
A5Z2K3,C6TN69,0
I1K911,K7MRF5,0
K7M097,A0A0R0KVY6,0
K7M2D8,A0A0R0IZY4,0
I1J7A8,K7M9T4,0
A0A0R0F2Z4,K7KK74,0
A0A0R0EYA9,A0A0R0FM97,0
I1MVG5,I1LIA8,0
I1L4B6,K7MMD7,0
I1KTS9,K7KFY5,0
I1N9I5,I1L9K4,0
I1JDP3,I1MTV9,0
I1K3U2,C6TIQ7,0
K7MRX6,A0A0R0GJV8,0
I1JE93,A0A0R0FXD4,0
I1JKP1,I1M277,0
C6T8L7,A0A0R0KWL0,0
A0A0R0H7N0,A0A0R0EWR2,0
I1N9E1,K7KW44,0
I1LUF0,A0A0R0L7U5,0
C6T2L5,K7L9M2,0
I1KR80,A0A0R0KWT5,0
K7KIU3,K7M849,0
A0A0R0JS60,I1LVN3,0
P09755,A0A0R0FM97,0
I1LIH7,K7KK74,0
I1M4P0,I1N7F4,0
I1KD09,I1LWZ0,0
C6TKG0,C6SYE1,0
I1NDG6,I1M1D5,0
I1KS88,A0A0R0IR73,0
C6T4Z6,K7MMD7,0
K7KNJ6,K7N1L5,0
C6SXM9,K7L939,0
A0A368UHM1,A0A0R4J488,0
C6TK75,K7KJB2,0
I1NC77,A0A0R0EDS9,0
I1M9T4,I1LH27,0
I1K8C1,K7M6I1,0
A0A0R0IAV3,I1KM19,0
I1MIE5,I1JRU7,0
I1MT74,A0A0R0EUJ0,0
I1LYN0,I1M1W3,0
I1KPQ8,I1ML11,0
I1N6Z0,I1JC65,0
I1JT85,A0A0R4J384,0
I1K3P0,A0A0R0GAQ8,0
I1M4Y9,I1JHJ0,0
A0A0R0H8M3,K7K8K7,0
C6TL77,O22518,0
I1J7S6,A0A0R0KVY6,0
C6TKG0,I1N761,0
I1KJ98,I1KZY8,0
A0A368UHG0,A0A0R0K0K3,0
I1N1V6,K7LY43,0
I1L524,K7MGQ2,0
I1JTE4,K7LSG2,0
K7K9E1,I1J9I1,0
I1MUC0,I1LR48,0
I1MV96,A0A0R0GG06,0
I1LPC3,A0A0R0EG78,0
I1KGZ6,A0A0R0GS25,0
K7KVG4,I1LW00,0
I1LVX2,K7KW44,0
I1LMQ5,A0A0R0JJK0,0
C6TD73,C6T4V3,0
C6T868,A0A0R0FGT9,0
I1M717,I1N780,0
Q2PMS6,I1K1W8,0
I1JS58,A0A0R0JSJ9,0
C6SXP5,I1MNS7,0
K7M787,A0A0R0JQJ0,0
K7MVB9,A0A0R4J4D0,0
I1N6Z0,I1LH18,0
I1KBM7,K7MXH5,0
A0A0R4J3N1,I1MNU1,0
I1J553,K7LCS7,0
I1K650,K7MXH5,0
K7KNJ6,I1LH27,0
I1JW21,I1L332,0
K7MNC0,I1LG13,0
H2D4C3,A0A0R0KE62,0
A0A0R0HHZ3,I1MZV4,0
I1M717,I1JRJ3,0
K7M1G4,I1KQE3,0
A0A0R0J2L9,K7KNC5,0
A0A0R0KNS7,K7KNC5,0
I1KYD6,K7MNP5,0
K7KDM1,K7N1T9,0
I1LXH0,A0A0R0FGT9,0
K7KVG4,C6TIK0,0
I1KZJ7,A0A0R0GG06,0
C6SWG4,K7LTR0,0
I1KRZ2,I1KUB2,0
I1L6W0,I1KLS1,0
I1M9F7,I1KEC8,0
K7KGJ8,C6SYW6,0
C6SVR8,A0A0R0EYS5,0
A0A0R0FYN8,I1MNS7,0
C6SXF5,I1K146,0
K7KYE0,A0A0R0JJI0,0
K7LWI3,C6TJM4,0
I1KV60,I1M225,0
I1KV60,K7KVK2,0
K7L9V3,C6SWS6,0
I1JUJ6,I1J9I1,0
I1NC77,A0A0R4J2Y1,0
I1JAF7,C6TJ17,0
I1KFU0,A0A0R0KWL0,0
I1K650,I1KTI0,0
I1KCN1,K7L9M2,0
A0A0R0JKU3,K7L6K2,0
A0A0R0JES0,I1JD07,0
A0A0R0KR16,I1KYL4,0
K7LIW2,A0A0R4J4C5,0
C6TBQ2,I1M1W3,0
I1MTH0,I1K146,0
I1LGQ1,I1K642,0
A0A0R0K0L0,C6T2G5,0
I1MQB5,K7MC85,0
A0A0R0J7J3,C6SZQ0,0
K7MS88,I1L7G4,0
I1KFI5,I1MLF1,0
I1KQB9,I1LFD2,0
I1M0S4,I1J9I1,0
I1KHY2,P62302,0
I1M5E2,K7LSG2,0
C6SW69,I1K6E7,0
K7MGK0,I1J8W6,0
I1MBR7,I1JUQ0,0
K7MH53,I1MK72,0
I1J6B5,O22518,0
A0A0R0JB42,I1NCV4,0
A0A0R0JB42,I1L7G4,0
K7MGQ3,I1M998,0
A0A0R0F2G6,I1LIU7,0
I1KS36,I1MNV2,0
I1L1L2,A0A0R0JQJ0,0
K7M5W5,K7K8Y9,0
I1K5L7,A0A0R0GG06,0
I1L690,K7M6Z2,0
I1JDP3,K7MXH5,0
K7LUF9,I1LH18,0
K7KLI7,K7KFY5,0
K7KY63,I1MK72,0
I1MYX8,I1MEF5,0
C6T426,A0A0R0FXD4,0
I1NGQ5,I1N761,0
K7KNJ6,A0A0R4J488,0
K7MD28,I1NCV4,0
I1JRL7,C6TK73,0
I1LIS4,A0A0R0GJV8,0
A0A0R0L098,A0A0R0JJK0,0
I1N0F1,A0A0R0FX75,0
I1L8L5,I1MQC8,0
C6TKZ4,I1M1W3,0
K7M142,A0A0R0FER5,0
I1L9A1,P62302,0
I1LH11,I1KZY8,0
A0A0R0JJK8,I1NAF6,0
I1MBR7,I1KSD0,0
A0A0R0LB39,I1MK72,0
I1KP31,A0A0R4J4D0,0
A0A0R4J4C8,A0A0R4J426,0
A0A0R0HHZ3,I1LXQ3,0
I1MQD0,I1NC50,0
I1L690,A0A0R0EKI7,0
C6TK75,I1M269,0
I1JY67,C6TD23,0
A0A0R4J4C8,A0A0R0JYX3,0
I1MY33,A0A0R0JRI8,0
K7L3P2,K7M592,0
P09755,K7M6J1,0
K7M1G4,I1JVX3,0
I1MZ47,I1NAJ5,0
I1KCB7,C6TNW3,0
C6SYF3,K7MTL2,0
C6T2Y4,K7KH93,0
I1N6Z0,C6TD23,0
I1NF12,I1KZY8,0
I1LIM0,I1MNU2,0
K7LDR8,K7LIE3,0
I1N954,I1KZY8,0
C6SVB5,I1K115,0
A0A0R0H296,I1MF50,0
K7MS88,I1MEF5,0
C6SW69,I1K2I1,0
I1LIR4,A0A0R0FX75,0
K7LZZ5,A0A0R0L828,0
I1MLZ0,K7MNN5,0
I1N8Q6,I1JB64,0
A0A0R0HN81,Q2PMR3,0
I1KR80,A0A0R0FJR0,0
I1KVL0,I1MZV4,0
A0A0R4J389,I1K467,0
I1JHC2,K7LK09,0
I1LHR1,K7LSG2,0
I1JAF7,I1JYT2,0
I1J8V4,A0A0R0FM97,0
I1LBV2,K7LTB2,0
P48513,I1NCV4,0
I1MM89,K7M6J1,0
I1J7S6,A0A0R0IF42,0
I1KD09,K7K8K7,0
I1JW21,I1MNU1,0
K7KVG4,A0A0R0L4P0,0
A0A0R0GJ85,I1JRJ3,0
K7MS88,I1KZ09,0
I1L1L2,A0A0R0GS25,0
I1J5Q1,K7M841,0
I1LGI1,I1K5K7,0
K7KFV5,I1NG45,0
I1MHH7,A0A0R0KVY6,0
A0A0R0FQN0,A0A0R0JBV0,0
I1N7K6,I1L3P5,0
A0A0R0L2U1,I1LLS8,0
I1K628,I1JMK4,0
A0A0R0ERF9,K7N1T9,0
I1KMP8,K7KVK2,0
K7MXS9,A0A0R0L828,0
I1KIB3,I1MGG7,0
C6T5Z0,K7KVK2,0
I1LKU1,I1MEF5,0
I1LYG4,I1JYT2,0
I1LR08,I1NIE5,0
I1KCH6,I1KUS2,0
A0A0R0IHF9,I1JMK4,0
K7LWI3,A0A0R0EYS5,0
I1KHL4,K7MGQ2,0
I1M3Q8,A0A0R0IZY4,0
A0A0R0K5X4,C6SZG1,0
I1NGL5,I1NC50,0
I1M9T4,A0A0R4J426,0
I1JT85,A0A0R0ENB3,0
I1L8L5,K7MNP5,0
C6T7N2,I1JB64,0
I1JFF6,K7M4E0,0
I1KR80,I1KAD1,0
I1M3U2,I1LIU7,0
I1MYX8,K7M6Z2,0
I1KIY3,I1M277,0
C6SXM9,Q43463,0
A0A0R0HXE9,A0A0R0FER5,0
I1N0U4,I1JMZ7,0
C6T9S5,I1KSD0,0
I1LFQ4,I1MW51,0
I1KRD4,I1NJ53,0
A0A0R0GZZ6,A0A0R4J384,0
C6TKC3,K7LTR0,0
K7LA18,I1M1D5,0
A0A0R0KCV3,K7K4C7,0
C6TCW7,K7MMD7,0
A0A0R0IHF9,I1LPK5,0
C6T868,K7M6Z2,0
I1JR41,A0A0R0H141,0
K7LTQ1,I1JV03,0
A0A0R0F077,I1JHJ0,0
K7M5W5,C6TK73,0
I1JT85,I1LIA8,0
I1LJ94,A0A0R0GFH3,0
C6SXP5,K7L6K2,0
I1M717,I1LII4,0
C6SZY0,I1MTV9,0
I1JTE4,K7M9T4,0
I1JRL7,A0A0R0EYS5,0
I1JFN0,K7LHS7,0
I1MEN1,A0A0R0L828,0
I1KQG7,K7K894,0
I1LZW4,C6TJ17,0
A0A0R0F2G6,I1N898,0
C6T2Y4,K7K8Y9,0
K7MRX6,K7N129,0
I1M0C3,A0A0R0GBB6,0
I1KLE1,I1LGD6,0
I1K2J5,I1J9I1,0
I1LPD3,A0A0R0GBB6,0
I1K096,I1N761,0
I1MTX9,A0A0R4J4D0,0
I1K096,K7MM40,0
I1K725,C6T2G5,0
I1KPU4,K7MYK9,0
I1NFU9,I1LUE0,0
I1K912,A0A0R0KWT5,0
C5NTE7,A0A0R0GS25,0
I1KBL4,I1LM96,0
K7LZZ5,K7N5K2,0
I1M7B9,C6TGZ1,0
A0A0R0K6F4,A0A0R0GUR9,0
A0A0R0EYA9,A0A0R0GFL3,0
I1L1N3,A0A0R0EWR2,0
I1NIE7,A0A0R0EUJ0,0
I1KQE2,A0A0R0EDS9,0
A0A0R0FNM4,A0A0R0FTI5,0
I1MSD9,C6SZQ0,0
I1KJW4,I1JVX3,0
I1LMW7,I1KSD0,0
I1NFS4,K7LHS7,0
I1JDR2,I1LGD6,0
I1N1V6,A0A0R0EKI7,0
K7MCD1,A0A0R0L4P0,0
K7KE09,C6SWS6,0
K7MH53,K7LHS7,0
K7KVG4,K7KFY5,0
I1L653,I1MGG7,0
I1LG61,K7M864,0
A0A0R0EYA9,A0A0R0HSA0,0
K7KYY0,A0A0R0ENB3,0
A0A0R0JYB5,I1MW51,0
A0A0R0FNV7,A0A0R0GWH6,0
I1K8N0,I1JMH3,0
I1KVX9,I1LH27,0
I1NH98,K7MC85,0
I1LMP2,A0A0R0KWT5,0
I1LP56,K7M849,0
I1KMS4,A0A0R4J4D0,0
I1LRE4,K7LTR0,0
C6T2L5,K7L939,0
A0A0R0HDM5,K7M466,0
I1MY33,I1KD82,0
I1J9W0,I1JYT2,0
K7LGW1,I1LEC4,0
I1KEG8,A0A0R0JBV0,0
I1KLE1,K7M466,0
K7K2H1,I1JHJ0,0
I1L0M6,I1KSD0,0
I1JP52,K7M6R4,0
I1L524,I1KFL5,0
I1NIJ9,K7M9T4,0
K7K415,K7MTL2,0
K7L1D3,A0A0R0FER5,0
K7MI53,C6TN69,0
K7LWN2,C6T0A0,0
I1LIK8,C6TGZ1,0
I1JS66,I1MVC6,0
I1JAF7,A0A0R0JT51,0
I1KHL6,I1KHJ4,0
C6TAW8,K7M6R4,0
I1K3P0,I1JV03,0
I1JFN0,A0A0R0FER5,0
I1L9A1,K7LCS7,0
I1KJH7,K7KNC5,0
I1MM89,I1KFL5,0
A0A0R0IGP2,I1JRV0,0
I1LXH0,I1KYL4,0
K7M097,A0A0R0JQJ0,0
I1KJH7,K7M6I1,0
A0A0R4J354,A0A0R0JQJ0,0
I1KIY3,K7M4E0,0
K7LSH9,C6TCH4,0
A0A0R0G2B9,I1J4B5,0
Q2PMS6,I1KPE7,0
I1LCX3,I1M3W1,0
I1MRY0,A0A0R4J488,0
A0A0R0K0L0,I1MJJ9,0
I1M0S4,I1KZ09,0
I1NF12,C6T4V3,0
I1JAF7,C6SYE1,0
C6TGR3,A0A0R0FEN3,0
A0A0R0L372,A0A0R0EWR2,0
I1JHC2,I1LVN3,0
I1K7J4,A0A0R0FXD4,0
A0A0R0KXY9,C6TBL4,0
I1JRA0,A0A0R0E934,0
K7M9K9,A0A0R4J5C5,0
I1MM64,A0A0R0HV63,0
I1LMQ5,A0A0R0HCS6,0
K7MMR3,I1KFL5,0
C6T868,I1KXK6,0
C6SWL3,K7L939,0
I1N1V6,A0A0R0L828,0
I1M2R5,A0A0R0EG78,0
I1LSM6,A0A0R0FZM4,0
I1LKQ4,K7LTR0,0
I1K911,I1K215,0
I1MNU7,K7KFY5,0
I1LPZ3,C6T4V3,0
M1FN39,K7M6J1,0
I1JYG6,K7MYK9,0
A0A0R0FNV7,A0A0R0GFM7,0
I1L5H8,I1ML11,0
I1LDA7,I1JD52,0
I1J870,I1NAJ5,0
I1LMW7,I1K215,0
A0A0R0HSJ1,I1KJD2,0
I1KHJ6,K7MMD7,0
K7KZ42,C6T0A0,0
I1KKD9,A0A0R0F214,0
I1L219,K7MFE5,0
C6SZM2,C6TK73,0
K7MCD1,I1MNV2,0
I1LY25,K7KES1,0
I1K0C4,I1JRU7,0
I1NDC0,A0A0R0GFM7,0
K7MZP6,K7KTS8,0
I1KBB6,I1MEQ6,0
A0A0R0ESI3,I1KUS2,0
I1JT85,I1NIE5,0
I1LJW2,P62302,0
I1NF54,A1YZE0,0
I1NIJ9,I1N7F4,0
A0A0R0L372,I1K9J7,0
A0A0R0G342,I1M269,0
A0A0R4J2N2,I1LWZ0,0
I1JR41,A0A0R0ESZ8,0
I1JIP5,I1KUS2,0
I1KCN1,A0A0R0EUJ0,0
A0A0R0INQ5,K7KJB2,0
I1MNK0,I1MW74,0
I1KGI6,A0A0R0GFL3,0
K7KVG4,I1MEQ6,0
A0A0R0HSJ1,A0A0R0FXD4,0
K7L240,A0A0R0KWL0,0
I1MVE9,I1LGD6,0
K7LWN2,A0A0R0EUJ0,0
I1L9A1,Q43463,0
I1JIJ4,A0A0R0FGT9,0
I1JUR7,I1M998,0
I1LY25,I1JRJ3,0
I1KMS4,I1MRP6,0
K7KNJ6,K7N1T9,0
I1MSC6,K7LIE3,0
I1KRF9,I1JUQ0,0
I1K8N0,A0A0R0FJR0,0
I1N4X7,I1NIE5,0
K7L395,A0A0R0KPE1,0
I1N439,K7LTB2,0
I1JRL7,A0A0R0FX75,0
A0A0R0LA89,A0A0R0K6I2,0
A0A0R0HN81,I1K5B6,0
C6SWI9,I1MNU1,0
I1K7N0,I1L332,0
A0A0R0KNS7,K7L6K2,0
I1K5L7,K7K8K7,0
A0A0R0L098,A0A0R0HSH0,0
I1MDC4,I1LLS4,0
I1NH73,I1MVC6,0
I1KJH7,I1M5B6,0
I1MSD9,I1N898,0
I1M7V7,A0A0R0EYS5,0
I1JDR2,I1M277,0
C6SWA0,A0A0R0HCS6,0
C6T1P2,I1JM18,0
C6F117,A0A0R0KE62,0
I1NDG6,A0A0R0L828,0
I1MEF8,I1JD36,0
K7L3K3,C6TNW3,0
K7KFV5,I1K970,0
I1M717,I1MNU1,0
A0A0R0FKK9,K7MM40,0
I1JIP5,C6TIK0,0
I1JMZ3,I1N8M8,0
I1JMT0,A0A0R0GS25,0
A0A0R0F077,I1K970,0
I1KCB7,I1JD07,0
I1KJW4,A0A0R0JT51,0
I1MRS5,I1KUB2,0
I1JXB4,I1K5B6,0
I1KKD9,A0A0R0FER5,0
K7MPL4,I1K5K7,0
I1MRY0,I1MJJ9,0
A0A0R0EJE2,A0A0R0IZY4,0
I1MYV4,C6SW04,0
I1JTW0,K7MNN5,0
C6SYQ2,K7LTR0,0
I1MBM5,I1KPE7,0
A0A0R0JES0,K7M9T4,0
I1K912,K7M846,0
C6SVV7,K7KAB4,0
I1NDG6,I1KZ09,0
I1KXI7,C6TGZ1,0
K7N3F6,A0A0R0GFH3,0
I1MM64,I1JK31,0
I1MNE4,K7KES3,0
I1KVL0,A0A0R0FGT9,0
A0A0R0GG96,I1KXK6,0
I1KUP5,I1N780,0
I1LIK8,I1LW00,0
I1KGZ6,A0A0R0FZM4,0
A0A0R0GCF5,I1JMZ7,0
I1MU29,K7MGQ2,0
I1JFF6,K7L2D7,0
K7KDM1,I1LXQ3,0
K7KY63,I1J547,0
I1MK36,A0A0R0IZY4,0
I1NCS8,I1LH18,0
I1JS66,I1ML11,0
I1LHR1,K7MRF5,0
I1JIJ4,I1JUQ0,0
I1MU29,I1LEC4,0
I1MV96,I1K5K7,0
C6TKB2,C6TIK0,0
C6TNL5,I1KZY8,0
A0A0R0EWX9,I1KCY5,0
I1K0C4,A0A0R0L828,0
A0A0R0F7J9,K7M592,0
I1MT74,A0A0R0HV63,0
I1KJH7,I1MF50,0
C6TCW7,I1MVC6,0
Q2PMQ9,I1N8M8,0
I1LRB0,I1KUS2,0
A0A0R0F0T6,K7MQG6,0
A0A0R0G6V6,K7L2D7,0
A0A0R0KCV3,I1M225,0
I1M7B9,C6TFX5,0
I1M7V7,A0A0R4J4C5,0
I1JIP5,I1K9J7,0
I1MTX9,A0A0R0GFH3,0
C6T0U3,A0A0R0ENB3,0
I1MC26,K7LLV5,0
I1L1S1,C6TFX5,0
I1K2Z9,I1KVC1,0
A0A0R0LFT0,I1L3P5,0
C6SVH9,I1LW00,0
I1JVN0,I1L171,0
I1LDU4,K7MNN5,0
C6T8L7,A0A0R0L5Q1,0
C6TD73,K7MXE0,0
I1KGN6,K7M849,0
I1LZ09,A0A0R4J5K6,0
I1KCB7,K7MM40,0
C6SVR8,I1MTV9,0
I1M6L1,A0A0R4J488,0
I1M757,K7M6J1,0
A0A0R0IGP2,K7M849,0
I1MLZ0,A0A0R0JJK0,0
I1N1V6,A0A0R0GAQ8,0
I1JAG0,C6T0A0,0
I1MRY0,K7LK09,0
I1K4U3,A0A0R0FTI5,0
I1L4B6,I1LIA8,0
I1KYD6,I1KAR1,0
K7MCH3,K7KAB4,0
K7MNC0,I1KH38,0
I1MRS5,I1JMK4,0
I1K5J5,C6SYE1,0
I1M7C7,A0A0R0EKI7,0
I1KPQ8,C6T2G5,0
C6TC92,C6T0A0,0
A0A0R0KTM7,I1LUL2,0
I1LZW4,K7KK86,0
I1MXT2,K7KQZ8,0
K7KLI7,A0A0R0EKI7,0
I1KPU4,I1KXK6,0
C6TFR5,C6TGZ1,0
I1L0M6,K7MNP5,0
A0A0R0GZZ6,K7M864,0
I1N0W9,K7LIE3,0
C6SYQ2,A0A0R0FM97,0
K7M097,I1KTI0,0
I1JNB0,K7KQZ8,0
A0A0R0FNM4,I1KSD0,0
I1KRD4,A0A0R0GS25,0
A0A0R0LB39,I1L9K4,0
I1MNK0,I1MLJ0,0
K7MH53,A0A0R0JBL2,0
I1NIJ9,I1N5D5,0
I1L524,I1K642,0
I1KTS9,K7KJB2,0
A0A0R0HHZ3,A0A0R0FTI5,0
K7MTC4,I1M269,0
I1K725,A0A0R4J4C3,0
K7LA18,I1LPK5,0
I1JUT9,C6TIK0,0
I1MBM5,K7K8K7,0
K7N0X7,A0A0R0JYX3,0
A0A0R0JG07,A0A0R0IF42,0
C6TK75,I1JFW6,0
C6T530,A0A0R0FEN3,0
I1M7V7,A0A0R0L828,0
A0A0R0FJF0,A0A0R0FX75,0
I1MRS5,A0A0R0JQJ0,0
K7K1Z2,K7KES3,0
K7KE09,P17093,0
K7K553,K7K894,0
I1NJ79,I1LM96,0
I1JUR7,I1N898,0
I1MTH0,K7N0V8,0
I1JMZ4,I1JFW6,0
I1J7A8,C6T5U0,0
I1K650,I1MTV9,0
I1JQR6,A0A0R0KPE1,0
C6T4Z6,I1NIE5,0
I1JUJ8,K7MRF5,0
A0A0R0KH89,A0A0R4J5K6,0
A0A0R0L115,K7L2D7,0
I1MZ32,I1MU00,0
I1NGD2,I1N7F4,0
K7KTT9,I1LH18,0
A0A0R0GG96,C6SZ70,0
K7LQ96,A0A0R0KWT5,0
I1K328,I1JRV0,0
I1K4U3,A0A0R0GFL3,0
A0A0R0GE56,I1N7F4,0
I1L5H8,A0A0R0FJR0,0
I1K0C4,I1MNU2,0
P46279,A0A0R0FZM4,0
K7M5T0,I1J4B5,0
I1MXT2,I1K5K7,0
I1M0C3,I1LG13,0
K7MD28,K7KES3,0
A0A0R0J7J3,A0A0R4J4C3,0
A0A0R0FJF0,K7MQG6,0
C6TAF0,I1K6E7,0
A0A0R0GJ85,I1N8M8,0
A0A0R0KFE8,K7M864,0
K7K553,I1J547,0
I1KS20,I1KZ09,0
A0A0R0EU45,K7L2D7,0
A0A0R0ERF9,I1M998,0
A0A0R0F0T6,I1MC28,0
I1M4Y9,I1MK72,0
I1L524,K7L6K2,0
I1LMQ5,A0A0R0L828,0
A0A0R0KJP6,I1JM18,0
C6SZL0,I1JAH7,0
C6SZL0,I1M1W3,0
I1LYG4,A0A0R0GS25,0
K7K794,K7LLV5,0
A0A0R0E907,A0A0R0HCS6,0
I1KVX9,K7K318,0
I1MV96,A0A0R0GFM7,0
C6T3I8,I1MEF5,0
I1LPZ3,C6TJM4,0
I1MYX8,I1MK72,0
I1L0M6,I1KAR1,0
I1MSD9,I1MQC8,0
I1L250,A0A0R0JBV0,0
C6T507,A0A0R0GG06,0
K7M787,I1LEC4,0
I1LPZ3,I1LWZ0,0
I1LXH0,I1MEQ6,0
I1MY33,I1K5K7,0
K7MS88,A0A0R0JTV5,0
I1NGD2,I1MNU2,0
A0A0R4J3Y6,I1KAR1,0
I1KFI5,A0A0R4J2Y1,0
I1KBB6,A0A0R0JRI8,0
C6SY99,K7KK86,0
I1JFS9,I1KTI0,0
I1KV60,K7KK86,0
I1KCB7,I1LPJ8,0
I1LGQ1,C6SX83,0
I1K4D7,A0A0R0HSH0,0
I1MEN1,I1LLS8,0
A0A368UH03,K7M849,0
Q2PMS6,I1J8W6,0
I1MT74,K7M6I1,0
K7LDR8,K7KNC5,0
I1JIJ4,A0A0R0KE62,0
I1LUF0,K7LHS7,0
A0A0R0JYB5,I1MLJ0,0
I1M0S4,A0A0R0EWR2,0
A0A0R0FX46,A0A0R0L828,0
C6SVF8,I1K115,0
K7K553,A0A0R0ESZ8,0
C6SXF5,I1K5B6,0
I1JFF6,I1MLJ0,0
A0A0R0FEI0,A0A0R0JTV5,0
A0A0R0FX46,I1NJ53,0
I1JS66,I1KZK2,0
A0A0R0KJP6,K7M6I1,0
I1KQ68,C6SZG1,0
M1FIU8,C6T5R4,0
I1M9F7,K7LK09,0
K7MZP6,I1NCF8,0
I1M5E2,A0A0R0EG78,0
C6TK75,A0A0R0HCS6,0
I1JW21,I1N7F4,0
K7LW22,I1MJJ9,0
I1N8Q6,I1M1D5,0
I1JFF6,I1MW51,0
I1JRA0,I1MQC8,0
H2D4C3,K7KW44,0
I1NF54,I1LW00,0
K7LEG0,I1N5D5,0
I1KJ56,I1NJ53,0
A0A0R0K0L0,I1LY15,0
C6TD73,A0A0R0JT51,0
K7KIU3,I1KVC1,0
A0A0R0KCV3,A0A0R0G7I0,0
I1MNU7,A0A0R0EJV2,0
I1MGG3,A0A0R0L0E7,0
A0A0R0EU45,I1LR48,0
A0A0R0F2Z4,I1NAF6,0
A0A0R0L7S1,A0A0R0GUR9,0
K7LJF6,I1MNU1,0
A0A0R0L4N1,I1J4B5,0
I1L478,I1KYL4,0
I1KBB6,C6TFX5,0
A0A0R0I0B9,I1LUL2,0
I1KVX9,I1MRP6,0
I1KGZ6,K7KQZ8,0
I1MY43,C6TIK0,0
I1MY43,K7MGQ2,0
I1KMS4,I1KSD0,0
I1JAF7,I1LXQ3,0
C6T2H2,A0A0R0KVY6,0
A0A0R0GG96,I1LPK5,0
I1LVX2,I1J9I1,0
I1MY72,K7M466,0
I1LIK8,C6TIK0,0
I1K9B8,I1L7G4,0
I1M4Y9,I1J9I1,0
I1N5E8,I1NJ53,0
I1LLA9,A0A0R0L5Q1,0
I1KJ98,I1JC65,0
K7MXD1,I1NJ53,0
K7LW22,I1K3X9,0
C6SY99,I1K215,0
I1N6N9,I1M1W3,0
C6T9S5,C6TIK0,0
I1K8C1,C6SX83,0
A0A0R0ET54,I1KUB2,0
I1K2U0,I1MEF5,0
I1M9F7,A0A0R0EJV2,0
I1M0N9,K7K318,0
I1MIE5,I1KUB2,0
I1MNK0,I1ML11,0
A0A0R0H9H8,I1K5B6,0
A0A0R0INQ5,I1NAJ5,0
I1LIK8,C6TGA9,0
I1LIM0,P62302,0
K7KP67,C6T2G5,0
I1JDP3,A0A0R4J2Q5,0
I1NHQ1,A0A0R0KWT5,0
I1M3Q3,K7LLV5,0
I1LR08,C6SW04,0
I1JUJ8,K7KK74,0
I1MZ47,I1LY15,0
A0A0R0IAV3,K7M849,0
C6T3I8,I1KSL6,0
I1KP31,K7MFZ6,0
A0A0R0LB39,A0A0R4J384,0
C6SWG4,C6T4V3,0
A0A0R0JG07,K7LTB2,0
I1KLE1,I1N5D5,0
C6T426,K7N1T9,0
A0A0R0JYY8,A0A0R0JSJ9,0
I1LC20,A0A0R0L0E7,0
K7KP66,I1MGG7,0
C6SXM9,I1JV03,0
C6TNX5,I1JFW6,0
I1K2Z9,I1LFD2,0
I1MQD0,I1MTV9,0
C6F117,I1N761,0
I1L8H7,I1K3X9,0
I1NHI4,C6SWS6,0
I1LJA4,K7MFE5,0
I1MVE9,K7LHS7,0
A0A0R0GRI6,I1K642,0
I1M3Q8,I1LII4,0
I1LKU1,C6SX83,0
I1J553,K7MFZ6,0
C6T426,I1M225,0
I1J9W0,K7MRF5,0
K7N5D4,K7LFD7,0
K7KPJ4,A0A0R0G7I0,0
I1MBM5,C6TIK0,0
I1KDB2,I1KAD1,0
I1L215,C6TIQ7,0
C6TCW7,I1K115,0
A0A0R0LA89,I1J8C9,0
I1M5E2,K7KVK2,0
I1LDA7,I1NIE5,0
A0A0R0F7J9,K7LSJ2,0
K7MS88,K7M849,0
C6T5Z0,K7N145,0
A0A0R0F2Z4,P62302,0
I1JM69,I1J8C9,0
I1N8M4,I1K3X9,0
C6SWM1,I1LY15,0
I1K096,I1JA95,0
I1K328,A0A0R0GBB6,0
K7KGJ8,A0A0R0JJK0,0
K7KP66,I1LII4,0
C6T3G1,I1M3W1,0
K7MST2,I1KPE7,0
A0A0R0KCY1,A0A0R0FXD4,0
I1KXG2,Q2PMR3,0
I1M2R5,I1KHJ4,0
A0A0R0KE73,I1JMH3,0
I1K8C1,A0A0R0JBL2,0
I1JBJ2,I1M5B6,0
I1LY25,I1ML11,0
I1LKU1,A0A0R0GS25,0
I1KX98,I1LWZ0,0
I1M3Q8,A0A0R4J5B7,0
A0A0R0H296,M1FN34,0
A0A0R0FSS2,I1MU00,0
I1JV48,A0A0R4J4H3,0
I1J553,K7N0V8,0
I1LY25,I1L7G4,0
I1LYN0,A0A0R0JJK0,0
I1MSC6,C6TBL4,0
I1JWF0,I1NCF6,0
K7KNJ6,K7LK09,0
A0A368UJ64,A0A0R0IT62,0
I1JYG6,C6TCH4,0
I1MNV4,C6SWS6,0
I1MZ32,K7MRF5,0
I1LRE4,I1MW51,0
I1M3Q8,I1LHS8,0
A0A0R0IGP2,I1JMH3,0
I1JDP3,I1NCF8,0
I1MBM5,A0A0R4J4H3,0
I1K0C4,K7KJB2,0
C6TBJ1,I1JA95,0
I1LRE4,K7N1L5,0
I1JV48,K7L2D7,0
K7LWI3,K7LIE3,0
I1MEZ1,A0A0R0FZM4,0
K7MWR1,I1KEC8,0
A0A0R0G6V6,C6SW04,0
K7M4N3,I1JK31,0
I1MEN1,I1N780,0
K7LLK0,A0A0R4J426,0
K7MH53,K7LIE3,0
C6TK75,C6SYE1,0
I1K9P1,K7KAB4,0
I1MNK0,I1K3X9,0
C6SWZ1,A0A0R0GG06,0
I1LUL7,I1JD07,0
C6SZ22,I1JUQ0,0
K7MH53,A0A0R0ENB3,0
I1LJW2,I1K642,0
I1LUL7,I1LY15,0
I1JT28,A0A0R4J426,0
A0A0R0JKU3,I1JM18,0
C6TFR5,A0A0R0GS25,0
I1KB26,I1NCV4,0
I1JMZ3,I1LLS4,0
I1JNB0,I1KXK6,0
I1MC39,I1JUQ0,0
K7LKS0,M1FN34,0
I1MTZ8,A0A0R0GJV8,0
C6TG81,P62302,0
I1MNM3,A0A0R0KPE1,0
A0A0R0I0B9,I1JMZ7,0
I1KS36,I1LLK1,0
K7LIW2,C6SZG1,0
I1KDB2,I1MK72,0
I1JUJ6,I1M998,0
A0A0R0KR16,A0A0R0KWL0,0
C6T4Z6,I1KH38,0
K7LJF6,I1JV03,0
I1KPA1,A0A0R0EJV2,0
I1JT85,I1LIT1,0
I1KB26,I1J547,0
A0A0R0IHF9,K7LFD7,0
I1KQ68,I1LR48,0
I1LFQ4,I1JAH7,0
I1LJ93,K7MFZ6,0
K7KE09,I1LPW2,0
C6TBN8,A0A0R0L0E7,0
K7LKS0,I1JMH3,0
K7KP67,I1JM18,0
A0A368UH03,M1FN34,0
I1N8P5,I1JC65,0
I1LIS4,A0A0R0FB78,0
K7LWC5,C6TIQ7,0
I1LVX2,K7M846,0
C6TCW7,A0A0R0KWL0,0
C6SZL0,K7LLV5,0
I1LYG4,I1KM19,0
I1L690,I1LGD6,0
I1M7C1,K7MC85,0
I1LD74,A0A0R0G7I0,0
K7MD28,I1LPJ8,0
C6TMM7,A0A0R4J426,0
A0A0R0F077,A0A0R0FEN3,0
I1KQ68,I1M277,0
K7KYE0,K7N129,0
I1JMZ3,I1JD07,0
I1MGB0,A0A0R4J4D0,0
I1N1V6,I1MNS7,0
K7KYE0,A0A0R0FER5,0
I1MM64,I1J8C9,0
K7KY63,K7MYK9,0
I1KQP3,I1LLS8,0
C6TG99,I1L7G4,0
I1J4E1,K7LTR0,0
A0A0R0KJP6,A0A0R0L0E7,0
I1L5H8,C6TFX5,0
C6SYQ2,I1JE09,0
I1LMQ5,I1MLF1,0
I1K5G1,I1KQE3,0
C6TFR5,C6SYE1,0
I1LXH0,A0A0R0JQJ0,0
I1MVE9,K7MXE0,0
C6TKZ4,I1JK31,0
I1K5G1,K7MFE5,0
A0A0R0JS60,A0A0R0JJI0,0
A0A0R0HDM5,I1KPE7,0
I1MHA4,I1MNU2,0
A0A0R0EU45,I1NCF6,0
I1LYN0,I1K642,0
I1JDP3,A0A0R0GFH3,0
I1MJM9,I1MGG7,0
A0A0R0FEN9,A0A0R0L0E7,0
C6T426,I1KSL6,0
A0A0R0KNS7,I1LUL2,0
A0A0R0H296,I1JMZ7,0
K7LWN2,A0A0R0FM97,0
I1KPU4,I1M1D5,0
K7KP67,A0A0R0L0E7,0
C6T8L7,I1K4R8,0
K7K553,K7KW44,0
A0A0R0H9H8,I1KZK2,0
I1NGL5,A0A0R0FXD4,0
I1KLE1,K7LSG2,0
A0A0R0JB42,K7M6Z2,0
I1LUF0,I1LH27,0
I1JTE4,K7L2D7,0
I1LJA4,A0A0R0FGT9,0
I1MYV4,K7MNP5,0
K7KVG4,K7LIE3,0
K7MD28,A0A0R0KWL0,0
K7KP67,I1KTI0,0
I1M757,C6TIQ7,0
A0A0R0KCY1,K7N145,0
I1K0C4,I1JRV0,0
I1LR08,A0A0R0HCS6,0
I1KYS6,K7L6K2,0
A0A0R0FSS2,I1N7F4,0
K7MAP3,I1MRI5,0
A0A0R4J389,K7KVK2,0
C6SZY0,I1MF50,0
I1N9E1,C6TFX5,0
K7LEG0,I1KEC8,0
C6SZM2,A0A0R0FGT9,0
I1NCS8,I1LII4,0
I1KAJ2,A0A0R0L828,0
K7M097,I1MW51,0
I1JAF7,I1NIE5,0
A0A0R0H2V0,I1J9I1,0
I1NH98,I1L171,0
C6T2H2,A0A0R0K6I2,0
K7K1Z2,I1KAD1,0
I1MEZ1,A0A0R0IF42,0
I1LIH7,I1MLF1,0
A0A0R0FEI0,C6TJM4,0
I1L6W0,K7L9M2,0
I1KPU4,I1L7G4,0
A0A0R4J3N1,C6T5R4,0
I1JP52,A0A0R0JJK0,0
I1NIE7,C6TJM4,0
I1KHJ6,K7M9T4,0
K7KE09,I1KAD1,0
A0A0R0EYA9,A0A0R0JTV5,0
I1L1S1,I1KLS1,0
I1M6L1,I1LFD2,0
I1KH45,I1MNU1,0
I1MNV4,A0A0R4J2Q5,0
C6T8L7,C6TGA9,0
K7M1G4,A0A0R0FTI5,0
I1LHY4,K7LSJ2,0
C6T3K0,K7M4E0,0
I1JT28,A0A0R0GFH3,0
I1M0C2,A0A0R0EUJ0,0
K7K9E1,I1L171,0
I1K096,K7KVK2,0
I1KKD9,A0A0R4J4C3,0
C6T1E6,K7KWE4,0
K7M5W5,I1LLS4,0
A0A0R4J2W3,I1NCV4,0
I1KJ56,A0A0R0JRI8,0
Q2TFP1,I1NC50,0
I1KLE1,A0A0R0HCS6,0
I1N0U4,C6T065,0
C6T5Z0,I1KUS2,0
K7LSH9,I1M5B6,0
I1K4U3,I1J9I1,0
I1KGZ6,I1KZ09,0
A0A0R0HXE9,K7LSJ2,0
I1KGZ6,K7M466,0
I1J5Q1,I1KVC1,0
I1JDH6,I1K1W8,0
C6TLV6,A0A0R0KWT5,0
I1N954,I1JD52,0
C6TGR3,K7K8Y9,0
I1MWP7,K7LTB2,0
I1KBM7,C6T5R4,0
I1KQE8,I1LL05,0
I1JTE4,A0A0R0K6I2,0
K7KP67,I1K642,0
A0A0R0HSJ1,A0A0R0KWL0,0
I1LG61,I1LPJ8,0
A0A0R0JES0,A0A0R0JYX3,0
I1JAG0,I1L332,0
I1KS36,K7KNC5,0
I1KFU0,A0A0R4J384,0
C6SWD4,A0A0R0HSA0,0
K7KEV0,K7MRF5,0
K7MC09,I1KSD0,0
I1LJI8,I1L9K4,0
I1LHR1,I1K5B6,0
C6T084,C6SYE1,0
K7LUF9,A0A0R0JQJ0,0
A0A0R0HDM5,I1LGD6,0
I1LIM0,I1MVC6,0
I1MEF8,I1JC65,0
A0A0R0F2G6,I1LWZ0,0
C6SWA0,K7KES1,0
I1KVX9,I1LR48,0
I1M0S4,I1MQC8,0
I1MJ97,C6SX83,0
K7LTQ1,I1LW00,0
I1J4E1,K7LIE3,0
I1MY72,I1JRV0,0
K7KTT9,I1KHJ4,0
A0A0R0FSY2,I1KM19,0
I1LGB1,A0A0R0EYS5,0
K7MAP3,A0A0R4J2Y1,0
C6TKZ4,I1MLF1,0
I1JMZ4,A0A0R0JJI0,0
I1KS36,I1MC28,0
I1MGB0,A0A0R0JQJ0,0
I1MWF0,C6T5U0,0
I1N9S5,I1JHJ0,0
K7LJV1,A0A0R4J5K6,0
I1M3U2,C6SYE1,0
I1L412,A0A0R4J5C5,0
I1NFU9,C6T2G5,0
A0A0R4J3D2,I1J9I1,0
K7K2H1,I1ML11,0
I1L478,A0A0R0GUR9,0
A0A0R0FSY2,I1LUL2,0
M1FIU8,K7KES3,0
P09755,I1KSD0,0
I1MM64,K7MM40,0
I1KYS6,I1L332,0
I1KS20,C6SWS6,0
I1L219,A0A0R4J2Y1,0
A0A0R0I1I4,A0A0R4J384,0
I1JM69,K7LIE3,0
Q2PMS6,A0A0R0HCS6,0
I1LC01,I1MZV4,0
K7MVB9,I1KFL5,0
I1K9P1,I1LM96,0
I1L1S1,I1K146,0
A0A0R4J389,K7L2D7,0
I1KCB7,I1JUQ0,0
A0A0R0GC27,K7KTS8,0
I1J553,I1LH18,0
K7KE09,I1KSD0,0
I1MYX8,A0A0R4J2Y1,0
K7MI53,K7MQG6,0
A0A0R0EWX9,C6SW04,0
C6SW69,K7L2D7,0
K7LVE4,I1KSD0,0
C6SVH9,I1MF50,0
A0A0R0H2V0,C6TK73,0
A0A0R0G5A8,A0A0R0K7U0,0
I1J9J7,I1KTI0,0
I1KJ98,K7LIE3,0
K7KDX2,I1MW51,0
I1KQG7,P17093,0
K7MD28,A0A0R4J4C5,0
I1NCS8,A0A0R4J5B7,0
I1LA00,K7LFD7,0
I1JL13,C6T2G5,0
C6T2Y4,A0A0R0K6I2,0
I1KGU0,I1MZV4,0
I1MVG5,I1JFW6,0
I1JDP3,K7LCS7,0
K7K2H1,I1L3P5,0
C6T567,C6SW04,0
K7LJV1,I1MNV2,0
C6SY81,I1MRP6,0
I1NIE7,K7L2D7,0
I1MHS1,K7M4E0,0
I1MHS1,A0A0R4J5K6,0
I1M9F7,A0A0R0K0K3,0
I1K4U3,A0A0R0GWH6,0
I1J8W9,I1N5D5,0
I1MTZ8,I1N761,0
A0A0R0GJ85,I1NCF8,0
A0A0R0GCF5,K7MNP5,0
A0A0R0KNE1,C6SWS6,0
K7MST2,C6SX83,0
I1NCS8,I1LM96,0
C6SZG8,A0A0R0L0E7,0
I1LAR7,I1N5D5,0
I1KZW4,A0A0R0GBB6,0
I1KJT5,I1KUB2,0
A0A0R0INQ5,K7LSG2,0
I1LJ94,I1KJF2,0
I1KZW4,I1JM18,0
K7M1G4,I1MNS7,0
C6TAW8,A0A0R0GS25,0
I1KKD9,I1M1D5,0
A0A0R0I1I4,A0A0R0JBL2,0
K7M4N3,C6SWS6,0
I1LA00,K7N129,0
Q2PMT2,K7L9M2,0
K7KPJ4,K7MC85,0
K7MGQ3,I1KUB2,0
K7MH53,I1LY15,0
C6SWM1,I1K5B6,0
K7M1G4,I1J8C9,0
I1K0C4,K7N0V8,0
I1KD09,I1JK31,0
C6TKC3,K7KK86,0
A0A0R0K0L0,I1MSN3,0
I1N439,K7LNG6,0
I1JS66,I1MLF1,0
C6T530,K7M6Z2,0
I1M100,I1MLF1,0
I1JUR7,I1MZV4,0
A0A0R0F7J9,A0A0R0K7U0,0
A0A0R0HXE9,A0A0R0IZY4,0
A5Z2K3,I1NIE5,0
I1KZJ7,K7KW44,0
I1JYG7,A0A0R0L7U5,0
C6SVR8,A0A0R0GFL3,0
I1N5E8,A0A0R0FB78,0
I1KTL9,I1K2I1,0
I1KCB7,I1LIA8,0
I1MIE5,C6SZG1,0
K7LHR2,K7K8K7,0
I1M5E2,K7M6J1,0
A0A0R0HN81,A0A0R0L0E7,0
I1MYV4,I1K6E7,0
I1K2J5,I1MTV9,0
C6SWG4,K7L6K2,0
I1L478,I1KM19,0
I1LHY4,A0A0R4J4C5,0
I1KUT8,I1JVX3,0
K7K415,I1MNV2,0
I1M273,A0A0R0E934,0
A0A0R0L2U1,I1LII4,0
C6TKW2,I1MEF5,0
K7K8U8,I1MLJ0,0
K7L395,I1NAJ5,0
I1LGB1,C6SZQ0,0
I1KLS4,I1JD52,0
I1KQP3,I1NC50,0
M1FIU8,I1LIU7,0
I1L8G3,I1JC65,0
I1NIJ9,K7K8K7,0
A0A0R0FSY2,A0A0R0GUR9,0
I1M3Q3,K7M466,0
A0A0R0H2V0,C6SZQ0,0
C6T5Z0,I1LWZ0,0
I1LHR1,I1L9K4,0
A0A0R0G342,A0A0R4J4C3,0
C6SYR1,A0A0R4J4C3,0
A0A0R0EFE2,K7KJB2,0
I1K0C4,A0A0R4J4C3,0
I1NC77,A0A0R0JBL2,0
K7M1G4,K7KQZ8,0
I1LRE4,K7L7W0,0
A0A0R0G5V6,I1MC28,0
I1KQG0,I1KEC8,0
A0A0R0G3G4,I1LFD2,0
I1JUI1,I1M998,0
I1N9I5,A0A0R0FXD4,0
I1LYQ9,I1J8C9,0
C6TEP1,K7K8K7,0
I1MQB5,I1JHJ0,0
I1NF54,A0A0R4J5K6,0
C6TKC3,I1L171,0
K7MNC0,A0A0R0FTI5,0
I1LZW4,K7M592,0
I1K725,K7MGQ2,0
I1KBL4,I1K215,0
K7MMR3,K7L4N7,0
I1KGN6,A0A0R0JQJ0,0
I1KQP3,K7MRF5,0
C6T567,I1M1W3,0
I1K2J5,A0A0R0K7U0,0
I1JAG0,I1KXK6,0
K7MZ38,I1LPJ8,0
K7MD28,A0A0R4J5B7,0
I1MU29,I1J4B5,0
I1N0U4,C6SYW6,0
I1N0U4,I1NCF6,0
I1MRY0,A0A0R0EG78,0
A0A0R0KCY1,C6SZG1,0
C6SWZ1,I1MC28,0
I1J553,K7L6N7,0
I1LZW4,I1MRI5,0
I1MEZ1,I1KZ09,0
I1JU70,I1JHJ0,0
C6T507,I1MLJ0,0
I1KX98,I1KZY8,0
K7L8H2,I1MNU2,0
A0A0R0GZZ6,K7L939,0
A0A0R0KH89,I1K115,0
I1JUJ6,K7L7W0,0
A0A0R0FNM4,A0A0R0G7I0,0
I1KBL4,K7MNP5,0
I1LC20,I1M225,0
I1KGN6,A0A0R0L7U5,0
A0A0R0LFT0,A0A0R0FXD4,0
K7LJF6,I1LWZ0,0
I1KCX1,A0A0R0EJV2,0
A0A0R0K6F4,A0A0R0GFH3,0
I1KYF8,I1KZK2,0
I1MJ97,A0A0R0JYX3,0
C6T1E6,I1KH38,0
Q2TFP1,A0A0R0HV63,0
I1KTS9,K7N1L5,0
I1LCX3,I1MSN3,0
C6T084,C6SX83,0
I1LUI7,A0A0R0EYS5,0
A0A0R0FX70,A0A0R0L828,0
K7MMR3,A0A0R0IZY4,0
I1K5L7,I1MEQ6,0
A0A368UHM1,A0A0R0EG78,0
I1JKP1,I1MZV0,0
A0A368UHM1,A0A0R0K7U0,0
I1JXQ3,I1JV03,0
I1MWP7,K7L939,0
A0A0R4J4C8,A0A0R0L4P0,0
A0A0R0JLD5,K7KH93,0
I1KVX9,I1JA95,0
I1JM69,K7LTB2,0
C6T567,K7LIE3,0
I1L1N3,A0A0R0L828,0
C6TLV6,K7L2D7,0
I1N0I7,I1KUS2,0
I1NGQ5,K7L4N7,0
I1KPT1,I1JK31,0
I1LG61,I1LPW2,0
I1KLE1,K7M6R4,0
K7L3P2,K7KH93,0
A0A0R0F077,A0A0R0GWH6,0
I1NH73,I1LUE0,0
I1MRY0,K7KFY5,0
I1KXG2,I1NCF8,0
I1J870,K7M4E0,0
I1KUT8,K7KQZ8,0
K7MWR1,I1K215,0
C6T968,K7LK09,0
I1M2R5,I1J4B5,0
A0A0R0E3E6,I1LVN3,0
C6SW69,K7MFE5,0
I1JL13,K7MTL2,0
C6TEP1,I1JVX3,0
I1MZ32,I1MZV0,0
I1MEZ1,C6TIQ7,0
K7LSH9,I1LY15,0
I1LPC3,K7LHS7,0
K7KDM1,K7MRF5,0
I1KGU0,I1LPK5,0
K7LA18,K7KAB4,0
I1JCY0,I1JAH7,0
K7KIU3,C6T4V3,0
C6SVB5,I1MEQ6,0
I1K5L7,K7L6K2,0
I1N4X7,K7KES3,0
I1M7V7,I1KEC8,0
I1N9E1,I1KD82,0
A0A0R0F077,A0A0R0K7U0,0
C6T868,A0A0R0KWT5,0
I1KJT5,I1LY15,0
I1NF12,K7M592,0
I1N3M5,I1N761,0
A0A0R0E907,A0A0R0JSJ9,0
A0A0R0L098,K7MC85,0
A0A0R0H8M3,I1MRP6,0
A0A0R0JES0,K7MXH5,0
C6T0E4,I1LPW2,0
I1MQB5,K7M466,0
I1JUJ8,I1LIT1,0
A0A0R0KFE8,K7LK09,0
A0A0R0JG07,I1KJF2,0
I1L4B6,I1MJJ9,0
C6SWL3,K7KES1,0
I1NFU9,I1LIA8,0
A0A0R0F2G6,I1K3X9,0
I1L1L2,K7M6Z2,0
I1NGQ5,I1LH27,0
I1KPQ8,I1M1D5,0
A0A0R0KJP6,C6TIK0,0
C6SXJ9,A0A0R0L828,0
I1KRF9,K7MXH5,0
A0A0R0JJK8,I1LIT1,0
K7KEV0,I1M5B6,0
K7M5I5,I1LLS8,0
A0A0R0GCF5,A0A0R0IT62,0
I1JFN0,A0A0R0KPE1,0
I1KHY2,C6SZQ0,0
I1KNN1,C6SYE1,0
A0A0R0I0B9,I1K2I1,0
I1LPZ3,I1MW51,0
A0A0R0GZZ6,A0A0R4J2Q5,0
C6T868,I1NCF8,0
I1L8L5,Q43463,0
I1MRY0,I1NG45,0
K7MNC0,I1MNV2,0
I1LY25,K7L939,0
I1K912,C6TIK0,0
K7N5D4,K7MTL2,0
K7KGC2,A0A0R0FM97,0
I1N056,A0A0R0L7U5,0
I1MRY0,I1JMH3,0
I1KZJ7,A0A0R4J2Y1,0
I1JFS9,K7MNP5,0
I1MQD0,I1M277,0
I1LKU1,A0A0R0GPH9,0
A5Z2K3,I1K4R8,0
I1JFN0,I1LLS4,0
I1MFH3,I1K3X9,0
I1MT74,A0A0R4J4C5,0
I1JDP3,I1K9J7,0
A0A0R4J3N1,K7MM40,0
I1JVN0,I1LLK1,0
I1KCX1,A0A0R0F214,0
A0A0R0KCV3,K7KES1,0
K7MI53,M1FN34,0
A0A0R0FSS2,I1MGG7,0
A0A0R0ET54,A0A0R0EKI7,0
I1N8M4,I1KYL4,0
C6T883,A0A0R0L5Q1,0
I1KTS9,A0A0R0FB78,0
C6TK75,C6TGA9,0
A0A0R0JJK8,A0A0R0FX75,0
I1KPT1,I1KAR1,0
K7MVB9,K7MRF5,0
K7M142,I1KAD1,0
I1K620,I1KFL5,0
A0A0R0ET54,A0A0R0G7I0,0
I1N9I5,I1J8C9,0
I1KTD4,I1ML11,0
I1JBJ2,A0A0R0GBB6,0
I1MVE9,I1LFD2,0
A0A0R0KXY9,K7LTB2,0
I1KS88,C6TNW3,0
K7KY63,A0A0R0GPH9,0
I1KHL6,C6TGA9,0
C6SXM9,I1J4B5,0
K7MTC4,I1M1D5,0
I1LG61,I1MU00,0
M1FIU8,I1J8W6,0
K7LEG0,A0A0R0GWH6,0
I1K3P0,I1JMZ7,0
I1JY87,C6TK73,0
I1N9S5,C6TCH4,0
A0A0R0KTM7,I1LGD6,0
I1KCX1,I1LG13,0
O48901,P17093,0
K7LWC5,I1MQC8,0
C6SY81,A0A0R0GUR9,0
I1LY25,A0A0R0FXD4,0
I1JDR2,M1FN34,0
I1KYS6,K7KTS8,0
I1JML1,A0A0R0FX75,0
A0A0R0I0B9,A0A0R0E934,0
A0A0R0G3G4,K7MC85,0
I1M9T4,K7MFZ6,0
I1JHC2,I1K9J7,0
I1NDC0,I1MLF1,0
I1KY58,I1NIE5,0
I1NFS4,A0A0R4J2Q5,0
K7KDA5,A0A0R0L828,0
K7KYE0,I1JRV0,0
K7K1Z2,A0A0R0FTI5,0
K7MRX6,K7LHS7,0
K7MI53,I1KMS8,0
I1MU29,C6T2G5,0
I1LIK8,I1LLS4,0
I1LDA7,A0A0R0IR73,0
I1JKS2,I1MGG7,0
C6T2L5,I1LUE0,0
C6TG99,A0A0R4J4D0,0
I1JM69,I1JRU7,0
I1NBQ2,A0A0R0GFH3,0
K7LVE4,K7N1T9,0
I1LC20,A0A0R0FB78,0
I1LC01,A0A0R0G7B5,0
I1MV96,I1K467,0
I1L5Z7,I1KM19,0
I1JG98,I1K146,0
A0A0R0JYY8,K7LK09,0
K7L240,K7LNG6,0
O48901,K7KQZ8,0
K7MVB9,A0A0R0FX75,0
I1JNB0,I1JUQ0,0
K7K415,A0A0R0KWT5,0
K7L9V3,K7MXH5,0
I1KXI7,K7KAB4,0
I1KS20,K7MMD7,0
I1M0C2,A0A0R4J2Y1,0
A0A368UHE3,K7MXE0,0
K7L1D3,I1KM19,0
A0A0R0L372,I1K467,0
K7K1Z2,K7LK09,0
I1MM89,I1NIE5,0
I1MVK7,I1MRI5,0
I1LMP2,I1K3X9,0
A0A0R0J7J3,K7MC85,0
C6SYQ2,I1K642,0
A0A0R0KFE8,A0A0R0ENB3,0
A0A0R0KE73,I1M225,0
I1MP46,I1MLF1,0
C6TKL8,C6TNW3,0
A0A0R0KE73,K7MQG6,0
I1NDG6,I1K9J7,0
I1KX98,I1K2I1,0
I1K911,K7M9T4,0
I1JNK6,A0A0R0JBL2,0
I1MYX8,I1M269,0
A0A0R0IHF9,A0A0R0FM97,0
C6SW69,I1LW00,0
Q2PMQ9,I1JD52,0
I1KCH6,I1LII4,0
I1LYU9,I1LG13,0
A0A0R0JES0,A0A0R4J2Y1,0
I1JDR2,K7M9T4,0
I1LPI3,I1LFD2,0
A0A0R0ET54,A0A0R0FB78,0
K7M5W5,K7KAB4,0
K7LJF6,I1LH27,0
C6T0U3,I1K3X9,0
A0A0R0JLD5,I1KH38,0
K7LW22,I1LW00,0
A0A0R0GCF5,I1LHS8,0
C6TKC3,I1LLS8,0
C6TGR3,I1M225,0
I1LC01,C6TCH4,0
I1M0N9,K7L4N7,0
C6T1P2,I1L3P5,0
M1FN39,A0A0R0HCS6,0
I1JRL7,K7K8K7,0
I1LPZ3,I1JD36,0
K7N0X7,K7MTL2,0
I1MLH9,K7KJB2,0
I1JBJ2,I1J8W6,0
I1N0R5,I1MC28,0
I1KPQ8,I1NIE5,0
I1NH98,K7K8K7,0
A0A0R0G3G4,K7KJB2,0
A0A0R0K0L0,K7KAB4,0
I1L524,I1K3X9,0
I1KC19,K7M4E0,0
O48901,I1MRI5,0
C6SW69,A0A0R0JRI8,0
I1KQP3,I1L7G4,0
I1MQB5,I1KFL5,0
C6SW69,K7L4N7,0
K7LJF6,C6TD23,0
I1LP56,A0A0R0KVY6,0
I1MZ32,I1JE09,0
I1JE93,A0A0R0JSJ9,0
C6SYA3,I1MC28,0
K7MPL4,A0A0R0IT62,0
I1JHC2,C6TJM4,0
K7N0U1,C6SW04,0
A0A0R0KXY9,K7MFZ6,0
I1MKM3,I1MK72,0
I1M0C2,K7KJB2,0
I1NFS4,I1JHJ0,0
A0A0R0GC27,I1JFW6,0
I1M4Y9,I1KZ09,0
A0A0R0GCF5,I1LH18,0
A0A0R0EFE2,A0A0R0KWT5,0
A0A0R0ESI3,I1JD07,0
I1NBE9,I1K5B6,0
K7N0U1,I1KQE3,0
I1MJ97,I1JUQ6,0
A0A0R0GYG1,A0A0R0K7U0,0
Q2PMS6,I1K9J7,0
I1L5Z7,C6TFX5,0
A0A0R0GC27,C6TGA9,0
K7LZZ5,I1ML11,0
I1NFU9,A0A0R0HSA0,0
K7K3W5,I1LM96,0
I1MC26,C6TIQ7,0
I1LJ94,A0A0R0FER5,0
K7MXS9,I1LH27,0
A0A0R0H296,K7M6Z2,0
I1JM69,A0A0R0JJK0,0
K7N0X7,C6TBL4,0
A0A0R0G6V6,K7KJB2,0
A0A0R0IHF9,A0A0R0GS25,0
I1K328,K7M466,0
K7L9V3,I1KZY8,0
I1JRL7,I1JRJ3,0
K7MST2,I1MNU1,0
I1KCB7,K7L7W0,0
I1MQD0,A0A0R0EWR2,0
I1JS58,I1JMK4,0
C6TAF0,I1JK31,0
I1JYG7,I1MGG7,0
A0A0R0FX70,I1LFD2,0
A0A0R0L372,A0A0R0FB78,0
C6TFR5,A0A0R0GFH3,0
I1L215,K7KFY5,0
I1LMQ5,I1KHJ4,0
I1JQR6,I1KZ09,0
I1JIP5,A0A0R4J4D0,0
I1MHS1,I1MGG7,0
P09755,K7KVK2,0
I1LFQ4,I1N7F4,0
C6TKB2,K7LTR0,0
A0A0R0FJF0,A0A0R0GG06,0
I1J553,I1NCF6,0
K7M9K9,A0A0R0IR73,0
I1L8G3,K7M6I1,0
I1K7J4,I1L3P5,0
I1JE83,I1KQE3,0
I1JBJ2,A0A0R0FER5,0
K7MMR4,A0A0R0JBV0,0
I1LZW4,I1MGG7,0
A0A0R0ET54,K7MRF5,0
I1MNM3,I1LWZ0,0
O48901,A0A0R0FX75,0
K7MXD1,I1JVX3,0
A0A0R0JKU3,I1L9K4,0
I1K328,C6T2G5,0
K7MWR1,I1KAR1,0
I1LHR1,C6TIQ7,0
I1LHR1,K7KJB2,0
I1MVG5,I1NJ53,0
C6TBN8,A0A0R0L4P0,0
I1MZ32,I1MZV4,0
A0A0R0IHF9,A0A0R0EWR2,0
I1LC01,I1MLJ0,0
A0A0R0J7Q5,A0A0R0GFH3,0
K7MMR4,I1JD36,0
I1KBQ5,K7M841,0
I1L219,I1M269,0
A0A0R0HSJ1,I1N8M8,0
I1JG98,I1LH27,0
I1KS88,K7LLV5,0
A0A0R0EI44,I1JAH7,0
I1K2Z9,I1KQE3,0
C6T7N2,K7L6K2,0
I1K5H2,I1JFW6,0
K7L8H2,I1LM96,0
A0A0R4J3R4,A0A0R4J4H3,0
A0A0R0ET54,I1N780,0
I1NBE9,I1LHS8,0
A0A0R0LA89,A0A0R0JBL2,0
K7MWR1,K7MNN5,0
I1KBM7,I1NCF6,0
C6SZ22,I1NAJ5,0
I1LGI1,I1JYT2,0
I1J8W9,I1MK72,0
I1N0I7,I1M5B6,0
I1LJA4,I1NJ53,0
K7MZP6,K7L939,0
K7LWI3,A0A0R0GPH9,0
C6TKC3,I1N5D5,0
I1NDG6,K7MFZ6,0
C6TNX5,I1L9K4,0
K7M5I5,A0A0R0FX75,0
I1JYG6,A0A0R0GS25,0
A0A0R0HN81,I1MRI5,0
I1J9J7,K7KES3,0
A0A0R0IAV3,K7KK86,0
C6SZL0,I1L7G4,0
C6SY81,A0A0R0IR73,0
I1K5L7,M1FN34,0
I1MWP7,I1KCY5,0
I1LQ02,A0A0R0KWL0,0
K7LJF6,I1MC28,0
K7LVE4,I1KAD1,0
C6SWZ1,I1JMZ7,0
I1NHI4,I1KM19,0
C6TD73,I1L332,0
I1N0R5,A0A0R0GFH3,0
I1LIM0,K7LIE3,0
I1KIB3,A0A0R4J2Q5,0
I1KMS4,A0A0R0GG06,0
K7M1G4,K7M6R4,0
K7KKB2,C6TJ17,0
I1LQ02,A0A0R0IR73,0
A0A0R0GYG1,I1KVC1,0
A0A0R0HIA6,A0A0R0GBB6,0
I1MSC6,C6TN69,0
I1KKD9,A0A0R0JJI0,0
I1N9S5,A0A0R0JYX3,0
K7L3K3,I1JA95,0
I1KQE2,O22518,0
A0A0R0IGP2,I1NCF6,0
K7MZ38,A0A0R0FTI5,0
I1JNB0,C6TGA9,0
A0A0R0JS60,K7MYK9,0
A0A0R0KJP6,Q43463,0
I1KZI6,M1FN34,0
K7L9V3,C6SYW6,0
A0A0R4J389,A0A0R0GPH9,0
K7M5T0,I1KJF2,0
I1JS66,I1LII4,0
I1MLH9,I1MGG7,0
Q2PMS6,I1NC50,0
I1MEN1,I1KQE3,0
I1LIR4,I1JVX3,0
A0A0R0JYB5,A0A0R4J426,0
C6SW69,C6TGA9,0
M1FIU8,A0A0R0FXD4,0
K7LTQ1,A0A0R0FER5,0
A0A0R0JS60,I1MU00,0
C6T1E6,I1L332,0
I1JML1,A0A0R0IR73,0
A0A0R0GYG1,K7MNP5,0
I1NGQ5,C6SX83,0
C6SZY0,I1K1W8,0
I1KDB2,I1KAR1,0
C6TBN8,A0A0R0HSH0,0
I1M4P0,K7LTB2,0
C5NTE7,K7MMD7,0
I1JML1,I1LHS8,0
I1KGZ6,K7N5K2,0
I1KV60,A0A0R0F214,0
I1K650,I1NIE5,0
I1M9F7,A0A0R0EYS5,0
I1J9W0,I1JMK4,0
I1L690,K7KTS8,0
I1LIS4,K7M6I1,0
A0A0R0LB39,K7LTR0,0
I1KB25,C6TK73,0
I1JHN5,K7N129,0
K7L1D3,A0A0R0FEN3,0
I1MVG5,I1K970,0
I1NBE9,C6TD23,0
K7L1B9,I1LII4,0
I1N5E8,K7KES1,0
I1J7S6,A0A0R4J5B7,0
K7M787,C6T2G5,0
I1JE38,A0A0R0GBB6,0
C6TG99,P17093,0
K7MCH3,I1LIU7,0
I1KDB2,K7KQZ8,0
C6T7N2,I1LG13,0
K7LIW2,I1LVN3,0
I1K628,I1KZY8,0
I1LRB0,I1MQC8,0
I1LDY7,A0A0R0L0E7,0
I1LM73,A0A0R0H141,0
P48513,K7KFY5,0
A0A0R0HHZ3,C6TN69,0
I1NGD2,A0A0R0GAQ8,0
C6TKL8,I1JK31,0
I1L8S1,A0A0R4J4H3,0
K7MMR4,A0A0R0JYX3,0
I1N9E1,A0A0R0FEN3,0
I1MVK7,I1MNU2,0
I1KV60,K7KH93,0
I1KQE2,K7KES1,0
K7MMR3,I1LW00,0
C6SWG4,K7KK74,0
I1K3U2,I1ML11,0
I1JWF0,I1KD82,0
K7MMR4,A0A0R4J4C5,0
I1LPI3,K7MFZ6,0
K7L3P2,I1JYT2,0
I1JCY0,C6SYW6,0
K7LDR8,I1KJD2,0
I1NC77,A0A0R0IT62,0
K7MGQ3,K7L9M2,0
I1JMZ4,K7K894,0
I1LGQ1,C6TJM4,0
C6T2H2,I1J547,0
I1L0M6,K7N0V8,0
I1NGD2,I1LUL2,0
I1N954,A0A0R0JTV5,0
K7MD28,K7MNN5,0
C6SZ22,I1KCY5,0
I1K620,C6TJ17,0
I1LHY4,K7M849,0
I1JAF7,K7KK86,0
I1MBM5,I1L9K4,0
I1M9F7,A0A0R0KVY6,0
I1MU29,I1K115,0
A0A0R0L4N1,I1KJD2,0
I1N6N9,I1J4B5,0
I1KYS6,I1KFL5,0
I1KIB3,I1J8W6,0
A0A0R0KTM7,C6TCH4,0
I1MYX8,K7MNP5,0
I1JRL7,K7LTB2,0
K7MCD1,I1JK31,0
A0A0R0HIA6,A0A0R0L4P0,0
A0A0R0JG07,A0A0R0GFL3,0
K7MXD1,I1MJJ9,0
I1MY33,I1K115,0
I1MLH9,A1YZE0,0
I1MNM3,A0A0R0L0E7,0
I1KS88,K7KQZ8,0
I1KY58,I1K3X9,0
K7MH53,A0A0R0KVY6,0
I1M6L1,I1MEQ6,0
I1JNB0,A0A0R0KE62,0
I1JFF6,A0A0R0EDS9,0
C6SWA0,K7M466,0
I1KP31,I1MRI5,0
I1LKQ4,I1KAR1,0
C6T883,K7MXH5,0
K7K1Z2,K7M592,0
I1LY25,I1JAH7,0
K7KPJ4,A0A0R0FXD4,0
I1MUC0,I1M3W1,0
C6F117,A0A0R0G7I0,0
C6T2L5,K7LNG6,0
I1KV60,I1MC28,0
A0A0R0E907,K7N1T9,0
K7MZP6,C6TCH4,0
I1NF54,K7L4N7,0
A0A0R4J3N1,I1J8C9,0
P48513,I1NC50,0
I1NBQ2,K7MTL2,0
C6SZG8,K7L4N7,0
I1LYG4,K7N129,0
I1K620,I1LY15,0
K7LGW1,K7M466,0
I1NGL5,I1JUQ0,0
I1JUT9,I1KM19,0
A0A0R0GYG1,A0A0R0FGT9,0
K7LIW2,A0A0R0GBB6,0
I1MM89,I1KZY8,0
I1K2U0,I1K6E7,0
C6SZM9,K7N145,0
I1JHC2,I1KQE3,0
I1MNM3,I1J8W6,0
I1M0S4,K7L939,0
I1K0C4,I1JD36,0
I1N7K6,K7K894,0
K7LW22,I1LPJ8,0
I1K620,A0A0R0JBV0,0
I1KMP8,I1JMZ7,0
I1KJH7,A0A0R0EUJ0,0
I1NBC2,I1NIE5,0
A0A0R0H9H8,C6SWS6,0
I1NF12,A0A0R0FJR0,0
C6TMM7,I1LR48,0
I1MT74,A0A0R0L7U5,0
I1M7C1,A0A0R0EDS9,0
A0A0R0LFT0,I1LH27,0
I1MJM9,K7KFY5,0
K7L9V3,C6TIQ7,0
I1K096,I1NCV4,0
I1MTX9,K7M592,0
I1KX98,K7KNC5,0
I1L524,K7K318,0
I1K4U3,I1LIU7,0
Q2PMU0,K7LFD7,0
I1N9S5,I1LIT1,0
I1NCS8,K7LSG2,0
I1K7N0,C6SYW6,0
C6SW43,I1LLS8,0
I1N0R5,A0A0R4J426,0
I1N6Z0,I1MU00,0
C6SXM9,A0A0R0FX75,0
I1KFU0,I1JAH7,0
A0A0R0EZ39,I1M269,0
I1LA00,I1NIE5,0
I1JFS9,I1K115,0
I1LDY7,I1JUQ0,0
I1M3Q3,A0A0R0FM97,0
I1KVS3,A0A0R0FX75,0
C6TNL5,I1K5K7,0
I1KCX1,K7KQZ8,0
I1MBW8,I1KVC1,0
I1JXQ3,A0A0R0GFL3,0
I1N0R5,I1MW51,0
C6SVB5,K7KQZ8,0
K7K415,A0A0R0JSJ9,0
C6TLV6,A0A0R0L5Q1,0
I1J7S6,I1JVX3,0
K7KLI7,K7N1T9,0
I1MBM5,I1K467,0
K7MWR1,I1KFL5,0
K7M5I5,K7MYK9,0
I1JYG6,A0A0R0IR73,0
K7MGK0,I1J9I1,0
I1MWP7,K7LHS7,0
C6SYR1,I1J8W6,0
I1MLK3,I1M269,0
M1FN39,K7LIE3,0
C6TBN8,I1LG13,0
K7LZZ5,Q2PMR3,0
I1KBB6,A0A0R0FJR0,0
I1L1N3,I1KPE7,0
A0A0R4J3Y6,A0A0R0EYS5,0
I1M0S4,I1JK31,0
A0A0R0IGP2,I1KSL6,0
I1KFI5,A0A0R0JTV5,0
I1LMQ5,K7KNC5,0
I1LKQ4,I1L171,0
K7MMG1,K7KJB2,0
C6SZM9,C6T065,0
I1LBV2,A0A0R0KVY6,0
C6TBQ2,A0A0R4J4C5,0
I1MLZ0,I1LLK1,0
C6SWZ1,I1NCF8,0
I1JDH6,K7MC85,0
I1KGU0,I1K970,0
K7LWC5,I1LW00,0
I1LJI8,I1K9J7,0
A0A0R0FNV7,A0A0R0JBV0,0
I1MP46,K7N145,0
I1J5U5,I1LIT1,0
C6TBJ1,I1LIU7,0
C6TL77,A0A0R0FEN3,0
C6SYF3,A0A0R0KWL0,0
I1LUF0,I1LLK1,0
I1LRE4,A0A0R0IR73,0
I1KCH6,A0A0R0GWH6,0
I1KGI6,K7M6Z2,0
I1L1L2,C6TNW3,0
I1JNK6,K7MNN5,0
C6TE07,I1KHJ4,0
I1MJ97,A0A0R0KE62,0
I1MVE9,A0A0R0K7U0,0
A0A0R0L4N1,I1J547,0
K7L9V3,I1MRI5,0
I1MZ32,A0A0R0JT51,0
I1LKQ4,I1KFL5,0
I1L215,I1NAF6,0
I1NBC2,I1J8C9,0
A0A0R0I0B9,I1JRV0,0
I1N8M4,I1JD52,0
I1MLH9,I1NG45,0
A0A0R4J2K3,I1K467,0
A0A0R0F2G6,I1JMZ7,0
I1K5L7,A0A0R0HSH0,0
I1LCX3,A0A0R4J2Q5,0
I1K3P0,C6T5R4,0
I1K7N0,I1JYT2,0
I1LYG4,I1M225,0
I1M4Y9,I1JK31,0
K7KP66,I1NAF6,0
Q2PMQ9,A0A0R0EJV2,0
A0A0R0LA89,I1KM19,0
I1JM69,K7K8K7,0
I1JVN0,K7KW44,0
I1LYU9,A0A0R4J5C5,0
C6T0E4,I1K467,0
I1MLZ0,K7M6R4,0
I1KJ98,K7N145,0
P48513,I1JMZ7,0
A0A0R0KNE1,I1LPW2,0
I1JU70,I1MTV9,0
A0A0R0LFT0,I1MEF5,0
A0A0R0EWX9,K7KK74,0
C6TKB2,K7MMD7,0
I1MHH7,K7K4C7,0
K7M097,I1MW74,0
A0A0R4J2K3,C6SZ70,0
K7LEG0,I1KUB2,0
C6SWD4,I1K215,0
I1KLE1,I1J8C9,0
A0A0R0JES0,I1M998,0
K7K2H1,I1M1W3,0
I1LYG4,I1MF50,0
C6TLT3,C6SZQ0,0
K7KNJ6,K7KK86,0
K7LXT7,I1M998,0
C6SWZ1,I1K1W8,0
I1JV48,K7M592,0
C6SZ22,I1KZK2,0
A0A0R0KCV3,I1J547,0
I1LGQ1,A0A0R0K0K3,0
I1KV60,K7LCS7,0
A0A0R0EFE2,C6TD23,0
I1M9T4,A0A0R0K6I2,0
A0A0R0HIA6,A0A0R0JJK0,0
C6T2L5,K7MMD7,0
I1N0R5,K7LSG2,0
I1LS70,C6SZQ0,0
A0A0R0G6V6,C6TCH4,0
C6T507,I1K115,0
I1MBA2,A0A0R4J426,0
A0A0R0JYY8,I1MEQ6,0
I1K9B8,P17093,0
I1KMS4,K7KAB4,0
A0A0R0GNH6,I1MJJ9,0
I1KHY2,A0A0R0FB78,0
I1KMP8,A0A0R4J4C3,0
C6TKB2,K7MXE0,0
A0A0R0FNM4,C6TD23,0
K7KYY0,K7LCS7,0
K7MZ38,K7N145,0
C6SVB5,I1MEF5,0
A0A0R0KE73,A0A0R0HV63,0
A0A0R0FEI0,K7LLV5,0
K7MTC4,K7M6R4,0
I1KRZ2,I1K4R8,0
I1NHI4,I1NCF8,0
I1KMP8,A0A0R0HCS6,0
C6T4Z6,K7LY43,0
M1FN39,A0A0R0EG78,0
I1NBQ2,C6T0A0,0
I1N5E8,I1MNV2,0
I1JHN5,A0A0R0FJR0,0
I1LUF0,A0A0R0ESZ8,0
I1KIB3,I1MTV9,0
I1KZW4,I1N7F4,0
P09755,K7K318,0
K7KP67,I1LUL2,0
I1KQG7,C6SYW6,0
I1N9I5,A0A0R0GAQ8,0
I1MUC0,K7L4N7,0
A0A0R0FX46,I1JV03,0
K7MXS9,I1LIU7,0
A0A0R0E3E6,I1LL05,0
A0A0R0I8Z5,I1MVC6,0
A0A0R0HSV1,A0A0R0JYX3,0
I1LD74,K7MYK9,0
I1L412,K7LFD7,0
I1LDA7,K7LK09,0
C6SWI9,I1JD52,0
C6SW43,I1LIT1,0
K7M9K9,I1MK72,0
K7KYY0,K7L6N7,0
I1MWF0,I1KFL5,0
C6TCW7,I1K5B6,0
I1KNN1,K7MFE5,0
I1LJ93,O22518,0
I1LPC3,K7K8K7,0
I1M5E2,K7KTS8,0
I1LH11,K7K318,0
I1NC77,I1KD82,0
I1JS58,I1MNV2,0
I1K9B8,C6TBL4,0
A0A0R0JJK8,I1MW51,0
I1L653,A0A0R4J488,0
C6T3I8,K7N129,0
I1MUQ7,I1K642,0
I1KD09,K7M4E0,0
K7KYY0,K7M6I1,0
K7KEV0,Q43463,0
I1MHA4,I1LLK1,0
A0A0R0L372,A0A0R4J384,0
Q2PMT2,K7N1L5,0
I1K8N0,C6TIK0,0
I1MLN7,I1K4R8,0
A0A0R0HSJ1,A0A0R0JBV0,0
I1MGB0,K7KTS8,0
A0A0R0KTM7,A0A0R0GAQ8,0
I1JR41,K7KNC5,0
C6SXF5,I1JUQ0,0
A0A0R0LB39,I1MW51,0
K7LA18,I1K5B6,0
I1KRF9,K7MFE5,0
I1N1X8,A0A0R4J4C5,0
I1JUT9,K7L2R0,0
I1N439,I1LY15,0
A0A0R0FX46,A0A0R4J5C5,0
I1MY43,I1N780,0
I1JXQ3,I1KAR1,0
I1J5B0,I1MNU1,0
I1NIE7,I1N898,0
I1KGU0,K7KES1,0
I1MV96,K7K4C7,0
K7L3K3,K7KH93,0
A0A0R0L115,A0A0R0JBL2,0
I1JYG7,I1JRV0,0
I1K2Z9,C6TJM4,0
A0A0R4J2W3,I1L9K4,0
C6SY25,I1M225,0
I1LFQ4,I1NAJ5,0
I1J9J7,K7LNG6,0
H2D4C3,I1JD36,0
A0A0R0J7Q5,A0A0R0JBV0,0
C6TC92,K7L9M2,0
A0A0R0J7J3,K7M846,0
A0A0R0J7Q5,I1K215,0
I1JE83,A0A0R0L4P0,0
C6T868,K7M4E0,0
I1JFS9,I1KZY8,0
I1KHL6,I1N7F4,0
I1LUF0,K7LCS7,0
A0A0R0EU45,I1MRP6,0
I1KBM7,I1JAH7,0
I1LYQ9,I1K642,0
I1MHS1,K7LY43,0
I1JUT9,C6TIQ7,0
A0A0R0IGP2,K7N1T9,0
I1N1V6,K7MFE5,0
I1KD09,I1NIE5,0
I1LR08,C6T0A0,0
C6SWD4,I1MPJ4,0
I1N8P5,I1N8M8,0
I1KTL9,K7MMD7,0
I1LPI3,C6SZQ0,0
I1M273,K7LFD7,0
I1KGN6,I1KTI0,0
K7LDR8,K7MFE5,0
I1MGG3,A0A0R0KWT5,0
I1K2Z9,A0A0R0FGT9,0
I1KHY2,A0A0R0GUR9,0
C6SVH9,I1NG45,0
C6T1P2,I1JHJ0,0
I1M6L1,A0A0R0IZY4,0
I1K5L7,K7L7W0,0
I1M7C7,I1MPJ4,0
I1M757,I1MNU1,0
I1KBM7,I1MW51,0
I1NHI4,K7M864,0
C6T2L5,K7M849,0
Q2PMU2,I1LIU7,0
I1LR08,A0A0R0GWH6,0
A0A0R0ERF9,I1JHJ0,0
I1N6Z0,I1JK31,0
C6SXP5,A0A0R4J5K6,0
I1KVS3,I1MJJ9,0
I1K7J4,I1KMS8,0
I1JUJ8,A0A0R0KWT5,0
A0A0R0JYB5,I1MNU1,0
I1LYN0,I1LEC4,0
A0A0R0H9H8,K7LCS7,0
A0A0R0HHZ3,K7K8Y9,0
C6TKB2,K7N0V8,0
C6T2Y4,I1NC50,0
I1LJA4,K7LFD7,0
I1LS70,I1LPW2,0
P07506,A0A0R0GS25,0
I1K8C1,I1JK31,0
C6TNL5,A0A0R0JBL2,0
C5NTE7,I1LIU7,0
I1MNV4,K7N0V8,0
A0A0R0EU45,A0A0R0G7I0,0
I1JE38,C6TD23,0
I1JE83,K7M849,0
C6SWI9,A0A0R0IT62,0
K7LW22,I1MRI5,0
I1KVX9,I1MW51,0
I1MBM5,I1JD52,0
I1KJ98,I1MPJ4,0
I1LQ02,I1MC28,0
I1M6L1,I1JA95,0
K7LZZ5,I1K970,0
I1KQE8,K7MTL2,0
I1KZW4,P17093,0
I1LR08,A0A0R0JYX3,0
I1MM89,A0A0R0L0E7,0
A0A0R0JJK8,Q43463,0
I1KUP5,I1KQE3,0
A0A0R0G5V6,A0A0R0K7U0,0
A0A0R0G342,I1N8M8,0
A0A0R0I8Z5,A0A0R4J5C5,0
Q2PMU2,K7LIE3,0
A0A0R0LB39,I1KHJ4,0
I1KCN1,K7KAB4,0
I1NBC2,I1MEF5,0
I1JKP1,I1N780,0
I1LHY4,C6SX83,0
I1KPU4,A0A0R0G7I0,0
I1KLE1,K7LFD7,0
I1JUT9,I1NCF6,0
I1KTD4,A0A0R0FXD4,0
I1KTD4,I1KJD2,0
K7M787,K7N1T9,0
A0A0R0EZ39,I1LGD6,0
K7M1G4,I1JC65,0
I1JVN0,C6TBL4,0
I1K5H2,I1M3W1,0
I1KP31,A0A0R0ENB3,0
A0A0R0JZD5,A0A0R0ESZ8,0
I1M3U2,K7LTB2,0
I1JMZ3,K7LSG2,0
C6SWG4,K7MMD7,0
C6SYF3,K7L6N7,0
A0A0R0JZD5,A0A0R0GPH9,0
I1K096,A0A0R0JSJ9,0
I1M5E2,A0A0R0EUJ0,0
I1KEY6,A0A0R0FB78,0
I1K725,I1KSD0,0
K7LDR8,I1K6E7,0
A0A0R4J2N2,K7M6R4,0
A0A0R0JG07,I1K9J7,0
C6SZL0,I1LII4,0
K7LW22,I1JD52,0
I1JQR6,A0A0R0KE62,0
C6SVH9,A0A0R0GPH9,0
I1N439,A0A0R4J4C3,0
I1KNN1,I1L171,0
I1M3Q8,I1L2H4,0
K7KDA5,C6T065,0
I1K725,K7L9M2,0
I1LWR7,M1FN34,0
A0A0R0KTM7,A0A0R0GPH9,0
I1JFN0,I1L171,0
I1LYQ9,I1K3X9,0
I1K911,C6TJ17,0
I1MSD9,I1MC28,0
I1KFI5,A0A0R0GFM7,0
I1L6W0,K7KNC5,0
I1LQ02,I1KD82,0
I1KYD6,K7LQV0,0
I1LG61,I1JD36,0
A0A0R4J389,A0A0R0GFM7,0
K7KEV0,K7MXH5,0
I1MUQ7,I1LH18,0
I1LGB1,A0A0R0G7B5,0
K7LSH9,I1KZK2,0
I1LRB0,I1L7G4,0
I1KFI5,K7K318,0
I1MNK0,I1J547,0
I1KTS9,I1KQE3,0
A0A0R0KNS7,P62302,0
K7K415,I1MC28,0
I1JNK6,I1LH18,0
I1MQD0,P17093,0
I1MY72,K7KQZ8,0
I1KY58,I1LLS4,0
I1J870,I1LVN3,0
I1NC77,I1KSD0,0
A0A368UHM1,C6T5R4,0
A0A0R0HN81,I1MZV4,0
C6TEP1,K7M592,0
K7M5T0,I1MEF5,0
I1N9I5,I1MZV0,0
I1LZW4,I1KVC1,0
I1MSC6,C6TJ17,0
I1MT74,I1LPW2,0
I1MKM3,Q43463,0
I1KDB2,K7LK09,0
I1KKD9,A0A0R0ESZ8,0
I1M0C2,I1M5B6,0
I1N1V6,K7L2R0,0
I1MWP7,I1JYT2,0
I1KEY6,I1LIA8,0
A0A0R0FSY2,K7MMD7,0
K7L1D3,I1JYT2,0
I1KMS4,I1LUL2,0
I1N0F1,I1LM96,0
H2D4C3,I1MEF5,0
K7LUF9,A0A0R0KWL0,0
I1LJ93,K7MNN5,0
I1JT85,I1JHJ0,0
A0A0R0HSJ1,I1J547,0
I1LZW4,A0A0R0IT62,0
I1K3P0,K7LQV0,0
Q2PMQ9,I1ML11,0
I1LQ02,K7MFZ6,0
K7K9E1,C6T5R4,0
I1LZ09,K7MRF5,0
I1N9I5,A0A0R0IZY4,0
I1MVE9,K7MYK9,0
I1KB26,K7N5K2,0
I1LUL7,K7LSJ2,0
C6SYQ2,K7KQZ8,0
I1LYU9,C6SYW6,0
I1LHR1,I1LLK1,0
I1M3Q3,I1KQE3,0
K7MMG1,C6SW04,0
C6SZM9,A0A0R0IF42,0
I1MHS1,C6T5U0,0
I1LA00,I1JUQ0,0
I1JNV3,I1N761,0
I1KS88,A0A0R0EWR2,0
K7MGQ3,I1NAJ5,0
I1L8H7,I1JRJ3,0
A0A0R4J4C8,A0A0R0K0K3,0
K7MAP3,K7LHS7,0
I1KH45,A0A0R0HV63,0
I1J8W9,I1K642,0
I1JXQ3,A0A0R4J5K6,0
I1LPI3,I1MTV9,0
I1MLZ0,A0A0R0JTV5,0
Q2PMU2,I1JVX3,0
A0A0R0GZZ6,K7L9M2,0
I1LIS4,A0A0R0JJI0,0
I1MUQ7,K7LCS7,0
A0A0R0GBL8,A0A0R0KE62,0
I1LY25,I1MSN3,0
I1KB25,K7LQV0,0
A0A0R0KH89,I1KVC1,0
I1L524,I1KZ09,0
I1JY87,A0A0R0JRI8,0
I1KFU0,K7M9T4,0
I1KXG2,K7KK86,0
I1L8S1,M1FN34,0
I1K3P0,C6TBL4,0
I1LZM7,C6T0A0,0
I1N9I5,K7L7W0,0
K7KLI7,A0A0R0GFL3,0
K7LTQ1,I1NJ53,0
I1L219,K7KES1,0
C6SYE0,Q2PMR3,0
I1M0N9,I1KJD2,0
C6TBJ1,I1LUL2,0
I1LDU4,A0A0R0FM97,0
A0A0R0JZD5,I1JC65,0
I1LAR7,I1NC50,0
I1N8M4,A0A0R0JRI8,0
I1KGN6,I1KJD2,0
C6TAW8,I1N761,0
C6SYF3,A0A0R0KWT5,0
A0A0R0FSY2,K7M592,0
I1LP18,A0A0R0JJK0,0
I1L5Z7,I1J9I1,0
I1KV60,I1LII4,0
K7L3K3,I1KZ09,0
K7K8U8,A0A0R4J4C3,0
C6T084,A0A0R0L828,0
I1K5J5,I1KEC8,0
I1M3V1,K7L939,0
A0A0R0FYN8,I1KAR1,0
K7KGE9,I1N780,0
I1LGB7,A0A0R0FTI5,0
I1JVP4,K7M6I1,0
C6TCW7,I1LPK5,0
I1MK36,A0A0R0HV63,0
I1KR80,K7M846,0
I1LQ02,I1JM18,0
I1KYD6,I1JB64,0
I1NFU9,I1KYL4,0
A0A0R0FSY2,I1JD07,0
A0A0R0LFT0,I1LPJ8,0
I1LVX2,K7N1L5,0
I1MBA2,K7M6R4,0
I1JDP3,I1NG45,0
A0A0R4J4C8,K7KFY5,0
I1KXG2,C6TK73,0
I1N9I5,I1KPE7,0
I1N8Q6,K7M466,0
I1JNB0,A0A0R0FER5,0
A0A0R0EI44,I1LHS8,0
I1MHS1,K7K4C7,0
K7MPL4,A0A0R0FB78,0
I1JXQ3,I1KFL5,0
P07506,K7KJB2,0
C6SVF8,A0A0R0L828,0
C6TKW2,I1LPJ8,0
A0A0R0K5X4,I1KEC8,0
I1JIJ4,A0A0R0L5Q1,0
I1NFU9,C6T4V3,0
I1LXH0,I1KQE3,0
C6SXM9,K7M592,0
I1KBQ5,I1MTV9,0
I1MBW8,I1MQC8,0
C6SYR1,A0A0R0FZM4,0
I1KZJ7,K7MGQ2,0
I1LJA4,A0A0R0GG06,0
C6TAF0,K7MMD7,0
K7M5T0,I1MNV2,0
I1MVE9,I1LUE0,0
I1MIE5,I1JK31,0
K7MZP6,I1K3X9,0
K7LZZ5,I1LEC4,0
K7LLK0,I1LIU7,0
I1NFS4,A0A0R0FX75,0
C6SWD4,I1KUB2,0
A0A0R0KNS7,K7LIE3,0
I1KQE8,I1LFD2,0
I1MV96,K7N129,0
K7KPJ4,O22518,0
I1MEZ1,K7LFD7,0
I1L219,A0A0R0JSJ9,0
I1MNU7,K7MM40,0
I1N0U4,A0A0R4J384,0
K7LDR8,K7K8K7,0
I1MGB0,I1LIU7,0
C6SYQ2,K7MXE0,0
I1NGD2,K7M846,0
I1M2R5,K7M846,0
K7LVE4,A0A0R0JQJ0,0
I1KQG7,C6T2G5,0
Q2PMU0,I1LII4,0
A0A368UHE3,I1K5B6,0
K7LUF9,I1MU00,0
K7M9K9,I1MF50,0
K7N3F6,K7KAB4,0
I1KQG0,K7M6I1,0
I1JFN0,K7KJB2,0
A0A0R0L098,A0A0R0EYS5,0
I1LMW7,K7LK09,0
P07506,C6T5U0,0
C6TK75,I1L9K4,0
I1NC77,I1J8C9,0
A0A0R0GZZ6,I1N898,0
A0A0R4J3Y6,K7KTS8,0
C6TE07,I1MEQ6,0
I1N1Y6,I1MQC8,0
I1KVX9,C6TN69,0
I1LSM6,K7MNP5,0
C6T2L5,I1JUQ0,0
I1KHL6,I1K9J7,0
I1JW21,I1K9J7,0
A0A0R0H7N0,I1KMS8,0
I1JS66,I1LGD6,0
K7LUF9,K7MM40,0
I1MBR7,I1MW51,0
A0A0R0FJF0,I1J547,0
I1MLZ0,I1KAR1,0
I1LRE4,A0A0R0K7U0,0
I1LKU1,I1MZV0,0
I1J7A8,A0A0R0IZY4,0
C6SYE0,I1NJ53,0
I1MWP7,I1KTI0,0
I1LZM7,I1N761,0
A0A0R0FSY2,I1MRI5,0
C6T968,A0A0R0GAQ8,0
I1KHY2,I1MZV0,0
A0A0R0GJ85,A0A0R0ENB3,0
C6SWL3,K7M9T4,0
C6TKC3,K7M6R4,0
I1LMW7,A0A0R4J384,0
I1MXT2,K7M6R4,0
I1K2U0,A0A0R0FGT9,0
I1M0S4,I1LG13,0
I1KS20,A0A0R0FER5,0
K7MGK0,A0A0R0G7I0,0
I1LC01,I1LPK5,0
I1KD09,I1LGD6,0
I1K4D7,I1KPE7,0
K7MTC4,I1N898,0
I1N1Y6,I1JYT2,0
I1KBQ5,I1JUQ6,0
C6SY25,A0A0R0FTI5,0
I1MWP7,Q2PMR3,0
A0A0R0HN81,I1KUS2,0
A0A0R0H7N0,I1K1W8,0
C6SWA0,I1KYL4,0
A0A0R0IHF9,A0A0R0JSJ9,0
I1N1X8,I1KZ09,0
K7K676,K7L6N7,0
C6SWM1,I1JV03,0
I1MHS1,A0A0R0L4P0,0
I1JFN0,P62302,0
K7LEG0,K7L6K2,0
I1LKU1,K7MRF5,0
A0A0R4J354,I1KM19,0
I1K5J5,K7M846,0
I1LVX2,I1MQC8,0
I1MV96,A0A0R4J4C3,0
I1LJW2,I1LIU7,0
I1M4P0,K7MYK9,0
C6T426,I1KMS8,0
I1JAG0,I1KYL4,0
C6TKZ4,A0A0R0L828,0
I1K0C4,K7M841,0
K7K8U8,I1MW74,0
I1KQG7,I1LR48,0
K7LTQ1,I1MNV2,0
I1KIB3,I1LVN3,0
O48901,I1KSL6,0
I1M3U2,I1KFL5,0
I1J870,I1JA95,0
A0A368UHE3,A0A0R0IR73,0
I1K7N0,I1LPJ8,0
I1LHR1,A0A0R0L828,0
A0A0R4J354,A0A0R0JRI8,0
K7MGK0,A1YZE0,0
A0A0R0K0L0,I1L332,0
A0A0R0G6V6,K7KK86,0
I1LDA7,I1MNU2,0
A0A0R0LFT0,I1KZ09,0
I1KPT1,I1MLJ0,0
A0A0R0K5X4,C6TD23,0
I1LH11,C6SW04,0
I1NF54,I1L9K4,0
K7LLK0,K7L4N7,0
I1JUJ6,K7M6R4,0
I1KB25,K7MFE5,0
I1JS58,A0A0R0IF42,0
I1JMZ4,I1K9J7,0
I1M0C3,I1KM19,0
K7L3K3,C6TBL4,0
I1JBJ2,I1J8C9,0
I1L5Z7,A0A0R0K0K3,0
K7M142,A0A0R4J2Q5,0
C6SXF5,A0A0R0FEN3,0
I1K8C1,K7MTL2,0
I1JUR7,P17093,0
C6SYF3,I1M5B6,0
I1L1S1,K7L7W0,0
M1FN39,K7KQZ8,0
I1MWF0,I1MJJ9,0
I1L478,K7M6I1,0
I1L219,K7M6I1,0
A0A0R0HSJ1,P17093,0
C6T2Y4,K7MXE0,0
A0A0R0LB39,K7MM40,0
K7LLK0,I1LXQ3,0
K7M787,I1KZK2,0
I1KGU0,A0A0R0L4P0,0
A0A0R0L372,A0A0R4J4H3,0
I1JL13,I1LGD6,0
I1LVX2,I1KJD2,0
I1MNM3,A0A0R4J4D0,0
I1K5H2,I1KUS2,0
I1JZC3,A0A0R4J2Y1,0
I1M100,I1KJD2,0
I1LDU4,C6TGA9,0
I1KCB7,I1K2I1,0
I1N0R5,I1JC65,0
A0A0R0K6F4,I1NCV4,0
I1MLK3,K7M9T4,0
I1J8W9,I1JB64,0
I1KZI6,A0A0R4J384,0
I1L690,K7MNP5,0
I1LCX3,I1KHJ4,0
I1JXB4,I1JRU7,0
I1K650,I1J9I1,0
K7KVG4,A0A0R0EUJ0,0
A0A0R0GC27,K7LFD7,0
I1N5E8,A0A0R0JJI0,0
K7LWN2,I1MNV2,0
I1JMZ3,I1LL05,0
K7MGQ3,I1JD36,0
K7L1D3,I1MZV4,0
A0A0R0JJK8,I1LUL2,0
A0A0R0HDM5,I1KQE3,0
A0A0R0GE56,A0A0R0L4P0,0
I1N8Y6,C6SX83,0
P46279,K7KTS8,0
I1MK96,K7L939,0
I1M7C7,K7KK74,0
I1KU09,A0A0R4J384,0
K7KEV0,I1LIA8,0
I1J9W0,I1LPJ8,0
K7KE09,I1JUQ0,0
I1K4D7,A0A0R0GAQ8,0
I1KHL6,I1LHS8,0
A0A368UHM1,I1LM96,0
M1FN39,K7K8K7,0
I1KCX1,I1JE09,0
I1KLE1,I1MW51,0
C6TKZ4,I1MW51,0
K7L8H2,I1MU00,0
K7KY63,K7K8K7,0
I1MBM5,I1JA95,0
I1MLZ0,A0A0R0EKI7,0
I1N9S5,I1LXQ3,0
I1KZI6,I1JYT2,0
K7LIW2,I1LIT1,0
K7K2H1,I1LWZ0,0
C6TFN5,K7MNP5,0
I1NGD2,I1MZV4,0
K7M787,K7MRF5,0
Q2PMU2,I1KVC1,0
C6TBN8,A0A0R0FJR0,0
I1L1L2,A0A0R0L828,0
Q2TFP1,K7L6K2,0
I1JIJ4,I1MNS7,0
I1KJT5,A0A0R0GJV8,0
I1K650,I1LL05,0
A0A0R4J3R4,K7MNN5,0
I1LS70,A0A0R4J4C3,0
A0A0R0HHZ3,A0A0R0K0K3,0
K7MCH3,I1MPJ4,0
A0A0R0HHZ3,I1LR48,0
A0A0R4J3Y6,I1M1W3,0
C6TBQ2,I1JUQ0,0
K7LQ96,I1N761,0
I1J7A8,A0A0R0FEN3,0
C5NTE7,C6TNW3,0
I1N0I7,A0A0R0JJK0,0
I1K911,I1MEF5,0
A0A368UHC3,I1MEQ6,0
A0A0R0FSY2,A0A0R0JQJ0,0
I1MFH3,I1N780,0
A0A0R4J389,K7LNG6,0
A0A0R0HDM5,I1JD36,0
I1LY25,I1KH38,0
C6SWI9,I1K642,0
I1KYD6,I1LGD6,0
A0A0R0FYN8,A0A0R0IZY4,0
C6SZL0,I1JB64,0
A0A0R0L098,I1K215,0
K7KDA5,A0A0R0FB78,0
K7M097,I1L9K4,0
I1LPD3,I1NCF8,0
A0A0R0E907,K7N5K2,0
A0A0R0KNE1,I1JYT2,0
A0A0R0KH89,A0A0R0JJK0,0
I1JZC3,I1L171,0
I1JM69,K7KFY5,0
I1KBB6,I1MW74,0
K7LQ96,A0A0R0JSJ9,0
I1JT85,I1KEC8,0
A0A0R0G3G4,K7L2R0,0
K7LVE4,A0A0R0KWL0,0
I1L412,I1K5B6,0
I1L6W0,C6TCH4,0
I1KYD6,A0A0R0KPE1,0
I1NCS8,K7LTR0,0
K7KVG4,I1MZV0,0
I1NH73,K7K4C7,0
I1JXQ3,I1KSD0,0
I1L524,A0A0R0K7U0,0
A0A0R0K6F4,I1KQE3,0
I1K2U0,I1JVX3,0
I1MDC4,K7MGQ2,0
K7K415,I1M269,0
I1KGI6,K7M9T4,0
K7K9E1,I1LLK1,0
A0A0R0GYG1,I1NCF8,0
A0A0R0L8Y1,I1K5K7,0
A0A368UHC3,K7MYK9,0
I1KIY3,I1LPJ8,0
I1N3M5,A0A0R0HV63,0
K7MST2,I1MEQ6,0
I1NHQ1,I1KJF2,0
I1KQG0,A0A0R0JYX3,0
I1L653,K7MXE0,0
K7LIW2,I1MNV2,0
I1JS58,I1MRP6,0
K7LWC5,K7LHS7,0
C6SVV7,I1MNV2,0
I1NIJ9,I1L9K4,0
I1JR41,I1LL05,0
I1NH98,I1K215,0
I1LC01,I1MZV0,0
I1KY58,A0A0R0L4P0,0
I1LMP2,K7L6K2,0
I1JWF0,K7LQV0,0
K7N3F6,A0A0R0IZY4,0
C6T868,K7KTS8,0
I1LZ09,I1LR48,0
K7MD28,I1J4B5,0
A0A0R0J2L9,I1KSD0,0
K7KE09,K7L7W0,0
I1JKS2,K7M592,0
I1KX98,I1KSL6,0
K7MXS9,K7KWE4,0
I1MBA2,I1K146,0
C6SVU4,A0A0R0KWL0,0
I1K9B8,I1MRP6,0
I1MEN1,A0A0R0FTI5,0
I1JWF0,A0A0R0L828,0
A0A0R0LFT0,I1MNV2,0
A0A0R0L4N1,K7LTB2,0
I1K8C1,I1NAJ5,0
I1K628,A0A0R0JJK0,0
K7MH53,I1KAD1,0
K7KFV5,C6SZQ0,0
A0A0R0JYB5,I1KAR1,0
C6SXJ9,I1NAJ5,0
I1LC20,C6TN69,0
A0A0R0FSY2,A0A0R0GFM7,0
K7LVE4,I1NIE5,0
C6SYQ2,A0A0R0JJI0,0
P07506,I1K970,0
I1MRS5,K7L7W0,0
O48901,C6T5R4,0
K7LXT7,I1LIT1,0
K7KYY0,I1K3X9,0
K7KY63,C6TBL4,0
I1LUF0,I1L171,0
I1KD09,K7MC85,0
I1JFS9,C6T0A0,0
I1KXI7,C6SX83,0
I1L8S1,K7MYK9,0
I1MTH0,A0A0R0IF42,0
I1N1X8,I1JV03,0
I1MGG3,K7LHS7,0
I1KC19,I1MJJ9,0
I1L219,A0A0R4J384,0
A0A0R0L7S1,I1JRU7,0
I1JE93,C6SYW6,0
I1LIH7,A0A0R0JQJ0,0
A0A0R0F0T6,I1KHJ4,0
I1J5Q1,A0A0R0L828,0
A0A0R0L4N1,A0A0R0H141,0
K7MMG1,A0A0R0G7B5,0
I1K2J5,I1NJ53,0
A0A0R0K6F4,A0A0R4J4H3,0
I1K328,K7MRF5,0
I1JBJ2,K7M6Z2,0
I1J9W0,A0A0R0FM97,0
I1K628,K7M6J1,0
I1LIH7,A0A0R4J2Q5,0
C6T883,I1L7G4,0
I1KAJ2,K7N1L5,0
I1K5L7,I1K5K7,0
I1N6N9,I1NIE5,0
A0A0R0L372,I1LIT1,0
M1FN39,A0A0R0JRI8,0
C6TFR5,I1LVN3,0
I1MC26,P62302,0
I1LBV2,K7MC85,0
A0A0R0KFE8,A0A0R0GS25,0
C6TAW8,A0A0R0FEN3,0
A0A0R0GE84,A0A0R4J5B7,0
I1K3U2,I1JK31,0
I1JXB4,I1L9K4,0
I1KQE2,I1MGG7,0
C6T3I8,I1K215,0
A0A0R0LB39,I1K970,0
I1LAR7,A0A0R4J488,0
I1LD74,K7MRF5,0
I1JYG7,A0A0R4J5C5,0
I1MRY0,A0A0R4J4C5,0
I1L5H8,I1MNU2,0
I1LYG4,I1MU00,0
I1N1V6,I1NCV4,0
C6SXF5,I1K2I1,0
I1MHA4,A0A0R0FGT9,0
A0A0R0L4N1,C6TIK0,0
I1LC20,K7M849,0
K7L240,C6TFX5,0
K7M2D8,A0A0R0GUR9,0
A0A0R0FSS2,I1LGD6,0
I1N9S5,K7KTS8,0
K7L1D3,I1LR48,0
I1M2R5,I1MPJ4,0
I1K5H2,I1K6E7,0
C6TKC3,A0A0R4J2Y1,0
C6T2L5,I1JFW6,0
P46279,I1KCY5,0
I1NGQ5,M1FN34,0
K7M787,I1LGD6,0
I1L478,O22518,0
I1JNK6,I1MEQ6,0
A0A0R0E907,I1JE09,0
C6TGR3,I1M998,0
A0A0R0HSV1,I1KSL6,0
I1LRE4,I1JYT2,0
I1KD09,I1LPK5,0
I1MBA2,I1K215,0
I1KDB2,I1K6E7,0
I1M6L1,I1KTI0,0
I1LFW0,I1MPJ4,0
I1JTE4,A0A0R0EYS5,0
C6TEP1,I1KAR1,0
I1JL13,I1KSL6,0
A0A0R0FEI0,A1YZE0,0
C6SWZ1,I1MNU2,0
K7MMF4,K7KAB4,0
I1LCX3,I1KUB2,0
A0A0R0K5D9,A0A0R0FXD4,0
I1MEZ1,I1MRI5,0
C6T507,I1K467,0
I1MSD9,K7M6R4,0
I1K725,A0A0R0GG06,0
I1JS66,K7MMD7,0
I1MYV4,A0A0R0L828,0
A0A0R0FX70,K7MNP5,0
K7LEG0,C6T065,0
K7M1G4,C6SZG1,0
C6SVF8,K7KES1,0
I1K0C4,I1JUQ0,0
K7MWR1,A0A0R0ESZ8,0
A0A0R0L372,I1JV03,0
I1K2U0,A0A0R0EJV2,0
I1JFS9,I1J8C9,0
K7MMF4,I1LII4,0
I1KH45,K7LIE3,0
K7LIW2,I1MGG7,0
I1LMP2,A0A0R0FB78,0
I1MZ32,K7LSJ2,0
A0A0R0HXE9,A0A0R0FGT9,0
I1LPC3,I1NCV4,0
I1LGB1,A0A0R0KWT5,0
I1KCH6,I1KHJ4,0
C6T8R7,C6TN69,0
A0A0R0FYN8,K7L6K2,0
C6TFR5,I1KZY8,0
C6TLT3,A0A0R0HSA0,0
A0A0R0GRI6,I1NC50,0
I1KGN6,I1N761,0
C6SXF5,A0A0R0G7I0,0
I1N6Z0,A0A0R0FJR0,0
K7KLI7,I1MNV2,0
I1MC39,I1M5B6,0
C6SVU4,I1MZV4,0
I1J8V4,A0A0R0GFM7,0
A0A0R0FQN0,A0A0R0JRI8,0
C6SY81,I1MLJ0,0
A0A0R0FNM4,A0A0R0IZY4,0
I1KS88,K7KK74,0
I1L1N3,I1MQC8,0
I1JZC3,I1L7G4,0
I1KJT5,K7M841,0
C6T1P2,I1KUB2,0
I1KFI5,I1JFW6,0
I1JL13,C6SW04,0
A0A0R0J7J3,A0A0R0IZY4,0
I1J8V4,I1MNV2,0
I1MYV4,A0A0R0FX75,0
K7L9V3,A0A0R0FB78,0
I1MBA2,I1KJF2,0
A0A0R0GE56,I1J8C9,0
A0A0R0L372,I1LG13,0
C6T9S5,A0A0R0K7U0,0
A0A0R0FX46,C6TJM4,0
I1N8P5,K7KES3,0
I1MC26,I1NIE5,0
K7KLI7,A0A0R0EDS9,0
I1MKM3,C6SZ70,0
A0A0R0LB39,I1J8W6,0
I1KH45,K7LLV5,0
C6T0E4,A0A0R0KE62,0
I1K2J5,C6SX83,0
I1L9A1,K7LHS7,0
A0A0R0K6F4,I1MRP6,0
I1KTS9,C6TFX5,0
C6T084,I1K2I1,0
I1KGI6,I1K146,0
I1KQ68,I1LIU7,0
Q2PMS6,I1N780,0
I1KQ68,A0A0R0IF42,0
I1LMP2,I1MEF5,0
I1LKU1,K7L9M2,0
I1MY43,I1KUS2,0
I1MNV4,A0A0R4J4C5,0
I1N0I7,K7MC85,0
A0A0R4J3Y6,I1KSL6,0
I1LHR1,I1LL05,0
I1KGI6,C6SX83,0
I1N0I7,I1MGG7,0
A0A0R0IAV3,C6SWS6,0
I1JUJ6,I1K467,0
I1JFF6,I1KSL6,0
I1J870,P17093,0
K7M5W5,I1MEQ6,0
Q2PMU2,I1MRP6,0
I1L3P6,K7M6J1,0
A0A368UHC3,I1KLS1,0
I1MNK0,I1MC28,0
A0A0R0KE73,I1MRP6,0
I1KAJ2,I1JD52,0
A0A368UJ64,K7LHS7,0
K7MZP6,A0A0R0HSH0,0
C6T530,K7KW44,0
I1JE93,K7M841,0
A0A0R0FJF0,A0A0R0K6I2,0
I1NGD2,A0A0R0GFM7,0
C6T2Z2,I1MJJ9,0
I1L6W0,K7LIE3,0
A0A0R0JLD5,I1LWZ0,0
C6TLT3,A0A0R0GAQ8,0
I1JMT0,A0A0R0JRI8,0
I1NCS8,I1LW00,0
A0A0R0G6V6,I1MC28,0
K7KNJ6,I1LGD6,0
C6T2L5,I1MNV2,0
I1K620,I1NG45,0
I1L8H7,C6TFX5,0
I1LS70,K7KVK2,0
K7M5W5,K7M6J1,0
I1LHY4,C6TNW3,0
A0A0R0L372,I1KFL5,0
I1MEF8,I1LIU7,0
K7KNJ6,I1KPE7,0
C6TG99,A0A0R4J384,0
C6TKL8,A0A0R0IT62,0
I1JE93,K7MC85,0
I1N0U4,I1K2I1,0
A0A0R0ET54,I1L7G4,0
A0A0R4J2K3,K7LSJ2,0
C5NTE7,K7KJB2,0
I1NDC0,I1MW74,0
I1N439,A0A0R0GFM7,0
I1KAJ2,I1ML11,0
K7MZ38,I1JYT2,0
K7LTQ1,I1N898,0
I1LKQ4,K7KH93,0
I1L690,I1JD36,0
I1LWR7,I1KFL5,0
I1M5E2,A0A0R0JTV5,0
I1J5Q1,C6TN69,0
A0A0R0I8Z5,C6TJ17,0
Q2PMU2,K7K318,0
A0A0R0HHZ3,A0A0R0GFM7,0
I1J4E1,I1MNU1,0
A0A0R0I8Z5,I1LWZ0,0
A0A0R0GZZ6,I1MZV4,0
I1NBQ2,I1JRJ3,0
I1LYG4,I1KXK6,0
Q2PMT2,I1MZV0,0
C6TBQ2,A0A0R0FM97,0
A0A0R4J3N1,A0A0R0L5Q1,0
A0A0R0E3E6,I1NCF6,0
I1KGZ6,P17093,0
I1LUF0,C6TIQ7,0
C6TKB2,I1NCF8,0
A0A0R0F2G6,A0A0R4J4C3,0
C6TBN8,I1N898,0
C6T2L5,I1N8M8,0
K7M5I5,K7LIE3,0
A0A0R0JZD5,K7KJB2,0
I1KGZ6,K7L2D7,0
I1M0C3,I1K467,0
A0A0R0HDM5,I1LLS4,0
K7KGE9,I1K5K7,0
K7LWI3,I1J547,0
C6TG81,I1JE09,0
I1LJW2,I1KXK6,0
A0A0R4J3R4,A0A0R0JRI8,0
C6SZY0,K7L7W0,0
I1KQE8,A0A0R0K7U0,0
I1KJW4,C6SZ70,0
A0A0R0GJ85,K7MNP5,0
I1LM73,A0A0R0HSH0,0
I1N8M4,K7LCS7,0
K7KYE0,I1K3X9,0
I1MNE4,A0A0R0GFL3,0
A0A0R0ERF9,I1L3P5,0
I1LDU4,I1M998,0
I1MGG3,I1KXK6,0
K7N3F6,C6TFX5,0
A0A0R0J7J3,I1JMH3,0
A0A0R0G342,K7KTS8,0
I1LSM6,I1KLS1,0
K7LWC5,K7K4C7,0
I1LGQ1,I1NIE5,0
I1LP56,I1LII4,0
K7MMR4,K7KH93,0
A0A0R0KFE8,I1JD52,0
I1K5L7,K7MMD7,0
A0A0R0KCV3,A0A0R0KPE1,0
K7LTQ1,K7KES3,0
C6SYF3,I1MNU2,0
I1KXG2,I1JD52,0
I1MVG5,I1K6E7,0
I1JCY0,C6SZ70,0
K7MXD1,I1KJF2,0
I1L8S1,I1KAD1,0
A0A0R0I8Z5,A0A0R0JBL2,0
I1LPD3,I1KQE3,0
I1MV96,I1LLK1,0
I1JE38,K7MXH5,0
I1JFF6,I1LPK5,0
I1N0F1,I1KAR1,0
I1JXB4,K7K4C7,0
I1NH73,A0A0R0JSJ9,0
I1KPQ8,A0A0R0HV63,0
K7LLK0,I1L2H4,0
I1K5H2,I1KVC1,0
I1LC01,K7LSJ2,0
A0A0R0HDM5,I1JHJ0,0
I1MP46,K7KQZ8,0
I1MTX9,K7MM40,0
C6SWA0,I1M277,0
I1LHY4,P62302,0
C6TMM7,A0A0R0IF42,0
C6SVU4,K7KFY5,0
I1L1S1,K7KES1,0
A0A0R0F7J9,I1KUS2,0
C6TKG0,A0A0R0JYX3,0
I1N8P5,I1KVC1,0
I1LIM0,A0A0R0JYX3,0
K7LQ96,A0A0R0H141,0
A0A0R0FX70,A0A0R0IF42,0
A0A0R0H9H8,I1MNS7,0
I1K3U2,K7L6N7,0
C6TKZ4,I1NG45,0
A0A0R4J2K3,A0A0R0JJI0,0
I1MHA4,I1MNS7,0
A0A0R0JKU3,K7MC85,0
I1K628,A0A0R0EKI7,0
I1JUT9,I1J8W6,0
A0A0R0KCV3,A0A0R0FZM4,0
C6T9S5,I1MF50,0
I1JDH6,K7K8K7,0
K7MNC0,I1LY15,0
I1L219,I1LVN3,0
I1LS70,I1JMK4,0
I1JUT9,I1LPW2,0
P46279,I1KLS1,0
I1JIJ4,I1MTV9,0
I1KHY2,A0A0R0JYX3,0
K7MMF4,I1MK72,0
C6SVR8,I1JRU7,0
C6SW43,I1NAJ5,0
K7KKB2,K7M466,0
I1M3Q3,K7KNC5,0
A0A0R0G342,K7LQV0,0
I1KRF9,I1NAF6,0
I1JY67,A0A0R0ESZ8,0
C6SW69,I1N7F4,0
K7M4N3,K7KH93,0
I1KYF8,K7KW44,0
I1M0C2,K7MFE5,0
A0A0R0KFE8,I1M225,0
K7KDA5,A0A0R0IF42,0
C6T8L7,K7LHS7,0
I1NGD2,A0A0R0JRI8,0
I1LIM0,K7LK09,0
K7L3K3,A0A0R4J2Y1,0
I1J7A8,A0A0R0HCS6,0
I1J553,K7K8K7,0
I1JRA0,A0A0R4J426,0
I1KRF9,A0A0R4J5K6,0
I1N8Y6,K7K318,0
K7LQ96,A0A0R0FEN3,0
K7MST2,I1K146,0
I1J4E1,A0A0R4J5B7,0
I1N056,I1MW51,0
I1NF54,A0A0R0GBB6,0
C6TKB2,I1MZV4,0
A0A0R0G2B9,K7M6Z2,0
A0A0R0GYG1,A0A0R0EUJ0,0
A0A0R0LA89,C6TJ17,0
C6T3G1,A0A0R4J384,0
A0A368UHG0,C6T065,0
C6SWL3,A0A0R0GFH3,0
A0A0R0LB39,K7LHS7,0
K7KGJ8,C6SZ70,0
I1KTL9,I1LH18,0
C6TBJ1,K7LY43,0
C6TKW2,A0A0R0KWT5,0
C6SYR1,I1MEF5,0
C6SWL3,I1NAJ5,0
I1JRA0,A0A0R0KWL0,0
K7LW22,I1MQC8,0
A0A0R0HSJ1,K7KES3,0
A0A0R0HXE9,I1K2I1,0
I1JQR6,I1MC28,0
I1M717,I1K5B6,0
C6T968,K7M864,0
I1KGZ6,I1KAD1,0
I1LZT5,A0A0R0L0E7,0
I1JW64,K7MNP5,0
I1K0C4,I1NCF6,0
A0A0R0J7Q5,C6T2G5,0
I1NH98,C6SYW6,0
I1L215,A0A0R4J2Q5,0
I1KCB7,I1KM19,0
H2D4C3,K7LTB2,0
I1J8V4,A0A0R4J4C3,0
P07506,I1LLK1,0
Q2PMQ9,K7KAB4,0
A0A0R0GBL8,A0A0R0GAQ8,0
I1LZM7,A0A0R0GUR9,0
C6T0U3,K7N145,0
C6SWZ1,I1JD36,0
I1LPZ2,A0A0R0EJV2,0
K7L1B9,I1KLS1,0
I1J8V4,K7MXH5,0
I1N3M5,I1JK31,0
A0A0R0L2U1,I1J4B5,0
K7L395,A0A0R0GFH3,0
I1KPT1,K7M6R4,0
K7MZP6,I1JB64,0
I1KU09,I1K5B6,0
I1JE93,I1JB64,0
I1J4E1,K7KK86,0
A0A0R0KFE8,K7LHS7,0
I1KJW4,A0A0R0KE62,0
I1LG61,I1KJD2,0
K7MZP6,A0A0R0GBB6,0
I1JVP4,I1JRU7,0
I1N439,K7M849,0
A0A0R0HSJ1,A0A0R0JJK0,0
I1N1X8,I1NC50,0
I1K328,K7M6R4,0
C6T868,I1JYT2,0
K7KTT9,I1M269,0
A0A0R0IHF9,C6SYE1,0
K7MVB9,C6TD23,0
I1KXI7,I1KVC1,0
I1MUQ7,I1JUQ6,0
K7MAP3,A0A0R0GAQ8,0
C6SYQ2,I1JRU7,0
I1LLA9,A1YZE0,0
C6T530,A0A0R0KVY6,0
C6T3I8,K7M9T4,0
I1JKP1,K7MTL2,0
A0A0R0J7Q5,K7N1L5,0
I1KBQ5,A0A0R0GFM7,0
I1L653,C6TBL4,0
C6T7N2,A0A0R0E934,0
I1L8S1,C6TIQ7,0
I1KQE8,I1L332,0
I1JY87,A0A0R0GWH6,0
I1JE93,I1NCF8,0
K7L1D3,I1JC65,0
A0A0R0H9H8,I1K1W8,0
I1MBA2,K7N145,0
A0A0R0L098,I1KYL4,0
I1LJI8,I1JMZ7,0
A0A0R0HIA6,I1K2I1,0
I1KP31,I1JMZ7,0
K7M5T0,I1JD52,0
I1KHY2,I1KVC1,0
A0A0R0JH35,A0A0R0JJI0,0
I1LA00,A0A0R0E934,0
A0A0R0I8Z5,K7L7W0,0
I1JFF6,A0A0R0JYX3,0
A0A0R0KFE8,I1K4R8,0
I1N439,K7KQZ8,0
I1KEY6,I1L7G4,0
I1KAJ2,C6TIK0,0
I1M7V7,I1KYL4,0
K7M142,I1M5B6,0
A0A0R0EWX9,K7KJB2,0
K7L395,I1MZV4,0
A0A0R0IHF9,K7MM40,0
I1KQG7,A0A0R0FGT9,0
I1KTS9,K7L6N7,0
I1LHR1,I1JVX3,0
A0A0R0F7J9,A0A0R0HCS6,0
C6SXF5,I1N7F4,0
A0A0R4J2W3,I1LGD6,0
K7M787,C6TJ17,0
C6TBN8,I1K115,0
I1MM89,C6SW04,0
I1JCY0,A0A0R4J2Q5,0
I1JRL7,I1K215,0
K7KP66,A0A0R0EG78,0
I1J5Q1,I1KMS8,0
I1MSC6,K7M841,0
I1K5K3,I1K2I1,0
I1N1V6,K7K894,0
I1KYS6,I1M277,0
I1M4Y9,A0A0R0FER5,0
A0A0R0GE56,I1KAR1,0
I1JTW0,A0A0R0KVY6,0
I1LYN0,C6SYE1,0
H2D4C3,A0A0R0IF42,0
C6SWZ1,K7M846,0
I1KCN1,I1N5D5,0
I1MWP7,A0A0R0GJV8,0
K7KCG5,A0A0R0K6I2,0
Q2PMU2,A0A0R0EDS9,0
A0A0R0IGP2,I1JMK4,0
I1LQ02,C6SYE1,0
I1M3Q8,K7L6N7,0
I1JUJ8,I1JUQ6,0
K7K2H1,I1KJD2,0
I1KPU4,A0A0R0JRI8,0
K7KZ42,A0A0R0HSA0,0
I1JTW0,A0A0R0IZY4,0
I1JWF0,A0A0R0L5Q1,0
I1NCS8,I1MNU1,0
I1KX98,I1KZ09,0
C6T2H2,K7N5K2,0
I1LMW7,A0A0R4J4C5,0
K7L1D3,K7M864,0
K7MMF4,I1JK31,0
C6SWG4,I1MPJ4,0
I1J8V4,I1KYL4,0
K7K3W5,I1JV03,0
I1JQR6,I1JA95,0
C6TBQ2,A0A0R0K7U0,0
I1J553,A0A0R0GPH9,0
K7K8U8,A0A0R0GAQ8,0
C6TBN8,K7M6Z2,0
I1LR08,I1KSL6,0
A0A0R0G6V6,I1J8C9,0
I1M757,K7KTS8,0
C6SVH9,A0A0R0EUJ0,0
A0A0R0KNE1,I1MZV0,0
A0A0R0INQ5,A0A0R0GBB6,0
I1KB25,I1MZV0,0
I1LPJ3,K7L4N7,0
I1LYG4,C6TJM4,0
C6SVF8,K7KNC5,0
I1K4D7,I1JMK4,0
I1JHN5,C6TK73,0
I1J8V4,I1MW74,0
I1L250,I1M3W1,0
I1L250,I1J9I1,0
I1MFH3,A0A0R0HSH0,0
I1JL13,K7LHS7,0
I1JIP5,I1L2H4,0
P46279,K7L6K2,0
C6SXM9,C6T2G5,0
I1N9I5,I1NJ53,0
A0A0R0FEN9,I1KXK6,0
K7L9V3,A0A0R0FER5,0
I1JWF0,K7KWE4,0
I1KTD4,I1K642,0
I1LJA4,C6TNW3,0
A0A0R0KH89,A0A0R0EKI7,0
I1M4P0,K7LSJ2,0
A0A0R4J3R4,K7MQG6,0
K7MS88,I1MU00,0
I1K5G1,I1K2I1,0
I1JDP3,I1JHJ0,0
K7KEV0,K7N5K2,0
C6SYE0,A0A0R0JSJ9,0
I1NFU9,K7LTR0,0
I1KMS4,I1L3P5,0
C6SZL0,I1KM19,0
K7MGQ3,A0A0R4J4D0,0
C6TLV6,A0A0R4J426,0
I1KAJ2,C6T0A0,0
I1N4X7,I1LIA8,0
I1LDA7,I1LLK1,0
I1LYQ9,C6T0A0,0
I1MVK7,A0A0R0JBV0,0
I1KGN6,A0A0R4J4C3,0
C6TG81,A0A0R0EWR2,0
I1N9S5,I1MTV9,0
I1LZW4,A0A0R4J5K6,0
I1KQG7,I1M3W1,0
I1KRF9,I1K115,0
I1M7B9,K7KQZ8,0
I1K2Z9,K7KTS8,0
K7LRU2,K7M841,0
A0A0R0K0L0,C6T5U0,0
I1KTL9,K7LCS7,0
A0A0R0GBL8,Q43463,0
A0A0R0F077,I1L7G4,0
C6SZY0,I1N5D5,0
I1LLA9,C6TJM4,0
K7MH53,I1KZK2,0
I1MK36,C6SZ70,0
C6SY81,K7MXH5,0
I1LIS4,I1K9J7,0
K7KE09,A0A0R0K7U0,0
A0A0R0GC27,I1KZY8,0
I1N0R5,I1KUB2,0
I1KTS9,C6SZ70,0
A0A0R0KE73,A0A0R0JT51,0
K7L240,I1J9I1,0
I1JIJ4,I1KLS1,0
I1MGG3,K7K318,0
I1MVK7,K7MRF5,0
K7MGQ3,I1M1D5,0
I1MNE4,I1LIA8,0
A0A0R0KNE1,I1N8M8,0
I1K3U2,A0A0R0FX75,0
I1JYG7,I1M1W3,0
I1J553,I1J4B5,0
A0A0R0JS60,I1NCV4,0
A0A0R0ET54,A0A0R0JT51,0
I1LFQ4,I1J8C9,0
I1J870,A0A0R0GFL3,0
I1JNV3,I1JRU7,0
I1LS70,I1KZ09,0
K7MTC4,K7MQG6,0
I1K2J5,A0A0R0GJV8,0
C6SWZ1,A0A0R0L828,0
A0A0R0F2Z4,A0A0R0GG06,0
I1L219,I1LLS4,0
I1M7V7,K7LQV0,0
I1MVG5,I1JRU7,0
K7K794,K7KTS8,0
A0A0R0L7S1,C6SZG1,0
K7MCD1,A0A0R0JYX3,0
C6T426,I1MZV4,0
A0A0R0I8Z5,I1N761,0
I1LDY7,A0A0R0IZY4,0
C6SWL3,I1MEQ6,0
A0A0R0GJ85,A0A0R4J488,0
I1KNN1,A0A0R0FTI5,0
I1J4E1,A0A0R0F214,0
C6TAW8,Q2PMR3,0
I1LZM7,K7K894,0
K7KFV5,A0A0R0KE62,0
I1LC01,C6T0A0,0
I1M4Y9,K7L7W0,0
I1MZ47,Q43463,0
I1KV60,K7MRF5,0
I1MK96,I1LVN3,0
I1K328,K7M849,0
I1KY58,I1KAD1,0
I1KCX1,I1JA95,0
K7L9V3,A0A0R0IR73,0
K7K9E1,I1JV03,0
I1L8G3,A0A0R4J4D0,0
A0A0R0EZ39,A0A0R0EUJ0,0
I1JMT0,K7MC85,0
K7MAP3,C6SYE1,0
I1LRE4,K7L2D7,0
I1LYQ9,I1NAJ5,0
K7L8H2,K7L4N7,0
K7KVG4,K7LTR0,0
I1NBE9,I1N7F4,0
I1KZJ7,I1N7F4,0
I1M5E2,A0A0R4J4H3,0
A0A368UJ64,I1JMZ7,0
A0A0R0KJP6,K7LTR0,0
K7M5W5,C6SX83,0
I1NHI4,K7KWE4,0
I1KBL4,I1ML11,0
A0A0R0GCF5,K7KNC5,0
I1LFQ4,A0A0R0KVY6,0
A0A0R0JG07,I1KAD1,0
I1JUI1,I1LPJ8,0
I1NIE7,I1KJD2,0
I1MM64,A0A0R0HSA0,0
I1JS66,K7M9T4,0
I1M7B9,K7M4E0,0
I1LY25,A0A0R0EJV2,0
C6SY25,I1K467,0
I1M3V1,K7KK74,0
I1LJA4,I1MZV0,0
K7K553,I1N780,0
K7KDA5,A0A0R4J426,0
K7LRU2,I1JV03,0
I1MTH0,K7MFE5,0
A0A0R0KR16,A0A0R0KWT5,0
K7L240,I1LWZ0,0
I1KQE2,I1KD82,0
A0A0R0KE73,K7M4E0,0
I1MNV4,C6TD23,0
C6T0E4,A0A0R0GG06,0
I1KCX1,I1MPJ4,0
I1KD09,K7L6K2,0
C6SWZ1,K7LK09,0
I1MJ97,I1KSL6,0
K7LZZ5,C6SWS6,0
C6T8R7,K7KVK2,0
C6TG99,K7N5K2,0
I1MVE9,K7M6Z2,0
I1N0I7,I1LPK5,0
I1JQR6,C6TN69,0
K7MH53,K7L7W0,0
I1N0F1,I1M225,0
K7MXD1,I1JRV0,0
I1LZT5,K7MNN5,0
C6SVF8,I1K9J7,0
A0A0R0KFE8,I1LVN3,0
A0A0R0FNV7,A0A0R0IF42,0
K7LTQ1,A0A0R0L7U5,0
K7L3K3,A0A0R0GPH9,0
I1MWF0,K7K894,0
I1JL13,A0A0R0IR73,0
C6TG91,A0A0R4J4H3,0
I1KRD4,I1MRI5,0
K7MZP6,I1MU00,0
I1K2U0,I1N7F4,0
A0A0R0G5V6,A0A0R0FX75,0
K7KFV5,A0A0R0G7I0,0
I1N1Y6,I1MNU1,0
A0A0R0H296,I1LIT1,0
A0A0R0GYG1,A0A0R0G7I0,0
C6T1E6,A0A0R0HSA0,0
K7LEG0,A0A0R0JTV5,0
K7MCH3,A0A0R0KWL0,0
I1MLZ0,I1KXK6,0
I1L1L2,A0A0R0KPE1,0
I1KQE2,K7KQZ8,0
I1N9I5,I1ML11,0
I1JBJ2,I1KFL5,0
I1KYD6,I1N780,0
K7MZP6,C6SZG1,0
I1KEY6,I1K3X9,0
A0A0R0INQ5,A0A0R0JJK0,0
I1LM73,A0A0R0FXD4,0
K7M097,I1KLS1,0
C6TKZ4,A0A0R0EUJ0,0
A0A368UHC3,I1JHJ0,0
A0A0R0JYB5,Q43463,0
I1LUI7,K7LTB2,0
C6T5Z0,I1JUQ6,0
I1MTZ8,A0A0R0FB78,0
I1MHH7,K7L6K2,0
I1N8Q6,K7KVK2,0
I1MSD9,I1JVX3,0
A0A0R0FYN8,I1MZV0,0
I1L1L2,I1N780,0
K7MAP3,A0A0R4J384,0
I1KAJ2,A0A0R0GAQ8,0
I1LVX2,A0A0R0FER5,0
I1KCX1,P62302,0
A0A0R0H8M3,I1JRJ3,0
I1N0R5,I1LLS4,0
K7MMG1,I1M998,0
A0A0R0IHF9,I1KYL4,0
A0A0R0LB39,A0A0R4J2Q5,0
I1LP56,O22518,0
K7MGQ3,I1N7F4,0
I1KEG8,A0A0R0EJV2,0
K7MMG1,K7KK86,0
K7LGW1,I1KUS2,0
I1LUI7,A0A0R0ENB3,0
K7N0U1,K7MRF5,0
I1JCY0,I1N7F4,0
I1K7N0,K7K8Y9,0
K7LRU2,I1K4R8,0
A0A0R0EYA9,K7L6K2,0
I1KGI6,A0A0R0JT51,0
A0A0R0HSJ1,I1LEC4,0
A0A0R0JB42,M1FN34,0
C6TG91,A0A0R0FGT9,0
A0A0R0F2Z4,I1KJF2,0
I1L8S1,C6SZ70,0
K7LEG0,A0A0R0KWL0,0
K7MCH3,K7N145,0
K7MVB9,I1M1D5,0
I1K4U3,I1JV03,0
I1JXQ3,C6SX83,0
K7KZ42,I1LVN3,0
I1NFS4,I1KQE3,0
C6TNL5,A0A0R0K0K3,0
A0A0R0G6V6,I1JM18,0
K7KKB2,I1L7G4,0
K7M1G4,I1JV03,0
A0A0R0KE73,M1FN34,0
I1MEN1,K7M6J1,0
I1KPU4,I1KM19,0
A0A0R0J7Q5,I1JC65,0
I1JXQ3,C6T5R4,0
I1L8G3,A0A0R0FEN3,0
A0A368UHC3,C6SYE1,0
A0A0R0GBL8,I1K215,0
K7LUF9,I1JUQ0,0
C6SW43,A0A0R4J384,0
C6SY99,I1K1W8,0
I1MEZ1,K7M841,0
A0A0R0GNH6,I1MQC8,0
K7MC09,I1KYL4,0
A0A0R0GZZ6,K7KAB4,0
K7KDA5,I1K467,0
K7KTT9,K7KWE4,0
A0A0R4J2W3,I1K146,0
I1M0C2,I1JC65,0
A0A0R0KR16,I1NJ53,0
I1J870,I1KUB2,0
I1M2R5,A0A0R0KPE1,0
I1JM69,I1MTV9,0
K7M4N3,C6TIQ7,0
I1L8L5,I1MLF1,0
I1KCH6,A0A0R0FM97,0
I1KPA1,A0A0R0GJV8,0
I1KQG7,I1JB64,0
I1KXG2,K7KVK2,0
I1L1N3,C6T5R4,0
I1NIE7,K7MQG6,0
I1JU70,I1MU00,0
I1JTE4,A0A0R0JYX3,0
I1LHY4,I1J8C9,0
I1K5H2,I1KSL6,0
I1LJI8,A0A0R0GFM7,0
I1J8V4,K7MFZ6,0
I1KPU4,I1NCF6,0
C6T868,I1MNV2,0
I1M7B9,K7M864,0
I1NBC2,K7LHS7,0
I1N6Z0,I1NG45,0
I1KU09,I1JUQ6,0
I1L412,I1LPK5,0
A0A0R0E907,C6T0A0,0
C6TD73,A0A0R0FJR0,0
Q2PMU0,C6TNW3,0
C6SVV7,I1M1W3,0
A0A0R0FX46,A0A0R0GFL3,0
P09755,C6T2G5,0
I1KH45,I1JE09,0
A0A0R0KR16,A0A0R0GG06,0
I1J6B5,Q2PMR3,0
K7LTQ1,I1L2H4,0
I1KXI7,I1KJF2,0
I1K8C1,I1KVC1,0
K7LWI3,K7KTS8,0
I1JYG6,K7K4C7,0
I1LIS4,K7LHS7,0
K7LJV1,K7MRF5,0
A0A0R0GE56,I1KUS2,0
I1L1S1,K7K8Y9,0
I1LZT5,I1M3W1,0
I1KBQ5,A0A0R0JJI0,0
I1KY58,K7K4C7,0
P48513,A0A0R0EYS5,0
I1LHR1,I1LHS8,0
I1JL13,K7L4N7,0
K7MXD1,I1LUL2,0
K7MMG1,A0A0R0K0K3,0
I1KMP8,I1KLS1,0
I1JT28,I1KMS8,0
I1JY87,I1MEQ6,0
I1LYG4,A0A0R0KPE1,0
A0A0R0EWX9,A0A0R0K0K3,0
Q2PMU0,I1L332,0
I1KBQ5,K7M849,0
C6SXM9,I1LIT1,0
I1LY25,I1K9J7,0
A0A0R0KR16,A0A0R0K7U0,0
I1N0W9,A0A0R0H141,0
A0A0R0GRI6,I1JD52,0
K7MNC0,K7L7W0,0
I1MEZ1,K7MFZ6,0
I1JFF6,I1NC50,0
I1LAR7,A0A0R0L7U5,0
I1MJM9,I1M1D5,0
I1LMP2,I1MC28,0
I1L215,I1KSL6,0
I1LDY7,I1MZV4,0
K7K794,A0A0R4J5K6,0
I1N0R5,I1LG13,0
I1LPJ3,C6TGZ1,0
I1N4X7,C6TN69,0
I1LJ94,I1KUS2,0
I1N0I7,I1J8C9,0
A0A0R4J2N2,I1J547,0
K7MXD1,I1MSN3,0
K7LWC5,A0A0R0JTV5,0
A0A0R0KH89,K7LK09,0
I1KQB9,A0A0R0IZY4,0
I1NDG6,K7MXE0,0
Q2TFP1,A0A0R0F214,0
I1MK36,I1JMH3,0
I1MLH9,K7L2R0,0
I1K7N0,I1J547,0
I1M3U2,A0A0R4J5K6,0
C6SWD4,I1J8C9,0
K7MMR4,A0A0R0GWH6,0
I1K5L7,I1MK72,0
I1KJ98,I1KSD0,0
I1MLH9,C6SW04,0
C6SYR1,I1JAH7,0
K7M5W5,I1MC28,0
I1J7A8,I1MLF1,0
A0A0R0INQ5,K7LNG6,0
A0A0R0ESI3,C6T5U0,0
K7L8H2,K7M849,0
I1LJ94,A0A0R0G7I0,0
I1JE38,K7N145,0
A0A0R0ET54,I1LLS8,0
C6TNL5,M1FN34,0
I1N1Y6,K7LTB2,0
C6T5Z0,K7L6N7,0
K7LW22,K7KH93,0
I1JY87,A0A0R0ENB3,0
K7KEV0,I1K467,0
I1MGB0,A0A0R0E934,0
A0A0R0HIA6,K7M4E0,0
C6T0U3,A0A0R0IZY4,0
C6SY81,C6TJM4,0
A0A0R4J3Y6,A0A0R0GPH9,0
I1LPC3,I1JB64,0
A0A0R0JJ98,A0A0R0GFM7,0
I1KDB2,K7KES3,0
I1LYN0,I1N5D5,0
I1KIB3,I1NCV4,0
K7MH53,I1MGG7,0
I1LIR4,I1JRU7,0
I1LMQ5,A0A0R0JJI0,0
A0A0R0FSS2,C6TGA9,0
I1KLE1,C6T5R4,0
I1LIS4,C6T5U0,0
I1LZW4,I1MF50,0
I1KQG7,K7LFD7,0
A0A0R0ERF9,I1KCY5,0
A0A368UHG0,I1N898,0
I1L5H8,I1MU00,0
C6SVB5,K7N0V8,0
C6TK75,I1KFL5,0
I1LGQ1,K7LHS7,0
K7LVE4,I1K9J7,0
A0A0R0K5D9,K7K318,0
I1LYQ9,K7L939,0
K7MAP3,A0A0R0H141,0
I1LDA7,K7KW44,0
K7LLK0,I1LH18,0
A0A0R0GYG1,I1K215,0
K7M9K9,A0A0R0HCS6,0
A0A0R0FYN8,I1JB64,0
I1LC20,C6TJM4,0
K7MAP3,I1MRP6,0
K7K553,A0A0R0JBV0,0
I1MRY0,Q2PMR3,0
I1MWP7,A0A0R0JQJ0,0
A0A0R0H8M3,I1JK31,0
M1FIU8,I1LW00,0
I1JQR6,I1ML11,0
I1NGL5,C6SWS6,0
I1LKQ4,A0A0R0L4P0,0
A0A0R0HHZ3,I1JHJ0,0
C6T426,I1L171,0
I1JAG0,C6TCH4,0
K7K8U8,I1JVX3,0
I1MNK0,C6TIQ7,0
I1KPQ8,A0A0R0FER5,0
C6SYF3,I1NCF8,0
K7KE09,I1MW74,0
I1M3Q8,I1JA95,0
I1KCH6,I1KQE3,0
I1MV96,I1JB64,0
I1LC01,C6SYW6,0
A0A0R0K5D9,A0A0R0EG78,0
A0A0R0G2B9,I1LL05,0
I1JDR2,A0A0R0JBV0,0
K7KYE0,I1L7G4,0
K7KTT9,I1LIA8,0
A0A368UH03,I1KSD0,0
I1MBR7,I1M998,0
A0A0R0JH35,A0A0R0FTI5,0
A0A0R4J4C8,I1MNU2,0
I1NIE7,A0A0R0GUR9,0
I1JV48,A0A0R0GJV8,0
I1KTS9,A0A0R0GFL3,0
I1MVE9,O22518,0
I1K4D7,A0A0R0FZM4,0
I1MU29,Q43463,0
A0A0R0FX70,C6T5U0,0
I1LA00,I1MTV9,0
K7LXT7,I1MNV2,0
I1M2R5,I1K970,0
I1M7V7,C6SZG1,0
I1M9F7,K7MQG6,0
C6T8R7,A0A0R0IZY4,0
A0A0R0GG96,I1M998,0
K7KLF0,K7MQG6,0
I1LA00,I1NG45,0
I1KBL4,K7MFE5,0
C6T3I8,A0A0R0KVY6,0
A0A0R0KH89,I1MZV4,0
A0A0R0L098,K7LFD7,0
I1JTW0,A0A0R0JBL2,0
K7KYE0,I1LLK1,0
I1JS66,A0A0R0GWH6,0
I1MWF0,I1KAD1,0
I1LHY4,I1LL05,0
I1KBL4,K7KVK2,0
I1KKD9,A0A0R0HSA0,0
I1L1L2,A0A0R0JSJ9,0
I1KPU4,I1LII4,0
K7LKS0,A0A0R0H141,0
C6TLV6,K7KNC5,0
I1J870,C6TJ17,0
K7LHR2,I1KZK2,0
K7MCD1,K7KQZ8,0
C6T567,I1MLJ0,0
K7M787,K7LNG6,0
I1MBM5,I1MC28,0
I1K912,K7KES3,0
I1JRL7,A0A0R0F214,0
I1L1S1,K7K318,0
I1MEN1,K7M466,0
K7M1G4,A0A0R0G7B5,0
K7LTQ1,K7LK09,0
A0A0R0JES0,K7LSJ2,0
I1NGD2,K7KAB4,0
K7KVG4,C6SZG1,0
I1JHC2,A0A0R0GG06,0
I1KEG8,A0A0R0L5Q1,0
K7LTQ1,K7M841,0
I1K7J4,I1KHJ4,0
A0A0R0L372,I1JVX3,0
I1LZ09,A0A0R4J2Q5,0
I1LM73,A0A0R0JBV0,0
A0A0R0J7Q5,A0A0R0GS25,0
I1KBB6,I1KEC8,0
A0A0R0KNS7,C6SZQ0,0
K7M5W5,A0A0R0FX75,0
I1K911,I1KH38,0
I1L250,I1MNS7,0
A0A0R0LB39,A0A0R0KPE1,0
I1KBL4,K7KK74,0
I1LLA9,K7MMD7,0
K7KYE0,C6TFX5,0
A0A0R4J3D2,I1LM96,0
I1LAR7,I1NAJ5,0
I1NIJ9,I1KFL5,0
A0A0R0JYY8,I1N7F4,0
I1LPJ3,C6TJ17,0
I1NCS8,A0A0R0KE62,0
K7KCG5,I1JC65,0
A0A0R0HXE9,I1LIT1,0
I1LHR1,I1NCF6,0
K7MGQ3,A0A0R0IF42,0
I1N8M4,I1JV03,0
I1LRE4,I1M225,0
K7MMF4,A0A0R0HV63,0
I1K5H2,A0A0R0K7U0,0
K7MH53,I1N780,0
C6SVV7,A0A0R0JT51,0
C6TKL8,A0A0R0KE62,0
C6T2Z2,I1MLJ0,0
I1J7A8,I1LR48,0
I1KR80,K7N0V8,0
C6TNX5,I1MNV2,0
I1N8Y6,I1MSN3,0
K7KYE0,A0A0R0IF42,0
I1NIE7,A0A0R0L5Q1,0
I1J6B5,K7MXE0,0
I1LQ02,Q2PMR3,0
C6T084,K7M6J1,0
K7KIU3,I1MU00,0
A0A0R0HSV1,K7L2R0,0
I1LUL7,I1K5K7,0
K7L8H2,C6T5U0,0
I1MHH7,K7KJB2,0
A0A0R0GG96,C6TBL4,0
I1JDR2,I1JMH3,0
I1L8H7,I1JA95,0
I1KY58,K7KES3,0
I1KHL4,I1LLK1,0
K7L3P2,I1LIA8,0
I1MY33,I1KUS2,0
I1L478,A0A0R0EYS5,0
I1L653,I1MF50,0
I1LPC3,I1J8C9,0
C6SVR8,A0A0R0GFH3,0
I1KR80,A0A0R0FX75,0
I1JXQ3,I1LY15,0
C6SVF8,A0A0R0GFL3,0
I1KQB9,A0A0R4J5K6,0
C6SWA0,I1K5B6,0
K7K2H1,I1LM96,0
I1KCN1,A0A0R0L7U5,0
I1L3P6,I1JMK4,0
C6SZL0,A0A0R0L0E7,0
I1MLK3,I1M225,0
C6SVR8,A0A0R0GJV8,0
K7L1D3,K7KQZ8,0
C6SY99,I1K115,0
I1KIY3,K7KK74,0
I1LC20,I1K6E7,0
K7MMG1,I1LIT1,0
I1J7S6,I1LLS4,0
Q2PMQ9,I1JHJ0,0
I1N1V6,K7K318,0
I1LPZ2,A0A0R0FB78,0
A0A0R4J354,A0A0R0JT51,0
I1K8N0,I1J4B5,0
K7KP67,K7LFD7,0
A0A0R0K5D9,A0A0R0ESZ8,0
K7KTT9,I1K9J7,0
I1JMT0,A0A0R0G7I0,0
I1MNV4,I1L332,0
I1M7C1,I1JA95,0
I1LMW7,A0A0R0FJR0,0
C6TGR3,I1M277,0
I1JFS9,I1JYT2,0
A0A0R0JS60,K7L6K2,0
I1JFN0,I1M3W1,0
I1KZW4,A0A0R0GWH6,0
A0A0R0HSJ1,K7MMD7,0
I1L8H7,K7KAB4,0
I1M0N9,A0A0R0FTI5,0
I1K5L7,K7MXH5,0
I1MNE4,A0A0R0L7U5,0
I1JNV3,K7KH93,0
I1KJW4,I1JE09,0
I1LM73,A0A0R0FZM4,0
I1LZM7,K7L4N7,0
A0A0R0JS60,A0A0R0GG06,0
A0A0R0I1I4,K7KQZ8,0
A0A0R0HDM5,K7MQG6,0
C6TE07,I1LGD6,0
C6TKW2,A0A0R0L0E7,0
K7MMR3,A0A0R0GPH9,0
A0A0R0FEN9,K7N1L5,0
I1LJ93,A0A0R0GS25,0
I1K5H2,K7N129,0
I1L5H8,A0A0R0GAQ8,0
K7M4N3,A0A0R0GG06,0
I1LD74,I1MNS7,0
I1KYD6,K7KFY5,0
I1KS88,I1KZ09,0
C6SZ22,I1JM18,0
I1KX98,K7MMD7,0
K7M4N3,I1M1W3,0
I1JML1,I1K1W8,0
I1LHY4,I1JV03,0
I1J870,A0A0R0F214,0
I1LKU1,A0A0R0EYS5,0
C6SZ22,K7M841,0
C6T883,K7N1L5,0
I1K3U2,I1M269,0
I1LLA9,I1LGD6,0
C6T083,I1LG13,0
I1KPA1,A0A0R0GFH3,0
A0A0R0LB39,K7K318,0
I1N1Y6,I1LIA8,0
K7LTQ1,A0A0R4J2Q5,0
I1K5H2,I1NAJ5,0
I1MP46,I1MVC6,0
I1JE93,I1JV03,0
I1K911,C6T4V3,0
I1KJ98,I1K1W8,0
I1KPQ8,I1MC28,0
I1M757,I1KCY5,0
A0A0R0GJ85,K7LSJ2,0
I1LP18,A0A0R0FX75,0
K7K553,I1LUE0,0
A0A0R0E907,I1ML11,0
I1K328,C6TBL4,0
I1K0C4,K7L939,0
I1KJ98,I1J4B5,0
P07506,I1LIU7,0
A0A0R0JYY8,I1JM18,0
I1KZW4,A0A0R0FGT9,0
K7MC09,I1K9J7,0
A0A0R0F2Z4,K7K4C7,0
I1N439,I1LLS4,0
A0A0R0KCY1,K7LTB2,0
A0A0R0HHZ3,I1JYT2,0
I1KEY6,C6TBL4,0
I1MNE4,I1LH18,0
I1MY72,K7L7W0,0
Q2TFP1,I1MU00,0
C6TFN5,A0A0R0FZM4,0
K7KGE9,K7KVK2,0
K7LLK0,I1NAF6,0
K7MMG1,A0A0R0EYS5,0
I1JWH5,K7KW44,0
C6T3G1,K7LQV0,0
I1K5K3,C6T5R4,0
K7LWC5,K7MQG6,0
I1JTW0,K7L2D7,0
I1KY58,I1KJD2,0
I1M5E2,C6TFX5,0
I1M5E2,K7L6N7,0
C6T1P2,I1MTV9,0
I1KX98,I1N898,0
I1N9I5,I1MEF5,0
C6SZL0,I1KLS1,0
C6T2L5,A0A0R0EKI7,0
A0A0R0ET54,I1LLK1,0
K7MRX6,A0A0R0FJR0,0
I1LH11,A0A0R0EUJ0,0
A0A0R0JYY8,I1J8W6,0
I1KYD6,I1MLJ0,0
A0A0R0FEI0,I1MRP6,0
I1LH11,K7M6I1,0
I1KVX9,C6TNW3,0
I1MGG3,I1NG45,0
A0A0R4J3N1,I1MTV9,0
I1LC20,A0A0R0FZM4,0
A0A0R0L8Y1,I1MLF1,0
C6TAW8,I1JA95,0
I1KBQ5,K7LK09,0
I1KTS9,I1KAD1,0
I1L412,I1KJD2,0
I1MDC4,I1MRI5,0
A0A0R0K5D9,A0A0R4J4C5,0
A0A0R0KCY1,K7LHS7,0
I1NC77,I1KVC1,0
I1LXH0,K7M4E0,0
I1JUT9,A0A0R0IR73,0
I1M7C7,A0A0R0FX75,0
A0A0R0JG07,I1LL05,0
C6TLV6,K7K8Y9,0
K7K676,A0A0R0L5Q1,0
I1JHN5,I1NAJ5,0
M1FIU8,I1K115,0
A0A0R0IAV3,C6SZQ0,0
I1KPU4,A0A0R0GFM7,0
I1JRL7,I1JD07,0
I1N954,I1JVX3,0
I1LRE4,C6TK73,0
I1MHA4,A0A0R0KVY6,0
A0A0R0E907,A0A0R0GFH3,0
A0A0R0J7J3,K7N1T9,0
I1JM69,I1L3P5,0
I1LR08,C6TD23,0
I1KGU0,I1NC50,0
C6SXM9,I1K3X9,0
I1LJ93,K7LTR0,0
I1MEN1,I1LGD6,0
I1M4P0,C6SZQ0,0
I1KCH6,K7M849,0
K7LEG0,I1LEC4,0
K7MZ38,A0A0R0KWT5,0
A0A0R0FQN0,A0A0R0FJR0,0
P46279,K7KH93,0
I1MVG5,I1LVN3,0
A0A0R0F7J9,K7KK86,0
I1LIH7,A0A0R0JSJ9,0
C6TE07,K7MFE5,0
I1M757,K7L939,0
I1JS66,I1KSL6,0
I1MVE9,I1MNV2,0
I1L690,A0A0R0FEN3,0
I1LGI1,I1KAR1,0
K7K2H1,K7M864,0
K7MTC4,K7MTL2,0
I1MC39,I1MZV4,0
I1MYV4,K7KK86,0
C6SZY0,I1MEQ6,0
C6TAW8,I1N898,0
C6TD73,I1N7F4,0
I1MLN7,A0A0R0KWT5,0
C6SWI9,K7M864,0
I1MEF8,I1JM18,0
C6TL77,M1FN34,0
K7MGK0,I1NCV4,0
K7LEG0,I1KMS8,0
I1M4P0,A0A0R0FTI5,0
I1M6L1,I1MEF5,0
I1KS20,I1L9K4,0
C6TE07,I1K5K7,0
I1L215,A0A0R0IR73,0
A0A0R0F7J9,A0A0R0KWL0,0
I1MT74,I1M3W1,0
I1LD74,K7LSJ2,0
I1K650,K7LHS7,0
K7KFV5,C6TD23,0
I1MV96,K7L2R0,0
I1N0F1,I1JHJ0,0
I1JQR6,A0A0R0FGT9,0
I1N8M4,I1MZV0,0
I1MM89,A0A0R0E934,0
C6SZY0,A0A0R0GG06,0
I1KEY6,A0A0R0ENB3,0
K7KYY0,C6TIQ7,0
I1K2U0,A0A0R0KWT5,0
K7LWN2,A0A0R4J5C5,0
I1LYG4,A0A0R0FTI5,0
I1K3P0,A0A0R0GS25,0
I1N0U4,I1KLS1,0
K7KNJ6,I1LHS8,0
K7LLK0,I1L7G4,0
I1LRB0,I1L9K4,0
I1MTZ8,I1N898,0
I1N056,K7L2R0,0
I1LWR7,K7LQV0,0
A0A0R0GE56,A0A0R0HCS6,0
I1MUQ7,I1MZV4,0
I1MM64,I1K6E7,0
C6TD73,K7MNN5,0
I1K096,I1L9K4,0
I1KIY3,A0A0R0HCS6,0
I1MP46,I1KZK2,0
K7K8U8,I1NCF8,0
I1JFN0,A0A0R0KVY6,0
I1KRZ2,C6T4V3,0
I1K9B8,I1K1W8,0
I1KYF8,I1KH38,0
I1LC01,A0A0R0KWL0,0
I1L8G3,I1MQC8,0
K7L3P2,I1KEC8,0
K7MRX6,A0A0R0FER5,0
A0A0R0GE84,A0A0R0EDS9,0
I1JMZ3,I1LY15,0
K7LTQ1,A0A0R0KPE1,0
K7KGJ8,K7L939,0
C6TNX5,A0A0R0FJR0,0
A0A0R0L115,I1KYL4,0
K7KFV5,A0A0R0L4P0,0
A0A0R0J2L9,K7KQZ8,0
A0A0R0FKK9,K7MXE0,0
I1KBB6,I1K2I1,0
A0A0R0I0B9,C6TJ17,0
I1LRB0,C6SYW6,0
I1N8M4,K7KK86,0
I1LUI7,I1L7G4,0
I1M7C1,C6SW04,0
C6TE07,A0A0R4J4C3,0
K7KDM1,A0A0R4J384,0
I1LSM6,I1JA95,0
I1MM64,I1J9I1,0
A0A0R0KJP6,I1LUE0,0
I1JVP4,A0A0R0IF42,0
I1JIP5,I1J8C9,0
I1MY72,K7LTB2,0
K7MC09,A0A0R0EDS9,0
A0A0R0F0T6,I1N780,0
I1LPZ2,I1KJF2,0
I1JDP3,I1MSN3,0
I1N6N9,A0A0R0EUJ0,0
I1J4E1,I1LIT1,0
A0A0R0E907,A0A0R0JJK0,0
C6T530,I1LFD2,0
I1M3U2,K7M466,0
C6TBQ2,I1KHJ4,0
K7LW22,I1K6E7,0
C6T2L5,I1KD82,0
K7KYE0,A0A0R0HV63,0
A0A0R0JYB5,I1JC65,0
I1N0R5,I1M998,0
A0A0R0EJE2,A0A0R4J4C5,0
I1M2R5,A0A0R4J426,0
I1KY58,K7MNP5,0
I1LY25,I1KYL4,0
I1LYN0,I1LGD6,0
I1M6L1,K7KAB4,0
C6TKW2,A0A0R0EYS5,0
I1JVP4,I1KCY5,0
I1MRS5,I1JRV0,0
I1LXH0,I1K1W8,0
A0A0R0IGP2,K7LHS7,0
K7KYE0,I1LW00,0
C6SWI3,C6SWS6,0
I1L1L2,I1L7G4,0
C6T084,K7M849,0
A0A368UHE3,I1MU00,0
K7KY63,I1LPK5,0
I1LPC3,I1K5B6,0
I1KBM7,K7M9T4,0
K7LW22,K7MQG6,0
C6T0U3,I1K215,0
I1L8S1,I1MW74,0
A0A0R0H2V0,K7MM40,0
A0A0R0J2L9,I1L9K4,0
I1KBL4,I1J9I1,0
I1M3V1,I1JB64,0
I1MZ47,I1ML11,0
A0A0R0LB39,I1LH18,0
I1L653,K7L2R0,0
I1N0W9,K7LHS7,0
I1JY87,K7M6I1,0
I1LFQ4,A0A0R0G7I0,0
I1JE93,A0A0R4J4H3,0
I1MVK7,I1LIA8,0
A0A368UHM1,I1NCF8,0
I1MSC6,I1M1W3,0
I1LHR1,A0A0R4J5K6,0
I1JV48,I1KCY5,0
I1LRE4,I1MVC6,0
I1M4Y9,A0A0R4J5C5,0
A0A0R0FKK9,I1KAD1,0
I1MSD9,A0A0R0FB78,0
I1M2R5,I1JD07,0
C6T8R7,I1MNU1,0
I1NH98,K7L6N7,0
A0A0R0G5A8,I1NC50,0
K7KTT9,A0A0R0GFM7,0
K7MWR1,K7L6K2,0
C6SWI9,K7M846,0
I1K8C1,I1KYL4,0
I1M3V1,A0A0R4J2Y1,0
I1NDC0,K7KW44,0
I1JNK6,K7LTR0,0
I1NH98,A0A0R4J426,0
I1LPC3,I1KHJ4,0
C6TKG0,A0A0R0GFM7,0
I1MQD0,I1K642,0
I1M3Q3,I1JD52,0
I1JKP1,A0A0R0K6I2,0
I1JNK6,I1MNS7,0
I1JXB4,I1JMH3,0
A0A0R0L4N1,I1LR48,0
I1N1Y6,K7LLV5,0
K7L395,I1K642,0
I1N3M5,I1K146,0
K7LDR8,I1K5B6,0
I1KFU0,I1JV03,0
I1KU09,K7MNP5,0
I1N7K6,K7KNC5,0
I1KDB2,A0A0R0FTI5,0
I1LH11,I1L171,0
I1KQE8,A0A0R0GAQ8,0
A0A0R0JLD5,A0A0R0KVY6,0
A0A0R0KH89,K7M846,0
I1LUI7,A0A0R0HSH0,0
I1KEG8,A0A0R0GPH9,0
I1M0N9,I1MQC8,0
I1NH98,C6TGZ1,0
K7KYY0,A0A0R0GBB6,0
I1N1X8,C6SW04,0
I1MRY0,K7KK86,0
I1M3Q8,K7LTB2,0
O48901,I1MNU2,0
A0A0R0GC27,A0A0R4J4C5,0
I1JMZ4,I1MZV4,0
I1JWF0,I1JC65,0
I1M7C1,A0A0R0JRI8,0
A0A0R0GG96,K7N129,0
A0A0R0H9H8,K7MTL2,0
Q2PMS6,C6TBL4,0
A0A0R0GE56,K7M6Z2,0
I1N9E1,I1LIT1,0
C6SVV7,A0A0R0ESZ8,0
I1JY87,A0A0R4J4C3,0
I1LRH8,I1MW51,0
I1J7S6,I1JD36,0
I1M9T4,I1MPJ4,0
I1K911,A0A0R0JJK0,0
I1NHQ1,I1LUL2,0
K7L1B9,I1M1D5,0
I1LM73,I1K6E7,0
I1K4U3,C6TNW3,0
I1KNN1,K7LTR0,0
I1NHI4,K7MFE5,0
A0A0R0EWX9,A0A0R0G7I0,0
I1KP31,I1MNU2,0
I1KCX1,I1MRI5,0
K7LWC5,A0A0R0L0E7,0
A0A0R0KNS7,A0A0R0JT51,0
I1N1V6,K7N129,0
I1K4D7,I1JV03,0
Q2PMS6,I1L9K4,0
I1KFU0,I1MNV2,0
I1KX98,C6TK73,0
I1NDG6,C6TFX5,0
I1NGL5,A0A0R0FB78,0
K7MD28,I1JAH7,0
A0A0R4J3D2,I1MNU1,0
K7L3P2,I1K5K7,0
A0A0R0G5V6,C6TGA9,0
C6SVR8,I1K5B6,0
K7K553,I1JRU7,0
K7MGQ3,A0A0R0GG06,0
K7KPJ4,K7M846,0
K7LSH9,I1MNV2,0
I1N1Y6,K7KQZ8,0
A0A0R4J389,I1KAD1,0
I1NF12,I1KXK6,0
A0A0R0ERF9,I1K642,0
I1K5K3,I1ML11,0
I1M100,I1K215,0
I1J8W9,I1M277,0
I1NCS8,I1LWZ0,0
I1JVP4,K7M6J1,0
A0A0R0G2B9,I1KPE7,0
A0A0R0G3G4,I1KZY8,0
C6SXF5,A0A0R4J4C5,0
K7KDX2,C6SYE1,0
I1NHQ1,Q43463,0
K7N0U1,K7MXE0,0
I1LM73,K7KTS8,0
I1L0M6,K7KH93,0
C6SVV7,I1K467,0
I1M9T4,K7MMD7,0
I1KJT5,K7KNC5,0
I1MY33,I1NAF6,0
I1KS20,I1JA95,0
I1MLK3,A0A0R0KPE1,0
I1MNV4,A0A0R0HCS6,0
Q2PMQ9,I1KFL5,0
I1L412,A0A0R0KWL0,0
K7L395,A0A0R0G7B5,0
I1KVS3,K7KES1,0
A0A0R0G2B9,C6TD23,0
I1N5E8,I1JV03,0
I1MBA2,I1KPE7,0
K7MMG1,C6SYW6,0
A0A0R0HIA6,I1KAR1,0
I1LJ93,I1JRU7,0
C6T1E6,I1LY15,0
I1J6B5,I1N780,0
K7LIW2,K7LY43,0
I1MNV4,I1N780,0
C6T530,I1LIU7,0
K7L395,I1KZK2,0
I1KX98,I1L9K4,0
I1LR08,A0A0R0K7U0,0
K7LWC5,I1L3P5,0
A0A0R0L372,K7LTB2,0
C6T0U3,I1K146,0
I1LP56,K7M4E0,0
K7MAP3,A0A0R4J2Q5,0
I1L9A1,C6TCH4,0
A0A0R4J389,I1LUL2,0
I1LJ93,K7MYK9,0
I1N6N9,I1N761,0
A0A0R0H9H8,A0A0R0ENB3,0
I1L4B6,K7KAB4,0
I1JYG6,I1JM18,0
K7N5D4,I1M269,0
I1MNV4,A0A0R0EUJ0,0
A0A0R0GZZ6,I1NC50,0
A0A0R0I1I4,I1LII4,0
I1MBM5,I1K4R8,0
A0A0R0KH89,Q2PMR3,0
O48548,K7K4C7,0
I1MUQ7,K7M9T4,0
I1MSC6,I1K5K7,0
K7LQ96,K7L939,0
I1LYQ9,K7N1L5,0
I1JIW3,I1MNV2,0
I1LD74,A0A0R0FZM4,0
I1N6Z0,A0A0R4J426,0
I1KJ56,I1MPJ4,0
I1JE38,C6SZ70,0
I1LM73,I1LH27,0
I1MK96,I1LW00,0
A0A0R0KE73,I1K970,0
I1L412,I1KD82,0
A0A0R0JZD5,I1MLJ0,0
I1K0C4,I1LPJ8,0
I1L3P6,I1K5B6,0
C6SWI9,I1ML11,0
K7M142,A0A0R0H141,0
C6SWI3,K7KNC5,0
A0A0R0KH89,I1L171,0
A0A0R0LB39,I1KPE7,0
C6SVH9,I1LXQ3,0
I1MSC6,I1KCY5,0
I1MGB0,I1NAF6,0
I1N056,A0A0R0KWT5,0
C6SZM9,I1L3P5,0
I1MNK0,I1KMS8,0
K7LGW1,A0A0R0K6I2,0
I1MYV4,K7MNN5,0
M1FN39,C6TFX5,0
A0A0R0JKU3,K7K8Y9,0
A0A368UHC3,A0A0R0GFM7,0
K7MRX6,I1KUS2,0
I1M7B9,I1JUQ0,0
I1M0S4,A0A0R0JYX3,0
K7K1Z2,I1L9K4,0
I1MZ47,A0A0R0FGT9,0
I1KIB3,I1KH38,0
K7KE09,I1JRV0,0
A0A0R0G6V6,C6TK73,0
A0A0R0GC27,K7LNG6,0
A0A368UHM1,C6TBL4,0
I1LVX2,A0A0R0L7U5,0
I1KNN1,K7KK74,0
C6TKG0,I1LIT1,0
C6SY81,I1NIE5,0
I1KMP8,A0A0R0HSA0,0
Q2PMT2,K7N0V8,0
I1MRY0,C6T0A0,0
C6SZG8,I1JRV0,0
I1JNB0,K7LHS7,0
I1JS66,A0A0R4J4C3,0
A0A0R0FEI0,A0A0R0GS25,0
I1LH11,I1MLJ0,0
Q2PMQ9,I1MNV2,0
I1MKM3,I1M3W1,0
K7MPL4,I1NIE5,0
I1JUT9,I1MK72,0
I1KAJ2,I1MPJ4,0
I1MVK7,I1MGG7,0
K7LJF6,C6SZG1,0
I1M5E2,A0A0R4J426,0
I1JML1,A0A0R0JBL2,0
K7M097,I1LH27,0
I1LIM0,A0A0R4J5B7,0
K7N0X7,I1JVX3,0
A0A0R0HN81,I1M1D5,0
I1N954,A0A0R0KE62,0
C6SVH9,K7KK74,0
C6TKL8,C6TGZ1,0
A0A0R0JB42,I1K1W8,0
I1LCX3,K7N145,0
K7K8U8,K7L9M2,0
I1NIJ9,C6TNW3,0
I1MBR7,A0A0R0EKI7,0
K7KEV0,C6TNW3,0
K7MMR4,A0A0R0EKI7,0
C6SVR8,I1KTI0,0
A0A0R0GBL8,I1LW00,0
I1MLH9,I1N780,0
A0A0R0G5V6,P62302,0
I1KQE8,A0A0R0EKI7,0
A0A0R0L372,C6TGA9,0
A0A0R0H9H8,K7LIE3,0
K7MST2,I1K3X9,0
I1JE93,I1KEC8,0
A0A0R0LA89,A0A0R0FZM4,0
I1LPZ3,I1K5B6,0
A0A0R0FSY2,M1FN34,0
I1KHL6,I1J547,0
C6SW69,M1FN34,0
A0A0R0KCV3,K7LIE3,0
K7MMF4,I1LXQ3,0
I1J4E1,A0A0R0L5Q1,0
I1NHI4,I1MGG7,0
I1MUN3,A0A0R0GS25,0
I1K3P0,I1KYL4,0
I1LC20,I1JMK4,0
I1JUT9,M1FN34,0
K7M142,A0A0R0JQJ0,0
A0A0R0L4N1,K7M592,0
I1M6L1,I1JRJ3,0
A0A0R0ET54,C6SWS6,0
K7M1G4,K7KVK2,0
I1N6Z0,I1M1W3,0
P46279,I1M225,0
I1MRS5,A0A0R0KPE1,0
A0A0R0HHZ3,I1MF50,0
A0A0R0K5X4,A0A0R0HSA0,0
I1L690,I1NIE5,0
A0A0R0KCY1,K7M6R4,0
I1JI73,A0A0R0L7U5,0
I1KDB2,K7K8Y9,0
K7K9E1,I1MNS7,0
I1LGI1,I1LIT1,0
I1K9P1,K7M849,0
I1LJW2,I1JK31,0
I1JCY0,I1JUQ6,0
I1MYX8,K7KQZ8,0
A0A0R0FX46,I1K2I1,0
I1KRZ2,K7KH93,0
I1M0N9,A0A0R0FZM4,0
C6SWM1,I1LFD2,0
K7M5I5,A0A0R0KVY6,0
I1JS66,K7KES1,0
K7N5D4,A0A0R0G7I0,0
C6T507,A0A0R0GFL3,0
I1KQP3,C6TBL4,0
I1JR41,A0A0R4J2Y1,0
K7N0X7,C6TD23,0
A0A0R0G5A8,A0A0R0JBL2,0
K7LDR8,I1JA95,0
K7LUF9,K7N0V8,0
I1JE38,I1K3X9,0
A0A0R0K5X4,A0A0R4J426,0
I1NCS8,A0A0R0GWH6,0
I1J9W0,A0A0R0JTV5,0
K7LUF9,K7LK09,0
I1N0F1,I1NCF8,0
I1KCB7,I1MZV0,0
I1KZW4,I1LEC4,0
K7MGQ3,A0A0R0FB78,0
I1KXI7,I1JC65,0
I1KRD4,K7K8Y9,0
K7K794,A0A0R0K7U0,0
A0A0R0HIA6,I1KVC1,0
C6T8R7,K7LSG2,0
K7LEG0,Q43463,0
I1MC26,I1JE09,0
I1MNV4,A0A0R0GFH3,0
I1KQE2,A0A0R0FZM4,0
C6SZ22,Q43463,0
I1K7N0,K7KTS8,0
A0A0R0I8Z5,I1NCF6,0
K7LIW2,I1KM19,0
K7LLK0,I1JMH3,0
C6T968,K7M4E0,0
I1NF12,M1FN34,0
I1K4D7,K7N1T9,0
K7MCD1,I1M1W3,0
I1N0F1,K7L9M2,0
I1LPD3,A0A0R0H141,0
A0A0R0FNV7,K7L939,0
I1JNV3,I1K215,0
A0A0R0EI44,C6SZQ0,0
A0A0R0J7J3,I1LWZ0,0
I1KGI6,A0A0R0JBL2,0
K7M787,I1LG13,0
C6TD73,A0A0R0L5Q1,0
I1J4E1,I1K6E7,0
K7LVE4,I1N5D5,0
A0A0R0JYB5,I1MNV2,0
I1K2Z9,A0A0R0JBL2,0
I1MSD9,P62302,0
I1NBC2,I1KUS2,0
I1KBQ5,K7KVK2,0
I1M0N9,I1K4R8,0
A0A0R0FKK9,A0A0R0FTI5,0
C6TKW2,I1KZY8,0
A0A0R0E3E6,A0A0R4J5K6,0
K7M5W5,A0A0R0EKI7,0
K7MD28,K7KVK2,0
K7M9K9,A0A0R0GBB6,0
C6TLT3,K7K8K7,0
I1JNK6,I1M1D5,0
I1KRZ2,A0A0R0EDS9,0
Q2PMQ9,A0A0R0FXD4,0
I1L1L2,I1N5D5,0
K7KZ42,C6SWS6,0
I1MTZ8,C6TFX5,0
I1L1L2,K7N1T9,0
I1K7N0,I1MU00,0
I1M0S4,I1K6E7,0
C6SZM2,I1JK31,0
K7M9K9,K7L939,0
I1MNU7,I1LH27,0
I1L1N3,A0A0R4J4C5,0
I1KFU0,M1FN34,0
A0A0R4J3D2,I1JM18,0
I1KHY2,K7M846,0
K7MST2,I1LEC4,0
A0A0R0EI44,I1KH38,0
I1KZW4,I1N761,0
Q2PMS6,A0A0R0GS25,0
A0A0R0L7S1,I1KYL4,0
C6SWG4,K7L9M2,0
A0A0R0KE73,I1JVX3,0
C6T3G1,K7LK09,0
I1KUP5,I1N8M8,0
A0A0R0GG96,I1MNU1,0
A0A0R0G5A8,I1KH38,0
C6T4Z6,I1JAH7,0
I1KXG2,A0A0R4J5B7,0
K7N0U1,I1M277,0
K7KGJ8,I1KJF2,0
C6TE07,I1LLS8,0
I1NF12,A0A0R0KPE1,0
C6SXF5,I1LII4,0
I1M7C7,I1MW51,0
I1JE93,I1LPK5,0
I1KNN1,C6SX83,0
K7LGW1,A0A0R0GAQ8,0
I1K328,I1JVX3,0
I1JNV3,I1K467,0
A0A0R0FQN0,A0A0R0ESZ8,0
I1LPZ3,I1MSN3,0
A0A0R0GJ85,K7LHS7,0
I1NDG6,A0A0R0GFM7,0
I1LWR7,I1LL05,0
I1KPU4,I1K9J7,0
C6SVF8,I1JA95,0
I1JL13,A0A0R0JBV0,0
I1LC01,K7KVK2,0
K7KP67,I1MZV0,0
K7N0U1,K7K4C7,0
C6TCW7,I1M1D5,0
I1JL13,I1N761,0
A0A0R0L115,A0A0R0FGT9,0
A0A0R0J2L9,I1LPW2,0
I1MDC4,K7MFZ6,0
K7KYY0,I1JFW6,0
I1NJ79,I1JM18,0
I1MP46,A0A0R0GFM7,0
A0A0R0FQN0,A0A0R0JSJ9,0
A0A0R0EWX9,I1N8M8,0
I1MYX8,I1JUQ0,0
I1LIH7,I1LM96,0
I1KQG0,A0A0R0GS25,0
I1KC19,K7M9T4,0
K7MCD1,I1JVX3,0
A0A0R0GZZ6,I1M3W1,0
K7MPL4,K7LY43,0
I1LBV2,I1MW51,0
I1NJ79,I1K6E7,0
I1KY58,K7L7W0,0
C6SWG4,I1M225,0
I1L8H7,I1KEC8,0
I1LYN0,I1NJ53,0
A0A0R0ESI3,A0A0R0G7B5,0
I1KBB6,K7L7W0,0
I1MC39,I1LIU7,0
A0A0R0JES0,C6TCH4,0
C6SW69,A0A0R0K6I2,0
I1LUI7,I1KD82,0
I1M9T4,I1N7F4,0
Q2TFP1,A0A0R0K0K3,0
I1JDH6,I1NC50,0
C6SW69,I1JMK4,0
I1KZI6,A0A0R4J488,0
C6TAF0,I1M225,0
A0A368UHC3,I1KHJ4,0
I1JE83,I1MQC8,0
M1FN39,K7M4E0,0
K7MXD1,I1K2I1,0
I1JWH5,K7M6I1,0
A0A0R0KH89,I1LIU7,0
K7LJV1,I1KEC8,0
I1N1Y6,A0A0R0H141,0
C6TNX5,K7MRF5,0
I1KY58,I1LPK5,0
K7K3W5,I1M5B6,0
I1KXI7,K7KNC5,0
I1LPZ2,K7LTR0,0
A0A0R4J2K3,C6TIQ7,0
C6T0U3,K7M6R4,0
I1N5E8,A0A0R0KE62,0
I1K5H2,K7M9T4,0
K7MST2,A0A0R0EG78,0
I1M0C3,I1KUS2,0
I1JT85,I1M277,0
I1JZC3,K7KJB2,0
I1MEZ1,C6SZ70,0
I1MC26,A0A0R0JQJ0,0
C6SVR8,I1KSD0,0
C6TBN8,A0A0R0FGT9,0
A0A0R0IAV3,K7LK09,0
I1K4U3,A0A0R0EDS9,0
I1JML1,K7MC85,0
A0A0R4J354,I1M3W1,0
A0A0R0GE84,I1JMZ7,0
I1MHH7,A0A0R0GG06,0
I1JHN5,A0A0R4J5C5,0
K7L395,C6TCH4,0
I1JI73,I1JUQ6,0
I1MZ47,A0A0R0L828,0
I1J8V4,C6TJ17,0
I1L3P6,K7LY43,0
K7MH53,A0A0R4J5C5,0
I1K5L7,A0A0R0EUJ0,0
I1MK36,K7M6Z2,0
I1KIY3,I1LPK5,0
I1NH73,K7KQZ8,0
C6T0U3,A0A0R4J4H3,0
C6T0U3,K7L939,0
I1LPZ3,I1N898,0
A0A0R0E907,K7KFY5,0
I1NBC2,I1JVX3,0
I1J9J7,O22518,0
I1NHI4,I1K215,0
I1N9I5,K7KVK2,0
A0A0R0L7S1,I1JE09,0
I1K3U2,M1FN34,0
I1LGQ1,I1KSD0,0
I1JAF7,C6SX83,0
Q2PMQ9,K7KK86,0
I1LFQ4,I1MEQ6,0
K7MMR3,K7M4E0,0
A0A0R4J2N2,I1LVN3,0
I1K911,K7M6J1,0
K7LVE4,I1LLK1,0
K7M5W5,I1L2H4,0
I1NF12,A0A0R0JBL2,0
I1KJ56,I1N898,0
I1KPU4,I1JRV0,0
C6SYA3,A0A0R0EWR2,0
I1KJ56,K7KFY5,0
C6SWM1,A0A0R0FXD4,0
I1LJI8,I1KFL5,0
K7L8H2,A0A0R0FJR0,0
I1LMP2,I1M277,0
O48548,I1N7F4,0
K7KDM1,I1MK72,0
I1JUJ6,I1JUQ6,0
K7LHR2,K7L939,0
I1K4D7,I1MK72,0
I1KGI6,A0A0R0IZY4,0
I1KBL4,I1LR48,0
C6SYR1,A0A0R0HV63,0
I1LS70,A0A0R0FXD4,0
I1M6L1,A0A0R0H141,0
A0A0R0JZD5,I1N8M8,0
C6SXM9,I1JK31,0
K7K676,I1LIT1,0
I1NDG6,I1LR48,0
K7MVB9,A1YZE0,0
I1K912,A0A0R0EDS9,0
K7LLK0,K7N0V8,0
C6TMM7,K7LFD7,0
A0A0R0J7J3,I1MNV2,0
I1JXQ3,K7LHS7,0
K7MWR1,A0A0R0JYX3,0
I1KEY6,C6TIK0,0
I1M0C3,C6T065,0
I1LWR7,K7MXH5,0
I1LKQ4,I1KXK6,0
C6T5Z0,C6TIQ7,0
C6TKL8,K7KK86,0
I1MHH7,A0A0R0JYX3,0
C6TK75,K7MGQ2,0
A0A0R0IHF9,K7LSJ2,0
I1KPT1,A0A0R0ESZ8,0
I1JHN5,I1KQE3,0
C6T3G1,K7MYK9,0
I1N8M4,I1N898,0
K7L240,A0A0R0JSJ9,0
K7MGQ3,K7M864,0
C6SY81,A1YZE0,0
I1KPQ8,C6SZ70,0
I1KGN6,A0A0R0K6I2,0
C6SYF3,A0A0R0GS25,0
A0A0R0JZD5,A0A0R4J488,0
K7M5I5,K7M9T4,0
I1KIY3,K7KAB4,0
I1LPZ2,A0A0R0KE62,0
I1K0C4,I1L332,0
I1LJW2,A0A0R0HSA0,0
Q2PMS6,I1KLS1,0
I1KB25,I1JA95,0
K7L1B9,I1MW74,0
I1MZ32,K7M849,0
I1MU29,I1K467,0
C6TKZ4,A0A0R0L5Q1,0
C6SY99,I1KCY5,0
I1LYG4,A0A0R4J5K6,0
C6T507,A0A0R0EYS5,0
A0A0R0KE73,C6TD23,0
I1KZW4,A0A0R0IZY4,0
I1JS66,I1NJ53,0
K7KGE9,A0A0R0FTI5,0
C6TFN5,I1MVC6,0
I1JMZ4,A0A0R0L828,0
A0A0R0JG07,K7M4E0,0
A0A0R0FNV7,I1L332,0
P46279,A0A0R0HSA0,0
P46279,I1JB64,0
A0A0R0JYB5,I1MK72,0
I1KVX9,C6TJM4,0
I1N0R5,C6SX83,0
K7MI53,K7K8Y9,0
K7KP66,A0A0R0EYS5,0
K7MRX6,C6TIQ7,0
I1L8H7,A0A0R0GS25,0
I1KQP3,A0A0R0FJR0,0
I1MV96,I1JD36,0
I1LM73,C6TK73,0
I1LYQ9,A1YZE0,0
I1LG61,I1JUQ0,0
I1LCX3,A1YZE0,0
I1M5E2,C6T0A0,0
I1MU29,K7LTB2,0
K7K676,I1JVX3,0
K7MCD1,K7KK74,0
K7LQ96,A0A0R4J5K6,0
I1MHA4,A0A0R0JSJ9,0
I1J8V4,K7L2D7,0
I1KJ98,I1KJF2,0
K7N5D4,I1LWZ0,0
I1LH11,C6TGA9,0
I1M6L1,A0A0R0KPE1,0
I1N7K6,I1K9J7,0
I1LKU1,C6T065,0
A0A0R4J2K3,I1LFD2,0
K7KY63,I1MF50,0
C6TD73,I1KTI0,0
A0A0R0KTM7,C6T5U0,0
A0A0R0GG96,P62302,0
I1MUN3,I1NIE5,0
K7LVE4,I1KUS2,0
I1JXB4,K7LLV5,0
C6TG99,I1LGD6,0
I1JIJ4,I1JM18,0
I1L3P6,K7M841,0
A0A0R0HHZ3,I1K5K7,0
A0A0R0EYA9,I1MNS7,0
I1KB26,A0A0R0GWH6,0
I1K8C1,I1KFL5,0
I1MVE9,A0A0R0KPE1,0
I1MQB5,K7KFY5,0
I1KXG2,I1LGD6,0
A0A0R0GNH6,I1J8W6,0
I1K5G1,A0A0R0K6I2,0
I1JIJ4,K7MQG6,0
I1JIJ4,K7MYK9,0
A0A0R0G2B9,A0A0R0G7B5,0
K7K9E1,A0A0R0JSJ9,0
A0A0R0FQN0,I1LH18,0
I1JYG7,I1LR48,0
I1JZC3,I1KM19,0
I1K912,Q43463,0
I1KJT5,I1LHS8,0
I1KIB3,I1LH27,0
K7LWN2,I1MGG7,0
I1N3M5,I1N898,0
I1LDA7,C6TFX5,0
A0A0R0L7S1,A0A0R0KVY6,0
K7KDA5,I1MQC8,0
I1N439,A0A0R0FX75,0
K7MMR4,I1LH18,0
I1LUF0,A0A0R0EG78,0
A0A0R0F2G6,I1KXK6,0
I1M3V1,C6TGZ1,0
K7MPL4,A0A0R4J5K6,0
I1NH98,K7KJB2,0
I1KPU4,A0A0R0GS25,0
I1MHS1,C6T5R4,0
A0A0R0FEN9,K7LY43,0
C6TNL5,I1JRJ3,0
I1LZM7,A0A0R0FB78,0
I1KGZ6,I1K115,0
C6SWL3,I1NJ53,0
I1MSC6,A0A0R0IR73,0
I1KXI7,K7K318,0
A0A0R0L4N1,C6T0A0,0
I1LDU4,K7M4E0,0
I1MHA4,C6T4V3,0
I1JTW0,A0A0R0KWL0,0
I1LPD3,A0A0R0EG78,0
K7MXD1,K7KNC5,0
I1K096,I1NAJ5,0
I1KQB9,A0A0R0GG06,0
I1MY72,A0A0R0L5Q1,0
K7L3K3,I1KEC8,0
I1JVN0,K7M6J1,0
I1JP52,A0A0R0KWL0,0
I1LRE4,K7LHS7,0
C6TEP1,K7K4C7,0
A0A0R0L115,I1KFL5,0
C6T868,I1N5D5,0
I1L8H7,I1JFW6,0
I1M3U2,K7K318,0
A0A0R0GE84,A0A0R4J5K6,0
C6TCW7,C6TK73,0
I1MTH0,I1KJF2,0
I1K8N0,I1MNU1,0
I1MP46,I1LUL2,0
I1KGI6,I1J4B5,0
A0A0R0KNS7,K7LFD7,0
I1NH98,I1M225,0
C6TNX5,I1M269,0
I1KQG7,I1KHJ4,0
K7KZ42,I1LY15,0
I1NC77,I1KEC8,0
I1MY72,I1JC65,0
A0A0R0FX46,I1NCF6,0
I1KQG7,K7M4E0,0
I1NCS8,I1LGD6,0
I1KVX9,A0A0R0KVY6,0
I1JG98,I1JUQ6,0
I1KQE8,I1KFL5,0
I1K5H2,I1K5B6,0
I1MNM3,K7LK09,0
A0A0R0GJ85,A0A0R0K0K3,0
I1JU70,A0A0R0K0K3,0
I1JT85,K7M592,0
I1LMQ5,I1KAD1,0
K7L240,I1MW74,0
I1KPQ8,A0A0R0L5Q1,0
I1J9W0,I1KH38,0
A0A0R0FX70,K7LFD7,0
A0A0R0H2V0,I1JK31,0
I1J9J7,A0A0R0GUR9,0
C6TAW8,K7KW44,0
I1KX98,K7KWE4,0
K7LKS0,A0A0R0IR73,0
I1MEN1,I1MNS7,0
I1LSM6,A0A0R0KPE1,0
I1NHI4,I1NAF6,0
A0A0R4J4C8,C6TGA9,0
I1JWH5,C6SWS6,0
K7KTT9,A0A0R4J5C5,0
K7L3K3,M1FN34,0
I1KMP8,I1KTI0,0
K7LGW1,I1N7F4,0
I1N0I7,I1LLK1,0
K7KGE9,K7KK74,0
I1JBJ2,K7MC85,0
C6TMM7,I1JD07,0
I1N439,I1M3W1,0
I1JNV3,K7KQZ8,0
I1LPI3,A0A0R0KWL0,0
C6TNL5,K7LIE3,0
I1L478,I1KEC8,0
K7KY63,A0A0R4J488,0
C6TKL8,A0A0R0FJR0,0
I1KIY3,I1MK72,0
C6SY99,A0A0R0FB78,0
I1KCN1,A0A0R0EG78,0
K7M5W5,K7M6Z2,0
I1K4D7,I1K146,0
P48513,A0A0R0KE62,0
A0A0R0GCF5,K7M4E0,0
K7MST2,A0A0R0IR73,0
M1FIU8,K7KQZ8,0
I1JNK6,I1KQE3,0
P48513,A0A0R0GS25,0
I1MC39,I1MGG7,0
I1KHJ6,C6TCH4,0
I1NFU9,C6TD23,0
I1JE38,K7MYK9,0
C6T883,K7LSG2,0
A0A0R0L4N1,M1FN34,0
A0A0R0JB42,I1L171,0
I1K9P1,I1M5B6,0
C6SWM1,A0A0R0FM97,0
C6TG99,K7MFZ6,0
A0A0R0JH35,I1JRV0,0
K7LTQ1,I1MC28,0
I1KQE8,I1JRJ3,0
I1KLE1,I1KH38,0
I1N9S5,A0A0R0GFH3,0
I1JWF0,A0A0R0K7U0,0
I1LDU4,I1LPK5,0
I1KLS4,K7LHS7,0
I1LG61,I1NC50,0
I1JWF0,I1MPJ4,0
I1KQG0,K7N1L5,0
I1KPU4,A1YZE0,0
C6TLV6,K7K8K7,0
A0A0R0H7N0,P17093,0
I1K725,I1KZK2,0
I1LH11,A0A0R0K7U0,0
I1JNB0,A0A0R4J426,0
K7LA18,I1LIA8,0
I1L3P6,I1N761,0
A0A0R0F0T6,I1MEF5,0
K7MD28,A0A0R4J426,0
I1KQB9,A0A0R0JBV0,0
A0A0R0L115,A0A0R0FXD4,0
I1KPT1,I1M3W1,0
I1N9I5,A0A0R0G7I0,0
I1MK36,K7KES3,0
A0A0R0JYY8,A0A0R0JTV5,0
I1M3V1,A0A0R0EJV2,0
I1NFS4,A0A0R0L7U5,0
C6TG91,K7LK09,0
A0A0R0HHZ3,A0A0R0FZM4,0
A0A0R0K5D9,I1J547,0
A0A0R0KJP6,K7MQG6,0
I1KZW4,A0A0R0L5Q1,0
I1N6Z0,I1LII4,0
I1KJT5,I1KEC8,0
K7MTC4,A0A0R0GJV8,0
I1MU29,A0A0R0GJV8,0
C6TG91,A0A0R0KWL0,0
I1J5B0,I1MNS7,0
I1JDH6,I1KHJ4,0
I1NH73,I1KZK2,0
K7L395,A0A0R0ESZ8,0
I1K0C4,K7KVK2,0
I1JUJ8,K7M6R4,0
I1N6N9,I1KFL5,0
A0A0R0HDM5,K7KES1,0
I1KGZ6,P62302,0
K7MC09,A0A0R0EYS5,0
I1K911,I1ML11,0
K7LW22,I1JUQ6,0
I1N1Y6,K7M592,0
I1LJA4,I1KHJ4,0
I1MM64,I1KZK2,0
A0A0R0JG07,K7LK09,0
P48513,K7L2R0,0
K7KGJ8,I1K115,0
I1JUT9,K7M6Z2,0
A0A0R0JES0,K7K4C7,0
I1LJ94,K7L9M2,0
I1JR41,K7N145,0
I1M7B9,A0A0R0HCS6,0
Q2TFP1,K7MMD7,0
C6SY25,I1M269,0
I1KUT8,A0A0R0FGT9,0
A0A0R0H8M3,C6SW04,0
K7LWC5,I1JFW6,0
I1JFN0,I1JD36,0
I1LPC3,C6SX83,0
A0A0R0H296,A0A0R0L4P0,0
I1KZI6,C6T2G5,0
I1M7V7,I1L7G4,0
C6T968,I1KTI0,0
I1L653,I1MNU2,0
C6TKC3,I1N8M8,0
I1KB25,I1JYT2,0
C6TKB2,A0A0R0FX75,0
K7KDA5,K7N0V8,0
A0A0R0GC27,A0A0R0IF42,0
C6SVU4,K7M841,0
A0A0R0H296,A0A0R0K0K3,0
I1M4Y9,I1JA95,0
I1LPZ2,I1KJD2,0
I1LVX2,A0A0R4J4H3,0
A0A0R4J3N1,I1MZV0,0
I1N8M4,I1LL05,0
I1K2Z9,I1NG45,0
C6T507,I1LGD6,0
A5Z2K3,I1K1W8,0
K7LXT7,K7M6I1,0
I1MBM5,C6T2G5,0
I1KP31,K7LTB2,0
C6TBJ1,I1MNU1,0
I1MUC0,A0A0R4J4H3,0
I1J9W0,K7MYK9,0
I1KEG8,I1KAD1,0
C6SWD4,I1ML11,0
C6TE07,Q43463,0
I1M7V7,A0A0R0EDS9,0
A0A0R0L7S1,I1NAF6,0
A0A0R0G5V6,I1LLK1,0
K7N0U1,I1L2H4,0
C6T530,K7N129,0
I1L5Z7,A0A0R0JYX3,0
A0A0R0L7S1,K7L939,0
K7LRU2,A0A0R0JJK0,0
I1KIY3,K7L7W0,0
I1MNU7,K7LNG6,0
C6SZ22,I1MC28,0
I1MRY0,I1JAH7,0
K7M9K9,I1J547,0
I1MJM9,K7MFE5,0
A0A0R0KH89,A0A0R0KE62,0
I1M7V7,I1M3W1,0
I1K5J5,I1L9K4,0
K7KKB2,I1JC65,0
A0A0R0F2Z4,I1K642,0
K7MVB9,A0A0R0G7B5,0
I1JVP4,A0A0R0IZY4,0
K7KEV0,I1KJD2,0
K7N3F6,K7M466,0
I1NHI4,K7M9T4,0
I1M100,A0A0R0EG78,0
I1N9I5,I1LG13,0
K7MNC0,K7KQZ8,0
I1MJM9,A0A0R4J4D0,0
I1LPD3,I1MF50,0
K7LQ96,K7KH93,0
I1M9F7,K7LQV0,0
I1MFH3,A0A0R0GFL3,0
C6TE07,A0A0R0G7I0,0
I1N6N9,P62302,0
I1M7B9,A0A0R4J2Y1,0
C6SVB5,I1KZ09,0
K7M5W5,K7M592,0
I1JFF6,A0A0R0FB78,0
O48548,I1K4R8,0
I1K2Z9,I1KD82,0
K7KYY0,I1NCF8,0
I1LMQ5,I1LY15,0
I1LZM7,C6TIK0,0
I1KHY2,K7LK09,0
I1JZC3,P17093,0
I1KV60,I1JRU7,0
K7MS88,P62302,0
I1KYD6,C6T2G5,0
I1KIY3,C6TJ17,0
K7LXT7,K7LSJ2,0
I1J9J7,K7M6J1,0
K7M5I5,I1J9I1,0
I1JAG0,C6TGZ1,0
C6T2L5,K7M846,0
C6SWZ1,I1KHJ4,0
C6TBQ2,I1MGG7,0
C6TNX5,I1L3P5,0
A0A368UH03,I1NJ53,0
I1KMS4,A0A0R0IF42,0
I1N6Z0,I1JMH3,0
K7KY63,K7K8Y9,0
I1NDC0,I1LEC4,0
I1LFW0,I1M1D5,0
C6SVB5,I1NCF8,0
I1JAG0,I1LY15,0
C6T3K0,K7MYK9,0
I1MEN1,K7M9T4,0
I1JYG6,P62302,0
K7KE09,A0A0R4J488,0
I1JMT0,C6SW04,0
C6T083,I1KCY5,0
I1JZC3,I1M5B6,0
A0A0R0FKK9,K7L6K2,0
I1LUI7,K7KJB2,0
K7KTT9,K7KQZ8,0
I1K5K3,I1MNU1,0
I1N1Y6,I1M277,0
M1FN39,A0A0R0KWT5,0
A0A0R0J2L9,A0A0R0FER5,0
I1KZI6,K7M6I1,0
I1MLH9,I1M269,0
I1LZT5,I1MW74,0
I1MLH9,I1KZK2,0
I1JCY0,K7K894,0
C6SZL0,I1MC28,0
I1LLA9,I1KSD0,0
I1N1X8,I1M1D5,0
A0A0R0HN81,K7MNN5,0
C6T2Z2,A0A0R0EUJ0,0
I1LRB0,I1MW51,0
I1KDB2,I1JUQ6,0
I1LDU4,A0A0R0FZM4,0
I1LRE4,I1LUE0,0
K7KPJ4,I1KJD2,0
I1MLH9,I1KLS1,0
A0A0R0J7J3,I1K2I1,0
I1LHR1,I1L3P5,0
I1L8L5,A0A0R4J2Y1,0
A0A368UJ64,A0A0R0FER5,0
K7MGQ3,K7LNG6,0
I1LGB1,A0A0R0ENB3,0
K7KGJ8,A0A0R4J4H3,0
O48901,C6TBL4,0
K7MMF4,C6SWS6,0
I1K7N0,K7M466,0
C6SZG8,I1J4B5,0
I1KRF9,I1LM96,0
C6TK75,K7KES3,0
K7K1Z2,I1KTI0,0
I1N0I7,I1NCV4,0
I1JQR6,I1KAD1,0
A0A0R0JLD5,A0A0R0GS25,0
I1KVL0,A0A0R0FM97,0
I1KQ68,A0A0R0FX75,0
I1KCX1,C6SZG1,0
I1MP46,K7LSJ2,0
I1KD09,I1M225,0
K7LKS0,I1LGD6,0
C6TKZ4,A0A0R0IZY4,0
A0A0R0L372,A0A0R0KPE1,0
I1K8N0,I1MRI5,0
I1MKM3,I1LEC4,0
K7LVE4,A0A0R0GFH3,0
I1KRF9,C6TBL4,0
I1LPZ3,A0A0R4J426,0
I1L1L2,I1LY15,0
A0A0R0H9H8,I1NG45,0
I1NGL5,K7KES1,0
I1JE93,A0A0R4J2Y1,0
I1KQB9,I1NC50,0
I1N6N9,C6TN69,0
A0A0R0GZZ6,I1NCF6,0
A0A0R0H9H8,I1M225,0
I1L0M6,I1LIU7,0
I1MEN1,K7LY43,0
I1KHY2,I1M1W3,0
I1KGI6,C6TFX5,0
I1KHL4,I1J9I1,0
I1JZC3,I1K5B6,0
C6SW43,I1LL05,0
C6TBJ1,A0A0R0GFL3,0
I1JMT0,K7LY43,0
I1LS70,K7LIE3,0
K7LJV1,K7LSG2,0
I1LC20,A0A0R0EYS5,0
A0A0R0EZ39,A0A0R0L828,0
I1MLZ0,C6T065,0
I1KMP8,A0A0R0JBV0,0
A0A0R0L4N1,I1LHS8,0
I1LIH7,A0A0R0JYX3,0
I1MDC4,K7MM40,0
A0A0R0H8M3,A0A0R0FB78,0
A0A0R0FQN0,I1KZ09,0
I1N439,I1KPE7,0
C6TEP1,C6TN69,0
I1J7A8,I1MRP6,0
I1NCS8,I1JRU7,0
I1KBM7,K7K4C7,0
I1K2U0,I1LLS4,0
C6T868,I1LH18,0
I1LDU4,K7LY43,0
C6TEP1,I1M269,0
K7N0U1,I1N898,0
K7L3K3,C6T5R4,0
I1KIB3,A0A0R0E934,0
A0A368UH03,K7MNN5,0
A0A0R0EJE2,I1N7F4,0
I1J7S6,I1L9K4,0
C6T8L7,I1MNS7,0
I1M0C2,K7LY43,0
K7KGE9,K7N145,0
A0A0R0G5V6,I1N5D5,0
A0A0R0I1I4,I1KUB2,0
I1KHJ6,K7L2R0,0
I1LS70,I1MPJ4,0
I1MTZ8,A0A0R0JT51,0
M1FN39,A0A0R0GJV8,0
I1MVG5,A0A0R0K6I2,0
I1N8M4,I1NIE5,0
I1K0C4,I1KSL6,0
I1KCH6,K7M846,0
C6T5Z0,A0A0R4J5C5,0
K7MGK0,K7N0V8,0
I1K2U0,K7N5K2,0
A0A0R0I8Z5,I1JB64,0
K7KY63,A0A0R0K6I2,0
O48901,I1LUL2,0
A0A0R0L372,A0A0R0ESZ8,0
I1KJL3,C6TIK0,0
A0A0R0HSJ1,I1MLJ0,0
I1KRD4,I1JMH3,0
A0A0R0KNS7,I1KSD0,0
I1K5J5,I1LUE0,0
I1JFF6,I1LG13,0
K7M5I5,A0A0R0EJV2,0
I1KQC7,I1L171,0
A0A0R0KXY9,A0A0R0FER5,0
I1KTD4,A0A0R0G7I0,0
I1LZ09,A0A0R0GJV8,0
I1KNN1,I1JC65,0
A0A0R0HHZ3,I1K9J7,0
C6SY25,K7N5K2,0
A0A0R0IAV3,I1JD36,0
A0A0R0JJ98,C6SW04,0
A0A0R0L8Y1,I1LII4,0
I1JMT0,I1LWZ0,0
I1MNK0,K7LTB2,0
K7KZ42,A0A0R0EJV2,0
I1JXQ3,A0A0R0GJV8,0
K7MPL4,I1JD36,0
I1MTX9,I1M269,0
I1JFS9,I1NCF8,0
K7LHR2,A0A0R0KPE1,0
I1K7J4,I1LIT1,0
Q2PMU2,K7KWE4,0
I1KCB7,A0A0R0G7I0,0
K7KYY0,A0A0R0GG06,0
A0A0R0I8Z5,C6TD23,0
I1JWH5,I1JM18,0
I1MM64,C6TNW3,0
I1KVX9,I1L171,0
I1KPA1,I1KM19,0
I1LZ09,C6T4V3,0
I1N0F1,I1JYT2,0
I1K9P1,I1K1W8,0
A0A0R4J3Y6,I1JMK4,0
I1NHQ1,I1KFL5,0
I1NHI4,A0A0R0E934,0
A0A0R0H7N0,A0A0R0G7I0,0
I1K4D7,A0A0R4J4C5,0
A0A0R0KNE1,A0A0R0GAQ8,0
I1MXT2,A0A0R0JT51,0
K7KLI7,A0A0R0FJR0,0
I1KBQ5,K7LY43,0
A0A0R0GZZ6,K7K318,0
K7KP67,A0A0R0GUR9,0
I1N8P5,I1MF50,0
I1MYX8,I1M1D5,0
I1LR08,C6SZG1,0
C6TKB2,I1MLF1,0
I1MZ47,I1KJD2,0
I1LS70,A0A0R0H141,0
I1KEG8,I1LW00,0
A0A0R0K5X4,K7MTL2,0
I1M757,A0A0R0GFH3,0
A0A0R0FNV7,I1K9J7,0
I1LA00,C6SZG1,0
I1K4D7,A0A0R0GS25,0
I1J6B5,A0A0R0KWT5,0
I1KTL9,I1N5D5,0
C6T507,A0A0R0GS25,0
A0A0R0KXY9,I1NCF6,0
I1MYV4,K7KJB2,0
I1N0W9,I1MNU1,0
I1JM69,K7M4E0,0
I1JIW3,A0A0R0L5Q1,0
I1LKQ4,I1JM18,0
I1L219,I1MNU1,0
I1MQB5,K7MXH5,0
I1JV48,I1JMK4,0
K7N0X7,I1LWZ0,0
A0A0R0G5V6,I1LY15,0
I1MIE5,I1K115,0
A0A0R0G5A8,K7KWE4,0
A0A0R0FJF0,C6SZ70,0
I1MXT2,K7N1T9,0
I1K2U0,I1KYL4,0
I1M7C1,A0A0R0FER5,0
I1LDA7,K7K8Y9,0
C6SWI3,I1K1W8,0
C6T2H2,I1LR48,0
A0A0R0ET54,I1MEQ6,0
I1LC20,C6TNW3,0
I1NH73,I1LW00,0
I1KPA1,C6TJ17,0
K7KP66,I1J547,0
I1J6B5,I1K6E7,0
I1K2Z9,K7KVK2,0
I1J6B5,K7LHS7,0
I1KCN1,I1KJF2,0
A0A0R0G5A8,A0A0R0FJR0,0
I1KBB6,I1J8W6,0
I1JNV3,A0A0R0GPH9,0
C6T507,I1MW74,0
Q2TFP1,C6T4V3,0
C6TKL8,K7KH93,0
K7LWN2,I1KD82,0
C6TC92,I1KSL6,0
I1MUC0,I1K9J7,0
A0A0R0FQN0,I1KZK2,0
I1JNB0,K7KW44,0
I1KKD9,I1K970,0
I1LWR7,K7MYK9,0
A0A0R0L4N1,A0A0R0GFM7,0
C6SVU4,I1MLF1,0
I1MZ47,I1JD36,0
A0A0R0H7N0,I1KH38,0
I1LJW2,I1LPJ8,0
A0A368UH03,A0A0R0ENB3,0
C6TE07,K7M6I1,0
I1LVX2,A0A0R0KPE1,0
I1MBW8,I1KJD2,0
I1JCY0,I1LLS8,0
I1L8G3,I1KSL6,0
K7M142,I1NCF6,0
I1KRF9,A0A0R0JQJ0,0
I1MWP7,O22518,0
C6SW69,A0A0R0FM97,0
I1M7V7,I1KUS2,0
I1LYN0,I1LM96,0
C6T426,K7KJB2,0
I1NJ79,C6TIK0,0
I1J7S6,K7N1L5,0
C6TBJ1,K7MNN5,0
A0A0R0HSV1,I1MEQ6,0
I1L8H7,I1MRP6,0
I1LD74,A1YZE0,0
I1KEG8,I1K467,0
I1MWF0,I1N761,0
I1LGQ1,K7L2R0,0
K7MS88,A0A0R0KVY6,0
I1NCS8,C6SW04,0
K7N5D4,I1KAD1,0
K7L395,I1K146,0
C6SWG4,A0A0R0L4P0,0
I1KBQ5,I1KZK2,0
I1JY67,C6TJM4,0
P07506,I1MZV0,0
I1LR08,I1M5B6,0
I1M3V1,C6TBL4,0
A0A0R0JES0,K7M592,0
I1N954,I1MNU1,0
A0A0R0EI44,K7K8Y9,0
A0A0R0EJE2,K7KQZ8,0
K7LKS0,I1LIT1,0
C6SXJ9,I1LH18,0
I1MY43,K7MMD7,0
A0A0R0J2L9,A0A0R0JRI8,0
I1KYS6,C6SZG1,0
I1L524,A0A0R0G7B5,0
I1KLS4,I1NAJ5,0
K7KP66,A0A0R0EKI7,0
I1J8W9,I1L3P5,0
I1NFS4,K7M9T4,0
K7L9V3,K7MM40,0
C6TGR3,A0A0R0H141,0
I1KLE1,A0A0R0GFL3,0
A0A0R0HDM5,C6TK73,0
I1LYN0,K7M6R4,0
K7LTQ1,I1MRP6,0
A0A0R0KTM7,I1JRV0,0
A0A0R0FYN8,I1KHJ4,0
I1LWR7,A0A0R0L5Q1,0
I1K5J5,I1MF50,0
C6T0E4,I1MEF5,0
K7L3P2,C6SZ70,0
A0A0R0F7J9,A0A0R0GS25,0
I1JNK6,K7KW44,0
I1K9B8,I1MC28,0
A0A0R0L372,I1KZ09,0
K7KP66,I1KJF2,0
I1KC19,K7L939,0
I1MBW8,A0A0R0JSJ9,0
I1MJ97,I1MJJ9,0
I1KX98,C6TD23,0
A0A0R0FKK9,I1LGD6,0
I1L1N3,A0A0R0IT62,0
I1KNN1,I1LH18,0
K7MWR1,I1L3P5,0
I1L9A1,I1L332,0
A0A0R0FSY2,A0A0R0G7B5,0
I1M9F7,I1JUQ0,0
H2D4C3,I1LWZ0,0
C6T083,A0A0R0GAQ8,0
I1L250,I1JRU7,0
A0A0R0L2U1,I1KM19,0
I1MJM9,I1K970,0
K7KYY0,I1NJ53,0
I1K620,I1KJD2,0
I1KS36,K7M841,0
I1KTD4,I1NCF6,0
K7K3W5,K7LFD7,0
I1L8S1,A0A0R4J5K6,0
I1NIE7,I1KEC8,0
O48901,C6SW04,0
C6TFN5,C6SZQ0,0
I1JYG7,K7MQG6,0
I1MEF8,I1MEF5,0
I1LP18,K7N1L5,0
K7N0X7,K7KFY5,0
I1LH11,K7M864,0
I1LHY4,I1M3W1,0
I1LRH8,I1MZV4,0
A0A0R0K6F4,K7KNC5,0
I1KQE2,A0A0R0FB78,0
I1MUQ7,I1LPJ8,0
I1JXB4,I1MZV0,0
I1LPC3,I1KSD0,0
I1KQE2,K7KWE4,0
I1JDP3,I1NAJ5,0
C6SYQ2,C6TJM4,0
I1LFQ4,A0A0R0GWH6,0
I1LAR7,K7LY43,0
C6TKC3,C6TCH4,0
A0A368UH03,I1KH38,0
I1L219,I1MRI5,0
A0A0R4J2K3,C6TNW3,0
A0A0R0KTM7,K7MFE5,0
C6TMM7,A0A0R4J5C5,0
I1N439,I1LIA8,0
I1LP56,A0A0R0FX75,0
A0A0R0L098,I1M998,0
A0A0R0KNS7,I1KTI0,0
C6T1E6,I1J9I1,0
A0A0R0HXE9,A0A0R4J384,0
I1JR41,K7KQZ8,0
I1MKM3,I1K5B6,0
I1JUJ8,I1K642,0
I1L8H7,C6TJM4,0
I1KIY3,A0A0R0K7U0,0
I1NBQ2,I1KMS8,0
K7MNC0,A0A0R0EJV2,0
I1K7J4,C6TNW3,0
I1NHI4,A0A0R0JTV5,0
A0A0R0GE84,I1JUQ0,0
A0A0R0KE73,A0A0R0K0K3,0
I1MK36,K7LQV0,0
A0A0R0FX46,C6TGA9,0
I1JZC3,I1LH18,0
A0A0R0G2B9,A0A0R0FEN3,0
C6T8L7,I1LM96,0
A0A0R0HSV1,I1L7G4,0
A0A0R4J2K3,I1K5B6,0
Q2PMQ9,A0A0R0K7U0,0
A0A0R0GNH6,C6TGZ1,0
I1KIB3,I1JHJ0,0
A0A0R0L8Y1,A0A0R0FTI5,0
I1MTH0,I1M1W3,0
C6TFN5,K7K894,0
I1MFH3,K7MRF5,0
A0A0R0FEN9,I1NIE5,0
A0A0R0HXE9,C6SZ70,0
I1KH45,P62302,0
C6SVR8,A0A0R4J426,0
I1L3P6,I1JK31,0
I1N8P5,I1M998,0
I1MNV4,A0A0R0EDS9,0
K7MCH3,A0A0R0GAQ8,0
I1K7N0,A0A0R0EYS5,0
C6SWA0,A0A0R0L0E7,0
A0A0R0KE73,I1N8M8,0
C6T530,A0A0R0JBL2,0
A0A0R4J389,I1KLS1,0
I1MT74,I1KSD0,0
I1L219,A0A0R0JTV5,0
I1JUJ6,I1MK72,0
I1JHN5,I1MZV4,0
A0A0R0F2Z4,K7KES3,0
I1NF54,A0A0R4J4C3,0
A0A0R4J2K3,I1KCY5,0
I1MYX8,I1KJD2,0
I1LH11,K7M9T4,0
C6SWM1,K7LY43,0
Q2PMS6,A0A0R0GFH3,0
A0A0R0JYB5,A0A0R0F214,0
I1KKD9,K7MXE0,0
I1JUR7,I1K115,0
I1M0C2,A0A0R0FER5,0
A0A0R0FJF0,I1MJJ9,0
I1JVN0,K7MQG6,0
I1JMZ4,A0A0R0FX75,0
A0A0R0F0T6,I1J8W6,0
A0A0R0JLD5,A0A0R0GJV8,0
C6SWI9,I1L9K4,0
I1MNM3,I1KH38,0
I1LYG4,I1KD82,0
K7M5T0,C6SW04,0
I1KQC7,M1FN34,0
I1J7S6,I1LWZ0,0
K7KGE9,I1MSN3,0
A0A0R4J389,A0A0R4J384,0
I1LA00,I1MLF1,0
A0A368UHM1,A0A0R0KE62,0
I1MUQ7,K7KNC5,0
I1LIS4,I1KZK2,0
I1MEN1,I1KJD2,0
C6SXP5,I1MNU2,0
I1LP18,I1LPJ8,0
I1LWR7,K7LK09,0
I1LYU9,I1MJJ9,0
C6T084,I1NAF6,0
A0A0R0ESI3,I1KPE7,0
A0A0R0JB42,I1L332,0
I1K7J4,A0A0R4J4C3,0
A0A0R0KR16,I1M277,0
I1L3P6,K7M6I1,0
A0A0R4J354,I1NJ53,0
I1JT28,I1LW00,0
C6TNX5,A0A0R0EJV2,0
I1LAR7,I1KZK2,0
I1N954,K7KQZ8,0
K7N5D4,I1JMH3,0
A0A368UH03,I1KUS2,0
A0A0R0FSS2,A0A0R0FX75,0
K7MMG1,K7MYK9,0
I1JAG0,I1KCY5,0
H2D4C3,A0A0R0GG06,0
I1KCB7,I1L9K4,0
A0A0R0G5A8,I1MF50,0
I1KXI7,K7L6N7,0
I1J5U5,I1MNU1,0
I1L5Z7,A0A0R0GG06,0
I1MNK0,I1M3W1,0
A0A0R0JES0,K7MC85,0
A0A0R0I1I4,I1JE09,0
A0A0R0GNH6,A0A0R0JRI8,0
C6T426,I1MJJ9,0
K7KKB2,K7K8K7,0
I1KQE2,A0A0R0EG78,0
I1N439,A0A0R4J426,0
I1K5G1,I1L171,0
K7KIU3,K7MQG6,0
I1LYU9,I1LFD2,0
I1J8W9,K7MC85,0
I1N3M5,K7LY43,0
I1M757,I1KLS1,0
A0A0R4J2W3,A0A0R0K6I2,0
K7MCH3,K7KW44,0
I1LLA9,I1MRI5,0
I1N4X7,K7LFD7,0
K7MST2,K7KVK2,0
I1MNV4,A0A0R0GWH6,0
C6T8R7,A0A0R0HSA0,0
I1M7C1,I1NJ53,0
C6T8R7,K7N129,0
I1LJ94,A0A0R0K0K3,0
K7LGW1,A0A0R0JT51,0
K7L9V3,O22518,0
A0A0R0J7J3,K7M4E0,0
I1MHS1,K7KAB4,0
K7LHR2,I1K970,0
A0A0R0JYY8,A0A0R4J384,0
I1N439,I1JUQ0,0
I1JUJ8,I1KM19,0
I1MP46,A0A0R4J384,0
I1JYG7,K7LLV5,0
I1JMZ4,I1KZY8,0
I1KB25,K7LIE3,0
A0A0R0IHF9,I1MQC8,0
I1JKP1,A0A0R0KPE1,0
I1MK96,K7KNC5,0
K7MTC4,I1JYT2,0
A0A0R0LFT0,I1K9J7,0
C6TEP1,A0A0R0IT62,0
I1MK36,A0A0R0JT51,0
K7LWI3,A0A0R0GUR9,0
K7KDM1,A0A0R4J5K6,0
I1KJ56,C6TK73,0
I1JFF6,I1L7G4,0
K7L1B9,A1YZE0,0
I1KQG7,C6T5U0,0
K7LRU2,I1LIT1,0
I1J9J7,K7MYK9,0
I1KQP3,A0A0R0JYX3,0
A0A0R0JES0,I1KAD1,0
I1JE38,I1KJD2,0
I1JUJ6,A0A0R0GFM7,0
I1LR08,A0A0R0GFH3,0
I1KHY2,A0A0R4J5C5,0
I1MK96,C6TFX5,0
I1NF54,I1K3X9,0
I1LP56,A0A0R0JTV5,0
I1K9B8,K7N145,0
K7KY63,I1M5B6,0
A0A0R0KH89,K7KFY5,0
A0A0R0GYG1,A0A0R0EJV2,0
I1MEZ1,I1K9J7,0
I1JIW3,I1KZK2,0
I1N9S5,K7K8K7,0
I1L8L5,C6TIQ7,0
A0A0R0JES0,I1LPW2,0
I1KTL9,I1LL05,0
I1L5Z7,K7LSG2,0
I1KEY6,I1MU00,0
I1JE83,I1MTV9,0
C6T0U3,K7M841,0
C6SXM9,K7M466,0
A0A0R0ET54,I1M225,0
C6T2L5,C6TGA9,0
I1NIE7,A0A0R0GJV8,0
I1MBM5,K7M841,0
K7MMR3,I1NIE5,0
I1LUI7,A0A0R4J5K6,0
A0A0R0K6F4,A0A0R0ESZ8,0
C6TBN8,K7L4N7,0
I1LRE4,A0A0R4J384,0
C6T0E4,A0A0R0HSA0,0
I1KYD6,K7KW44,0
I1NHQ1,I1MVC6,0
I1J7A8,A0A0R0FTI5,0
I1M5E2,I1KQE3,0
I1KB25,K7LTR0,0
A0A0R0JLD5,A0A0R0L828,0
I1L9A1,I1M225,0
I1KQP3,I1JD52,0
A0A0R0KH89,A0A0R0GFH3,0
A0A0R0KH89,A0A0R0L7U5,0
I1KMS4,K7KES3,0
C6T426,A0A0R4J384,0
C6SZG8,C6TIK0,0
I1N056,I1KEC8,0
I1KTL9,I1J8C9,0
K7LZZ5,A0A0R4J5C5,0
I1JUJ6,A0A0R4J2Y1,0
A0A0R0GRI6,A0A0R0H141,0
I1N6N9,K7MNP5,0
C6TKZ4,I1M277,0
C6TBQ2,C6TJM4,0
K7LQ96,I1JA95,0
I1JL13,I1KEC8,0
I1KQC7,I1M277,0
C6T0E4,I1KPE7,0
A0A0R4J389,I1MNV2,0
C6SXJ9,A0A0R0KWL0,0
I1KGN6,I1KPE7,0
K7N0X7,I1K467,0
I1MTH0,I1LWZ0,0
I1KRF9,K7L6K2,0
C6SYR1,A0A0R0H141,0
I1MHA4,K7M9T4,0
K7L3P2,K7N0V8,0
I1J870,I1L3P5,0
K7MWR1,K7LK09,0
I1M7V7,I1LL05,0
I1LGB1,I1KEC8,0
K7LIW2,A0A0R0JSJ9,0
C6T426,K7L2D7,0
C6SWI9,C6T4V3,0
A0A0R0JS60,I1LG13,0
I1M0C2,I1KH38,0
C6SYA3,I1JM18,0
I1MWF0,K7LNG6,0
K7LUF9,I1MQC8,0
A0A368UHE3,K7L6K2,0
K7MPL4,K7M6Z2,0
I1KQP3,I1K3X9,0
C6T567,I1KLS1,0
C6SWI3,A0A0R0FGT9,0
I1M757,A0A0R0HSH0,0
I1MVG5,K7MNN5,0
I1JNV3,K7KK74,0
C6T4Z6,I1LUL2,0
I1M717,A0A0R0IZY4,0
I1J4E1,I1MNV2,0
I1JWF0,I1KQE3,0
I1JG98,A0A0R0KE62,0
I1NH73,I1KFL5,0
K7M787,I1M269,0
I1JHN5,A0A0R0HCS6,0
I1JR41,I1JMK4,0
I1KQG0,A0A0R0KWT5,0
I1KZJ7,K7KES1,0
P46279,A0A0R0JJK0,0
I1NGQ5,I1K970,0
I1J7A8,I1K4R8,0
I1LJ93,K7KNC5,0
I1LPI3,C6SWS6,0
I1LDU4,K7KW44,0
C6TFN5,I1KHJ4,0
I1K725,K7M841,0
I1KJ56,K7MQG6,0
I1NGL5,K7L939,0
A0A0R0L7S1,A0A0R0E934,0
K7KYY0,I1LHS8,0
I1J9W0,I1K215,0
I1NGL5,I1K9J7,0
I1MUQ7,I1LWZ0,0
I1MY43,I1MW74,0
I1JNV3,A0A0R0JRI8,0
A0A368UHE3,A0A0R4J4D0,0
I1KS20,A0A0R0EKI7,0
K7LIW2,K7K4C7,0
K7KDM1,K7M841,0
I1JQR6,A0A0R4J384,0
I1K912,A0A0R0E934,0
I1K911,K7KQZ8,0
I1L8S1,I1K5K7,0
C6TAW8,K7L6N7,0
I1JFF6,K7MXH5,0
K7KP66,A0A0R0GFM7,0
I1J5Q1,I1K3X9,0
C6T0U3,I1KXK6,0
K7KNJ6,A0A0R0JBL2,0
C6SVB5,I1L171,0
I1K7J4,K7MYK9,0
K7K553,I1JUQ0,0
I1N0I7,K7KNC5,0
I1M717,I1KTI0,0
I1N5E8,A0A0R4J2Q5,0
A0A0R0JH35,I1MRP6,0
I1M6L1,A0A0R0FGT9,0
I1KC19,A0A0R0EDS9,0
K7M4N3,I1JC65,0
A0A0R0KCY1,I1JB64,0
A0A0R0GE56,K7LSG2,0
I1LPJ3,I1K146,0
I1LKU1,A0A0R0JT51,0
I1KPU4,K7M6I1,0
O48901,K7MXE0,0
I1LDY7,I1JFW6,0
C6TFN5,A0A0R0GJV8,0
K7K553,K7KJB2,0
O48901,I1LPK5,0
K7KZ42,I1KVC1,0
I1N0F1,C6TGA9,0
K7LZZ5,K7M6I1,0
I1LGI1,K7KES3,0
C6SYA3,I1MW74,0
I1LKU1,I1LM96,0
I1MP46,A0A0R4J4D0,0
I1L3P6,I1KMS8,0
I1MBM5,I1ML11,0
A0A0R0K5D9,A0A0R0EUJ0,0
I1N0F1,K7KNC5,0
K7MS88,I1KSL6,0
A0A0R4J2N2,A0A0R0FER5,0
C6T3I8,I1L2H4,0
I1JE83,K7L4N7,0
K7KCG5,I1LH18,0
I1K2J5,I1K1W8,0
A0A0R0JH35,I1KHJ4,0
I1KQP3,I1KAD1,0
I1J4E1,C6TJ17,0
I1N056,I1MJJ9,0
I1NF54,I1MLJ0,0
I1KTS9,K7M4E0,0
I1K328,C6T5R4,0
C6SVR8,I1K3X9,0
I1K628,C6TJ17,0
I1JY87,A0A0R0GFH3,0
A0A0R4J2N2,C6TCH4,0
K7MMF4,I1K146,0
I1KRD4,A0A0R4J488,0
C6SWA0,I1NG45,0
C6TG99,K7LHS7,0
C6TKL8,K7L7W0,0
I1JHC2,A0A0R0K0K3,0
K7LA18,C6TD23,0
C6TKG0,K7L939,0
A0A0R0KCY1,I1MEQ6,0
I1LFW0,A0A0R0KPE1,0
A0A0R0J7J3,I1LFD2,0
I1KU09,A0A0R0JBL2,0
C6TKL8,I1KLS1,0
I1JRL7,I1L332,0
A0A0R0EZ39,I1JMZ7,0
A0A0R0JYB5,I1K9J7,0
I1KEY6,K7LHS7,0
C6T9S5,K7LTB2,0
I1K3U2,K7K8K7,0
I1LYU9,K7LIE3,0
C6TL77,I1KD82,0
I1KMP8,I1K970,0
I1KBL4,A0A0R0GJV8,0
A0A0R0HXE9,I1JRJ3,0
I1JT28,K7L6K2,0
K7M4N3,I1MF50,0
K7MWR1,K7N129,0
I1MC26,I1J9I1,0
K7LLK0,K7MFE5,0
K7L8H2,A0A0R0KWL0,0
C6T4Z6,C6SZ70,0
I1KS20,K7M841,0
K7L1B9,I1JB64,0
K7KEV0,K7MMD7,0
C6TGR3,A0A0R0FTI5,0
K7KYY0,I1LM96,0
I1N0R5,C6TCH4,0
I1LLA9,I1KJD2,0
I1KY58,I1KZY8,0
I1MM89,K7L7W0,0
I1L8S1,I1JRU7,0
C6SVU4,K7KK74,0
A0A0R4J2W3,I1N7F4,0
K7MS88,I1MRI5,0
I1LP56,A0A0R4J5B7,0
C6SVH9,I1KMS8,0
I1LYG4,I1KEC8,0
A0A0R0K5X4,I1KPE7,0
I1J5B0,A0A0R0JBL2,0
Q2PMU2,A0A0R0HCS6,0
I1KU09,C6TJM4,0
I1LMW7,I1LPK5,0
A0A0R0HIA6,K7M864,0
I1KBQ5,C6TCH4,0
I1J6B5,K7L4N7,0
A0A0R0H7N0,I1K5K7,0
I1NHI4,A0A0R0FX75,0
A0A0R4J4C8,A0A0R0EWR2,0
K7LIW2,I1JC65,0
A0A0R4J4C8,K7MXE0,0
I1M0N9,I1KEC8,0
I1LC01,I1MEF5,0
I1KBB6,I1N780,0
C6SVU4,I1JUQ0,0
K7LQ96,I1KTI0,0
C6SZM9,K7MTL2,0
A0A0R0HXE9,K7LY43,0
I1KY58,P62302,0
I1KHL4,I1K6E7,0
I1M100,I1ML11,0
I1N1V6,I1JD07,0
A0A0R0IHF9,K7K318,0
I1N439,I1JFW6,0
I1J8W9,K7KK86,0
A0A0R0J7Q5,K7LNG6,0
I1MEZ1,I1N898,0
I1NF12,I1JD52,0
I1MNV4,A0A0R0L828,0
I1KTL9,I1JVX3,0
A0A0R0L098,I1LPW2,0
I1L219,C6T5U0,0
A0A0R0L098,A1YZE0,0
K7MC09,I1LPJ8,0
C6TMM7,C6TGZ1,0
I1KBB6,K7N5K2,0
A0A368UHC3,K7N0V8,0
I1KS88,A0A0R0EUJ0,0
A0A0R0I0B9,I1KJD2,0
M1FIU8,I1N5D5,0
I1NBC2,A0A0R0KWT5,0
C6TFN5,A0A0R4J4C5,0
C6SWM1,K7M864,0
C6TFN5,I1MQC8,0
I1LBV2,K7LQV0,0
C6SWI9,A0A0R0JBL2,0
I1NJ79,A0A0R0IR73,0
I1JE38,I1NJ53,0
I1MY72,I1JD36,0
I1MWP7,A0A0R0G7I0,0
A0A0R0IHF9,I1LW00,0
A0A0R0H8M3,Q2PMR3,0
K7MZ38,A0A0R0GBB6,0
I1MRS5,I1M998,0
K7MST2,A0A0R0EWR2,0
I1KRZ2,C6TJM4,0
K7K794,A0A0R0GPH9,0
K7K676,Q2PMR3,0
I1MUC0,I1MSN3,0
A0A368UHE3,C6SZQ0,0
I1JS58,K7M864,0
K7M1G4,I1K2I1,0
I1K620,A0A0R0IZY4,0
I1MRS5,I1KFL5,0
I1MBM5,I1LUL2,0
I1JUJ6,I1MNU2,0
C6TAF0,I1MEQ6,0
I1LBV2,A0A0R0EWR2,0
C6SZM9,I1KUS2,0
I1K620,I1L7G4,0
C6SW43,A0A0R0GS25,0
I1KAJ2,K7M9T4,0
I1L8H7,I1M277,0
C6T7N2,K7LQV0,0
I1MKM3,A0A0R4J5C5,0
I1M4Y9,K7M6I1,0
A0A0R0JYY8,C6TIQ7,0
I1MZ32,I1KM19,0
I1LIR4,I1NG45,0
I1LGI1,I1JUQ6,0
I1LG61,I1L9K4,0
I1JNB0,C6T0A0,0
I1N8M4,A0A0R0IZY4,0
A0A0R0IAV3,I1K6E7,0
I1KD09,A0A0R0JT51,0
I1MM89,K7M9T4,0
K7KYY0,M1FN34,0
C6T2H2,I1MLF1,0
I1KZI6,I1KUS2,0
I1N3M5,I1MLJ0,0
I1N056,I1K9J7,0
I1K0C4,I1N898,0
A0A0R0H9H8,I1LHS8,0
I1JVP4,A0A0R0GFL3,0
I1J5Q1,A0A0R4J2Q5,0
C6SWL3,I1K146,0
I1JMT0,K7L6K2,0
C6SWD4,A0A0R0KPE1,0
I1LHR1,I1KYL4,0
A0A0R0I8Z5,C6SWS6,0
I1MQD0,A0A0R0FZM4,0
A0A0R0L4N1,I1KM19,0
I1K5K3,A0A0R0EG78,0
I1LCX3,I1J8C9,0
I1KJW4,K7KES3,0
I1M9F7,K7LSG2,0
I1JUJ8,C6T4V3,0
C6SZL0,I1MW74,0
I1KQB9,I1M269,0
A0A0R0G3G4,C6SZG1,0
A0A0R0HN81,K7KTS8,0
A0A0R0KNS7,A0A0R0FB78,0
I1LXH0,A0A0R0ENB3,0
I1KTS9,A0A0R0KE62,0
C6SYA3,I1MNU1,0
I1KIY3,C6TGZ1,0
I1KAJ2,I1LLS8,0
I1K096,A0A0R0EJV2,0
I1LYG4,I1MNS7,0
I1KFI5,I1MPJ4,0
C6T507,I1MU00,0
I1KX98,I1JMH3,0
I1L5Z7,I1JMZ7,0
K7LUF9,I1K1W8,0
C6TK75,C6SWS6,0
I1KQC7,Q2PMR3,0
I1K2Z9,A0A0R4J426,0
I1LRB0,C6TK73,0
I1KBQ5,C6TGZ1,0
C6TKL8,K7LIE3,0
I1KHJ6,K7L2D7,0
A0A0R0KNE1,I1ML11,0
A0A0R0LA89,I1MPJ4,0
A0A0R0H9H8,K7K4C7,0
K7MZ38,I1KMS8,0
A0A0R0HHZ3,I1M3W1,0
K7M5I5,I1KZ09,0
C6T3I8,I1MLF1,0
I1MUC0,I1KMS8,0
A0A0R0EFE2,I1LPK5,0
I1KKD9,I1KVC1,0
I1LZT5,I1K1W8,0
I1L1S1,K7K4C7,0
I1KYS6,K7MRF5,0
A0A0R0FKK9,I1KLS1,0
I1KJ56,I1N761,0
C6T968,K7N5K2,0
I1LM73,I1NCF6,0
A0A0R0K6F4,K7L2D7,0
A0A0R0EJE2,I1JRU7,0
K7L240,I1MJJ9,0
I1KLS4,I1LLK1,0
I1KB25,I1MEQ6,0
I1LZ09,K7M864,0
K7KFV5,I1K5K7,0
I1JWF0,I1K215,0
I1KCB7,K7N0V8,0
I1KB26,I1K1W8,0
I1M3Q3,A0A0R0JSJ9,0
C6TAF0,A0A0R0JJK0,0
I1LMW7,A0A0R0FER5,0
A0A368UJ64,K7LK09,0
I1MTZ8,A0A0R0E934,0
I1L8L5,K7KFY5,0
K7KDA5,I1LW00,0
I1MVG5,A0A0R4J426,0
I1JU70,C6T065,0
I1L1S1,I1KZY8,0
I1MVK7,A0A0R4J4H3,0
I1J5U5,K7LQV0,0
C6TCW7,K7LK09,0
C6SW69,A0A0R0IF42,0
I1N5E8,A0A0R0EYS5,0
K7KGE9,K7LSG2,0
I1JFF6,I1KZK2,0
I1JUJ8,I1NAF6,0
I1KZI6,K7MGQ2,0
I1KHL4,A0A0R0HCS6,0
I1KYF8,C6TGZ1,0
I1JVP4,I1J547,0
K7KGE9,K7MQG6,0
C6SY99,C6T5U0,0
C6SZY0,I1MZV4,0
I1KS20,I1JK31,0
A0A0R0LB39,I1MU00,0
C6TNX5,I1LIU7,0
I1K2J5,I1LUL2,0
I1JMZ4,A0A0R0HSH0,0
I1LCX3,I1K642,0
I1MVE9,I1LM96,0
I1J553,I1L7G4,0
A0A0R0FYN8,K7KK74,0
K7K2H1,K7M841,0
C6SW69,I1JV03,0
I1KIY3,K7M6J1,0
A0A0R4J3R4,I1K2I1,0
I1LQ02,I1K6E7,0
I1JY67,I1K467,0
I1JAG0,I1MK72,0
I1M2R5,K7KFY5,0
I1MY72,A0A0R4J4D0,0
K7LWI3,I1KUS2,0
I1NF12,I1K4R8,0
I1KC19,I1MW51,0
I1NF12,I1J547,0
I1MBR7,K7KW44,0
A0A0R0K5D9,A0A0R0L7U5,0
K7LTQ1,I1LLK1,0
K7LXT7,A0A0R4J5B7,0
A0A0R0LB39,C6TD23,0
I1N8Q6,I1MTV9,0
K7MMR4,A0A0R0GUR9,0
K7L8H2,I1K6E7,0
I1N0F1,A0A0R4J4C5,0
I1JMT0,I1MF50,0
I1KHL4,I1KAD1,0
K7MXS9,C6T0A0,0
K7L240,I1N8M8,0
K7KGC2,A0A0R0JBV0,0
I1JDR2,I1KPE7,0
I1JHC2,K7LLV5,0
I1MC39,I1J8C9,0
I1LJ93,K7LTB2,0
I1KLS4,I1MRI5,0
I1JL13,A0A0R0KWT5,0
C6SXP5,K7LNG6,0
I1MXT2,K7LSG2,0
I1LPI3,A0A0R0JJI0,0
I1LH11,I1MEF5,0
C6T2Y4,I1KPE7,0
I1MLK3,K7K8Y9,0
I1L5H8,K7L7W0,0
I1JZC3,A0A0R0HSH0,0
A0A0R0G5A8,I1J9I1,0
C6TBJ1,I1L7G4,0
I1N439,O22518,0
K7MAP3,A0A0R4J5C5,0
I1K2J5,I1LPW2,0
A0A0R0LFT0,K7LY43,0
I1JI73,I1N761,0
K7M1G4,A0A0R4J5K6,0
I1MTX9,I1N898,0
K7MC09,I1MNV2,0
I1MGB0,K7M9T4,0
I1L219,I1MLF1,0
C6F117,K7N5K2,0
K7LUF9,A0A0R0JTV5,0
I1JVU8,K7LFD7,0
I1MHH7,C6T5R4,0
I1K2U0,I1K146,0
I1MTZ8,I1J8W6,0
K7L1D3,A0A0R0E934,0
I1JWH5,C6TIK0,0
I1LIM0,O22518,0
A0A0R0KNS7,C6TN69,0
I1KVS3,A0A0R0L7U5,0
K7N0U1,I1MZV4,0
K7KCG5,A0A0R0KWT5,0
I1MM89,C6TGA9,0
I1KRF9,I1KZ09,0
I1KUP5,K7KH93,0
I1KB25,A0A0R0IR73,0
I1KY58,A0A0R0FGT9,0
C6SXP5,I1MGG7,0
C6TD73,A0A0R4J426,0
I1KPA1,A0A0R0EG78,0
I1MC26,I1MC28,0
C6SZY0,A0A0R0FX75,0
I1KFI5,K7LIE3,0
I1NDC0,C6T4V3,0
I1JZC3,A0A0R4J5B7,0
I1KVX9,I1LM96,0
C6SWA0,A0A0R0JYX3,0
A0A0R4J3R4,I1LY15,0
A0A0R0HDM5,A0A0R0GFH3,0
I1LPZ3,A0A0R0K6I2,0
K7LUF9,A0A0R4J4H3,0
I1L412,I1K467,0
C6T883,I1MW74,0
I1KCN1,I1K215,0
I1LYG4,A0A0R0HCS6,0
I1KR80,A0A0R0FXD4,0
A0A0R0JLD5,K7MMD7,0
I1MSD9,I1J8C9,0
I1LUF0,C6SW04,0
A0A0R0HN81,K7MM40,0
A0A0R0H2V0,K7L6N7,0
C6T3I8,A0A0R0KWL0,0
K7MWR1,I1K2I1,0
I1LIK8,A0A0R0GJV8,0
I1KB25,A0A0R0IF42,0
C6SXM9,C6SW04,0
C6SXM9,P17093,0
I1MBW8,I1N8M8,0
C6SZM2,A0A0R0JBL2,0
A0A0R0FNV7,I1KSD0,0
I1LLA9,A0A0R0GG06,0
I1KIB3,A0A0R4J4C5,0
K7M2D8,A0A0R0IT62,0
K7MVB9,I1KLS1,0
A0A0R0EFE2,A0A0R0L828,0
A0A0R0F2G6,A0A0R4J2Y1,0
K7KEV0,A0A0R0ESZ8,0
I1MUC0,I1NCV4,0
I1MBR7,I1MZV4,0
I1JL13,I1MEQ6,0
I1J8V4,I1NIE5,0
A0A0R0J7Q5,I1M225,0
A0A0R0GYG1,I1KAD1,0
I1M0C3,K7M9T4,0
I1M0S4,I1KTI0,0
K7K415,C6TK73,0
K7LKS0,K7MQG6,0
I1N7K6,K7KTS8,0
I1JYG6,C6T065,0
I1KNN1,C6TFX5,0
I1JV48,C6SZG1,0
I1KIB3,A0A0R0GPH9,0
I1LGI1,C6SW04,0
C6T084,I1J8C9,0
A0A0R0K6F4,A0A0R0KPE1,0
I1M7C1,I1N761,0
C6SW69,K7N1L5,0
I1N0F1,I1NJ53,0
I1JDP3,K7M846,0
I1KJL3,A0A0R0K0K3,0
C6SZG8,I1LXQ3,0
C6TBQ2,C6TFX5,0
I1MBA2,I1MVC6,0
A0A0R0GNH6,I1MLF1,0
A0A0R0GZZ6,I1KZY8,0
C6TL77,K7K8Y9,0
I1LPJ3,I1NJ53,0
I1KRF9,I1MEF5,0
I1KLS4,K7L4N7,0
K7K9E1,I1M277,0
A0A0R0FKK9,A0A0R0FEN3,0
K7MVB9,I1LIA8,0
I1MNE4,I1J8W6,0
C6SVR8,A0A0R0HV63,0
C6T3I8,K7N1T9,0
I1N9S5,I1KHJ4,0
A0A0R0G2B9,A0A0R4J4H3,0
I1LLA9,A0A0R0GJV8,0
I1LMW7,I1M5B6,0
I1M0N9,A0A0R0FM97,0
C6T2Z2,I1MLF1,0
K7L9V3,K7LLV5,0
A0A0R4J2W3,A0A0R0IT62,0
I1M5E2,A0A0R0JBV0,0
C6TBJ1,C6TGA9,0
C6T3I8,I1JV03,0
C6SVB5,K7L6N7,0
K7MRX6,K7MRF5,0
A0A0R0G3G4,I1KSD0,0
I1JWF0,C6SX83,0
I1JFN0,I1J4B5,0
I1KQE8,I1KUS2,0
I1K620,C6SYW6,0
I1LHR1,C6TNW3,0
I1N439,C6TK73,0
C6TKL8,I1JRJ3,0
I1JDP3,C6TIQ7,0
I1L8S1,K7M849,0
K7MAP3,I1KCY5,0
C6F117,A0A0R0G7B5,0
C6T9S5,C6TBL4,0
I1JIP5,K7M9T4,0
I1NHI4,I1N780,0
I1J9W0,A0A0R0EKI7,0
I1L219,I1KAD1,0
K7N0U1,K7LQV0,0
I1MU29,I1MEQ6,0
I1L5H8,I1LPJ8,0
I1N8M4,I1LPW2,0
A0A0R0GRI6,A0A0R0JSJ9,0
A0A0R4J4C8,A0A0R0L828,0
I1LH11,I1N5D5,0
I1KUP5,K7KTS8,0
K7MZ38,C6TJM4,0
C6T2Z2,I1LUE0,0
A0A0R0G6V6,K7M6R4,0
I1LD74,K7M592,0
M1FIU8,I1JFW6,0
A0A0R0ET54,C6SW04,0
C6SY99,I1K9J7,0
K7KDM1,A0A0R0GFH3,0
A0A0R0E3E6,A0A0R0K7U0,0
I1JUT9,I1J4B5,0
I1JAG0,I1LLS8,0
I1N8P5,K7M6J1,0
I1KXI7,K7N5K2,0
I1K8N0,K7MTL2,0
I1N954,I1JUQ0,0
I1JMZ4,I1JB64,0
I1MJ97,A1YZE0,0
I1J4E1,A0A0R4J384,0
I1KTL9,K7MQG6,0
I1KBQ5,A0A0R0FXD4,0
I1KP31,I1KTI0,0
I1LMQ5,I1KMS8,0
K7KEV0,I1N7F4,0
A0A0R0LB39,I1JRJ3,0
K7LKS0,I1JD36,0
C6SVU4,I1K115,0
I1JR41,K7KAB4,0
K7MD28,K7KK86,0
I1LM73,I1LH18,0
A0A0R0GE56,I1JUQ6,0
A0A0R0EI44,A0A0R0H141,0
A0A0R0L2U1,A0A0R4J384,0
A5Z2K3,I1K3X9,0
I1NF54,I1N8M8,0
I1LJW2,K7N0V8,0
C6SWZ1,I1MGG7,0
I1LR08,K7M592,0
I1MM64,K7KES1,0
I1L0M6,A0A0R0JSJ9,0
C6SZY0,I1LY15,0
C6TE07,A0A0R4J488,0
I1KRD4,K7LHS7,0
I1K2J5,I1NCF6,0
I1LZM7,K7M592,0
K7KLF0,I1J8C9,0
I1KPT1,A0A0R0KVY6,0
A0A0R0L8Y1,I1K4R8,0
I1NGL5,A0A0R4J2Q5,0
C6SXP5,A0A0R0IR73,0
I1KTS9,I1LLS8,0
K7KGE9,I1KZY8,0
I1LYQ9,I1MNU1,0
I1MGB0,I1LLS8,0
A0A0R0LB39,A0A0R0JYX3,0
I1N9I5,K7L6K2,0
I1JFF6,I1MW74,0
I1JW21,I1M1W3,0
A0A0R0JYB5,I1JV03,0
I1MTZ8,I1KZK2,0
I1KPQ8,I1L3P5,0
A0A0R4J3Y6,A0A0R4J4D0,0
Q2PMU0,I1LIU7,0
I1MY43,A0A0R0EKI7,0
I1MUN3,I1JV03,0
I1LP56,C6SZ70,0
I1JE38,K7MM40,0
I1NH73,I1LHS8,0
I1L3P6,K7KJB2,0
K7L3K3,K7L6N7,0
I1KGN6,A0A0R0JRI8,0
C6T083,I1K6E7,0
I1MBA2,I1K642,0
I1K2Z9,I1MRI5,0
I1JY87,I1L9K4,0
I1JVU8,I1MK72,0
I1JI73,K7LY43,0
I1KBB6,K7LHS7,0
I1N7K6,I1KJD2,0
C6TG91,K7N1T9,0
I1JYG6,A0A0R0GUR9,0
I1N8M4,K7L4N7,0
I1LRE4,I1N898,0
C6T8R7,C6TGA9,0
C6SY99,K7M841,0
C6TBQ2,I1JUQ6,0
I1LPZ3,I1KZK2,0
I1KFU0,K7M592,0
A0A0R0F0T6,A0A0R0JQJ0,0
I1LYG4,K7KQZ8,0
A0A0R0L4N1,I1KVC1,0
A0A0R0K0L0,K7L6N7,0
I1MHA4,I1MSN3,0
I1J5Q1,K7M6R4,0
A0A0R0KH89,I1K5B6,0
A0A0R4J3Y6,A0A0R0FZM4,0
I1JUT9,I1JC65,0
I1JVP4,K7N1T9,0
I1LYN0,K7K8K7,0
I1J5U5,A0A0R0L828,0
A0A0R0KE73,K7LQV0,0
I1MBW8,A0A0R4J5K6,0
A0A0R0JB42,K7K894,0
I1MBA2,K7LHS7,0
I1MHA4,K7LTR0,0
I1M7V7,A0A0R0FTI5,0
I1MNU7,A0A0R0IR73,0
I1LZM7,I1KAR1,0
I1MNM3,K7MYK9,0
I1NC77,I1KQE3,0
K7KFV5,I1M269,0
K7KE09,K7MNN5,0
I1JUI1,K7K4C7,0
A0A0R0L2U1,K7M849,0
A0A0R0FEI0,K7N5K2,0
C6TEP1,K7KES1,0
I1JYG6,K7N5K2,0
I1JUR7,I1LLS8,0
C6TAW8,A0A0R0L4P0,0
A0A0R0L7S1,I1KTI0,0
I1MBR7,I1LVN3,0
I1MU29,I1KMS8,0
I1L478,K7K318,0
I1MEZ1,K7M6R4,0
I1MRY0,K7M9T4,0
A0A368UHM1,I1KFL5,0
I1JIW3,I1K1W8,0
I1KP31,K7LFD7,0
I1LGB7,I1KFL5,0
C6SY81,I1LR48,0
C6SW69,A0A0R0JTV5,0
K7L395,I1NCF8,0
I1L690,I1KYL4,0
K7N0X7,I1JMH3,0
K7LDR8,C6T0A0,0
I1KBB6,A0A0R0JBV0,0
K7N0X7,K7M846,0
M1FIU8,I1K4R8,0
I1MIE5,I1KPE7,0
A0A0R0K5D9,Q2PMR3,0
I1J4E1,I1N898,0
I1JV48,A0A0R0JT51,0
I1KIB3,I1M1D5,0
I1M3Q3,A0A0R0K6I2,0
K7KLI7,K7KAB4,0
I1L5Z7,K7N5K2,0
I1JDH6,K7K894,0
I1K8C1,I1LVN3,0
I1NBE9,A0A0R0FB78,0
I1MIE5,K7MQG6,0
C6SYE0,A0A0R0L828,0
A0A0R0EYA9,I1KCY5,0
I1MBW8,K7KQZ8,0
I1LJ94,C6TJM4,0
K7MXD1,I1MRP6,0
I1MVK7,I1NJ53,0
I1K620,I1MLJ0,0
A0A0R0L372,A0A0R4J4C3,0
K7M9K9,I1JD07,0
I1JAG0,A0A0R0L7U5,0
I1J870,I1N8M8,0
I1LJW2,I1KCY5,0
C6TFN5,A0A0R0L7U5,0
I1KPQ8,A0A0R0G7B5,0
I1MUC0,A0A0R4J488,0
I1LY25,K7LK09,0
I1KPT1,C6T5R4,0
I1JRL7,I1KQE3,0
I1N0F1,I1KJD2,0
A0A0R0FKK9,C6SYW6,0
I1JIW3,I1MEF5,0
I1LZM7,K7N5K2,0
I1M4P0,I1NCF8,0
I1KCX1,A0A0R0JTV5,0
C6SXM9,A0A0R0KPE1,0
K7KTT9,K7M6I1,0
I1JU70,I1K1W8,0
I1KHL4,K7KFY5,0
I1K2J5,I1LY15,0
I1JMT0,A0A0R0G7B5,0
C6SWM1,K7MRF5,0
C6TE07,K7MXH5,0
I1JXB4,I1JVX3,0
I1MK96,A0A0R0G7I0,0
I1L8S1,K7L6N7,0
A0A0R0HSV1,A0A0R0GFH3,0
A0A0R0E907,I1K5B6,0
C6SY81,C6SX83,0
I1KY58,C6SZG1,0
A0A0R0FKK9,K7MGQ2,0
K7LSH9,A0A0R0GPH9,0
C6T084,A0A0R0EUJ0,0
A0A0R0K5X4,I1MU00,0
I1L5Z7,A0A0R0GWH6,0
I1MNE4,I1K642,0
I1KB26,I1MNU2,0
C6T7N2,I1JUQ6,0
A0A0R0FYN8,I1MZV4,0
I1JUT9,I1MRP6,0
I1LHY4,I1LUE0,0
I1MU29,A0A0R0K0K3,0
I1JVP4,A0A0R0GBB6,0
A0A0R0I0B9,K7KAB4,0
I1MBA2,K7M9T4,0
A0A0R0FJF0,I1NAF6,0
I1MSD9,Q2PMR3,0
K7MS88,I1LUL2,0
C6SWZ1,K7M6R4,0
I1MNK0,A0A0R4J4D0,0
A0A0R0L7S1,K7M6R4,0
C6SW43,C6TJ17,0
C6T3K0,C6TCH4,0
I1KLS4,A0A0R0GBB6,0
I1KTS9,K7MMD7,0
A0A0R0G2B9,I1NJ53,0
I1N4X7,I1KHJ4,0
K7M1G4,I1LUL2,0
A0A0R0GNH6,K7KH93,0
I1MQD0,A0A0R0FGT9,0
I1KZI6,Q2PMR3,0
C6TNL5,P17093,0
C6T868,I1KEC8,0
A0A0R0EI44,I1LL05,0
A0A0R0KNE1,K7L939,0
I1JVP4,I1JAH7,0
K7MXD1,I1MZV4,0
I1JXQ3,I1LIU7,0
I1LVX2,I1L9K4,0
K7LEG0,K7KFY5,0
A0A0R0JJK8,A0A0R0FXD4,0
A0A0R0IGP2,C6T5R4,0
C6TEP1,A0A0R0KVY6,0
A0A368UHG0,A0A0R0H141,0
I1JIW3,I1MW51,0
I1NHI4,I1N761,0
I1M9F7,A0A0R0JT51,0
I1M100,A0A0R0GFH3,0
I1L524,I1JA95,0
I1N0U4,I1JHJ0,0
K7L240,I1JV03,0
A0A0R0GCF5,I1MJJ9,0
I1LIH7,K7KWE4,0
I1LQ02,I1NJ53,0
A0A368UHM1,K7LSJ2,0
A0A0R0L372,C6T5R4,0
K7KLI7,K7M6Z2,0
I1LKU1,K7LSJ2,0
I1JNB0,I1MVC6,0
K7M097,A0A0R0G7B5,0
K7MST2,A0A0R0EYS5,0
K7K9E1,I1JUQ6,0
I1JZC3,K7MXH5,0
I1KRD4,I1K215,0
I1MUC0,I1MNV2,0
K7KLI7,K7K8K7,0
I1MRY0,K7LSG2,0
I1K911,A0A0R0GBB6,0
K7LEG0,K7LLV5,0
I1L478,A0A0R0K7U0,0
I1MYV4,I1J547,0
I1MC26,I1KQE3,0
C6SWA0,I1MW51,0
I1MVE9,K7KW44,0
I1J5B0,A0A0R0FX75,0
I1LP18,I1M269,0
K7MD28,A0A0R0GFH3,0
I1JHN5,I1MF50,0
C6SYA3,C6SZG1,0
I1KJ98,I1KLS1,0
I1N954,K7LQV0,0
K7LJV1,C6TK73,0
A0A0R0K6F4,I1JV03,0
I1K7J4,C6SZQ0,0
K7MNC0,C6TJM4,0
A0A0R0I1I4,I1KHJ4,0
I1JTE4,K7M466,0
I1LGQ1,A0A0R0EUJ0,0
I1MIE5,K7KAB4,0
K7MMR3,I1K9J7,0
M1FIU8,I1K467,0
I1KQG0,I1LPW2,0
I1LCX3,K7N1L5,0
I1L8H7,K7M841,0
I1LUI7,K7M6R4,0
I1LY25,I1LUE0,0
I1MNK0,I1N780,0
I1N6Z0,C6TBL4,0
I1N1X8,I1MGG7,0
I1MWF0,I1KSL6,0
K7LLK0,K7KVK2,0
I1JVU8,C6TIK0,0
I1MNV4,I1LY15,0
A0A368UJ64,I1K2I1,0
I1KYF8,I1KFL5,0
K7LRU2,A0A0R0JQJ0,0
I1L478,I1LLK1,0
I1L8H7,I1L3P5,0
C6SVU4,I1MJJ9,0
C6TCW7,C6SZ70,0
A0A0R0JH35,I1K9J7,0
C6TD73,I1LUE0,0
A0A0R0G342,I1M998,0
I1L250,K7KWE4,0
K7LEG0,A0A0R0EJV2,0
I1L1N3,O22518,0
K7KNJ6,A0A0R0GAQ8,0
K7K676,I1JV03,0
I1LHR1,I1KUS2,0
A0A0R4J3R4,A0A0R0JBL2,0
I1LP56,I1JUQ6,0
I1M757,I1MRI5,0
I1J5Q1,I1MVC6,0
A0A0R0H7N0,K7KVK2,0
I1N4X7,K7N129,0
I1LP18,Q43463,0
I1LZW4,I1NIE5,0
C6T868,I1JM18,0
I1MEN1,I1JE09,0
I1K328,K7KH93,0
I1K912,M1FN34,0
A0A0R4J3Y6,I1LFD2,0
K7LIW2,I1NCV4,0
K7K553,I1KTI0,0
I1MJM9,A0A0R4J5K6,0
I1JRA0,C6TIQ7,0
I1NF12,I1M5B6,0
C6T883,K7K4C7,0
I1JQR6,I1KLS1,0
I1LHR1,K7L4N7,0
K7M1G4,I1KTI0,0
I1K2U0,C6SW04,0
A0A0R0ESI3,A0A0R0HCS6,0
I1JAF7,I1JMH3,0
I1LCX3,I1LPK5,0
K7MCH3,K7L6N7,0
I1NH98,A0A0R0FGT9,0
I1LHR1,K7M849,0
I1LFW0,C6TIK0,0
C6TKL8,A0A0R0F214,0
A0A0R0EWX9,I1L9K4,0
I1KPQ8,I1JRU7,0
K7K1Z2,C6T0A0,0
I1L1S1,I1LIT1,0
I1JTW0,P62302,0
I1J6B5,K7KH93,0
C6T8L7,A0A0R0GFL3,0
I1KCN1,K7L6K2,0
I1NDG6,I1LH27,0
A0A0R0FNM4,I1KQE3,0
C6SZG8,A0A0R0FXD4,0
I1LIH7,C6TBL4,0
A0A0R0KCV3,O22518,0
I1KMP8,C6TJ17,0
I1N954,I1JRV0,0
I1LRH8,A0A0R0KWT5,0
I1K096,A0A0R0L5Q1,0
A0A0R0FQN0,K7LK09,0
I1LZT5,A0A0R4J426,0
K7KNJ6,I1N5D5,0
I1JZC3,K7KK86,0
K7LUF9,K7MNP5,0
C6T3I8,I1K6E7,0
I1LGI1,A0A0R0EWR2,0
I1N8P5,K7KES1,0
P46279,K7LIE3,0
I1KS88,K7MGQ2,0
I1MNM3,A0A0R4J488,0
C6T530,K7LQV0,0
I1JU70,A0A0R0EG78,0
C6TG99,A0A0R0KE62,0
I1NH73,A0A0R0HCS6,0
I1N0W9,I1K215,0
A0A0R0G3G4,C6TGA9,0
I1M0C2,C6SZQ0,0
I1KUP5,A0A0R0FZM4,0
I1L8L5,I1JK31,0
K7L9V3,A0A0R0EDS9,0
K7LRU2,I1JMK4,0
I1JE93,K7LK09,0
I1KQE2,I1K6E7,0
I1JFS9,C6SYW6,0
K7KCG5,I1N780,0
C6T2Z2,I1MVC6,0
I1KBB6,K7N0V8,0
I1K5L7,A0A0R0JJK0,0
I1JZC3,I1NC50,0
A0A0R0FX46,I1NCV4,0
K7KKB2,A0A0R0FXD4,0
I1KVS3,I1NC50,0
I1JIJ4,O22518,0
I1NF12,I1KEC8,0
I1MUC0,I1KUS2,0
I1MGG3,I1K215,0
I1LUL7,I1LH18,0
I1LZT5,I1J8C9,0
C6SWM1,A0A0R0IR73,0
I1LRB0,A0A0R0L0E7,0
I1MM64,K7N0V8,0
A0A0R0EFE2,A0A0R0H141,0
K7L3P2,K7K894,0
I1LIS4,I1MNU2,0
I1JFN0,C6TBL4,0
A0A0R0JS60,I1MNU2,0
I1KD09,I1KMS8,0
I1JUR7,C6T5R4,0
I1LPZ3,I1KJF2,0
K7LLK0,K7N5K2,0
I1L8G3,I1MK72,0
I1K9P1,I1K6E7,0
I1LRB0,I1KH38,0
K7L3P2,I1JRU7,0
I1KB26,I1LPW2,0
I1MQD0,I1KJF2,0
I1LPJ3,A0A0R0FEN3,0
K7KDM1,I1MNV2,0
I1LYU9,I1LLK1,0
C6TLV6,I1KZY8,0
A0A0R0KCV3,I1MRP6,0
A0A0R0G5V6,I1JUQ0,0
I1JV48,I1N7F4,0
C6SYE0,K7M849,0
I1NH98,C6TGA9,0
I1MLK3,I1JYT2,0
K7KDX2,A0A0R0FJR0,0
I1LGB1,A0A0R0JYX3,0
A0A0R0KJP6,I1K642,0
I1K9P1,I1N7F4,0
I1N6N9,K7MC85,0
A0A0R0JZD5,A0A0R0GFH3,0
I1JUI1,K7N1T9,0
I1K911,K7N0V8,0
C6SWZ1,A0A0R0FJR0,0
A0A0R0FJF0,A0A0R0G7B5,0
K7KYY0,A0A0R0FM97,0
I1KGZ6,I1JVX3,0
K7LDR8,K7LTR0,0
K7MMR3,A0A0R0L0E7,0
I1KZI6,I1MTV9,0
I1KP31,I1MZV0,0
I1LC20,I1JYT2,0
I1JE38,K7MFE5,0
K7LWN2,K7KES1,0
K7KIU3,I1JRU7,0
C6TKZ4,I1MRI5,0
I1MNU7,I1LUE0,0
C6TBQ2,I1NCF8,0
A0A368UHC3,I1LFD2,0
A0A0R0JJK8,K7MQG6,0
I1M757,A0A0R0GWH6,0
K7LQ96,K7N1T9,0
I1JDP3,A0A0R0EYS5,0
I1L653,I1KZY8,0
I1KRZ2,I1JUQ0,0
I1NC77,I1JK31,0
I1JUJ6,A0A0R0ESZ8,0
I1KJ56,I1LY15,0
I1MRY0,I1NCF8,0
C6T8R7,I1L332,0
I1NIE7,K7L2R0,0
I1JW64,I1MEF5,0
I1MY72,I1M269,0
C6T9S5,I1LLS4,0
I1K9B8,I1LH27,0
I1N7K6,C6TIK0,0
I1MJM9,K7MTL2,0
I1JAF7,K7KAB4,0
A0A0R0E3E6,C6TFX5,0
C6T2Y4,A0A0R0KVY6,0
I1J6B5,I1J4B5,0
I1MRY0,K7MC85,0
I1KRD4,A0A0R0ENB3,0
I1MXT2,I1M269,0
I1M7C1,K7L7W0,0
A0A0R0F2G6,C6SYE1,0
I1N5E8,A0A0R0FXD4,0
I1KLE1,C6SYE1,0
I1JVN0,I1JD36,0
C6TD73,I1MRP6,0
A0A0R0EU45,A0A0R0H141,0
C6SVF8,K7KFY5,0
I1KHL4,I1MU00,0
I1MRS5,A0A0R0JSJ9,0
I1J4E1,I1KZ09,0
Q2TFP1,K7LSG2,0
I1KB25,C6TIK0,0
I1M4P0,I1MPJ4,0
A0A0R0GCF5,K7M466,0
A0A0R0H296,A0A0R0JJK0,0
I1MWF0,K7N1T9,0
I1LFW0,I1KCY5,0
K7K553,I1N5D5,0
I1MRS5,C6TGA9,0
K7MRX6,I1K2I1,0
I1LC20,C6T2G5,0
I1JMT0,I1KYL4,0
A0A0R0GRI6,M1FN34,0
Q2PMU2,I1NIE5,0
A0A0R0H2V0,I1KSL6,0
K7LZZ5,I1L332,0
I1JHC2,A0A0R0HCS6,0
C6SXM9,A0A0R0JSJ9,0
I1KPA1,O22518,0
C6T0E4,C6TIQ7,0
I1NGD2,A0A0R0ESZ8,0
I1KHL4,I1N761,0
K7LA18,A0A0R0IZY4,0
I1K7N0,A0A0R0GBB6,0
I1JTW0,K7N1T9,0
C6T084,A0A0R0KVY6,0
K7KFV5,I1L3P5,0
I1L215,K7N145,0
I1KZI6,I1KMS8,0
C6SYA3,I1KMS8,0
C6TKW2,I1KZK2,0
I1KCB7,A0A0R0JBL2,0
I1N3M5,I1ML11,0
I1KS88,K7LCS7,0
C6T9S5,I1LL05,0
C6T2Y4,I1LII4,0
O48901,I1LPJ8,0
A0A0R0L115,A0A0R0FTI5,0
A0A0R0FX70,A0A0R0FXD4,0
C6T426,C6TD23,0
I1MHH7,A0A0R0ENB3,0
C6T426,A0A0R4J426,0
I1LPZ3,I1LIU7,0
I1JVU8,I1MEF5,0
A0A0R0IGP2,K7N1L5,0
I1LC20,I1MW51,0
I1KYD6,I1JHJ0,0
I1JXQ3,K7M6I1,0
A0A0R0JKU3,A0A0R0IR73,0
I1N8P5,A0A0R0JSJ9,0
I1MSD9,I1KAR1,0
A0A0R0HSJ1,C6T5R4,0
A0A0R0JG07,K7M9T4,0
I1LSM6,C6TN69,0
P07506,I1NIE5,0
I1K725,I1ML11,0
A0A0R0L098,A0A0R0GPH9,0
I1JI73,I1LLK1,0
I1KQP3,A0A0R0EWR2,0
C6SVF8,I1LXQ3,0
A0A0R0FQN0,I1K5B6,0
I1MJ97,I1LHS8,0
I1JW64,A0A0R0L828,0
I1KHY2,A0A0R0FZM4,0
I1M9T4,K7LTR0,0
I1LIR4,I1KHJ4,0
I1NJ79,I1MPJ4,0
K7M9K9,A0A0R0H141,0
A0A0R0HSJ1,C6TGA9,0
I1KJ56,K7M6I1,0
K7M787,A0A0R0GPH9,0
I1LJA4,A0A0R0EDS9,0
I1LPI3,I1JYT2,0
K7MXS9,A0A0R0IZY4,0
K7L3K3,C6SYW6,0
I1KMS4,I1N8M8,0
I1KY58,I1JUQ0,0
K7LRU2,K7M4E0,0
I1MQB5,I1MK72,0
I1LIS4,A0A0R4J2Y1,0
I1N439,A0A0R0L0E7,0
C6SYQ2,I1NJ53,0
I1KH45,I1KD82,0
I1MTZ8,K7KH93,0
C6TKC3,I1MGG7,0
A0A0R0G2B9,C6TGA9,0
I1NDC0,I1JRU7,0
I1NC77,I1N5D5,0
I1LIS4,I1L332,0
K7M5I5,I1L7G4,0
I1MTZ8,K7LNG6,0
I1JKS2,A0A0R0JSJ9,0
I1LFQ4,I1J4B5,0
I1LMW7,I1NCF8,0
I1K8C1,I1LL05,0
K7MGK0,A0A0R0JBV0,0
C6TKW2,Q2PMR3,0
I1KZJ7,I1K6E7,0
A0A0R0I0B9,C6TK73,0
C6SYF3,A0A0R0HSH0,0
I1MRS5,K7LQV0,0
I1K7N0,A0A0R4J5C5,0
C6T968,I1KLS1,0
I1MWP7,I1MK72,0
K7MRX6,C6T5U0,0
I1MY72,I1NCF8,0
K7MCH3,I1MNV2,0
I1JBJ2,I1LPK5,0
C6T8R7,A0A0R0GFM7,0
I1K5H2,K7LY43,0
I1JNV3,I1LFD2,0
I1LPZ2,K7MQG6,0
A0A0R0FNV7,A0A0R0FB78,0
I1NGD2,I1M225,0
C6TBQ2,K7KES3,0
I1KTD4,I1LR48,0
I1MK96,P62302,0
I1LRE4,I1LPK5,0
K7LJV1,A0A0R0JBV0,0
C6T9S5,K7L2R0,0
I1K4U3,I1JVX3,0
I1JMZ3,I1LVN3,0
A0A0R0J2L9,C6SZQ0,0
I1MK96,I1MF50,0
I1JMZ4,I1NC50,0
P48513,K7M6Z2,0
I1KYS6,I1LVN3,0
K7MWR1,C6TNW3,0
K7LKS0,A0A0R0EDS9,0
I1M3Q8,C6SWS6,0
I1KMS4,I1JD07,0
I1MM89,I1K215,0
K7M787,K7MM40,0
I1JTE4,I1L332,0
K7KGE9,I1JUQ0,0
I1MHS1,C6TFX5,0
I1MRS5,C6TJM4,0
I1N8M4,A0A0R0K7U0,0
I1J553,K7K8Y9,0
K7KGE9,P62302,0
K7LW22,K7LLV5,0
I1KTS9,A0A0R0K0K3,0
A0A0R0EWX9,K7M864,0
A0A0R0K6F4,C6TN69,0
C6T8L7,C6SWS6,0
I1JDP3,A0A0R0E934,0
I1MWP7,A0A0R0HV63,0
I1LGQ1,A0A0R0KWL0,0
K7MNC0,I1M277,0
I1M3U2,K7MNP5,0
I1MLN7,A0A0R0JTV5,0
I1LPD3,A0A0R0GFL3,0
C6TKC3,I1MRP6,0
C6TNX5,I1LGD6,0
K7MCD1,A0A0R0IZY4,0
C6TD73,I1JHJ0,0
I1NBE9,K7K318,0
A0A0R0KTM7,I1N898,0
C6T3G1,A0A0R0ENB3,0
A0A0R0JJ98,I1LL05,0
I1L1L2,I1MVC6,0
I1L8H7,A0A0R0GFH3,0
I1K7J4,I1LUL2,0
I1JIW3,A0A0R0GFH3,0
C6SWZ1,K7M864,0
I1LH11,I1LWZ0,0
A0A0R4J3Y6,I1L7G4,0
A0A0R0FKK9,K7M841,0
I1KBB6,K7M864,0
I1KU09,A0A0R0G7B5,0
A0A0R0F0T6,A0A0R0K0K3,0
A0A0R0EFE2,A0A0R4J4C5,0
A0A0R0HN81,K7LQV0,0
C6TKG0,C6TIQ7,0
A0A0R0JLD5,K7LSG2,0
I1LH11,I1J8W6,0
I1MYV4,I1L332,0
O48548,A0A0R0IZY4,0
A0A0R4J4C8,A0A0R0FER5,0
I1JU70,I1KAR1,0
K7M2D8,K7M466,0
I1MNE4,K7MTL2,0
C6T567,A0A0R0GFM7,0
I1JCY0,I1KMS8,0
I1LJW2,I1NCV4,0
M1FN39,K7MQG6,0
I1KJL3,I1JRV0,0
I1MYX8,A0A0R0GWH6,0
I1MKM3,I1JFW6,0
K7K676,A0A0R0JTV5,0
A0A0R0JYY8,K7LSJ2,0
I1J5Q1,A0A0R0HSH0,0
C6TL77,C6SW04,0
I1KPA1,I1KSL6,0
I1NCS8,I1KZY8,0
I1M2R5,C6TJM4,0
I1LPJ3,I1MVC6,0
C5NTE7,I1MPJ4,0
I1KV60,I1JA95,0
A0A0R0J7J3,K7MNP5,0
I1L690,A0A0R0FJR0,0
I1LGI1,C6SYW6,0
A0A368UH03,I1K2I1,0
K7LUF9,K7L6N7,0
K7MGQ3,K7N129,0
I1JWF0,I1MLJ0,0
A0A0R0J2L9,A0A0R0GWH6,0
K7KLI7,I1NCF8,0
A0A0R0JJ98,I1JFW6,0
I1JWH5,I1MRP6,0
I1M4P0,A0A0R0GWH6,0
I1KYS6,I1KZK2,0
I1KQB9,K7LY43,0
I1JXB4,I1LWZ0,0
C6SZ22,I1MRP6,0
C6T0E4,I1J9I1,0
A0A0R4J4C8,C6TGZ1,0
K7L395,A0A0R0GFL3,0
P09755,I1LWZ0,0
A0A0R0GC27,I1NCV4,0
I1KGU0,K7N5K2,0
C6SYE0,A0A0R0FX75,0
I1JIJ4,I1LM96,0
A0A0R0L8Y1,K7LSJ2,0
I1LYQ9,C6T2G5,0
Q2PMU2,C6TCH4,0
I1MYX8,I1LIU7,0
I1K620,K7MXE0,0
A0A0R0JYB5,K7MNP5,0
I1JZC3,A0A0R0JYX3,0
C6SXJ9,C6TFX5,0
I1M757,I1KZY8,0
K7MWR1,I1NC50,0
K7MRX6,I1KQE3,0
C6SYA3,A0A0R0FZM4,0
A0A0R0F0T6,A0A0R0GFL3,0
I1JT28,I1MGG7,0
K7LW22,I1J547,0
A0A0R0GG96,A0A0R0K6I2,0
I1JFS9,Q2PMR3,0
K7L9V3,I1KSL6,0
A0A0R0FSS2,I1JD07,0
A0A0R0EI44,I1LII4,0
K7KE09,A0A0R0EWR2,0
I1KHL6,A0A0R4J4C3,0
I1NC77,I1KPE7,0
C6SYE0,C6TK73,0
C6TG99,K7LLV5,0
I1J7S6,A0A0R4J2Y1,0
I1MNK0,A0A0R0L0E7,0
I1JDR2,A0A0R0JYX3,0
C6SXP5,I1K970,0
I1LQ02,K7N129,0
I1NDC0,A0A0R0FZM4,0
Q2PMU2,I1KSD0,0
I1LIS4,C6SWS6,0
I1KVS3,I1JA95,0
C6SYQ2,I1JD36,0
A0A0R0FEI0,A0A0R0GWH6,0
C6SW43,I1JAH7,0
I1KBL4,A0A0R0GFL3,0
A0A0R0ESI3,I1M1D5,0
I1LMQ5,K7M864,0
A0A0R0JG07,I1KJD2,0
K7KGC2,A0A0R0KWL0,0
I1K3U2,I1LHS8,0
I1MWP7,K7LSG2,0
K7KDA5,I1KZY8,0
K7M142,I1JV03,0
C6T8R7,I1KLS1,0
I1MWF0,A0A0R0FM97,0
I1J8W9,I1NCV4,0
K7K1Z2,A0A0R0GS25,0
A0A0R0FJF0,K7MC85,0
I1LZM7,A0A0R4J4H3,0
I1KTL9,K7MNN5,0
K7M5W5,K7L4N7,0
I1MLN7,A0A0R0L828,0
I1KQG7,I1KM19,0
A0A0R4J2K3,A0A0R0GS25,0
I1LDU4,C6TK73,0
I1K2U0,I1NAJ5,0
I1L1S1,A0A0R0K7U0,0
I1LRE4,K7L6K2,0
A0A0R0H2V0,I1MC28,0
A0A0R0JH35,K7M846,0
I1NFU9,C6TCH4,0
Q2PMT2,C6SYE1,0
K7MMG1,A0A0R0GG06,0
K7MRX6,K7M6R4,0
I1JML1,C6TN69,0
C6TMM7,I1MK72,0
I1JFN0,A0A0R0EWR2,0
I1M273,A0A0R0GFL3,0
C6SWZ1,I1NIE5,0
A0A0R0GC27,A0A0R0E934,0
I1KJ56,A0A0R0IZY4,0
A0A0R0EYA9,A0A0R0HV63,0
C6SZY0,I1JM18,0
I1LLA9,I1LII4,0
K7MMR4,I1MW74,0
I1L3P6,I1LPW2,0
I1N8M4,A0A0R0L7U5,0
I1JWH5,I1M1D5,0
I1JMZ3,I1LII4,0
Q2TFP1,C6SX83,0
I1JDP3,A0A0R0GPH9,0
K7LSH9,I1KAD1,0
I1L8H7,I1N761,0
I1N9E1,C6TGZ1,0
A0A0R0KFE8,A0A0R0HSH0,0
K7KDX2,C6T2G5,0
A0A0R0L2U1,K7MFE5,0
I1K8N0,K7M592,0
A0A368UHG0,I1JA95,0
I1KZW4,I1M1D5,0
A0A0R0J2L9,A0A0R0KVY6,0
A0A0R0L7S1,K7M9T4,0
I1K3U2,I1LL05,0
K7L8H2,K7L2D7,0
I1J870,I1LW00,0
I1L0M6,K7KFY5,0
I1KDB2,K7KAB4,0
I1LG61,A0A0R0ENB3,0
I1KDB2,A0A0R0FXD4,0
I1NGD2,I1N780,0
I1JVN0,I1MSN3,0
Q2PMU2,A0A0R4J4C3,0
K7KPJ4,I1LIA8,0
K7KEV0,A0A0R4J5K6,0
I1K5K3,I1KYL4,0
C6SVH9,I1L2H4,0
I1N1X8,A0A0R4J4D0,0
I1LM73,A0A0R0L5Q1,0
I1L478,I1JAH7,0
K7MMF4,K7LY43,0
A0A0R0JZD5,M1FN34,0
C6TC92,I1LR48,0
I1KFI5,K7M6R4,0
C6SWD4,P62302,0
C6SXF5,I1KJF2,0
M1FIU8,A0A0R4J5K6,0
K7KZ42,A0A0R0IZY4,0
C6SWI3,A0A0R0L4P0,0
I1JVP4,A0A0R0EKI7,0
K7MVB9,A0A0R0IT62,0
I1LFW0,K7KES3,0
A0A0R0E3E6,A0A0R0IF42,0
C6SZM2,I1KAR1,0
I1K725,I1K9J7,0
K7MPL4,A0A0R4J5C5,0
I1KVX9,A0A0R0HSA0,0
K7L3K3,A0A0R0GS25,0
I1K911,K7MNN5,0
A0A0R0JKU3,K7KK86,0
I1LSM6,I1LY15,0
I1JNV3,I1KZK2,0
A0A0R0JS60,A0A0R0JRI8,0
I1K650,K7MNN5,0
I1K5H2,I1LXQ3,0
K7MAP3,I1K642,0
I1M2R5,I1K6E7,0
K7MMG1,K7LSJ2,0
A0A0R0J7J3,A0A0R0KVY6,0
K7MMG1,I1KVC1,0
I1MVE9,A0A0R0G7B5,0
I1JFS9,K7KTS8,0
I1JUT9,A0A0R0FER5,0
K7M2D8,K7LFD7,0
A0A0R0G2B9,I1LGD6,0
I1N954,I1LLK1,0
K7L3P2,A0A0R0HV63,0
C6SXJ9,I1LY15,0
A0A0R0JJK8,I1KVC1,0
C6SWL3,A0A0R0JTV5,0
I1JUT9,A0A0R0GFH3,0
I1MBR7,A0A0R0JBV0,0
A0A0R0GZZ6,C6TNW3,0
C6T084,A0A0R0H141,0
K7MGK0,A0A0R0HSA0,0
I1JS58,I1KZY8,0
C6TL77,I1N8M8,0
K7MRX6,I1KZ09,0
I1MRS5,I1MEF5,0
K7KVG4,A0A0R0JSJ9,0
C6TG81,C6T5U0,0
I1JRA0,K7L7W0,0
K7N0X7,K7LTB2,0
I1JV48,I1LPK5,0
C6T0U3,C6TK73,0
I1LBV2,I1NAJ5,0
A0A0R0FNM4,K7N1L5,0
I1NJ79,A0A0R0HCS6,0
I1LPZ3,I1ML11,0
I1LQ02,I1KJD2,0
C6SWM1,I1JUQ0,0
I1MWF0,O22518,0
I1J9W0,I1MQC8,0
K7MNC0,O22518,0
C6T8R7,I1JFW6,0
K7LJF6,K7N145,0
I1LPD3,A0A0R0G7B5,0
A0A0R4J2W3,K7MFE5,0
I1KNN1,I1LUL2,0
I1JI73,I1NCF8,0
I1LPI3,I1K5K7,0
I1K2Z9,K7KES1,0
I1K4D7,I1JK31,0
I1L3P6,C6T5U0,0
Q2PMQ9,I1LUL2,0
I1L5Z7,K7KK74,0
C6SVF8,A0A0R4J5C5,0
A0A0R4J4C8,I1NIE5,0
I1K3P0,I1N5D5,0
I1LPZ2,C6SYW6,0
I1KCB7,A0A0R4J4C3,0
I1KQC7,K7N0V8,0
A0A0R0L8Y1,I1L332,0
I1LYN0,I1L332,0
K7KGC2,I1JFW6,0
I1JML1,C6SW04,0
I1K7N0,K7LNG6,0
I1LPZ2,I1LH18,0
K7LKS0,A0A0R0GBB6,0
A0A0R0ET54,I1KZK2,0
A0A0R0L2U1,C6SWS6,0
I1JE83,I1K2I1,0
A0A0R0EYA9,I1L2H4,0
I1LGQ1,I1LPW2,0
P46279,A0A0R0JSJ9,0
K7LGW1,I1KFL5,0
I1K8C1,A0A0R4J4C5,0
A0A0R0H9H8,K7MNN5,0
I1JDP3,I1MPJ4,0
A0A0R0GZZ6,A0A0R0JTV5,0
A0A0R0EWX9,I1LH18,0
I1KEY6,I1J4B5,0
C6T7N2,I1K115,0
K7KNJ6,K7MTL2,0
I1MEF8,K7M466,0
K7K794,A0A0R0K6I2,0
A0A0R0H296,I1J8C9,0
I1L412,A0A0R4J384,0
I1MUQ7,A0A0R0GBB6,0
C6TLT3,A0A0R4J4C5,0
I1LPJ3,I1J8C9,0
I1M4P0,C6SZG1,0
I1LMW7,I1N761,0
K7MMR4,I1L7G4,0
K7M5I5,A0A0R0IZY4,0
C6SYA3,A0A0R0GFL3,0
I1KXI7,I1KAR1,0
I1JWF0,I1LVN3,0
I1LA00,A0A0R0GWH6,0
K7KLI7,I1KZY8,0
C6T1E6,I1KUB2,0
I1M0C3,A0A0R0ESZ8,0
I1LP18,K7M4E0,0
K7M5I5,I1L2H4,0
A0A0R0KNE1,I1JRJ3,0
K7K415,I1KPE7,0
A0A0R0L7S1,I1LUL2,0
K7L395,A0A0R0FB78,0
Q2PMQ9,K7N5K2,0
C6T530,K7KAB4,0
A0A0R0EWX9,I1MNV2,0
C6SVU4,I1KUS2,0
K7LSH9,I1KM19,0
I1JR41,C6TCH4,0
I1MSC6,I1JAH7,0
I1MFH3,I1L171,0
I1LR08,K7KK74,0
A0A0R0FX70,I1KM19,0
C6SZM2,K7MFZ6,0
P09755,I1KUS2,0
I1M273,I1MNS7,0
I1JUR7,A0A0R0KPE1,0
C6T8R7,I1KJD2,0
I1N9E1,K7N1L5,0
I1KJ98,K7N1T9,0
I1L6W0,I1LWZ0,0
I1MUC0,A0A0R0JRI8,0
I1KYS6,A0A0R4J4C3,0
K7KLI7,I1MNU2,0
K7M097,A0A0R0JBL2,0
A0A0R4J389,A0A0R0JSJ9,0
I1K2U0,K7LNG6,0
K7KP67,C6TIQ7,0
I1L3P6,I1MU00,0
I1LUI7,K7MFE5,0
I1J9W0,C6TIK0,0
A0A0R0HN81,C6TGA9,0
I1KBQ5,I1KUB2,0
K7MTC4,A1YZE0,0
A0A0R0GG96,I1JFW6,0
I1LHY4,A0A0R0FX75,0
A0A0R4J354,I1LIT1,0
A0A0R0EZ39,K7KWE4,0
I1JG98,K7LLV5,0
I1KHJ6,C6TD23,0
I1K2Z9,A0A0R0FTI5,0
A0A0R0L115,I1MEQ6,0
K7KFV5,I1K3X9,0
C6SWL3,I1LIU7,0
I1JYG6,I1J4B5,0
I1K328,C6SZQ0,0
A0A0R0JKU3,A0A0R4J4H3,0
A0A0R0KE73,I1MSN3,0
I1L1N3,I1KZY8,0
I1L8S1,I1JAH7,0
I1JUI1,K7MM40,0
I1M7C1,I1N780,0
A0A0R0EJE2,I1MU00,0
K7M5W5,A0A0R0EYS5,0
I1JL13,I1MRI5,0
I1MUQ7,A0A0R4J2Q5,0
C6TKG0,I1KSD0,0
I1JMZ3,K7MMD7,0
I1J9W0,I1LPK5,0
C6T2H2,I1MEF5,0
I1LGQ1,I1JAH7,0
A0A0R0K6F4,C6SW04,0
K7KE09,I1K642,0
I1JWH5,I1KZK2,0
K7LLK0,A0A0R0JQJ0,0
I1JY67,K7KFY5,0
A0A0R4J2K3,K7LNG6,0
C6TAW8,I1LFD2,0
I1NF54,C6SWS6,0
I1L8G3,C6TGZ1,0
I1L8S1,A0A0R0GAQ8,0
I1LAR7,K7KNC5,0
A0A0R0E3E6,K7M849,0
I1M9T4,I1MNS7,0
I1MNK0,A0A0R0GG06,0
O48901,I1MTV9,0
I1J553,A0A0R0L7U5,0
I1K2J5,I1KD82,0
I1JNV3,I1JD36,0
I1LKQ4,I1KZ09,0
A0A0R0K6F4,I1K5B6,0
I1KNN1,I1KJD2,0
I1LDU4,K7L2D7,0
I1K911,A0A0R0K7U0,0
I1LJI8,A0A0R0EJV2,0
I1MJM9,K7MXH5,0
C6T868,A0A0R0FM97,0
C6TG91,I1MGG7,0
I1KQG7,I1MPJ4,0
I1M7C7,I1KZ09,0
C6TFN5,K7M841,0
I1MJ97,K7LQV0,0
I1LPZ3,C6TD23,0
I1L6W0,I1MNS7,0
A0A368UHE3,K7MXH5,0
K7K553,A0A0R0FER5,0
A0A0R0FX46,K7L6K2,0
I1MNM3,I1K4R8,0
C6TKC3,I1KAD1,0
A0A0R0IHF9,I1JRJ3,0
A0A0R0GE84,A0A0R0F214,0
A0A0R0K5D9,I1LGD6,0
I1N9I5,A0A0R0FGT9,0
C6SZ22,I1KAD1,0
I1KQG0,I1MK72,0
I1K650,I1JD36,0
I1MYV4,I1KAD1,0
C6SW69,O22518,0
A0A0R0F077,I1K4R8,0
K7M5T0,K7LTR0,0
I1MBA2,I1NCV4,0
I1JY67,C6SYW6,0
I1L5Z7,I1K5B6,0
I1MC26,A0A0R0L828,0
I1LPZ2,K7LSG2,0
I1LH11,I1LLS4,0
I1N056,I1KUB2,0
C6TG81,K7MFZ6,0
I1M0S4,I1MW74,0
K7LVE4,I1JD07,0
I1N056,I1LL05,0
I1M9F7,I1N5D5,0
I1MQD0,I1KCY5,0
A0A0R0EYA9,K7KES3,0
I1L8H7,M1FN34,0
I1LJ93,I1N5D5,0
I1KXG2,I1LII4,0
A0A0R0GCF5,K7M841,0
C6T3I8,I1K115,0
I1MC26,I1MRP6,0
I1NF54,A0A0R0L5Q1,0
A0A0R0JG07,I1MEF5,0
I1LMQ5,I1KCY5,0
I1L8S1,I1K215,0
I1JHC2,I1MF50,0
I1J5B0,A0A0R0GJV8,0
K7MAP3,I1JRU7,0
I1NHI4,A0A0R4J4C3,0
I1JV48,K7K318,0
I1JBJ2,C6T0A0,0
I1M4Y9,A0A0R0JQJ0,0
A0A0R0FNM4,A0A0R0FB78,0
C6TG81,I1K3X9,0
I1JHN5,K7N5K2,0
I1MNV4,I1K115,0
I1NHQ1,K7MXE0,0
I1NGQ5,A0A0R0E934,0
A0A0R0JJK8,I1LFD2,0
K7KPJ4,I1MSN3,0
I1LIH7,I1JE09,0
M1FIU8,I1MW74,0
A0A0R0L8Y1,A1YZE0,0
A0A0R0EJE2,C6TIK0,0
K7LLK0,K7KK74,0
A0A0R0INQ5,A0A0R0FZM4,0
A0A0R0FKK9,K7MMD7,0
K7KTT9,A0A0R0L0E7,0
C6SVR8,I1K1W8,0
I1N0I7,A0A0R4J2Q5,0
I1J9W0,A0A0R0GJV8,0
C6SWA0,K7MRF5,0
I1MZ47,I1JC65,0
I1KPT1,I1LPK5,0
K7LHR2,A0A0R0GJV8,0
I1MT74,A0A0R0JRI8,0
I1KEG8,A0A0R0JSJ9,0
I1LGQ1,I1MZV0,0
A0A0R0FEN9,I1MJJ9,0
I1L250,K7MNN5,0
C6SZM2,K7MRF5,0
I1KUP5,A0A0R4J4C3,0
I1MYV4,K7KVK2,0
I1LSM6,K7LFD7,0
I1LZT5,A0A0R0GFM7,0
I1KEG8,I1LII4,0
A0A0R0HN81,A0A0R0HSH0,0
I1KS36,I1J8C9,0
C6SWL3,K7M6I1,0
C6SXP5,A0A0R0EG78,0
A0A0R4J2K3,K7K894,0
I1LIH7,I1LXQ3,0
A0A0R0GE56,K7MNN5,0
A0A0R0K6F4,I1MVC6,0
I1JDH6,K7MMD7,0
C5NTE7,I1M998,0
K7M1G4,I1KMS8,0
I1M0S4,C6TIK0,0
I1L653,A0A0R0E934,0
I1LPD3,A0A0R0GPH9,0
A0A0R4J389,I1KPE7,0
A0A0R0KXY9,I1KZ09,0
I1JXB4,I1LVN3,0
A0A0R0GZZ6,K7MM40,0
C6TGR3,A0A0R0JBV0,0
I1M3U2,O22518,0
I1MY72,K7K8K7,0
I1MRY0,A0A0R0JQJ0,0
I1MHH7,I1M998,0
I1JE83,I1M5B6,0
I1LAR7,A0A0R0K7U0,0
C6T7N2,A0A0R0FX75,0
C6TFN5,A0A0R0GFM7,0
I1KJ56,K7KES1,0
C6TD73,I1LLS8,0
I1NH98,C6TK73,0
K7LKS0,A0A0R4J4C5,0
C6TNX5,A0A0R4J488,0
I1NC77,K7KWE4,0
A0A0R0FSY2,I1L171,0
K7MRX6,I1JRU7,0
C6TEP1,K7LSJ2,0
A0A0R0K5X4,I1J8W6,0
A0A0R0K6F4,K7KJB2,0
I1J9W0,A0A0R0GS25,0
I1JV48,K7M466,0
K7LEG0,I1LG13,0
I1L5H8,I1LUE0,0
I1K8N0,K7L6N7,0
I1N0F1,K7LTR0,0
I1JNK6,I1JMZ7,0
A0A0R0FJF0,I1ML11,0
C6T2Y4,I1NIE5,0
Q2PMS6,I1MRP6,0
I1JS58,I1NC50,0
I1KQ68,K7KW44,0
I1JT28,I1JM18,0
A0A0R0L115,K7N5K2,0
C6SYF3,A0A0R0FB78,0
A0A0R0KTM7,I1KFL5,0
I1JXQ3,K7LNG6,0
I1M100,A0A0R0IT62,0
I1LYQ9,K7MNN5,0
I1MZ47,I1LPK5,0
I1MNM3,I1MSN3,0
C6T4Z6,A0A0R0FTI5,0
I1MV96,K7MQG6,0
I1L8G3,I1LWZ0,0
C6TBJ1,A0A0R0G7B5,0
C6T084,K7N145,0
K7K8U8,I1MQC8,0
I1NF54,K7MXE0,0
A0A0R0K5X4,C6TBL4,0
I1JKP1,A0A0R0JBV0,0
C6TD73,I1L7G4,0
I1LKU1,A0A0R0KWL0,0
I1N6Z0,K7LSG2,0
C6TG99,I1MNU2,0
K7L1D3,I1MTV9,0
I1KBQ5,K7KES3,0
I1N6Z0,A0A0R0GFH3,0
I1N0R5,C6TBL4,0
I1JE93,A0A0R4J2Q5,0
C6T567,I1N780,0
I1JUT9,I1M277,0
I1KPQ8,I1MRI5,0
K7LHR2,I1N8M8,0
A0A0R4J2K3,K7MYK9,0
I1KV60,K7K8Y9,0
A0A0R0L7S1,I1KQE3,0
I1L8G3,K7MFZ6,0
I1KCX1,I1MNU1,0
K7KGC2,I1JE09,0
C5NTE7,I1J8W6,0
I1NDC0,K7MMD7,0
A0A0R0EU45,K7N129,0
A0A368UH03,K7M592,0
I1J553,K7KTS8,0
I1KB25,I1LY15,0
I1MTX9,I1K3X9,0
I1L8H7,C6T5U0,0
C6SW43,A0A0R4J5C5,0
I1LJ93,I1JRV0,0
I1KZW4,A0A0R4J4C5,0
K7MH53,K7N1L5,0
C6SWZ1,K7L2R0,0
A0A0R4J3N1,K7LY43,0
Q2PMU0,A0A0R0L5Q1,0
O48901,I1KXK6,0
K7LTQ1,I1KTI0,0
A0A0R0L7S1,K7LLV5,0
I1KQE2,I1KAD1,0
I1N3M5,I1M3W1,0
A0A0R0F077,I1KSL6,0
I1LMW7,I1K6E7,0
I1MQD0,A0A0R0L828,0
I1NH98,C6TFX5,0
I1JRA0,A0A0R0FM97,0
I1M0C3,A0A0R0FX75,0
C6TE07,I1J8C9,0
A0A0R0F077,I1KJD2,0
K7K3W5,A0A0R0JJK0,0
C6TKZ4,I1JD52,0
I1KBQ5,I1LWZ0,0
I1KRF9,I1K5B6,0
H2D4C3,A0A0R0L7U5,0
I1L412,A0A0R4J2Y1,0
I1LIK8,A0A0R0E934,0
K7KNJ6,I1MNU2,0
I1N954,C6SYE1,0
I1NHI4,I1JAH7,0
C6SWI9,K7KES1,0
C6T2H2,I1K1W8,0
I1LDU4,I1KSD0,0
C6TFR5,I1KUS2,0
C6SVH9,I1K5B6,0
I1JQR6,I1NC50,0
I1L8G3,I1MLJ0,0
A0A0R0GYG1,I1LIU7,0
I1MBA2,I1J547,0
C6T9S5,A0A0R0FEN3,0
I1KPQ8,I1KEC8,0
A0A0R0H2V0,I1NJ53,0
I1KNN1,I1MK72,0
Q2PMT2,I1JHJ0,0
K7MCH3,A0A0R0EUJ0,0
I1MSD9,I1LLK1,0
I1MNE4,I1M1W3,0
I1K4D7,I1J547,0
I1LP18,I1JB64,0
I1JML1,I1KMS8,0
I1KXG2,I1K146,0
I1KUT8,I1KZ09,0
C6T2Y4,A0A0R0FXD4,0
A0A0R0K5D9,C6TIQ7,0
I1M717,A0A0R0JSJ9,0
I1M100,I1KEC8,0
I1LJ94,I1M225,0
I1M7C1,A0A0R0E934,0
I1MLZ0,I1K970,0
A0A0R0HDM5,I1JA95,0
K7K3W5,A0A0R0FEN3,0
P48513,A0A0R0EKI7,0
I1K5G1,I1LPJ8,0
I1LG61,K7L9M2,0
A0A0R0I8Z5,A0A0R0IT62,0
A0A0R0ERF9,I1LM96,0
I1JXB4,K7L9M2,0
K7K1Z2,I1JAH7,0
C6SXF5,I1MNV2,0
I1L8S1,I1JMZ7,0
I1MJM9,A0A0R0KWT5,0
A0A0R0FNV7,A0A0R0EJV2,0
I1LJ94,A0A0R0KWT5,0
I1LWR7,I1K467,0
I1MIE5,A0A0R0L7U5,0
K7KYE0,I1LPJ8,0
I1JG98,I1MNS7,0
I1MHH7,I1LUL2,0
I1KFI5,A0A0R0FZM4,0
I1MDC4,A0A0R0GAQ8,0
I1JS66,A0A0R0EDS9,0
I1MEZ1,A0A0R0F214,0
C6SYA3,A0A0R0L828,0
I1LJW2,K7KES3,0
A0A0R0KR16,I1LVN3,0
C6T084,K7LCS7,0
I1J7A8,A0A0R0JJI0,0
I1KRZ2,A0A0R0JRI8,0
I1M7C1,K7KES1,0
C6SVV7,K7K894,0
A0A0R0F077,A0A0R0JBV0,0
I1JW21,I1M269,0
A0A0R0G2B9,A0A0R0GPH9,0
I1LFQ4,K7M849,0
A0A0R0FNV7,I1MNV2,0
C6SVH9,I1JK31,0
I1KH45,I1MPJ4,0
I1KV60,I1KUS2,0
I1KFI5,K7L9M2,0
I1MFH3,P62302,0
I1M717,A0A0R0G7I0,0
I1J5Q1,A0A0R0JBL2,0
I1KLS4,A0A0R0JRI8,0
I1JTW0,A0A0R0H141,0
O48548,I1L3P5,0
I1M4Y9,I1LIT1,0
Q2PMU0,A0A0R0FTI5,0
A0A0R0GG96,I1K6E7,0
I1KJH7,C6SWS6,0
C6TKL8,K7N0V8,0
A0A0R0KH89,I1JD07,0
I1K725,I1LW00,0
I1MUN3,I1KYL4,0
I1KJT5,A0A0R0EYS5,0
I1N1Y6,A0A0R0K7U0,0
C6TC92,A0A0R0GFM7,0
I1JYG6,A0A0R0ESZ8,0
K7KTT9,A0A0R0FZM4,0
A0A0R4J4C8,A0A0R4J384,0
I1JT28,I1K115,0
I1KCN1,C6SZQ0,0
A0A0R0FYN8,I1L3P5,0
I1KFU0,A0A0R4J2Y1,0
I1K8C1,A0A0R0EDS9,0
C6T1E6,I1KCY5,0
C6SWM1,K7MM40,0
A0A0R0ERF9,I1KPE7,0
A0A0R0KR16,K7LSJ2,0
I1JMZ4,C6T0A0,0
I1JZC3,I1MNS7,0
I1JI73,I1LVN3,0
K7N5D4,A0A0R0L0E7,0
I1KVS3,C6T5U0,0
I1M717,I1KJD2,0
C6SVB5,I1JAH7,0
I1LHY4,I1MLF1,0
I1JU70,I1LY15,0
I1LZ09,I1KUB2,0
I1N6N9,K7MFE5,0
I1M0N9,I1JMK4,0
I1MGB0,K7N0V8,0
I1NFU9,K7MXH5,0
I1JNV3,Q43463,0
K7LGW1,I1MLJ0,0
C6T8L7,I1K3X9,0
I1KJ56,K7MMD7,0
K7KVG4,I1KZY8,0
C6T8R7,I1KD82,0
I1LG61,I1K9J7,0
A0A0R0G5A8,I1K9J7,0
K7K676,A0A0R0GFH3,0
C6T883,A0A0R0L0E7,0
C6SXJ9,I1MRP6,0
I1L3P6,I1JM18,0
A0A0R0HSJ1,I1KYL4,0
I1KUT8,A0A0R0L828,0
A0A0R0FSY2,I1MW74,0
K7K794,A0A0R0L4P0,0
I1NGD2,I1K115,0
I1N8P5,A0A0R0JRI8,0
A0A0R0G2B9,I1M277,0
A0A0R0EYA9,I1M5B6,0
A0A0R0JB42,K7KH93,0
I1KB25,I1LR48,0
I1JDR2,A0A0R0HSH0,0
I1N3M5,I1JAH7,0
C6TNL5,A0A0R4J426,0
A0A0R0I8Z5,K7K8K7,0
I1MC26,I1JA95,0
C6TLV6,I1LG13,0
I1MUC0,K7KES1,0
I1KBL4,I1MSN3,0
I1K7J4,A0A0R0L5Q1,0
I1KFI5,I1LUE0,0
I1LRH8,A0A0R0GFL3,0
I1MSD9,K7MC85,0
I1JHC2,I1KLS1,0
A0A0R0HSV1,K7KES1,0
A0A0R0H296,K7M4E0,0
Q2PMT2,K7L4N7,0
I1JIW3,I1J9I1,0
I1LJI8,I1JA95,0
I1KQC7,I1MW74,0
A0A0R0K5X4,I1JD52,0
I1KRF9,A0A0R0GFM7,0
O48548,I1MLJ0,0
A0A0R0EI44,I1J4B5,0
C6TMM7,I1MNV2,0
K7MWR1,I1LUL2,0
I1KGU0,K7K8K7,0
I1N1Y6,A0A0R0EUJ0,0
A0A0R0EJE2,K7MTL2,0
A0A0R0KR16,A0A0R0L828,0
K7MD28,K7M846,0
A0A0R0LA89,I1MLF1,0
I1M0C3,K7N0V8,0
K7LUF9,I1KZY8,0
I1NH98,I1J4B5,0
I1JY67,I1JB64,0
C6SWI9,K7LK09,0
I1N8P5,I1JM18,0
K7MCD1,A0A0R0JTV5,0
C6SWA0,I1KQE3,0
I1MWP7,I1KQE3,0
I1NDG6,K7L2R0,0
K7MH53,I1J8W6,0
C6SWZ1,A0A0R0JJK0,0
K7N0X7,K7M9T4,0
I1LJI8,A0A0R0GJV8,0
I1K3P0,A0A0R4J384,0
A0A0R0IAV3,I1LW00,0
A0A368UHE3,I1KH38,0
K7M2D8,I1LHS8,0
I1L6W0,K7LSJ2,0
I1KQC7,K7LFD7,0
A0A0R0E3E6,C6SX83,0
C6TAF0,I1LLK1,0
I1LVX2,K7L6K2,0
I1KCB7,I1KFL5,0
I1LFW0,A0A0R0IR73,0
A0A0R0JB42,I1KXK6,0
I1JKP1,C6TCH4,0
I1JTE4,K7MFZ6,0
I1L524,M1FN34,0
I1NFU9,K7MNP5,0
I1N954,I1NJ53,0
K7KZ42,I1K642,0
A0A0R4J3R4,A0A0R0JQJ0,0
I1KHY2,I1LXQ3,0
I1LZ09,K7LTR0,0
K7L240,C6T0A0,0
C6T3G1,A0A0R0JT51,0
I1NGL5,A0A0R4J384,0
I1MM89,I1K642,0
I1KJL3,K7MFE5,0
I1LC01,I1KSD0,0
I1JHC2,I1KZK2,0
I1KY58,I1K467,0
K7MI53,C6SZQ0,0
I1MEF8,K7L2D7,0
A0A0R0FSY2,K7L2R0,0
I1L8H7,I1LIA8,0
K7LDR8,K7M6I1,0
C6TBQ2,I1KD82,0
A0A0R0H9H8,I1MF50,0
C6TLT3,A0A0R0EWR2,0
I1LDA7,I1KSD0,0
C6SW43,A0A0R4J4C5,0
A0A0R0JYB5,A0A0R0EYS5,0
I1KQC7,K7KJB2,0
I1NBQ2,A0A0R0JQJ0,0
K7KGC2,I1MNV2,0
I1MNM3,A1YZE0,0
K7KCG5,I1NJ53,0
I1M7B9,A0A0R0H141,0
K7MCD1,K7M9T4,0
I1LRH8,I1M1D5,0
I1M7V7,I1JUQ6,0
I1K911,C6SW04,0
I1LGI1,C6TJ17,0
I1JS58,I1JRV0,0
I1KBQ5,A0A0R0G7I0,0
I1JW21,I1LH27,0
A0A368UJ64,I1K6E7,0
A0A0R0F077,I1LVN3,0
K7KPJ4,A0A0R0EUJ0,0
I1JDP3,K7M4E0,0
C6T8L7,I1KSD0,0
I1KBM7,A0A0R4J5C5,0
I1K2J5,I1M1W3,0
I1K5G1,A0A0R0KWT5,0
I1K5H2,K7KH93,0
A0A0R0FYN8,A0A0R0JT51,0
I1LPD3,I1M1D5,0
K7KGE9,I1JFW6,0
P46279,C6SZ70,0
K7MPL4,I1K146,0
I1LD74,I1LII4,0
A0A0R0JYY8,K7KTS8,0
I1KQG7,I1JD07,0
I1KS20,K7MFZ6,0
A0A0R0G2B9,K7N1T9,0
I1L690,A0A0R0FXD4,0
I1MUC0,I1K5K7,0
I1LM73,I1LL05,0
I1JL13,A0A0R0G7I0,0
I1NFS4,I1KAR1,0
K7MGK0,I1JMH3,0
I1L0M6,I1LWZ0,0
K7LDR8,C6TJM4,0
K7LDR8,I1K5K7,0
I1KYS6,I1NCF8,0
I1K8C1,I1L2H4,0
I1LYG4,I1KZY8,0
K7KEV0,I1KZ09,0
I1JDR2,K7M864,0
I1LJ94,A0A0R0FB78,0
I1L250,Q43463,0
C6SZ22,A0A0R0IZY4,0
I1LVX2,I1M5B6,0
I1K8C1,K7MYK9,0
A0A0R0KH89,P62302,0
I1LPD3,I1MSN3,0
I1MLK3,K7L6N7,0
I1N0R5,A0A0R0L7U5,0
I1MNE4,A0A0R0JJI0,0
A0A0R0KJP6,I1J547,0
I1MSC6,K7MMD7,0
I1KRF9,A0A0R0GFH3,0
I1KRZ2,A0A0R0JQJ0,0
A0A0R0GJ85,A0A0R0HV63,0
K7M2D8,A0A0R0ESZ8,0
I1KZW4,I1K970,0
I1JIJ4,I1KM19,0
I1LXH0,I1JRJ3,0
I1LKQ4,I1N8M8,0
I1NC77,I1M269,0
A0A0R0HSV1,I1LIT1,0
I1KQG0,A0A0R0EUJ0,0
A0A0R0ERF9,K7MXE0,0
I1M3V1,A0A0R0EG78,0
K7K3W5,I1KJF2,0
K7M787,K7M6Z2,0
A0A0R0I1I4,I1KAR1,0
C6SVH9,A0A0R0EDS9,0
K7KDM1,A0A0R0FZM4,0
I1MQD0,A0A0R0GFH3,0
A0A0R0KTM7,I1MLJ0,0
A0A0R0INQ5,I1KZY8,0
A0A0R0H296,A0A0R0JRI8,0
I1J7A8,A0A0R4J4D0,0
A0A0R4J2N2,K7KVK2,0
I1LMQ5,I1KPE7,0
K7LLK0,I1LUL2,0
C6TMM7,A0A0R0KE62,0
I1L412,A0A0R0FX75,0
I1KQE2,I1KZK2,0
K7KNJ6,A0A0R0GFH3,0
I1L5H8,C6T5R4,0
I1M717,A0A0R0EYS5,0
K7KP66,I1L332,0
I1L478,K7LTB2,0
I1K911,A0A0R0G7I0,0
I1M0N9,A0A0R0GAQ8,0
I1KFU0,I1M5B6,0
K7KIU3,I1M5B6,0
K7LXT7,A0A0R0JQJ0,0
I1M0C2,I1LEC4,0
K7KGC2,I1JRU7,0
I1KHY2,I1NAJ5,0
A0A0R0G3G4,I1KAD1,0
A0A0R0J7J3,I1NCV4,0
I1JI73,I1MNV2,0
A0A0R4J3R4,A0A0R4J5C5,0
I1KQP3,I1KZ09,0
I1N1Y6,I1LPW2,0
I1JT28,I1MLJ0,0
I1JMT0,I1K9J7,0
I1JRL7,I1N5D5,0
C6TCW7,I1K4R8,0
I1LXH0,A0A0R0FXD4,0
I1MLH9,I1JAH7,0
A0A0R0H2V0,I1J4B5,0
C6T3G1,I1KPE7,0
I1JWH5,A0A0R0IT62,0
I1LMQ5,C6TK73,0
I1M3V1,K7KVK2,0
I1NBC2,A0A0R0JYX3,0
A0A0R0H2V0,K7KJB2,0
I1K911,A0A0R0IF42,0
I1LC01,I1KH38,0
I1LPZ3,K7N1L5,0
I1LIM0,A0A0R0L0E7,0
I1KBL4,K7M6J1,0
I1N1V6,A0A0R0HSH0,0
A0A0R0GNH6,I1JMK4,0
I1MBM5,I1LY15,0
K7KVG4,I1LIT1,0
A0A0R0GZZ6,A0A0R0JBL2,0
I1KCN1,I1MNS7,0
I1JFS9,I1K2I1,0
I1M0C2,I1KM19,0
A0A0R0EU45,C6SWS6,0
K7M9K9,C6T065,0
I1LPZ2,P62302,0
K7KE09,K7KAB4,0
I1KHL6,A0A0R0EDS9,0
C6SWI9,I1LGD6,0
I1MWP7,I1L171,0
K7MC09,K7LTR0,0
I1JS66,A0A0R0HSA0,0
I1NGL5,C6TIK0,0
I1K5K3,K7L6K2,0
I1M757,A0A0R0FER5,0
I1JP52,I1J4B5,0
A0A0R0E3E6,C6SZQ0,0
I1JXB4,I1ML11,0
I1LWR7,A1YZE0,0
P48513,K7K318,0
C6T567,I1M225,0
A0A0R0JKU3,C6TK73,0
I1KQE2,I1LEC4,0
I1JWF0,C6T5R4,0
Q2PMU2,I1JV03,0
A0A0R0KCV3,I1LPK5,0
I1L8S1,I1JC65,0
I1JU70,K7LFD7,0
K7LA18,K7KJB2,0
I1NHQ1,I1J8C9,0
A0A0R0H296,K7LTB2,0
A0A0R0F7J9,I1JD52,0
I1JRA0,I1LY15,0
C6TKB2,I1K146,0
I1K0C4,K7L9M2,0
A0A0R0K5D9,I1MF50,0
K7LJF6,I1MEQ6,0
I1LG61,I1M269,0
I1MY72,I1MQC8,0
A0A0R0K0L0,K7KJB2,0
I1NCS8,K7M864,0
I1JVN0,A0A0R0G7B5,0
I1NDC0,I1LW00,0
I1M3Q8,I1JYT2,0
I1LGB1,I1MNU2,0
K7KEV0,K7L2R0,0
I1LIM0,I1KJD2,0
C6SYF3,C6T065,0
I1NH73,I1JE09,0
I1M717,A0A0R0E934,0
I1LBV2,A0A0R0L0E7,0
I1M273,I1MU00,0
I1NC77,K7MMD7,0
A0A368UHE3,K7L2R0,0
K7KDM1,K7LFD7,0
A0A0R0GE56,I1KYL4,0
I1MHS1,K7M6I1,0
I1M273,A0A0R0HSA0,0
A0A0R0GG96,A0A0R0EYS5,0
I1K5L7,Q43463,0
A0A0R0FX70,K7LLV5,0
I1JKP1,C6TNW3,0
A0A0R0GE56,A0A0R4J426,0
I1JS66,A0A0R0FEN3,0
I1N1V6,K7M846,0
I1J870,K7M466,0
I1NBQ2,A0A0R0FTI5,0
A0A0R0GJ85,A0A0R0JTV5,0
I1K4U3,K7LIE3,0
I1JAG0,K7K894,0
K7L9V3,I1M269,0
K7M5W5,I1ML11,0
I1JWF0,I1JYT2,0
I1K3U2,K7KW44,0
C6TC92,A0A0R0F214,0
C6T2Y4,K7N0V8,0
A0A0R0H296,I1KJF2,0
I1NJ79,A0A0R0KPE1,0
A0A0R0KTM7,K7LNG6,0
I1KJH7,A0A0R0E934,0
A0A0R0HHZ3,A0A0R4J5K6,0
C6TKG0,C6SW04,0
I1NDC0,I1K2I1,0
C6SWZ1,I1KAD1,0
K7MMR3,K7N145,0
K7M9K9,K7L6N7,0
I1N0I7,I1L171,0
I1LHR1,I1N780,0
C6SYE0,K7KES1,0
I1NBC2,I1MC28,0
A0A0R0HSJ1,I1LFD2,0
I1J5Q1,K7KWE4,0
A0A0R0H9H8,C6T2G5,0
A0A0R0G3G4,A0A0R0JTV5,0
I1JNB0,I1K642,0
C6TE07,I1MTV9,0
A0A0R4J2N2,C6TFX5,0
I1KAJ2,I1K2I1,0
I1MYV4,K7KK74,0
C6T530,I1LIT1,0
C6T084,I1LLS4,0
C6TBN8,I1K5B6,0
C6T7N2,I1KUB2,0
I1M273,I1LL05,0
I1JVP4,A0A0R0FX75,0
K7MGQ3,I1LUL2,0
K7MNC0,K7LNG6,0
I1MZ32,I1N5D5,0
I1LYN0,K7KTS8,0
I1KP31,I1ML11,0
I1L1N3,I1K3X9,0
I1LIM0,A0A0R0F214,0
K7M5T0,I1MW74,0
K7MMR3,I1NG45,0
I1NBC2,K7MQG6,0
I1MBA2,I1L9K4,0
A0A0R0L098,I1K970,0
I1L5H8,I1MZV4,0
I1KDB2,K7LIE3,0
K7K9E1,I1N761,0
I1JE93,I1LH27,0
I1K912,I1M269,0
K7MS88,K7KES1,0
I1JIW3,I1N5D5,0
I1MYV4,A0A0R0KE62,0
K7MZ38,I1KAD1,0
I1KV60,I1KPE7,0
A0A0R0LA89,I1MQC8,0
A0A0R0INQ5,A0A0R0GPH9,0
I1MY33,A0A0R0JJK0,0
A0A0R0EZ39,O22518,0
I1JXQ3,I1LPW2,0
K7MH53,I1KUB2,0
A0A0R0EI44,K7N145,0
I1JS58,I1LLK1,0
I1LD74,A0A0R0F214,0
I1JT28,C6TGA9,0
I1N0R5,I1JD07,0
K7MPL4,K7LHS7,0
K7M142,I1LPW2,0
A0A0R0G6V6,K7K318,0
A0A0R0JJK8,I1N8M8,0
A0A0R0JJK8,I1J8C9,0
C6TAW8,I1JD36,0
K7KLI7,I1NCF6,0
I1NF12,I1MU00,0
I1MLN7,K7K8Y9,0
K7KDM1,I1LEC4,0
C6TE07,A0A0R0KPE1,0
A0A0R0KXY9,I1JHJ0,0
A0A0R0JKU3,K7L9M2,0
I1LC20,A0A0R0L5Q1,0
I1JFS9,K7K8K7,0
A0A0R0F7J9,A0A0R0GJV8,0
H2D4C3,K7KK74,0
I1KQG0,I1LII4,0
I1LJA4,K7N145,0
I1NHI4,K7KJB2,0
I1KVX9,K7LHS7,0
A0A0R0JJ98,C6T4V3,0
I1LPZ2,I1KUS2,0
A0A0R0FNM4,K7LTB2,0
I1KB25,I1KYL4,0
I1NDC0,I1MPJ4,0
K7MMF4,A0A0R4J4D0,0
I1KCH6,C6SWS6,0
K7LXT7,I1MNU1,0
A0A0R0ERF9,I1LVN3,0
I1LY25,I1LGD6,0
I1MHA4,I1K642,0
I1KTL9,I1MNV2,0
I1M0C2,K7MYK9,0
I1NIE7,C6TIK0,0
A0A0R0JJ98,I1ML11,0
I1N8P5,I1J547,0
I1MBA2,A0A0R4J4C3,0
I1LDY7,A0A0R0JT51,0
A0A0R0L8Y1,K7L7W0,0
I1LIS4,A0A0R0GPH9,0
I1L412,K7MM40,0
I1JMZ3,K7N129,0
A0A0R0FX70,I1LW00,0
I1JIW3,K7KAB4,0
C6T2L5,A0A0R0GFL3,0
I1L215,C6T5R4,0
I1KZI6,I1LXQ3,0
K7MCH3,A0A0R4J4C5,0
C6T083,I1M225,0
I1KB26,K7LFD7,0
I1LBV2,A0A0R0GJV8,0
I1LLA9,I1LEC4,0
A0A0R0I0B9,A0A0R0JRI8,0
A0A0R0FQN0,I1NAJ5,0
I1MK36,A0A0R0EDS9,0
A0A0R0HIA6,K7L6K2,0
A0A0R4J2W3,I1LVN3,0
I1MHS1,I1K115,0
A0A0R0JZD5,I1M998,0
I1L5Z7,I1M225,0
I1N8M4,A0A0R0EKI7,0
Q2PMQ9,K7LTR0,0
A0A0R4J3D2,K7L7W0,0
C6SYQ2,K7N145,0
A0A0R0F2Z4,I1MEF5,0
I1LWR7,I1MZV4,0
I1KU09,I1K3X9,0
I1L524,I1NCF6,0
I1NFU9,K7MQG6,0
I1LYQ9,A0A0R0GAQ8,0
A0A0R0HSV1,I1MJJ9,0
Q2PMU2,K7M6I1,0
Q2PMS6,I1MZV4,0
K7MTC4,I1K6E7,0
M1FIU8,I1M225,0
A0A0R0GCF5,K7LNG6,0
I1KDB2,K7N145,0
I1JXQ3,A0A0R0JJI0,0
I1JT85,I1JA95,0
A0A0R0L7S1,A0A0R4J4C5,0
I1N0W9,I1KJF2,0
I1JR41,I1KVC1,0
I1KHL6,A0A0R0IR73,0
I1KZI6,K7M864,0
I1K4D7,I1M269,0
K7KGC2,I1JK31,0
K7KEV0,K7KES1,0
K7MTC4,I1MPJ4,0
I1LIR4,K7LQV0,0
K7KLI7,I1KVC1,0
I1MQD0,I1LH18,0
C6T7N2,A0A0R0FER5,0
I1MGG3,A0A0R0EDS9,0
A0A0R0JYY8,A0A0R0FER5,0
C6SWI9,P62302,0
C6T3I8,I1MNU2,0
I1NBQ2,A0A0R0JBV0,0
A0A0R0KNS7,I1MLJ0,0
K7MZP6,A0A0R0KVY6,0
I1LPZ3,A0A0R4J4D0,0
I1JQR6,K7MGQ2,0
C6TE07,I1N780,0
I1N4X7,A0A0R0JBL2,0
C6TEP1,I1MLF1,0
I1N6Z0,K7KES1,0
I1KH45,C6T2G5,0
K7MMG1,K7M846,0
I1K4D7,I1KHJ4,0
P48513,Q2PMR3,0
A0A0R0JYB5,I1JMH3,0
I1JUJ6,I1JRV0,0
A0A0R0H296,K7KES1,0
I1L6W0,I1KTI0,0
I1KXG2,I1MTV9,0
I1M3Q8,I1NIE5,0
A0A0R0ET54,I1MSN3,0
K7M4N3,I1MZV4,0
P46279,A0A0R0JBV0,0
I1KHL4,P62302,0
K7MCD1,K7KNC5,0
I1JUT9,A0A0R0E934,0
H2D4C3,A0A0R0L5Q1,0
I1JUR7,K7MNP5,0
I1K096,I1NG45,0
I1KR80,K7M6I1,0
C6TBN8,I1MU00,0
I1LQ02,A0A0R0GS25,0
I1KHJ6,A0A0R0KVY6,0
I1MYX8,I1JV03,0
I1NJ79,I1MGG7,0
I1K096,I1LG13,0
I1KZW4,I1MEF5,0
A0A0R0F2Z4,C6SWS6,0
I1JCY0,K7LTR0,0
A0A0R0GJ85,I1LR48,0
K7MZP6,I1LHS8,0
I1N8Y6,Q43463,0
K7KLI7,I1K6E7,0
A0A0R0GG96,A0A0R4J4H3,0
I1KVS3,A0A0R0EG78,0
I1N1X8,C6TN69,0
C6SZY0,P17093,0
A0A0R0GG96,A0A0R0GBB6,0
I1M3V1,K7M849,0
A0A0R0K0L0,I1NG45,0
C6SYA3,C6SYW6,0
A0A0R0FYN8,I1LWZ0,0
I1KVL0,C6TD23,0
I1NBE9,K7KNC5,0
I1KQC7,I1KAR1,0
K7KEV0,K7N129,0
A0A0R0ESI3,K7LY43,0
K7K2H1,I1J9I1,0
C6TBQ2,K7MYK9,0
I1LS70,K7MFE5,0
C6TAF0,K7K894,0
A0A0R0I1I4,K7M9T4,0
A0A0R0J7J3,A0A0R0EKI7,0
C6TG81,I1L9K4,0
I1K5K3,A0A0R0ENB3,0
A0A0R0IGP2,I1JV03,0
A0A368UHM1,I1MJJ9,0
A0A0R0LFT0,I1M5B6,0
K7LLK0,K7N145,0
A0A0R0IAV3,I1K467,0
I1LZ09,K7MC85,0
I1L9A1,C6T5R4,0
I1MUC0,A0A0R0L5Q1,0
I1JIP5,I1LPJ8,0
A0A0R0L2U1,I1N5D5,0
C6T530,A0A0R0FXD4,0
I1KVS3,K7LSG2,0
I1MV96,I1JMZ7,0
I1MSD9,K7MM40,0
I1K8C1,C6TBL4,0
A0A0R0F077,A0A0R0KPE1,0
I1JS58,I1MF50,0
I1LD74,I1N7F4,0
I1NDC0,K7L4N7,0
C6SXF5,I1N5D5,0
A0A0R0IAV3,A0A0R0FJR0,0
I1LXH0,I1MNV2,0
K7K1Z2,I1KCY5,0
I1LM73,I1M3W1,0
I1N1V6,A0A0R0FGT9,0
I1KBL4,I1KD82,0
I1JQR6,A0A0R0JSJ9,0
A0A0R0LFT0,I1K642,0
I1NDC0,I1LPW2,0
C6TLT3,K7LLV5,0
I1K5K3,I1K5B6,0
I1MUQ7,C6TK73,0
A0A0R0G6V6,K7N145,0
I1J870,C6TGZ1,0
K7K2H1,I1K146,0
K7KP67,A0A0R0IZY4,0
K7MH53,I1J547,0
I1MM89,I1N5D5,0
A0A0R0KH89,I1LPW2,0
A0A368UHC3,A0A0R4J5K6,0
C6SY81,A0A0R0HCS6,0
C6SWZ1,C6TN69,0
I1M4P0,K7L7W0,0
A0A0R4J2W3,A0A0R0KE62,0
A0A0R0G2B9,I1JD52,0
I1MQD0,I1MK72,0
K7MC09,A0A0R0FGT9,0
I1KZJ7,C6TJ17,0
K7LZZ5,I1K215,0
I1K2Z9,I1JB64,0
I1LGB7,K7KNC5,0
I1KUP5,K7KK74,0
K7LGW1,I1JA95,0
Q2TFP1,I1KSL6,0
I1M0C2,A0A0R0GBB6,0
O48548,K7K894,0
I1KBL4,I1MU00,0
I1JNV3,A0A0R0EG78,0
A0A0R0GBL8,I1N780,0
A0A0R0J7Q5,I1KFL5,0
I1M2R5,A0A0R0JJI0,0
I1JFS9,I1KSD0,0
C6SVU4,C6TJ17,0
I1J5Q1,I1JYT2,0
A0A0R0FNM4,I1N7F4,0
K7MTC4,I1JV03,0
I1LRB0,K7MFZ6,0
K7M5W5,A0A0R0HV63,0
A0A0R0IAV3,C6T4V3,0
A0A0R0JYY8,I1MTV9,0
I1N0R5,I1JYT2,0
I1JRL7,I1K6E7,0
K7K9E1,I1M1W3,0
C6SVB5,A0A0R4J426,0
A0A368UHE3,C6TJ17,0
K7LDR8,A0A0R0K0K3,0
I1JWF0,A0A0R0KE62,0
K7LA18,K7MC85,0
I1JZC3,I1MEQ6,0
I1JFN0,I1K146,0
A0A0R0KFE8,A0A0R0EWR2,0
K7MMG1,I1JAH7,0
A0A0R0EWX9,I1LUE0,0
A0A0R0GE56,A0A0R0HV63,0
A0A368UH03,A0A0R0EYS5,0
I1JM69,I1JM18,0
K7N0X7,I1KHJ4,0
I1KY58,I1M269,0
A0A368UHC3,A0A0R0L0E7,0
A0A0R0K6F4,I1LIA8,0
I1LC01,K7K894,0
K7KGJ8,A0A0R0FB78,0
C6TKW2,I1LW00,0
P09755,A0A0R0FTI5,0
I1N9S5,I1ML11,0
I1L9A1,I1LPW2,0
I1KQ68,I1MNV2,0
I1K8C1,A0A0R4J5B7,0
I1MEZ1,K7MYK9,0
I1KRZ2,I1JUQ6,0
I1K9B8,I1MLJ0,0
C6F117,A0A0R0GJV8,0
I1MEF8,I1J547,0
K7K9E1,A0A0R0FZM4,0
I1JMT0,I1MEQ6,0
A0A0R0KJP6,K7LSJ2,0
I1KS36,I1LII4,0
I1KBB6,C6TN69,0
I1KJH7,A0A0R0FM97,0
C6SXF5,I1NCV4,0
I1KNN1,A0A0R0KWT5,0
A0A0R0H7N0,K7KW44,0
C6SVU4,I1K9J7,0
I1JAF7,I1MK72,0
I1LGB1,C6SWS6,0
C6SXM9,C6SWS6,0
I1JKS2,P62302,0
C6T3G1,I1LY15,0
K7LSH9,K7K8K7,0
C6TE07,I1JRV0,0
I1JVU8,I1LPJ8,0
I1MXT2,I1JK31,0
K7MWR1,K7L7W0,0
I1MNM3,I1JM18,0
A0A0R0GE84,I1KH38,0
I1JNV3,I1LLK1,0
I1KHY2,I1LM96,0
I1JIP5,A0A0R0JSJ9,0
I1KEG8,A0A0R4J384,0
I1L5H8,K7M849,0
A0A0R0FQN0,C6TJ17,0
I1MU29,I1KJF2,0
I1KBL4,I1LVN3,0
I1N0U4,K7L7W0,0
I1KYS6,I1K642,0
I1KYS6,I1M225,0
C6T968,I1KFL5,0
I1KQG7,K7LK09,0
K7KIU3,K7N145,0
I1MKM3,K7MNP5,0
I1NGL5,I1MW74,0
I1MU29,A0A0R0GAQ8,0
I1LC01,I1KZK2,0
Q2PMU0,I1NAJ5,0
I1K0C4,C6T5U0,0
C6SW43,I1MVC6,0
I1MHA4,A0A0R4J4H3,0
A0A0R0I0B9,I1KSL6,0
I1L9A1,I1M998,0
A0A0R0E3E6,K7M6I1,0
C6T8R7,I1K5K7,0
C6TLT3,K7KVK2,0
C6T3K0,A0A0R0GWH6,0
K7KY63,I1K215,0
A0A0R0GZZ6,I1K6E7,0
I1L412,C6SZG1,0
I1KC19,I1LII4,0
I1M2R5,A0A0R0F214,0
I1J8V4,A0A0R0EDS9,0
A0A0R0E907,A0A0R0JTV5,0
I1JTE4,K7M592,0
I1NHI4,K7N129,0
I1JE93,K7N129,0
A0A368UHC3,I1MLJ0,0
A0A368UHG0,I1KPE7,0
I1JDR2,I1MW51,0
C6SZM2,I1LPK5,0
A0A0R0EZ39,I1LFD2,0
I1KYF8,I1LG13,0
I1MVK7,K7KWE4,0
I1N0U4,A0A0R0KPE1,0
C6SVF8,K7LK09,0
I1MNU7,A0A0R0GBB6,0
I1LDY7,I1N8M8,0
I1N0F1,I1N761,0
A0A0R0EFE2,K7KES1,0
I1LP18,A0A0R0G7B5,0
K7KGE9,I1KUB2,0
K7M5I5,I1MPJ4,0
A0A0R0KCY1,K7N129,0
K7MGK0,I1JUQ6,0
K7MXS9,A0A0R0ENB3,0
C6TE07,K7LHS7,0
I1LIR4,I1JD36,0
C6SZY0,A0A0R0EDS9,0
I1KY58,I1LLS8,0
K7K415,K7K8K7,0
I1JE93,A0A0R0IF42,0
K7MZP6,I1JAH7,0
A0A0R0FNV7,C6TGA9,0
K7KDA5,I1JM18,0
I1L5Z7,I1NG45,0
I1J9W0,A0A0R0JSJ9,0
C6T1E6,K7K894,0
C6T7N2,I1MZV0,0
I1MP46,K7LIE3,0
K7KYY0,A0A0R0GUR9,0
K7MC09,I1JM18,0
A0A0R0EU45,A0A0R0L0E7,0
K7MWR1,I1MC28,0
I1JW64,C6TK73,0
I1KYD6,I1LL05,0
A0A0R0LFT0,K7M849,0
I1N8P5,K7KH93,0
I1NC77,K7N1L5,0
I1MIE5,A0A0R0GS25,0
I1LPJ3,I1MPJ4,0
I1JNV3,A0A0R0EYS5,0
A0A0R0H9H8,A0A0R0JT51,0
A0A0R0E3E6,I1NC50,0
I1JE93,I1N898,0
A0A0R4J354,I1M269,0
I1JG98,K7MMD7,0
A0A0R0JB42,I1LPW2,0
I1LR08,K7L6K2,0
I1MTH0,I1LUL2,0
I1NGL5,I1JD52,0
K7LZZ5,A0A0R0L0E7,0
I1J5U5,A0A0R0FZM4,0
C6T2L5,I1K6E7,0
K7KPJ4,C6SZG1,0
I1LGQ1,A0A0R4J4C5,0
I1LHR1,A0A0R0G7B5,0
K7KCG5,A0A0R0EJV2,0
A0A0R0G5A8,K7LIE3,0
K7L9V3,I1M1D5,0
I1JMZ3,A0A0R0HV63,0
I1KS36,I1MF50,0
K7LWC5,A0A0R0JT51,0
I1LC20,I1K5B6,0
A0A0R0ERF9,A0A0R0HCS6,0
I1JW64,A0A0R0GFH3,0
I1NH73,O22518,0
I1K3P0,K7MXE0,0
C6TBQ2,I1KJF2,0
K7MZ38,A0A0R0L5Q1,0
I1LC01,K7KK86,0
I1KVL0,K7L6N7,0
A0A0R0EJE2,A0A0R0L4P0,0
I1K2U0,I1LG13,0
I1JI73,I1LG13,0
K7MMR3,I1MW51,0
A0A0R0EI44,I1KM19,0
C6SWI3,C6TN69,0
K7MZP6,I1LY15,0
C6TCW7,I1LWZ0,0
I1M9T4,A0A0R0FX75,0
I1KS88,I1JMH3,0
I1KQB9,A0A0R0K7U0,0
I1KNN1,I1J9I1,0
K7KLF0,A1YZE0,0
I1NBE9,K7N1T9,0
I1K0C4,A0A0R4J2Y1,0
A0A0R0F077,A0A0R0GBB6,0
I1KLS4,K7L9M2,0
I1LRB0,A0A0R0IR73,0
I1KCB7,K7L6K2,0
I1MK96,I1KZ09,0
I1LY25,I1K215,0
I1MVG5,I1LWZ0,0
C6TKC3,A0A0R0GAQ8,0
K7MH53,A0A0R4J426,0
C6T3G1,K7LHS7,0
I1KCH6,I1LLK1,0
C6TK75,A0A0R0L5Q1,0
I1LCX3,K7MQG6,0
I1M0C2,I1K467,0
I1KQE2,A0A0R0L4P0,0
K7N5D4,K7LHS7,0
I1LPZ2,K7K318,0
A0A0R0FX46,I1JMH3,0
I1JMZ4,I1MU00,0
K7KGE9,A0A0R0FEN3,0
C6TKW2,I1KM19,0
C6SWI3,K7KES1,0
I1LUL7,I1LPK5,0
I1MEN1,I1MPJ4,0
I1JUR7,I1K146,0
I1KXG2,I1K2I1,0
K7K1Z2,I1KZY8,0
I1JMT0,I1MQC8,0
I1JP52,I1NJ53,0
K7MRX6,I1N898,0
C6TE07,I1KSD0,0
I1JDP3,I1MW51,0
A0A0R0K6F4,A0A0R0KWT5,0
A0A0R0GCF5,A0A0R0GFM7,0
K7N5D4,K7MM40,0
I1LMW7,I1LW00,0
A5Z2K3,K7L6N7,0
A0A0R0FYN8,K7K8Y9,0
I1JE93,C6TD23,0
A0A0R4J389,A0A0R0JTV5,0
I1NBQ2,I1J4B5,0
I1JT28,K7KES1,0
K7LXT7,K7MC85,0
C6TNL5,I1MNV2,0
K7K553,I1LEC4,0
A0A0R0KNE1,A0A0R4J5C5,0
Q2TFP1,A0A0R4J4H3,0
I1LYU9,A0A0R0IZY4,0
A0A0R0JYY8,I1M1D5,0
I1J4E1,I1LR48,0
K7M1G4,I1LXQ3,0
I1K5G1,A0A0R0JYX3,0
I1MM89,I1JRV0,0
K7MST2,K7MRF5,0
K7K676,A0A0R4J4C5,0
I1KJ56,I1KMS8,0
A0A0R0EZ39,P62302,0
A0A0R0K6F4,C6TBL4,0
K7K676,A0A0R0FJR0,0
I1NBC2,I1MNV2,0
C6T0U3,K7KJB2,0
K7MZP6,K7MMD7,0
K7LZZ5,I1LWZ0,0
A0A0R4J2N2,I1M277,0
I1JUT9,I1LLK1,0
I1LYN0,A0A0R0JBV0,0
I1JP52,C6T5R4,0
K7L3K3,K7MQG6,0
A0A0R0HHZ3,K7MTL2,0
I1K725,I1JMK4,0
A0A0R0K5D9,A0A0R0FJR0,0
A0A0R0L8Y1,I1NIE5,0
A0A0R0JES0,I1LII4,0
A0A0R0I0B9,I1N7F4,0
I1N9I5,I1KXK6,0
K7KLF0,I1LG13,0
M1FIU8,K7MFE5,0
I1M3U2,C6TJ17,0
I1N056,I1L7G4,0
I1LA00,I1JM18,0
I1M7C7,K7M592,0
I1NC77,K7KES3,0
A0A0R0HHZ3,C6TIQ7,0
A0A0R0H2V0,I1MNU1,0
I1M3Q8,I1K1W8,0
I1KUT8,I1LHS8,0
C6TG99,K7LTB2,0
I1JDR2,K7MRF5,0
K7MI53,I1LEC4,0
K7KYY0,I1JYT2,0
C6SY81,I1LVN3,0
I1JR41,A0A0R0JRI8,0
I1J6B5,I1JM18,0
I1MK36,K7M6I1,0
K7LHR2,A0A0R0F214,0
I1LBV2,A0A0R0GFM7,0
I1J9J7,A0A0R0FX75,0
C6T567,I1JRJ3,0
I1K620,K7LSJ2,0
I1JHC2,I1MJJ9,0
I1JFN0,K7KES1,0
I1LJ93,A0A0R0FM97,0
A0A0R0EU45,A0A0R0HSH0,0
A0A0R0HIA6,K7KTS8,0
K7KYY0,I1MZV4,0
K7KDM1,A0A0R0JJK0,0
I1N0U4,K7LTB2,0
P09755,A0A0R0GBB6,0
C5NTE7,K7MXH5,0
K7LRU2,K7LSJ2,0
I1KVS3,I1LL05,0
I1LS70,I1MVC6,0
C6TFR5,A0A0R0L7U5,0
I1MJM9,K7LLV5,0
I1NJ79,K7K8Y9,0
I1KRZ2,I1K970,0
I1KXG2,A0A0R0G7I0,0
I1KTS9,I1J8W6,0
I1NIE7,I1J4B5,0
I1KCX1,A1YZE0,0
I1L524,C6T5U0,0
C6SZL0,A0A0R0E934,0
I1M0C2,I1JA95,0
I1KU09,I1LII4,0
I1K9B8,I1KLS1,0
A0A0R0G342,K7KJB2,0
I1KS36,K7M9T4,0
I1JFN0,I1JB64,0
K7L395,C6SYE1,0
M1FN39,A0A0R4J5B7,0
I1M5E2,I1KAD1,0
I1KZJ7,I1L332,0
K7LTQ1,K7KK74,0
K7MRX6,I1LEC4,0
A0A0R0FYN8,A0A0R4J488,0
A0A0R0FSY2,I1J547,0
I1NCS8,A0A0R0F214,0
I1NDG6,I1L2H4,0
A0A0R0G2B9,A0A0R0IZY4,0
I1JIP5,K7MXE0,0
K7L3K3,K7KNC5,0
I1N0U4,I1K115,0
I1M9F7,C6TJ17,0
I1KXI7,K7M6I1,0
K7LVE4,I1MEQ6,0
A0A0R0H7N0,C6TGA9,0
C6SVH9,K7N0V8,0
C6SXJ9,I1K215,0
I1LHY4,I1KCY5,0
I1KEY6,I1KZK2,0
I1JIP5,K7MC85,0
I1JWF0,A0A0R4J4C3,0
I1LRH8,I1LPJ8,0
I1NGQ5,I1LVN3,0
C6TKG0,I1KCY5,0
I1JCY0,A0A0R0GG06,0
I1KRF9,C6T065,0
K7KP66,A0A0R0L0E7,0
I1K7N0,I1K6E7,0
I1K7N0,K7KVK2,0
I1JU70,I1KJD2,0
C6T567,K7L6K2,0
K7M1G4,A0A0R0GAQ8,0
K7MS88,K7M9T4,0
I1JBJ2,C6T065,0
I1K628,A0A0R4J5C5,0
C6TKW2,K7KK74,0
I1LR08,I1L2H4,0
I1KS36,I1MK72,0
I1N8Q6,K7K4C7,0
I1LUF0,I1K5K7,0
K7K676,C6T2G5,0
C6SVF8,A0A0R0FJR0,0
K7KDM1,I1MVC6,0
I1LLA9,I1MC28,0
I1JKS2,I1LHS8,0
I1LP56,I1KD82,0
C6TC92,I1L9K4,0
A0A0R0KR16,I1K2I1,0
I1K912,I1JRU7,0
K7KP66,C6SWS6,0
K7MAP3,I1LH27,0
A0A0R0G5V6,C6T0A0,0
I1LRH8,I1K3X9,0
A0A368UHM1,I1K642,0
I1N0W9,P62302,0
I1MT74,I1JMZ7,0
I1KVL0,I1KZY8,0
I1LGB7,K7KWE4,0
A0A0R0GE56,K7L7W0,0
I1JUT9,I1NJ53,0
I1KPQ8,I1LWZ0,0
C6TKW2,A0A0R0K7U0,0
I1KVX9,I1KPE7,0
M1FN39,A0A0R0G7B5,0
C6SWL3,I1L171,0
A0A0R0EZ39,A0A0R4J4C3,0
I1KGI6,A0A0R0KWL0,0
I1K9B8,I1KZK2,0
K7LKS0,K7L2R0,0
I1N6N9,A1YZE0,0
I1NF12,I1LM96,0
C6TBJ1,K7L6K2,0
I1MNV4,I1M225,0
C6T530,I1K5B6,0
I1JWF0,C6T065,0
I1KCX1,I1MQC8,0
I1K9P1,K7K894,0
I1JMZ4,I1LIU7,0
I1LGQ1,K7KWE4,0
I1N0U4,K7LFD7,0
K7MH53,K7LTB2,0
I1N7K6,I1KCY5,0
A5Z2K3,K7LSG2,0
I1MC39,I1JFW6,0
I1KQC7,K7KTS8,0
I1K650,K7N0V8,0
I1KNN1,I1K215,0
I1MK36,I1JRJ3,0
I1MFH3,I1L7G4,0
A0A0R0GRI6,A0A0R0GWH6,0
K7K9E1,I1KM19,0
I1KNN1,I1JMK4,0
I1LZT5,P17093,0
I1J7S6,A0A0R0GBB6,0
I1N8P5,A0A0R0L0E7,0
I1MUC0,K7KJB2,0
A0A0R0GYG1,K7KK86,0
I1N6N9,A0A0R0EKI7,0
I1N8M4,I1MVC6,0
I1K4U3,I1N780,0
C6SW69,K7MM40,0
I1JMZ4,A0A0R0ENB3,0
A0A0R0L115,I1JHJ0,0
O48901,I1K970,0
K7KY63,K7LTR0,0
I1LRB0,A0A0R4J384,0
C6T3K0,I1J8W6,0
I1KRF9,K7N129,0
K7MMF4,I1K5B6,0
I1N8M4,K7LIE3,0
A0A0R0GC27,C6SW04,0
I1LC20,I1LUE0,0
C6T426,K7M846,0
K7KP67,C6TD23,0
K7L240,I1LH27,0
I1L1S1,A0A0R0EYS5,0
I1JDP3,A0A0R0KWT5,0
I1N0R5,I1L7G4,0
A0A0R0JZD5,I1J8W6,0
I1N6Z0,A1YZE0,0
I1J8V4,A1YZE0,0
K7KDA5,I1LH27,0
I1LGI1,K7M466,0
C6SWA0,I1JMH3,0
I1JNB0,I1JD36,0
I1L8H7,I1L9K4,0
A0A0R0L372,K7MM40,0
A0A0R0J7Q5,A0A0R0FER5,0
I1MM64,P62302,0
I1KC19,K7LCS7,0
I1NIJ9,I1M998,0
C6SZG8,I1JD36,0
I1LG61,I1JC65,0
I1LJ93,A0A0R4J2Q5,0
C5NTE7,I1MLJ0,0
I1MEF8,A0A0R0EG78,0
C6SXP5,I1J8W6,0
C6TG81,K7MRF5,0
C6SWA0,A0A0R0GFM7,0
I1MZ47,I1N761,0
K7KYY0,A0A0R0GJV8,0
A0A0R0LA89,I1KLS1,0
I1M5E2,I1NAF6,0
I1KBM7,I1K6E7,0
A0A0R0EJE2,I1L2H4,0
I1LJ93,A0A0R0GFL3,0
I1LRH8,I1KH38,0
A0A0R0L7S1,A0A0R0FB78,0
A0A0R0IGP2,I1MZV4,0
P07506,I1KUB2,0
I1JM69,I1M269,0
I1K096,I1KTI0,0
I1JG98,I1KPE7,0
C6T4Z6,I1J8C9,0
I1MU29,I1KSD0,0
I1JE83,I1N761,0
C6SY25,A0A0R0GS25,0
C6TAW8,I1KFL5,0
I1LLA9,C6SW04,0
K7M5W5,I1K1W8,0
I1JWF0,I1JB64,0
I1MM64,A0A0R0EJV2,0
I1JY87,I1KEC8,0
I1LLA9,I1MGG7,0
I1KMP8,I1KUS2,0
K7KGC2,I1KQE3,0
K7MMR4,I1M1D5,0
K7MCD1,K7KFY5,0
K7M787,K7L2D7,0
I1KQG7,I1KZK2,0
K7LVE4,K7MGQ2,0
I1JMT0,K7N0V8,0
K7LLK0,I1J4B5,0
K7K553,I1M3W1,0
I1KYF8,I1LM96,0
K7M5I5,I1KEC8,0
C6TKW2,I1JC65,0
I1KGN6,I1JVX3,0
I1KRF9,I1L7G4,0
I1KGN6,A0A0R0GBB6,0
I1JBJ2,I1N780,0
I1L8H7,A0A0R0JTV5,0
C6SZL0,C6T4V3,0
I1KNN1,I1MSN3,0
I1L690,I1LPK5,0
I1LXH0,I1LPJ8,0
I1KZJ7,I1LVN3,0
I1N954,A0A0R0K0K3,0
A0A0R0J7Q5,I1KZ09,0
I1JNB0,A0A0R0KWL0,0
K7MCH3,I1LLS8,0
C6TG91,I1LPW2,0
I1LDA7,A0A0R0IZY4,0
I1LBV2,I1LH18,0
K7M2D8,A0A0R0GFH3,0
I1NH98,I1LH27,0
I1MK36,I1M1D5,0
A0A0R0F2Z4,A0A0R0FB78,0
I1LZT5,I1KCY5,0
I1LPZ2,A0A0R0FTI5,0
A0A0R0H8M3,K7K894,0
I1MNU7,K7MXE0,0
K7N3F6,A0A0R0GBB6,0
C6T968,I1MNU1,0
A0A0R0JZD5,K7LLV5,0
K7LHR2,I1K115,0
I1N1V6,I1LIU7,0
I1M3U2,I1LLS8,0
A0A0R0G2B9,A0A0R4J4C3,0
A0A0R0KXY9,C6SYE1,0
I1L8S1,I1KZY8,0
K7MS88,M1FN34,0
I1NDG6,C6TIK0,0
K7M5W5,C6TFX5,0
K7K676,K7M6J1,0
A0A0R0JKU3,I1K3X9,0
I1LP18,I1MVC6,0
I1JIP5,I1MJJ9,0
I1L0M6,K7KTS8,0
K7KKB2,I1JUQ6,0
Q2PMU0,K7L4N7,0
K7KLI7,I1MW74,0
I1JHN5,I1N8M8,0
A0A0R0EWX9,K7MRF5,0
I1JT28,I1K5B6,0
I1KHY2,I1LR48,0
I1JUR7,A0A0R0JSJ9,0
C6SYE0,I1K215,0
I1LMQ5,I1JB64,0
C6TBN8,A0A0R0JBL2,0
C6TG91,C6TD23,0
C6T2Z2,K7M849,0
C5NTE7,C6SZ70,0
I1K5H2,I1KYL4,0
A0A0R4J354,I1L9K4,0
K7MAP3,I1MGG7,0
I1KPT1,I1M1D5,0
C6T507,K7M466,0
C6SWA0,K7N1L5,0
I1LG61,A0A0R4J488,0
I1LJ94,I1KPE7,0
K7LDR8,C6TGZ1,0
I1MQB5,I1NCF6,0
A0A0R0GC27,K7LSG2,0
I1J5B0,I1K4R8,0
C6SZM9,A0A0R0GWH6,0
C6T2L5,I1LHS8,0
I1MTX9,K7KWE4,0
I1KRZ2,A0A0R0EG78,0
I1J8W9,I1L7G4,0
I1MSC6,I1K970,0
K7LQ96,I1JRV0,0
I1JY87,I1M225,0
C6T9S5,K7L4N7,0
I1L653,A0A0R4J4D0,0
I1J9J7,C6TFX5,0
I1K5K3,I1M225,0
K7MC09,I1LXQ3,0
I1JU70,K7LK09,0
A0A0R0EU45,A0A0R0F214,0
I1JE38,I1NAJ5,0
I1LMQ5,A0A0R0EUJ0,0
I1KAJ2,I1JUQ0,0
I1M2R5,K7L6N7,0
A0A368UH03,K7MXH5,0
P09755,K7K4C7,0
Q2PMU0,I1N7F4,0
I1JKS2,K7KJB2,0
I1J9J7,I1J8C9,0
A0A0R0FQN0,A0A0R0EJV2,0
K7K794,K7L2R0,0
C6T3G1,I1L7G4,0
I1JUI1,C6T0A0,0
I1KJ98,A0A0R0EG78,0
A0A0R0HHZ3,A0A0R4J5B7,0
I1MYV4,A0A0R0GWH6,0
I1MT74,I1LIU7,0
C6SXF5,A0A0R0HSA0,0
I1N7K6,A0A0R0E934,0
A0A0R0IGP2,I1MGG7,0
A0A368UHG0,A0A0R0L7U5,0
I1M3Q8,C6SZ70,0
I1KPA1,I1KVC1,0
A0A0R0JB42,I1JMH3,0
K7MZP6,K7L9M2,0
I1LRB0,I1L2H4,0
I1JNB0,K7MNN5,0
I1MTX9,I1KJF2,0
I1JAF7,K7M6J1,0
A0A0R0GZZ6,I1LH27,0
I1K628,I1KEC8,0
I1N5E8,I1KSL6,0
A0A0R0GCF5,A0A0R0HSH0,0
A0A0R0LFT0,A0A0R0H141,0
I1N5E8,I1KM19,0
I1MKM3,I1JD52,0
I1KBQ5,K7MGQ2,0
I1K2U0,I1J4B5,0
K7MGK0,A0A0R4J2Y1,0
P46279,A0A0R0K0K3,0
C6SZY0,A0A0R0K0K3,0
I1MK36,A0A0R0GAQ8,0
C6SY25,A0A0R0GBB6,0
K7MD28,I1KAR1,0
I1LPZ3,I1LII4,0
C6T8R7,A0A0R0HCS6,0
I1LBV2,A0A0R0HSH0,0
I1KRD4,I1KH38,0
I1JV48,I1K5B6,0
I1JKS2,I1MF50,0
C6T426,I1M277,0
A0A0R0H7N0,I1MW51,0
I1K328,I1LG13,0
K7L240,I1MU00,0
C6TAW8,K7MM40,0
I1MNE4,I1M3W1,0
I1KR80,A0A0R0FTI5,0
C6SWM1,I1KYL4,0
I1M0N9,I1LHS8,0
I1M0C2,I1L3P5,0
I1LPD3,C6TN69,0
I1J9W0,A0A0R4J4D0,0
I1KS20,I1LM96,0
A0A0R0HSV1,A0A0R0K7U0,0
I1NHQ1,I1K3X9,0
I1LIM0,A0A0R0L828,0
K7KGC2,I1MNU1,0
K7LHR2,K7LFD7,0
I1MYV4,I1KCY5,0
I1K9P1,A0A0R0L7U5,0
I1MV96,O22518,0
I1KUP5,A0A0R4J5K6,0
C6SYF3,A0A0R0IZY4,0
I1KZW4,A0A0R0FZM4,0
I1JUT9,K7L6K2,0
K7K2H1,I1NAJ5,0
K7M2D8,K7M4E0,0
I1KJ98,A0A0R0IZY4,0
I1NJ79,I1JRV0,0
A0A0R0I1I4,I1KSL6,0
I1NFU9,K7LK09,0
K7N0U1,K7L4N7,0
Q2TFP1,I1LPJ8,0
I1LVX2,A0A0R0L4P0,0
I1MTX9,I1MPJ4,0
I1KMP8,C6SWS6,0
C6T426,I1JYT2,0
A0A0R0L4N1,I1LUE0,0
I1K628,I1J9I1,0
I1JMZ4,K7KNC5,0
K7MGQ3,A0A0R0HSA0,0
C6TKG0,K7N1L5,0
I1NF54,I1KZ09,0
C6TD73,A0A0R0EUJ0,0
A5Z2K3,K7L2R0,0
I1LRE4,I1LFD2,0
I1LUF0,I1KEC8,0
I1N4X7,I1LIT1,0
I1NFS4,K7KVK2,0
C6TLT3,I1MZV4,0
C6T084,A0A0R0EJV2,0
I1KB25,I1M277,0
A0A0R0FEN9,I1M998,0
C6T426,I1NCF6,0
I1JE38,K7M6J1,0
I1KPQ8,K7M4E0,0
I1JHN5,I1JMH3,0
I1LY25,K7M4E0,0
I1M5E2,I1KSD0,0
I1L219,K7L4N7,0
I1MNE4,A0A0R4J4D0,0
I1M100,C6SYW6,0
C6SYQ2,K7LCS7,0
I1MM64,C6T2G5,0
A0A0R0FSS2,C6TN69,0
I1KRZ2,I1L2H4,0
I1LRH8,K7LCS7,0
I1JUJ6,A0A0R0FZM4,0
K7MNC0,A0A0R0L828,0
K7MMG1,I1M225,0
I1L3P6,I1NCV4,0
I1MC26,A0A0R0GWH6,0
A0A0R0IHF9,A0A0R0IZY4,0
O48548,A0A0R0G7I0,0
I1KAJ2,A0A0R0FTI5,0
I1JAG0,I1LH27,0
I1NGQ5,I1K6E7,0
I1MLK3,A0A0R0HSH0,0
K7KP67,I1MK72,0
I1MVE9,A0A0R0JYX3,0
K7MGQ3,I1MEQ6,0
I1N0F1,K7LTB2,0
A0A0R4J3N1,I1M1W3,0
I1MBM5,K7MNN5,0
I1LHY4,A0A0R4J384,0
I1MYV4,A0A0R0GAQ8,0
I1J870,A0A0R0FJR0,0
C6T883,A0A0R0K6I2,0
I1KTL9,C6SX83,0
I1MM64,I1N7F4,0
I1LDU4,C6TFX5,0
I1N8M4,A0A0R4J384,0
K7KNJ6,K7K318,0
I1JNB0,A0A0R0FM97,0
I1MZ47,I1KUB2,0
A0A0R0JS60,A0A0R0GFM7,0
K7MS88,A0A0R0JSJ9,0
K7M097,C6SZG1,0
I1MZ32,I1LUE0,0
I1K911,I1MTV9,0
C6TG91,A0A0R0JYX3,0
I1JT85,I1KHJ4,0
I1NGQ5,A0A0R0F214,0
K7K3W5,A0A0R0EDS9,0
I1JVU8,C6TFX5,0
I1MK96,I1M277,0
P48513,I1KM19,0
I1M4P0,C6TNW3,0
I1MWF0,A0A0R0H141,0
I1JTE4,K7MYK9,0
K7L1D3,I1KVC1,0
I1M0S4,I1N5D5,0
I1M0S4,A0A0R0JSJ9,0
A0A0R0EYA9,M1FN34,0
K7M4N3,I1LUE0,0
A0A0R4J2N2,I1LLS8,0
K7M097,I1JRU7,0
I1N056,I1JD07,0
I1KQB9,C6TN69,0
C6SXP5,K7KK74,0
I1KQC7,I1MSN3,0
I1L412,I1NG45,0
I1L3P6,A0A0R0ESZ8,0
I1JVU8,A0A0R0EJV2,0
I1LIS4,I1N761,0
C6T8L7,I1MSN3,0
A0A0R0HN81,K7MXE0,0
I1LWR7,K7KES1,0
K7K794,A0A0R0EJV2,0
K7K553,A0A0R0FTI5,0
I1JFS9,I1ML11,0
A0A0R0JB42,I1KZY8,0
C6TGR3,C6TN69,0
K7LDR8,C6TNW3,0
K7KDX2,A0A0R0KWL0,0
I1LCX3,I1K115,0
I1LUF0,Q2PMR3,0
A0A0R0KCV3,C6TK73,0
I1KZW4,K7MFE5,0
A0A368UJ64,A0A0R0EWR2,0
I1N0I7,I1JB64,0
I1K620,A0A0R4J426,0
C6TG81,A0A0R0EDS9,0
I1JT28,I1JUQ6,0
A0A0R0HN81,K7KK74,0
I1JR41,A0A0R0JTV5,0
A0A0R0FEN9,K7LQV0,0
K7L1B9,K7N129,0
I1MNM3,I1LM96,0
K7L240,K7L2D7,0
I1JQR6,M1FN34,0
I1K911,A0A0R0JRI8,0
I1KZI6,I1JRJ3,0
K7LJF6,I1NC50,0
K7LW22,I1NAJ5,0
I1KJW4,I1MVC6,0
A0A0R0H7N0,I1J547,0
I1LIS4,K7LTR0,0
A0A0R0FSS2,I1J8C9,0
I1KBQ5,A0A0R0EG78,0
C6SWI3,A0A0R0K0K3,0
I1LMW7,I1K642,0
K7MMF4,I1LEC4,0
K7MST2,K7MXE0,0
I1KEY6,K7MM40,0
C6T968,Q43463,0
P48513,A0A0R0JRI8,0
A0A0R4J3R4,K7M592,0
I1K0C4,C6T5R4,0
I1K8N0,I1LL05,0
K7KE09,I1MK72,0
I1MUN3,Q43463,0
A0A0R0KNE1,A0A0R0FTI5,0
A0A0R0F2Z4,I1LPJ8,0
I1JE83,K7KNC5,0
A0A0R0L372,C6SYW6,0
I1K912,I1JMZ7,0
A0A0R0KCY1,K7M864,0
K7M142,K7KNC5,0
I1M6L1,A0A0R0GFL3,0
I1LYN0,I1MLF1,0
I1L8S1,A0A0R0KVY6,0
I1LMW7,A0A0R0JBV0,0
I1MY33,I1KAD1,0
K7LGW1,I1MNU1,0
I1JWH5,I1KH38,0
K7LEG0,I1J547,0
K7MMR3,A1YZE0,0
K7L8H2,I1M998,0
K7KPJ4,K7LTR0,0
I1MM64,K7M4E0,0
C6T2L5,I1M269,0
K7N3F6,A0A0R4J426,0
I1LJI8,A0A0R4J2Q5,0
C6T3G1,I1L171,0
K7LW22,A0A0R0JTV5,0
I1M6L1,K7KQZ8,0
I1JHN5,K7MXH5,0
C6TCW7,K7M864,0
I1LPC3,I1JM18,0
I1MHS1,A0A0R0KPE1,0
I1LPJ3,A0A0R0JT51,0
C6TNL5,K7K8Y9,0
C6SVF8,I1MW51,0
A0A0R0JKU3,A0A0R4J488,0
C6SZL0,I1MSN3,0
I1JRA0,A0A0R4J488,0
I1KMS4,I1LM96,0
A0A0R0L8Y1,A0A0R0GBB6,0
A0A0R0FX46,I1JM18,0
Q2PMU2,A0A0R0FEN3,0
I1MRY0,K7MXH5,0
C6TGR3,I1JD36,0
C6T883,K7MNP5,0
I1LR08,K7MGQ2,0
I1L0M6,I1N8M8,0
I1JUI1,I1KFL5,0
I1KPQ8,I1L332,0
I1KMS4,I1MTV9,0
K7K415,A0A0R0HSH0,0
I1KIB3,I1NG45,0
I1LZT5,I1LR48,0
K7MMR4,I1KVC1,0
I1JW21,I1LW00,0
I1N1V6,I1MW51,0
I1M7B9,I1JYT2,0
K7MPL4,I1JMH3,0
I1MLN7,K7LY43,0
A0A0R0F2Z4,I1KQE3,0
I1L4B6,K7L6N7,0
A0A0R0HSV1,K7L9M2,0
K7KLI7,I1LGD6,0
I1LBV2,I1JAH7,0
I1L1L2,K7KFY5,0
A0A0R0HSV1,I1MNU2,0
I1K4U3,I1JMH3,0
I1JDH6,C6T2G5,0
I1N056,I1LG13,0
I1MSC6,K7KW44,0
I1K328,A0A0R0JTV5,0
I1KFI5,I1M1W3,0
C6SYQ2,K7KAB4,0
C6T426,K7K894,0
A0A0R0K5D9,C6TGA9,0
I1LS70,K7L6N7,0
I1LHR1,A0A0R0ENB3,0
I1N0R5,A0A0R0K0K3,0
K7MGK0,I1MEF5,0
A0A0R0H9H8,A0A0R0JJI0,0
I1NGD2,I1M1D5,0
K7MCD1,K7L2R0,0
C6TL77,I1MLJ0,0
C6SVR8,I1KZ09,0
I1JZC3,A0A0R4J4H3,0
I1L653,A0A0R0GS25,0
C6SYQ2,I1JHJ0,0
I1NF12,I1N780,0
I1LMW7,I1KJD2,0
I1LUL7,M1FN34,0
I1LFW0,I1J4B5,0
I1KYS6,A0A0R0G7B5,0
A0A0R4J3D2,I1K6E7,0
A0A0R4J3N1,A0A0R0EUJ0,0
A0A0R0HSJ1,I1K115,0
K7LJF6,C6TBL4,0
I1KGN6,I1NIE5,0
A0A0R0JLD5,I1N8M8,0
K7K553,K7MC85,0
A0A0R0INQ5,I1KSD0,0
I1JS66,I1LW00,0
I1LJ93,A0A0R0KVY6,0
I1KHL4,A0A0R0GFH3,0
I1KVS3,K7MFZ6,0
K7KTT9,I1L332,0
A0A0R0GE84,I1MEQ6,0
I1JUT9,K7M6J1,0
A0A0R0L7S1,A0A0R4J4C3,0
I1M2R5,I1M1W3,0
K7K1Z2,K7LTR0,0
O48901,I1NAJ5,0
C6T0E4,I1JMK4,0
C6SW69,K7MMD7,0
I1JYG6,A0A0R0L828,0
I1LY25,I1JD07,0
K7MZ38,A0A0R0KPE1,0
I1MBA2,I1M5B6,0
C6T0U3,I1JYT2,0
K7N5D4,I1LPK5,0
C6TGR3,K7LY43,0
I1L250,I1MC28,0
C6TD73,I1JYT2,0
I1MY72,A0A0R0ESZ8,0
C6SWI9,I1JA95,0
C6SXM9,I1LH18,0
K7L395,A0A0R0K6I2,0
Q2PMU2,A0A0R0GFM7,0
A0A0R0K0L0,I1MEQ6,0
I1MVE9,A0A0R4J2Y1,0
I1K3P0,K7LTR0,0
I1M717,C6TJM4,0
A0A0R0IGP2,I1K3X9,0
I1KCB7,A0A0R0ESZ8,0
I1N1Y6,I1KTI0,0
I1KTS9,I1K115,0
C6TKZ4,I1LIA8,0
K7M5W5,A0A0R0GG06,0
C5NTE7,I1N8M8,0
A0A0R0KXY9,K7MXH5,0
A0A0R0L372,I1JD52,0
I1J5Q1,K7N0V8,0
I1KZJ7,A0A0R4J4H3,0
K7LVE4,C6T2G5,0
C6F117,A0A0R0EKI7,0
C6SWI3,A0A0R0GAQ8,0
A0A0R0H296,K7L7W0,0
I1MEF8,A0A0R0F214,0
A0A0R0L2U1,I1MGG7,0
A0A0R0JZD5,K7M9T4,0
A0A0R0FNV7,K7L2R0,0
K7K553,I1K5K7,0
I1MWP7,A0A0R0E934,0
I1MWF0,K7MYK9,0
K7MXS9,I1J547,0
I1JFF6,I1J8W6,0
A0A0R0F2G6,A0A0R4J488,0
I1JDR2,I1LIA8,0
I1KPT1,I1KCY5,0
A0A0R0K6F4,A0A0R4J2Q5,0
K7M9K9,A0A0R0K6I2,0
C6TL77,I1MRI5,0
I1LIR4,I1KVC1,0
C6SYR1,I1NAF6,0
I1JT28,I1KVC1,0
I1JT28,A0A0R0ENB3,0
I1MSC6,K7M6J1,0
I1JW21,I1L171,0
A0A0R0F0T6,P17093,0
I1JYG6,K7M9T4,0
I1LDY7,I1LPJ8,0
K7K3W5,K7MQG6,0
K7LKS0,Q2PMR3,0
I1KB26,K7K8K7,0
K7LXT7,A0A0R4J488,0
I1NHI4,I1K5B6,0
C6T4Z6,I1N761,0
C6TLV6,I1KLS1,0
K7LVE4,A0A0R0ESZ8,0
K7MXS9,K7MTL2,0
I1LS70,A0A0R0GFM7,0
A0A0R0JB42,K7MM40,0
I1MNE4,A0A0R0GWH6,0
K7KYE0,A0A0R4J5K6,0
I1MDC4,I1M1D5,0
I1MTX9,I1L3P5,0
I1LYN0,K7N145,0
I1N9S5,I1M1D5,0
K7L240,I1KTI0,0
A0A0R4J2N2,C6SZQ0,0
I1M717,K7LTR0,0
K7MVB9,C6SZ70,0
K7KY63,K7N0V8,0
I1MUC0,I1N761,0
I1N0U4,I1LR48,0
I1N9E1,I1LH18,0
I1L1S1,I1JD36,0
I1JMZ3,I1MRI5,0
I1MBR7,A0A0R4J2Y1,0
I1JP52,K7N5K2,0
I1JML1,I1LGD6,0
A0A0R0I8Z5,I1M5B6,0
K7M9K9,K7N0V8,0
C6TE07,I1KUS2,0
I1KS20,I1JRJ3,0
A0A0R0F2G6,I1J9I1,0
C6T8L7,I1MEQ6,0
A0A0R4J389,A0A0R0EG78,0
I1N9E1,C6T0A0,0
I1LJI8,K7KWE4,0
I1LYG4,A0A0R0FX75,0
I1JHN5,I1JA95,0
I1JUR7,I1MEF5,0
I1KEY6,I1NIE5,0
I1N3M5,I1NAF6,0
I1LYN0,K7LNG6,0
I1L6W0,I1LUE0,0
C6SWL3,K7KFY5,0
I1KJW4,I1KLS1,0
A0A0R4J2K3,C6TGA9,0
I1JNK6,C6SZQ0,0
A0A0R0EJE2,I1MLF1,0
A0A0R0JZD5,I1MEQ6,0
C6TBQ2,K7MNP5,0
A0A0R0GYG1,K7LTR0,0
K7LVE4,I1K3X9,0
I1KZW4,I1JUQ6,0
C6TFN5,I1NCF6,0
I1K8C1,I1JE09,0
I1KYS6,I1NJ53,0
I1JIP5,C6TD23,0
C6TG91,K7K8Y9,0
I1M3Q3,A0A0R0FTI5,0
I1KQE8,A0A0R0G7I0,0
I1LIR4,I1JMZ7,0
C6T7N2,Q43463,0
I1MY43,K7LSJ2,0
I1N8P5,K7M9T4,0
I1L4B6,A0A0R0FXD4,0
I1KY58,I1LIT1,0
A0A0R0INQ5,K7MMD7,0
I1LHR1,I1K2I1,0
I1LUI7,I1KZK2,0
I1JY87,C6SYE1,0
I1KBM7,K7N1L5,0
A0A368UHC3,I1K642,0
K7KDA5,A0A0R0HV63,0
K7N5D4,A0A0R4J2Y1,0
I1KQE8,I1KCY5,0
I1N0R5,I1KJD2,0
I1N8M4,A0A0R0ESZ8,0
I1K9B8,K7LQV0,0
I1KJL3,K7N145,0
A0A0R4J2W3,I1K115,0
I1LUF0,A0A0R0GFL3,0
A0A368UHG0,A0A0R4J5B7,0
I1MZ32,I1KSL6,0
I1L1S1,K7L6K2,0
I1KJL3,I1M3W1,0
I1KMS4,A0A0R0FX75,0
I1JY67,I1LPJ8,0
A0A0R0EJE2,A0A0R0F214,0
C6T507,A0A0R0HSA0,0
A0A0R0IAV3,A0A0R0JQJ0,0
A0A0R0HHZ3,K7LCS7,0
I1JKP1,I1K467,0
C6SZM2,C6TN69,0
I1MXT2,I1LG13,0
I1N0W9,I1J8W6,0
C6T3G1,A0A0R0JBL2,0
I1MGG3,I1KYL4,0
I1KQB9,A0A0R0GFH3,0
K7LWI3,I1MW74,0
I1NFU9,K7KH93,0
I1L250,I1NAJ5,0
A0A0R0IHF9,I1JM18,0
I1N8Q6,A0A0R0FTI5,0
K7LLK0,K7M592,0
I1KGZ6,K7MNP5,0
K7MXD1,I1JM18,0
A0A0R0L8Y1,I1JVX3,0
I1K620,A0A0R4J4C3,0
I1K2J5,I1MW51,0
Q2PMT2,A0A0R0FB78,0
I1NGQ5,A0A0R0FTI5,0
K7LKS0,A0A0R0HCS6,0
I1LYQ9,I1NCV4,0
I1J553,I1KPE7,0
I1J7A8,K7KH93,0
I1JZC3,K7M846,0
I1M0C2,Q43463,0
C6TG81,K7LCS7,0
K7L1D3,A0A0R0JJK0,0
A0A0R0E907,K7MXH5,0
I1KD09,A0A0R0E934,0
P09755,A0A0R0GWH6,0
I1M100,A0A0R0JQJ0,0
K7K8U8,A0A0R4J4C5,0
I1KRD4,A0A0R4J426,0
A0A0R0KCY1,A0A0R4J4D0,0
A0A0R0KTM7,I1LH18,0
I1MNU7,A0A0R0EKI7,0
I1N9I5,I1LUL2,0
A0A0R0FSS2,I1MC28,0
I1LHR1,C6SWS6,0
I1LGQ1,I1LR48,0
A0A368UHM1,A0A0R0L828,0
K7KY63,A0A0R0HSA0,0
A0A0R0HSV1,I1LR48,0
I1K5K3,A0A0R0HSH0,0
C6SVF8,A0A0R0JBL2,0
I1M0C3,A0A0R0JBV0,0
K7LW22,A0A0R0KE62,0
C6T567,I1KUS2,0
I1MTH0,A0A0R0KE62,0
I1LGI1,K7K4C7,0
I1LJW2,I1M3W1,0
C6TKW2,I1LII4,0
A0A0R0FSS2,K7KNC5,0
K7MMR3,I1J8C9,0
I1MTH0,K7KK86,0
K7LDR8,I1KPE7,0
K7MGQ3,I1L332,0
I1MNU7,I1JFW6,0
A0A0R0KR16,I1LM96,0
A0A0R0F2G6,A0A0R0ENB3,0
I1LA00,I1K5K7,0
K7LHR2,K7LIE3,0
A0A0R0KXY9,K7MC85,0
A0A0R0KCV3,I1JRV0,0
A0A0R0H9H8,I1KSD0,0
I1N5E8,A0A0R0L5Q1,0
A0A368UHC3,I1NC50,0
K7KYY0,A0A0R4J5C5,0
I1MUN3,I1JRU7,0
I1LXH0,A0A0R0EG78,0
A0A0R0GC27,I1MW74,0
I1MY33,K7MYK9,0
C6TE07,I1KJF2,0
I1LSM6,A0A0R0EUJ0,0
I1KBB6,K7MMD7,0
A0A0R0GZZ6,I1LY15,0
I1MXT2,A0A0R0JYX3,0
I1J7A8,A0A0R4J5K6,0
I1KQP3,I1K5K7,0
C6TKL8,I1KSD0,0
I1L8G3,A0A0R4J384,0
A0A0R0F2Z4,A0A0R0FTI5,0
I1MNK0,A0A0R0GS25,0
K7K415,K7L6K2,0
I1KHL4,I1LPW2,0
I1MIE5,A0A0R0GPH9,0
I1N9E1,K7N145,0
I1LJW2,K7M846,0
A0A0R0FNV7,A0A0R0JRI8,0
C6TL77,K7N129,0
I1LHR1,A0A0R0K7U0,0
I1J5Q1,I1LH18,0
A0A0R0HN81,I1MEF5,0
I1JUR7,I1L332,0
A0A0R4J2K3,C6T5U0,0
I1LR08,I1LPK5,0
K7MXD1,I1KAR1,0
K7KLI7,K7MQG6,0
K7LGW1,A0A0R4J488,0
K7KCG5,I1LXQ3,0
I1M3V1,I1MW74,0
I1LCX3,I1L171,0
C6T530,I1L3P5,0
I1K628,A0A0R0IF42,0
C6TBN8,A0A0R0IT62,0
I1K9P1,A0A0R0EWR2,0
C6T530,A0A0R0GS25,0
I1KJT5,M1FN34,0
I1LD74,I1JM18,0
K7LZZ5,K7L6K2,0
K7KYY0,I1NG45,0
C6TFR5,A0A0R4J426,0
A0A0R0LFT0,C6SYE1,0
I1LS70,I1K467,0
I1LJ94,A0A0R0GPH9,0
I1NDC0,K7KJB2,0
I1K725,I1J8C9,0
A0A368UH03,A0A0R0GWH6,0
A0A0R0KCV3,I1N898,0
I1JTW0,K7M6Z2,0
A0A0R0G5A8,A0A0R4J2Y1,0
C6SWI3,I1M3W1,0
I1NF54,O22518,0
I1LJ94,I1LLS4,0
I1MBR7,I1M1D5,0
K7MI53,K7MXE0,0
I1KGU0,A0A0R0GPH9,0
I1K911,A0A0R4J5C5,0
A0A368UHM1,C6TJM4,0
A0A0R0KCV3,A0A0R0L4P0,0
K7MZ38,I1KLS1,0
I1M7C1,I1MW51,0
I1MZ32,K7LTB2,0
I1MNV4,I1ML11,0
I1MRY0,K7N1L5,0
I1J7A8,I1N7F4,0
I1JAG0,K7MFE5,0
A0A0R0H9H8,I1JVX3,0
K7MMR4,A0A0R0JQJ0,0
K7KLF0,O22518,0
I1MUN3,I1MRI5,0
I1M3U2,C6TK73,0
A0A0R4J2N2,I1JD52,0
I1KB25,A0A0R0KE62,0
K7K553,A0A0R0KWL0,0
I1NFS4,A0A0R0E934,0
I1MBM5,K7M6I1,0
I1J8V4,I1J547,0
I1KPQ8,K7K8K7,0
A0A0R0INQ5,K7LTR0,0
I1N0F1,K7M864,0
I1LZW4,A0A0R0JSJ9,0
I1MNU7,C6SX83,0
I1JWF0,I1JVX3,0
K7L395,I1MRP6,0
K7KY63,A0A0R0E934,0
I1LUF0,I1K215,0
I1KUT8,I1LIA8,0
A0A0R0JYY8,A0A0R0L828,0
K7LWC5,I1KD82,0
I1KU09,I1L9K4,0
C6T3K0,I1KPE7,0
I1KRD4,A0A0R0KWT5,0
I1JUR7,A0A0R0GFH3,0
A5Z2K3,I1MVC6,0
A0A0R0F2Z4,I1NCF8,0
I1MK36,A0A0R0L5Q1,0
C6T4Z6,I1K115,0
I1JU70,A0A0R0GBB6,0
I1KAJ2,Q43463,0
I1K8C1,I1MPJ4,0
A0A0R0HSV1,I1JUQ0,0
I1NCS8,K7L7W0,0
I1JYG7,I1KLS1,0
C6TG91,K7K894,0
C6TFN5,I1LH18,0
C6T5Z0,I1KLS1,0
I1LZT5,I1LY15,0
I1N7K6,A0A0R0GPH9,0
I1L1S1,K7KH93,0
C6TCW7,I1LH18,0
C6TBQ2,I1MLJ0,0
K7M9K9,K7M6J1,0
I1LLA9,A0A0R4J2Y1,0
I1KGU0,K7KW44,0
K7KYE0,A0A0R0JT51,0
I1L250,A0A0R0JSJ9,0
C6T084,C6TK73,0
K7KNJ6,C6TJM4,0
A0A0R0H8M3,A0A0R0JBL2,0
I1KZJ7,K7K894,0
C6T2H2,A0A0R0K0K3,0
C6TFR5,I1LWZ0,0
I1LAR7,K7MTL2,0
I1LYG4,A0A0R0GFL3,0
C6T7N2,A1YZE0,0
I1KCN1,I1LFD2,0
K7L3P2,A0A0R4J4D0,0
A0A0R0JYY8,I1JE09,0
C6TBQ2,O22518,0
A0A0R0E907,A0A0R0JJI0,0
C6SY81,A0A0R0GG06,0
I1MLK3,I1N5D5,0
K7MXD1,A0A0R0JJK0,0
A0A0R0FNM4,I1L2H4,0
K7LDR8,K7M6Z2,0
I1JWF0,I1MTV9,0
C6T883,K7KH93,0
I1KHL6,I1JYT2,0
K7LQ96,I1M5B6,0
K7MMF4,I1KUB2,0
I1KU09,A0A0R0GFH3,0
I1JNV3,C6TK73,0
I1LMP2,C6SZG1,0
K7KIU3,I1MZV0,0
M1FIU8,C6TD23,0
I1MHH7,K7LSJ2,0
I1MNK0,A0A0R4J5B7,0
I1MC26,I1LM96,0
I1KJL3,C6SYE1,0
C6SW69,A0A0R0EJV2,0
C6T8L7,A0A0R0JT51,0
C6SVR8,C6T2G5,0
C6TCW7,I1MZV4,0
I1NF54,A0A0R0K6I2,0
I1MEF8,I1LFD2,0
I1KGU0,K7N1L5,0
A0A0R0F2G6,I1MC28,0
I1LHY4,K7M466,0
I1LIH7,I1M269,0
K7KP66,A0A0R0EJV2,0
I1KZW4,K7LHS7,0
A0A0R4J2N2,I1MGG7,0
K7L3P2,C6TFX5,0
A0A0R0G5V6,A0A0R0JBV0,0
I1LR08,K7LY43,0
I1LDY7,I1JD52,0
C6SYR1,I1L7G4,0
C6SYA3,K7LQV0,0
I1JKS2,K7M846,0
I1MUQ7,C6TJM4,0
I1L653,I1JYT2,0
I1JMZ3,I1NAF6,0
C6SZY0,A0A0R0ESZ8,0
A0A0R0FNV7,K7M6R4,0
I1KLE1,I1K5K7,0
I1LXH0,K7K8K7,0
K7KPJ4,A0A0R0KE62,0
I1JMZ3,I1JRJ3,0
K7L240,A0A0R0EYS5,0
A0A0R0FEN9,C6TGA9,0
I1L1N3,I1N7F4,0
K7MAP3,A0A0R0JRI8,0
I1LR08,A0A0R0H141,0
I1N9I5,I1L332,0
A0A0R0L8Y1,I1MEQ6,0
I1JML1,A0A0R0HSA0,0
I1K9B8,K7MM40,0
K7L1B9,C6TD23,0
I1LDA7,A0A0R4J4H3,0
I1NF12,K7M466,0
A0A0R0HXE9,I1K5B6,0
I1MSD9,I1MVC6,0
A0A0R0KTM7,I1MPJ4,0
I1K096,A0A0R0ENB3,0
C6T0U3,K7K894,0
A0A0R0HHZ3,I1K3X9,0
K7MAP3,K7N5K2,0
I1MQD0,I1LPK5,0
I1MRS5,A0A0R0K7U0,0
I1KJT5,C6SYW6,0
I1MSC6,I1M225,0
I1LR08,I1M269,0
I1K2J5,I1KLS1,0
I1KVL0,K7N5K2,0
I1KEY6,K7L6N7,0
I1MBR7,A0A0R0JBL2,0
C6T2H2,I1LL05,0
I1KJW4,A0A0R0EYS5,0
I1MVE9,K7MNP5,0
I1KTD4,I1NCF8,0
A0A0R0GCF5,K7LHS7,0
C6T8R7,A0A0R0GBB6,0
I1K8N0,P62302,0
I1MSD9,I1JFW6,0
I1N1X8,A0A0R0GPH9,0
A0A0R0ET54,I1LY15,0
A0A0R0HIA6,A0A0R0EKI7,0
I1KRF9,I1LPW2,0
I1KXG2,A0A0R4J4C5,0
I1JDP3,I1JA95,0
I1MJ97,I1JA95,0
C6SZ22,K7MC85,0
K7L395,K7MXH5,0
K7L9V3,I1MVC6,0
I1N3M5,A0A0R0KE62,0
C6TLV6,A0A0R4J4C5,0
A0A0R0JJK8,I1L2H4,0
I1J5Q1,A0A0R4J426,0
C6SWM1,K7LSG2,0
C6TGR3,I1LEC4,0
I1LKU1,A0A0R0JBV0,0
I1JI73,A0A0R0EKI7,0
C6TLV6,I1MRP6,0
K7KDM1,K7KWE4,0
K7MWR1,A0A0R0HSH0,0
I1MC39,I1LLS4,0
I1N1X8,A0A0R0EJV2,0
A0A0R0JLD5,I1JMZ7,0
K7KZ42,I1K115,0
I1K628,I1N8M8,0
A0A0R0INQ5,I1L3P5,0
A0A0R0I8Z5,A0A0R0GFH3,0
C6T084,I1JB64,0
K7LGW1,I1K3X9,0
I1JHN5,A0A0R0JSJ9,0
I1JE83,A0A0R0EUJ0,0
A0A0R0JH35,I1JHJ0,0
A0A0R0EWX9,I1LHS8,0
I1LMQ5,I1LW00,0
A0A0R0JJ98,I1LH18,0
I1LQ02,I1MK72,0
I1LYN0,I1N7F4,0
I1KIY3,I1N761,0
C6TNL5,K7KES3,0
C6SYE0,A0A0R0E934,0
I1JUJ8,K7MXE0,0
I1LGQ1,I1MTV9,0
A0A0R0EYA9,C6TGA9,0
I1LPI3,K7MTL2,0
I1K5J5,C6T2G5,0
I1LZ09,K7M4E0,0
I1K725,I1M269,0
K7K676,K7L2D7,0
A0A0R0L2U1,C6TK73,0
I1KQP3,I1JMH3,0
I1JTW0,I1L332,0
A0A0R0L8Y1,A0A0R4J4C3,0
K7M9K9,K7LQV0,0
K7LVE4,K7M466,0
I1MWP7,I1K2I1,0
I1N0F1,I1LR48,0
I1KQ68,I1MVC6,0
I1KVL0,A0A0R0HCS6,0
A0A0R4J354,I1MNU1,0
I1K5G1,I1LLS8,0
I1LJ94,I1MZV0,0
I1J6B5,I1LIT1,0
I1L250,K7LTB2,0
C6SZ22,I1K215,0
C6SY81,A0A0R4J384,0
I1MUC0,K7KFY5,0
C6SYQ2,C6SWS6,0
I1MLN7,K7M9T4,0
K7KEV0,A0A0R0KE62,0
K7MZP6,I1LM96,0
A0A0R0JES0,P62302,0
I1LZW4,C6SZG1,0
I1MLZ0,I1LUL2,0
I1KYD6,I1L9K4,0
K7M5I5,I1K3X9,0
I1K912,K7M6I1,0
I1K7N0,I1MEF5,0
K7K8U8,A0A0R0IF42,0
I1LY25,I1JFW6,0
K7L395,I1MEQ6,0
I1LIK8,I1LG13,0
C6SWD4,I1K6E7,0
K7LJV1,I1LL05,0
A0A0R0J2L9,A0A0R0L828,0
C6SWZ1,I1NC50,0
I1KGZ6,K7MQG6,0
I1JRA0,I1K6E7,0
I1MC26,I1KZY8,0
I1L8H7,K7LHS7,0
C6T0U3,A0A0R0JSJ9,0
I1LPI3,I1K467,0
A0A0R0FX70,C6SZQ0,0
C6SW69,I1M277,0
K7M9K9,I1LW00,0
K7MGK0,I1JB64,0
I1LM73,A0A0R0L4P0,0
K7MD28,I1JHJ0,0
A0A0R0F7J9,I1LIT1,0
K7M787,K7MTL2,0
I1JR41,A0A0R0GJV8,0
I1NJ79,I1MU00,0
I1KZJ7,K7LY43,0
I1LJA4,I1LII4,0
A0A0R0EFE2,A0A0R0FEN3,0
I1MNK0,K7MMD7,0
I1K2J5,K7LK09,0
I1K2Z9,I1MLF1,0
O48548,I1K9J7,0
C6T883,A0A0R0JJK0,0
A0A0R0HIA6,C6SW04,0
K7MAP3,K7L6K2,0
I1K4D7,I1J4B5,0
A0A0R4J3R4,A0A0R0E934,0
K7LDR8,I1JMK4,0
I1J5B0,I1L2H4,0
I1KPU4,I1M225,0
I1LGI1,K7K318,0
I1NIJ9,A0A0R0JJK0,0
C6T8L7,K7K318,0
C6SZG8,I1M998,0
A0A0R0GE56,A0A0R0GUR9,0
C6TKL8,C6TJ17,0
K7KLI7,A0A0R0FM97,0
Q2PMU0,A0A0R0FX75,0
A0A0R4J2W3,I1JAH7,0
I1MSD9,A0A0R4J4C5,0
C6SXP5,K7N129,0
I1LRE4,A0A0R0GWH6,0
I1M3Q3,K7M6Z2,0
I1M5E2,I1JM18,0
Q2PMT2,I1K146,0
A0A0R0FSY2,I1MEF5,0
A0A0R0FSS2,A0A0R0GWH6,0
I1JWF0,I1JK31,0
I1K3U2,K7M841,0
I1JP52,I1JYT2,0
I1KFI5,I1LHS8,0
C6SYR1,C6SWS6,0
I1NDC0,K7KES1,0
A0A0R0G2B9,I1JAH7,0
I1KIB3,I1KSD0,0
I1MDC4,C6TD23,0
I1M0N9,I1MEQ6,0
K7KZ42,A0A0R0FJR0,0
K7KDA5,A0A0R0L5Q1,0
C6T3K0,A0A0R4J2Y1,0
C6T8R7,I1MNU2,0
I1L219,K7LLV5,0
I1JE38,I1MK72,0
I1K628,K7L6K2,0
I1KV60,K7LFD7,0
I1KC19,A0A0R0K7U0,0
I1LYQ9,I1J8W6,0
I1LYU9,A0A0R0GFH3,0
K7KLF0,K7M864,0
K7KYY0,I1JMH3,0
A0A0R0H9H8,A0A0R4J5K6,0
A0A0R0G5V6,I1N7F4,0
I1M100,C6TD23,0
I1MM89,A0A0R0GS25,0
I1LBV2,I1LPW2,0
K7KGJ8,I1M269,0
K7MZP6,A1YZE0,0
K7LIW2,K7N129,0
I1KZW4,I1LH27,0
K7MMG1,K7M6Z2,0
K7N0U1,A0A0R0H141,0
I1MLZ0,A0A0R0GPH9,0
C6TG99,I1MEF5,0
I1KLS4,A0A0R0HSH0,0
C6T426,A0A0R0GWH6,0
K7KGC2,K7LFD7,0
A0A0R4J2K3,I1LPK5,0
A0A0R0H9H8,K7M841,0
A0A368UHG0,C6TBL4,0
K7LJF6,K7MFE5,0
I1KRF9,A0A0R0EG78,0
I1LS70,I1MTV9,0
I1JCY0,K7N1L5,0
I1NHI4,A0A0R0IZY4,0
K7LHR2,I1JMH3,0
C5NTE7,K7MYK9,0
I1J9J7,K7N0V8,0
I1JIJ4,A0A0R0EKI7,0
I1JZC3,I1K642,0
I1NIJ9,I1MRP6,0
A0A0R0G3G4,K7MFE5,0
I1KGZ6,A1YZE0,0
I1JUJ8,I1LH27,0
I1JRA0,C6T5R4,0
K7M1G4,I1LLS8,0
I1LH11,K7MTL2,0
I1NDC0,I1KXK6,0
A0A0R0L7S1,A0A0R0EG78,0
C5NTE7,C6SZG1,0
I1JKP1,K7M6I1,0
I1JZC3,I1JRJ3,0
K7LWI3,K7M466,0
I1M6L1,K7N145,0
A0A0R0ET54,I1LWZ0,0
I1KJT5,I1KFL5,0
A0A0R0H296,K7KK86,0
K7L9V3,I1LGD6,0
K7L3P2,I1JVX3,0
C6SZG8,A0A0R4J4C3,0
I1MHA4,K7L939,0
I1KP31,K7L6K2,0
C6SXJ9,K7L7W0,0
C6SYF3,K7N1L5,0
I1K5L7,I1M998,0
I1MLN7,C6TGZ1,0
A0A0R0H8M3,I1L332,0
A0A0R0JG07,K7MNP5,0
A0A0R0GE56,K7L9M2,0
A0A0R0KH89,I1M5B6,0
K7KVG4,I1KFL5,0
I1M6L1,C6T5R4,0
P48513,I1KUS2,0
A0A0R0E907,A0A0R0G7I0,0
K7MC09,I1LVN3,0
C6TKW2,I1LH27,0
K7LRU2,K7LY43,0
I1NIJ9,K7KNC5,0
I1KQ68,C6SWS6,0
C6SYA3,K7MMD7,0
K7KLF0,Q43463,0
I1K912,K7LSG2,0
K7KDA5,K7KVK2,0
I1MVK7,K7KVK2,0
K7KKB2,K7M6I1,0
A0A0R0JB42,A0A0R4J4C5,0
I1KD09,A0A0R0G7B5,0
C6T0E4,I1LVN3,0
I1MNU7,K7L939,0
I1L8G3,A0A0R0EWR2,0
I1MXT2,C6T5R4,0
I1K3P0,A0A0R0L7U5,0
I1JV48,I1LR48,0
K7K415,A0A0R0GFH3,0
A0A0R0F7J9,I1KM19,0
I1K2J5,I1MW74,0
C6T567,K7LLV5,0
I1N1V6,A0A0R0JBV0,0
H2D4C3,P62302,0
K7MXS9,K7M9T4,0
I1MUQ7,I1L7G4,0
A0A0R4J3N1,I1N8M8,0
K7N0X7,A0A0R0GFH3,0
I1L8H7,I1K5B6,0
I1L1N3,P62302,0
I1M100,I1JMK4,0
I1JYG6,I1JYT2,0
I1K620,Q2PMR3,0
I1LC01,K7LTR0,0
K7KE09,K7K8K7,0
I1L219,A0A0R0GS25,0
C6TAW8,I1KSD0,0
I1L219,I1KYL4,0
I1M7C1,I1KFL5,0
I1LKQ4,I1K115,0
A0A0R0GYG1,K7M841,0
I1LXH0,I1K4R8,0
I1JWF0,I1M3W1,0
I1KPU4,A0A0R0K0K3,0
C6SWI3,C6TD23,0
I1NGL5,A0A0R0JRI8,0
I1K5H2,K7L9M2,0
I1K5G1,C6TGZ1,0
I1K5G1,I1LWZ0,0
I1LM73,I1M277,0
C6T8L7,K7LTB2,0
K7MRX6,A0A0R0ESZ8,0
C6TFR5,A0A0R0JBV0,0
I1MYV4,K7L6N7,0
I1JIW3,I1KHJ4,0
I1LJA4,K7M6I1,0
I1JML1,I1JMZ7,0
C6SWL3,A0A0R0EJV2,0
I1LFW0,I1JAH7,0
A0A0R0FSY2,A0A0R4J2Y1,0
K7KKB2,A0A0R0L0E7,0
I1LYN0,C6SWS6,0
I1KPQ8,A0A0R0FX75,0
I1JY87,A0A0R0GAQ8,0
I1N8M4,A0A0R0JYX3,0
I1KB26,K7KW44,0
A0A0R0FX46,I1JUQ0,0
C6T2L5,A0A0R0GPH9,0
I1NGQ5,K7KVK2,0
A0A368UHM1,I1KSD0,0
A0A0R0H8M3,C6TFX5,0
C6SWI9,I1K467,0
K7MPL4,I1NCV4,0
I1MBA2,I1LIU7,0
I1KB26,I1JUQ0,0
I1JMT0,A0A0R0GWH6,0
A0A368UHM1,I1KJF2,0
I1J7S6,A0A0R0EG78,0
I1KYF8,A0A0R0FGT9,0
I1KRF9,I1KJF2,0
I1KD09,K7L7W0,0
A0A0R0I0B9,K7MM40,0
K7K553,K7KK74,0
K7M5W5,A0A0R0FTI5,0
I1JCY0,Q2PMR3,0
I1JUT9,K7L9M2,0
A0A0R0FKK9,A0A0R0GFL3,0
C6TBQ2,A0A0R0HSA0,0
I1NH73,A0A0R0G7I0,0
I1JYG6,A0A0R0JT51,0
I1NCS8,I1KCY5,0
A0A0R0GBL8,K7N0V8,0
K7LHR2,I1MPJ4,0
I1MNE4,P17093,0
I1JY87,I1M269,0
A0A0R4J2K3,I1K4R8,0
I1M273,K7L4N7,0
I1LA00,M1FN34,0
A0A0R0JKU3,I1K642,0
I1KZI6,I1LLK1,0
I1MKM3,A0A0R0G7B5,0
I1N0R5,A0A0R0JJI0,0
C6T1E6,I1JC65,0
I1MEZ1,K7M9T4,0
Q2PMT2,A0A0R0IZY4,0
I1MIE5,I1L9K4,0
C6SXP5,K7L6N7,0
A0A0R0L115,K7K8K7,0
I1MT74,I1LEC4,0
I1J9W0,I1KUS2,0
C6SZM9,I1KM19,0
C6SZG8,I1LPJ8,0
K7M097,I1LPJ8,0
A0A0R0ESI3,I1L7G4,0
A0A0R0HN81,K7LY43,0
K7LA18,I1JA95,0
A0A0R0L115,A0A0R0H141,0
I1NC77,I1LUE0,0
K7LWI3,I1M269,0
K7LJF6,A0A0R0GPH9,0
I1K912,C6TGZ1,0
I1JG98,A0A0R0EWR2,0
A0A368UHC3,I1LPW2,0
K7N3F6,I1K970,0
A0A0R0H8M3,A0A0R4J4C3,0
K7K1Z2,A0A0R0HCS6,0
I1JG98,I1M3W1,0
A0A0R0F077,I1KQE3,0
I1N0U4,K7M846,0
K7MMG1,K7LIE3,0
K7MMR4,I1LEC4,0
K7LXT7,I1KYL4,0
K7KP66,I1NCF8,0
C6TG99,C6TNW3,0
C6T883,K7M592,0
I1MBM5,K7N129,0
I1KPA1,C6T4V3,0
C6T426,I1LPW2,0
K7LVE4,I1LUL2,0
A0A0R0GJ85,K7K8K7,0
Q2PMU2,I1KXK6,0
K7N0X7,C6TNW3,0
I1KLS4,K7MFZ6,0
K7M9K9,C6TGZ1,0
I1M3V1,I1K6E7,0
K7K794,A0A0R0JBV0,0
I1JRA0,A0A0R0ESZ8,0
I1NGL5,I1MK72,0
C6TCW7,K7MC85,0
I1MVG5,I1LPK5,0
I1KGU0,K7LTB2,0
I1JQR6,I1NCF8,0
I1LMW7,O22518,0
A0A0R0FYN8,I1N898,0
K7MZ38,I1MRP6,0
I1JKS2,K7MRF5,0
C6T1P2,A0A0R0EWR2,0
A0A0R0ESI3,A0A0R0E934,0
I1LC20,I1KAR1,0
I1LA00,I1MK72,0
I1NIE7,K7MXE0,0
A0A0R4J3Y6,I1LGD6,0
I1JUT9,I1N898,0
I1MZ32,I1KCY5,0
I1MK96,K7KJB2,0
I1LPZ3,K7KH93,0
I1NF12,I1JUQ6,0
I1JUR7,C6TJM4,0
I1LM73,I1JK31,0
Q2PMS6,I1JAH7,0
I1LLA9,K7N0V8,0
A0A0R0G5A8,A0A0R0GAQ8,0
I1MC39,I1LG13,0
I1KZI6,A0A0R4J426,0
I1LDA7,P62302,0
I1LIH7,A0A0R0FXD4,0
I1JTW0,I1NCV4,0
I1LJA4,Q43463,0
I1NFS4,I1MNV2,0
K7LTQ1,I1K970,0
I1JWH5,K7LK09,0
I1JCY0,I1LPJ8,0
C6TFN5,C6SX83,0
I1K3P0,K7KH93,0
I1JUT9,I1KZY8,0
I1JIP5,K7M846,0
I1K3U2,I1N761,0
I1MBM5,K7KH93,0
I1JFF6,C6TCH4,0
A0A0R0EJE2,I1JV03,0
I1L219,I1MZV0,0
I1M3V1,A0A0R0KWL0,0
A0A0R0J7Q5,I1ML11,0
M1FN39,I1JRU7,0
I1KPU4,I1KUS2,0
C6T507,A0A0R0JBL2,0
K7K676,I1JMZ7,0
I1K328,K7M9T4,0
A0A0R0EYA9,I1JRV0,0
I1JCY0,I1JK31,0
K7LWC5,K7LCS7,0
A0A0R0FSY2,A0A0R0JYX3,0
I1MQD0,K7M864,0
I1NF12,I1N898,0
I1K911,I1LXQ3,0
I1MP46,A0A0R4J5C5,0
I1K7N0,I1JRV0,0
I1L215,I1MNU1,0
C6SWI9,I1N898,0
K7LUF9,A0A0R0L4P0,0
I1KXG2,I1KZK2,0
C6T1P2,I1K5K7,0
K7M787,I1N7F4,0
I1LD74,K7KH93,0
I1L1S1,A0A0R0JQJ0,0
A0A0R0HN81,K7KNC5,0
K7KNJ6,I1LXQ3,0
C6TCW7,A0A0R0FX75,0
K7LLK0,I1LIA8,0
I1LG61,A0A0R0EUJ0,0
A0A0R0IGP2,K7KWE4,0
I1MUN3,I1JMH3,0
A0A0R0GG96,I1KFL5,0
P09755,Q43463,0
I1LGQ1,A0A0R4J5K6,0
A0A0R0K0L0,I1K1W8,0
I1JUR7,I1M277,0
I1JDH6,K7M846,0
I1M7V7,I1JMH3,0
I1J5B0,I1M277,0
I1NGQ5,C6TJM4,0
C6TFR5,I1LLS4,0
C6SXM9,C6T5U0,0
I1KMS4,I1LEC4,0
I1KAJ2,I1K970,0
I1J5Q1,C6T2G5,0
I1JWF0,A0A0R0ENB3,0
I1M2R5,K7N1T9,0
I1L1N3,I1MLF1,0
K7KTT9,I1NAF6,0
I1JFF6,A1YZE0,0
C6T883,I1MEF5,0
C6T8L7,I1LIT1,0
I1LSM6,A0A0R0L4P0,0
A0A0R0K0L0,K7KES1,0
C6T8L7,C6SZQ0,0
I1LRH8,I1KYL4,0
I1KQ68,I1KLS1,0
A0A0R0KCY1,I1MZV0,0
I1LHY4,I1KM19,0
C6T8L7,A0A0R0KVY6,0
I1JYG6,K7L4N7,0
A0A0R0G342,A0A0R0JTV5,0
I1LPD3,I1MEF5,0
I1JI73,K7LSG2,0
A0A0R0KNE1,I1KFL5,0
I1JMZ4,I1KJF2,0
I1LUL7,K7N129,0
I1JMZ4,I1LII4,0
I1M2R5,A0A0R0GFH3,0
H2D4C3,A0A0R4J2Y1,0
A0A0R0GE56,I1L7G4,0
C6SYA3,A0A0R0KE62,0
A0A0R0FX46,K7LCS7,0
I1N3M5,I1KZY8,0
A0A0R0INQ5,I1KYL4,0
I1MJ97,K7MYK9,0
P07506,A0A0R0KE62,0
I1NHI4,I1K115,0
C6TBN8,I1LH18,0
I1M717,I1KUB2,0
A0A0R0HDM5,I1K6E7,0
C6SYE0,I1KEC8,0
I1LRE4,I1NJ53,0
I1MWF0,I1L332,0
I1L5H8,I1JMK4,0
I1N1V6,A0A0R0EDS9,0
I1KBL4,I1NCF8,0
I1JVN0,I1KVC1,0
A0A0R0KJP6,K7L2R0,0
C6SZM2,I1K1W8,0
I1LIR4,I1M3W1,0
I1N1Y6,A0A0R0EJV2,0
K7LLK0,C6TBL4,0
A0A0R0E907,Q43463,0
I1N7K6,M1FN34,0
I1JFS9,I1M3W1,0
A0A368UJ64,K7K8Y9,0
I1NC77,A0A0R4J4H3,0
I1NBE9,I1KZK2,0
I1KC19,A0A0R0GJV8,0
I1LZW4,I1M269,0
I1KS36,K7L2D7,0
I1LR08,K7MXH5,0
I1NHQ1,I1KJD2,0
C6TG91,I1JUQ0,0
I1JG98,K7KES3,0
C6TKZ4,K7L6K2,0
I1KMS4,K7L2D7,0
O48548,A0A0R0EJV2,0
K7KTT9,A0A0R0GG06,0
C6TKG0,I1KSL6,0
I1MUC0,K7M466,0
I1KNN1,I1JB64,0
I1L8S1,I1LM96,0
I1K096,K7KES3,0
I1JTW0,K7N129,0
C6TKW2,A0A0R0L7U5,0
A0A0R0IGP2,I1JAH7,0
I1KQG7,C6TIK0,0
A0A0R0JKU3,A0A0R0HSH0,0
I1M5E2,I1K642,0
I1KQP3,I1NCV4,0
I1NFU9,P17093,0
A0A0R0K0L0,A0A0R0E934,0
I1LP18,I1JRU7,0
C6TC92,K7MC85,0
I1NDG6,A0A0R0ESZ8,0
I1N3M5,K7N1L5,0
C6T083,I1ML11,0
I1MZ32,I1MLJ0,0
I1N0R5,K7M846,0
K7KGJ8,I1N5D5,0
I1KS20,I1J547,0
C6SVV7,I1M269,0
I1K096,I1LEC4,0
C6SVR8,K7LY43,0
I1JY87,I1MK72,0
I1K9P1,K7MYK9,0
I1K620,K7LFD7,0
C6TLV6,I1KYL4,0
A0A0R0F2Z4,I1LY15,0
I1LIM0,A0A0R4J4D0,0
K7M2D8,I1M5B6,0
C6T5Z0,I1K6E7,0
I1JCY0,I1KLS1,0
O48901,C6T0A0,0
K7MGQ3,I1K3X9,0
I1M0S4,A0A0R0FB78,0
I1JYG7,I1KUB2,0
I1LJA4,I1NCF8,0
A0A0R0LA89,A0A0R0FXD4,0
I1JZC3,I1K9J7,0
I1LJA4,A0A0R0JT51,0
I1KPU4,I1MGG7,0
A0A0R0G5V6,K7MTL2,0
K7K8U8,A0A0R0FTI5,0
I1KYF8,K7K4C7,0
C6T1P2,A0A0R0FEN3,0
A0A0R0KR16,A0A0R0F214,0
I1MQD0,I1KVC1,0
I1KEY6,A0A0R0G7B5,0
I1J7A8,A0A0R0GWH6,0
A0A0R0G3G4,I1LG13,0
I1KCB7,I1NCF8,0
I1N7K6,A0A0R0GWH6,0
K7KIU3,A0A0R0F214,0
I1MJ97,C6TJM4,0
K7N3F6,I1KEC8,0
A0A0R0JJ98,I1JD52,0
C6SWZ1,I1L171,0
K7MMR3,K7KH93,0
I1J8W9,A0A0R4J4D0,0
A0A0R0GNH6,A0A0R0F214,0
A0A0R0F0T6,K7MGQ2,0
K7N0X7,I1KM19,0
C6SWZ1,K7MRF5,0
I1LUI7,I1KJF2,0
I1JTW0,I1LL05,0
C6TFN5,I1MNU2,0
K7KE09,A0A0R0JJK0,0
A0A368UHC3,I1JE09,0
I1KS88,I1KFL5,0
I1JMT0,I1JK31,0
K7MMG1,I1JMZ7,0
C6SWI9,K7K8K7,0
I1KTL9,A0A0R0K7U0,0
I1J553,I1KZY8,0
I1KH45,I1MRI5,0
I1N5E8,I1L171,0
I1LIK8,A0A0R0HV63,0
I1LFW0,C6TD23,0
I1MJ97,I1L7G4,0
K7MCH3,A0A0R0H141,0
A0A0R0LA89,I1N8M8,0
C6SWL3,A0A0R0FGT9,0
I1N6N9,A0A0R0EDS9,0
I1JWF0,K7LSJ2,0
I1MV96,I1LY15,0
C6TKW2,I1KVC1,0
I1LZM7,A0A0R0L5Q1,0
K7L395,K7KQZ8,0
I1KB25,A0A0R0KPE1,0
K7KY63,K7L4N7,0
I1M0C3,A0A0R0GFL3,0
I1M3V1,K7M6Z2,0
C6T2Y4,I1LFD2,0
A0A0R0G342,K7MFE5,0
I1KZW4,I1LUL2,0
C6T8R7,I1LWZ0,0
I1L1S1,I1MNU1,0
C6SZM9,I1LWZ0,0
I1JU70,K7LSG2,0
I1JW21,A0A0R0L828,0
I1L8S1,I1K4R8,0
I1NDC0,C6T2G5,0
C6TBN8,I1MRP6,0
I1LMW7,I1M225,0
A0A0R0EU45,A0A0R0FEN3,0
I1N056,K7MQG6,0
I1JHN5,A0A0R0KWT5,0
I1KBM7,A0A0R0HV63,0
I1J7A8,I1KUB2,0
C6T8L7,K7KWE4,0
I1LIM0,A0A0R0L5Q1,0
I1JML1,A0A0R0GG06,0
I1KHJ6,K7LY43,0
I1LS70,K7KAB4,0
I1KGZ6,K7KES3,0
I1LJ94,I1K1W8,0
I1MIE5,I1KUS2,0
I1KR80,I1KZ09,0
I1MBA2,A0A0R0L4P0,0
I1KDB2,C6TIQ7,0
I1LMW7,I1KXK6,0
I1K8N0,A0A0R0JJK0,0
A0A0R4J3Y6,A0A0R0JTV5,0
I1MC26,A0A0R4J4H3,0
I1K725,K7LHS7,0
K7KEV0,K7KES3,0
C6T968,A0A0R0L5Q1,0
I1L412,C6TN69,0
I1KTD4,A0A0R0GBB6,0
C6T530,K7MRF5,0
M1FN39,I1J8C9,0
K7M2D8,K7KES3,0
I1M100,C6SWS6,0
I1MBM5,I1LEC4,0
C6SWL3,I1MNU2,0
I1MNM3,A0A0R0L4P0,0
I1JKS2,K7KH93,0
C6TKC3,I1L2H4,0
I1KJT5,C6TNW3,0
K7LDR8,A0A0R4J426,0
A0A368UJ64,C6SX83,0
I1J9W0,A0A0R4J4H3,0
I1JVU8,C6SX83,0
I1KP31,K7M466,0
A0A0R0EI44,I1LPW2,0
K7MD28,K7MNP5,0
I1JM69,I1N761,0
I1JY67,I1KUS2,0
C6SVF8,I1LIU7,0
I1MY33,K7KH93,0
A5Z2K3,A0A0R0FZM4,0
Q2TFP1,I1MQC8,0
I1M4P0,I1LGD6,0
A0A0R0L372,I1LII4,0
C6T9S5,I1L7G4,0
I1KS20,A0A0R0JBL2,0
C6TLT3,K7KK74,0
K7M787,K7M592,0
C6T2L5,I1KJF2,0
A0A0R0KNS7,K7L939,0
A0A0R0GNH6,A0A0R0FB78,0
A0A368UH03,C6SYW6,0
K7MZ38,A0A0R0G7I0,0
I1K2Z9,K7MNN5,0
I1MKM3,A0A0R0K0K3,0
I1JMZ4,K7N1T9,0
I1LHR1,K7N1T9,0
I1KS88,C6TJM4,0
A0A0R0G6V6,I1N780,0
A0A0R0K5X4,A0A0R0GPH9,0
I1LHY4,C6SZQ0,0
C6T530,A0A0R0E934,0
I1LDY7,K7LHS7,0
I1K911,I1JRU7,0
I1JNB0,I1N8M8,0
I1LYG4,K7M592,0
C6TNL5,C6TN69,0
I1M0C2,C6TBL4,0
I1N6N9,K7K894,0
I1M0C2,I1MNU2,0
I1JTW0,K7M6I1,0
K7LW22,I1N8M8,0
I1M717,I1MNS7,0
K7KGE9,I1NCV4,0
I1L8G3,A0A0R0L7U5,0
I1KYS6,C6SYE1,0
I1JE93,A0A0R4J5K6,0
I1LCX3,I1LEC4,0
I1N954,K7K4C7,0
I1MP46,C6SWS6,0
C6TBJ1,A0A0R0GPH9,0
C6SWL3,A0A0R0G7B5,0
I1KQG0,I1KVC1,0
I1LGB7,I1LPW2,0
A0A0R0G342,A0A0R0JRI8,0
K7LUF9,A0A0R0HSA0,0
C6T8L7,A0A0R4J2Y1,0
I1MLN7,I1M225,0
A0A0R0INQ5,M1FN34,0
I1N4X7,I1JD07,0
I1JYG6,I1LEC4,0
I1K4U3,K7KJB2,0
I1N1Y6,C6TD23,0
I1M7V7,K7L2D7,0
I1KPT1,I1LGD6,0
K7MMR4,I1LUE0,0
I1LPD3,K7M846,0
I1LHR1,A0A0R0JYX3,0
I1K7N0,A0A0R0IF42,0
I1KZJ7,C6SWS6,0
C6SVF8,K7N129,0
I1MEF8,C6TJ17,0
A0A0R0FKK9,I1JM18,0
C6SVB5,A0A0R0JT51,0
K7KGE9,I1N898,0
A0A0R0GG96,A0A0R0FXD4,0
I1LYU9,I1JM18,0
I1L690,I1JD07,0
I1MZ32,K7KK74,0
K7M1G4,K7MXH5,0
I1N8Q6,K7LSG2,0
K7LHR2,I1KVC1,0
I1LPZ2,I1MF50,0
C6SZL0,I1LIU7,0
I1MUQ7,K7LSG2,0
K7MMR4,A0A0R0FZM4,0
I1K911,A0A0R4J2Q5,0
K7L395,K7K8K7,0
I1KQP3,K7LHS7,0
C6T2Z2,A0A0R0F214,0
K7MPL4,I1NC50,0
K7LLK0,K7LK09,0
C6T3G1,A0A0R4J488,0
I1M7V7,I1LIA8,0
I1N954,A0A0R4J4C3,0
C6T8R7,I1MLF1,0
C6SWI9,I1LL05,0
I1JNK6,K7MNP5,0
K7KYE0,K7M864,0
I1JW21,K7LK09,0
I1JW64,I1L7G4,0
I1K0C4,A0A0R4J4D0,0
I1K9B8,I1LIA8,0
I1MGG3,I1KCY5,0
A0A0R0ESI3,C6TJM4,0
C6T2Z2,I1JD07,0
A0A0R0ERF9,I1MQC8,0
I1M0N9,A0A0R0GG06,0
I1LHR1,I1MNU1,0
C6SZM2,K7K4C7,0
I1J4E1,K7L4N7,0
I1N1Y6,I1LWZ0,0
C6T5Z0,I1MW74,0
K7M1G4,C6T5R4,0
I1NDC0,I1KJD2,0
I1MBM5,C6TN69,0
C6T083,I1MC28,0
H2D4C3,C6SX83,0
A0A0R4J3N1,I1KFL5,0
C6T9S5,A0A0R0FJR0,0
A0A368UHM1,I1JVX3,0
I1NIE7,A0A0R0FZM4,0
I1JKS2,C6TJM4,0
I1MM64,I1KAR1,0
I1KBM7,I1LIA8,0
I1KGN6,A0A0R0FXD4,0
I1KPU4,I1MLF1,0
I1LUF0,K7MFZ6,0
I1KGU0,I1J547,0
I1MHH7,I1LLK1,0
I1M6L1,K7KH93,0
I1LPC3,K7MYK9,0
I1N0W9,I1K970,0
I1K3P0,C6T065,0
I1KB25,A0A0R0EWR2,0
I1KEY6,K7N0V8,0
I1KEY6,A0A0R0GFL3,0
I1L215,K7M6R4,0
I1N5E8,I1NCF6,0
A0A0R0JLD5,I1MNU2,0
Q2PMU2,K7K8Y9,0
I1MY43,K7KWE4,0
I1L8S1,K7MNP5,0
I1KGZ6,I1MTV9,0
I1LR08,I1LG13,0
I1LPI3,C6TN69,0
I1LPZ2,K7KTS8,0
I1NGD2,I1MLF1,0
K7MVB9,C6TBL4,0
A0A0R0L372,I1LHS8,0
C6T883,A0A0R4J4H3,0
I1LZ09,I1JYT2,0
K7MZ38,A0A0R0ESZ8,0
A0A0R0KNE1,I1MU00,0
K7LXT7,I1J8W6,0
C6SZM9,C6TJM4,0
I1KBL4,Q2PMR3,0
O48548,K7MMD7,0
K7M5T0,A0A0R4J4C3,0
I1JL13,C6TGA9,0
K7MI53,K7KQZ8,0
I1LR08,I1JD36,0
I1KV60,A0A0R0GFH3,0
K7M9K9,I1KZY8,0
I1LD74,K7K8Y9,0
I1J8W9,I1LLS4,0
I1M0C3,K7L7W0,0
I1JKS2,K7MFZ6,0
I1L8S1,K7M6Z2,0
K7MMR3,I1J8W6,0
A0A0R0F077,I1L171,0
I1MHA4,I1LFD2,0
I1M7C7,C6T4V3,0
I1M9T4,A0A0R0GJV8,0
K7MXD1,K7LSG2,0
C6TG81,A1YZE0,0
C6TFN5,A0A0R0G7I0,0
I1M273,A0A0R4J5C5,0
I1MK96,I1JK31,0
A0A0R0I1I4,I1K467,0
K7MGK0,I1L7G4,0
C5NTE7,A0A0R0K0K3,0
I1KV60,C6TN69,0
I1JUJ6,I1MZV0,0
I1M3Q8,A0A0R4J4C3,0
I1L478,A0A0R0JJK0,0
C6TNL5,A0A0R0JYX3,0
I1K650,C6T0A0,0
I1KFU0,I1JM18,0
A0A0R0EYA9,K7MQG6,0
I1KHL4,K7M846,0
I1N3M5,C6SZ70,0
I1LY25,K7MNP5,0
K7KTT9,I1KZ09,0
I1LGB7,A0A0R0GFM7,0
I1MJ97,K7KAB4,0
I1L8H7,K7MNN5,0
O48901,I1JRJ3,0
A0A0R0IAV3,I1LVN3,0
K7L1D3,I1NIE5,0
A0A0R0JJ98,A0A0R0HSH0,0
I1KJ98,A0A0R0JQJ0,0
I1L3P6,I1M5B6,0
I1MSC6,K7M6R4,0
I1MZ47,I1N7F4,0
I1MGB0,I1KEC8,0
C6SWL3,C6TJM4,0
I1J9J7,A0A0R0EG78,0
I1M6L1,I1MW74,0
I1NGL5,I1KAR1,0
I1JXB4,I1NIE5,0
K7KP67,K7KAB4,0
K7LHR2,K7N1L5,0
I1JAG0,K7MFZ6,0
I1KPQ8,K7L939,0
K7K2H1,A0A0R0L828,0
A0A0R0GG96,C6TIK0,0
K7K8U8,C6T5U0,0
I1MY33,A0A0R0GWH6,0
K7KLI7,I1LL05,0
I1L215,C6T2G5,0
A0A0R0GE84,K7MQG6,0
I1JP52,A0A0R0GPH9,0
I1JRA0,K7LHS7,0
K7MS88,I1JAH7,0
I1MYV4,Q43463,0
I1LIR4,K7KNC5,0
K7L1B9,K7LIE3,0
I1JFN0,I1KQE3,0
C6SZM2,A0A0R0K0K3,0
K7LWI3,A0A0R0FTI5,0
I1MP46,K7K894,0
I1LRH8,A0A0R0JBV0,0
K7LA18,I1KJD2,0
K7MH53,I1MNU2,0
I1M7B9,K7KTS8,0
K7KGE9,I1MF50,0
I1MVK7,K7MM40,0
A0A0R0LB39,I1JMH3,0
A0A0R0F7J9,I1MNU1,0
I1KCH6,A0A0R0KPE1,0
I1KFU0,I1LUL2,0
I1N9I5,K7M6R4,0
A0A0R0KJP6,I1J8W6,0
I1L8G3,I1MNU2,0
I1J5B0,K7MC85,0
K7M1G4,I1KSD0,0
I1J8V4,A0A0R0IZY4,0
C6T0U3,I1JUQ0,0
I1LC20,C6SYE1,0
I1KB25,I1JC65,0
I1KBL4,I1JA95,0
I1LUL7,A0A0R0G7B5,0
I1MNK0,I1LM96,0
I1M273,K7L939,0
C6SYQ2,I1MNU2,0
K7MC09,I1JD07,0
A0A0R0GE84,A0A0R4J426,0
I1MNE4,A0A0R4J488,0
A0A0R0F2Z4,I1L332,0
K7KVG4,I1N5D5,0
C6T9S5,A0A0R0KVY6,0
C6SVH9,A0A0R0GS25,0
A0A0R0GRI6,I1M269,0
I1MZ47,I1KLS1,0
I1L8S1,A0A0R0FEN3,0
I1MNV4,I1JAH7,0
I1J5B0,I1MZV0,0
I1N3M5,K7MNP5,0
I1NFS4,K7KWE4,0
I1MNV4,I1LGD6,0
I1KAJ2,I1JMH3,0
C6SXF5,K7LSG2,0
K7KGC2,K7KFY5,0
A0A0R0F7J9,A0A0R0HSH0,0
A0A0R0K0L0,C6TN69,0
I1KCB7,K7L6N7,0
I1M0S4,I1J4B5,0
A0A0R0I0B9,I1LR48,0
A0A0R0J2L9,K7K318,0
I1M7C1,K7MMD7,0
C6T3K0,I1JD36,0
I1NC77,C6TK73,0
C6SVF8,I1KJF2,0
I1LIH7,I1LL05,0
K7KKB2,I1K5B6,0
I1MK96,K7M6J1,0
A0A0R0FX70,I1K5K7,0
A0A0R0JLD5,I1MQC8,0
I1LDU4,I1LH18,0
I1JE83,I1K9J7,0
C6T2L5,I1LM96,0
C6TKZ4,I1M225,0
I1LBV2,K7MFZ6,0
K7LEG0,I1M998,0
A0A0R0L2U1,A0A0R0JT51,0
I1KGZ6,I1NAF6,0
K7MST2,A0A0R4J5K6,0
K7LIW2,I1JB64,0
I1LR08,K7LTR0,0
I1NHI4,A0A0R4J5C5,0
K7MH53,I1K5K7,0
I1M3Q8,K7KTS8,0
A0A0R0HXE9,A0A0R0KWL0,0
K7KZ42,Q2PMR3,0
I1JI73,C6SWS6,0
I1K8N0,K7N145,0
K7K3W5,A0A0R4J384,0
I1MJ97,I1NJ53,0
K7KLF0,I1JD07,0
A0A0R0GC27,K7L6N7,0
K7MCD1,K7M846,0
C6T1P2,K7KW44,0
I1JV48,C6SW04,0
I1M4Y9,K7KTS8,0
I1JZC3,A0A0R0HCS6,0
I1NFU9,I1LM96,0
I1JZC3,A0A0R0JBV0,0
A0A0R4J4C8,A0A0R0FXD4,0
I1N8Y6,K7MNP5,0
I1LIM0,K7KJB2,0
A0A0R0GE56,A0A0R0E934,0
K7K794,C6SX83,0
I1MNK0,I1L332,0
I1JUJ8,K7M6I1,0
K7M1G4,I1KPE7,0
I1N1V6,I1LG13,0
Q2TFP1,A0A0R0GWH6,0
I1N5E8,K7M849,0
I1M3Q3,I1JMK4,0
A0A0R0G342,A0A0R0EKI7,0
C6SYF3,A0A0R0GUR9,0
C6SVF8,K7MRF5,0
C6T083,K7MTL2,0
I1L6W0,C6SZQ0,0
A0A0R0G3G4,I1MW51,0
A0A0R0KNS7,A0A0R0GBB6,0
C6TEP1,K7LFD7,0
A0A0R0FSS2,K7KK86,0
I1L412,I1MNV2,0
I1JS66,I1L7G4,0
I1KQC7,K7N145,0
I1JU70,C6SYE1,0
I1LIM0,A0A0R0JBL2,0
I1KTD4,I1LH27,0
I1K5J5,I1KCY5,0
A0A0R0K0L0,I1M998,0
C6TBQ2,K7M846,0
I1LDA7,A0A0R0K7U0,0
C6TKZ4,C6T0A0,0
C6SZM9,I1JD36,0
A0A0R0GJ85,I1K4R8,0
I1MUN3,A0A0R0EKI7,0
K7LTQ1,I1MRI5,0
I1K2J5,K7KAB4,0
I1N8P5,K7K8Y9,0
I1JVP4,I1LHS8,0
A0A0R0F2Z4,I1MNU2,0
C6T2Z2,A0A0R0G7I0,0
I1LHR1,A0A0R0JT51,0
I1JI73,A0A0R0EWR2,0
K7K676,K7M6Z2,0
A0A0R0HDM5,A0A0R0JBL2,0
I1JRA0,K7MQG6,0
A0A0R0LA89,A0A0R4J2Q5,0
I1L215,C6T4V3,0
C6SYQ2,A0A0R0JJK0,0
I1JE83,I1LL05,0
I1MKM3,A0A0R0FXD4,0
C6TEP1,K7K894,0
K7K1Z2,K7KFY5,0
K7M5I5,I1KTI0,0
I1KCB7,I1LLK1,0
I1KCH6,I1K642,0
I1LBV2,K7MXH5,0
I1KCX1,K7MRF5,0
I1MWP7,A0A0R0JJK0,0
A0A0R0FSY2,A0A0R0GJV8,0
C6SYE0,I1KFL5,0
I1NH73,K7LQV0,0
I1KZW4,A0A0R0ENB3,0
A0A0R0L7S1,K7LHS7,0
A0A0R0KR16,K7L9M2,0
I1K5G1,A0A0R0G7I0,0
A0A0R0L372,K7KAB4,0
K7KYY0,K7KFY5,0
A0A0R0J7J3,K7LFD7,0
A0A0R0GE56,C6TFX5,0
I1M9T4,A0A0R0FB78,0
I1LJ94,I1LG13,0
I1JYG7,I1MVC6,0
K7MD28,K7KJB2,0
I1KDB2,K7L7W0,0
I1N6N9,I1NCF6,0
I1J7S6,I1JC65,0
A0A0R0G5A8,I1J8C9,0
C6SWI3,C6TNW3,0
I1K7N0,A0A0R0FZM4,0
K7LVE4,A0A0R0IR73,0
A0A0R0KNE1,I1JD36,0
C6SWD4,I1LPJ8,0
C6TFR5,I1MTV9,0
I1JRA0,A0A0R0IZY4,0
C6T5Z0,A0A0R0L4P0,0
A0A0R0KR16,K7MQG6,0
K7KIU3,A0A0R0IR73,0
I1LBV2,I1K3X9,0
C6SWI9,A0A0R0L5Q1,0
I1K7J4,I1MNS7,0
I1LY25,A0A0R0L828,0
I1MVG5,A0A0R0G7I0,0
K7N3F6,K7N129,0
A0A0R4J2N2,K7MFZ6,0
I1M6L1,I1K9J7,0
I1K7N0,A0A0R4J5K6,0
K7MI53,I1LXQ3,0
I1MLK3,I1LUL2,0
I1KY58,I1J9I1,0
I1K5G1,I1K3X9,0
I1N6Z0,I1N7F4,0
I1LGQ1,I1KUS2,0
I1JNV3,I1MGG7,0
A0A0R0E907,I1NAF6,0
C6TD73,C6TGZ1,0
I1KY58,I1K642,0
I1LJ94,A0A0R0JT51,0
A0A0R0KXY9,A0A0R0JRI8,0
I1LPI3,I1KAD1,0
K7LHR2,I1JAH7,0
A0A0R4J3N1,A0A0R0JT51,0
K7M4N3,K7M6J1,0
C6TLT3,I1MK72,0
A0A0R0HIA6,K7KWE4,0
I1JKS2,I1KFL5,0
I1JW21,A0A0R4J2Q5,0
I1NHI4,A0A0R0KWT5,0
C6TKL8,I1KUS2,0
I1KS20,I1LUE0,0
K7KZ42,A0A0R4J5K6,0
C6SW43,I1J8C9,0
I1KBL4,A0A0R0G7B5,0
K7LQ96,K7KK86,0
I1L215,I1MGG7,0
I1LGB7,C6T0A0,0
A0A0R4J2K3,I1JUQ6,0
I1MDC4,I1LUL2,0
A0A0R0ERF9,A0A0R0K0K3,0
K7KVG4,I1MEF5,0
I1JIJ4,K7MC85,0
I1MRY0,C6SX83,0
I1MV96,A0A0R0IZY4,0
I1MRS5,K7MM40,0
C6TKZ4,A0A0R4J5B7,0
I1NF54,A0A0R0GS25,0
A0A0R0GJ85,I1NG45,0
K7LDR8,K7KTS8,0
I1KY58,K7MRF5,0
C6SYE0,A0A0R0ENB3,0
A0A0R0F7J9,A0A0R0L828,0
I1L8G3,I1LII4,0
I1JUT9,C6T4V3,0
Q2PMT2,K7M6I1,0
A0A0R0F0T6,I1K4R8,0
C6SWZ1,I1M5B6,0
A0A0R0KNE1,C6TN69,0
K7LGW1,A0A0R0JQJ0,0
I1N0U4,I1K1W8,0
I1M5E2,I1KM19,0
K7MRX6,K7KJB2,0
I1LZW4,I1MK72,0
I1LFW0,I1MTV9,0
K7LLK0,A0A0R4J5C5,0
A0A0R0IAV3,I1KSD0,0
C6SXM9,I1KJF2,0
K7MMF4,I1LUE0,0
I1MZ32,C6SX83,0
C6T3G1,K7MMD7,0
K7K9E1,I1LVN3,0
Q2PMS6,I1NAF6,0
K7LJV1,A0A0R0HSA0,0
K7K8U8,P17093,0
A0A0R0GE56,I1MK72,0
I1MEN1,C6T2G5,0
K7MS88,I1JUQ0,0
I1N0U4,I1LXQ3,0
I1MHS1,K7LNG6,0
C6SWD4,I1LPW2,0
C6SWD4,I1NAJ5,0
I1J870,C6TGA9,0
I1K2Z9,K7K894,0
I1LHR1,K7LSJ2,0
A0A0R0KTM7,A0A0R0K7U0,0
K7MNC0,I1M3W1,0
I1LAR7,I1J8C9,0
I1KCB7,K7K8K7,0
I1JAG0,I1MLF1,0
A0A0R0KCY1,O22518,0
I1LD74,A0A0R0FJR0,0
I1KPU4,A0A0R0JYX3,0
A0A0R4J389,I1KAR1,0
I1JS66,I1M1D5,0
A0A0R0IAV3,K7MRF5,0
I1L524,C6T5R4,0
A0A0R0FNV7,A0A0R0KPE1,0
C6SVB5,I1LLS4,0
P07506,I1KHJ4,0
C6SZG8,A0A0R0IZY4,0
I1LIH7,I1KXK6,0
K7KGC2,I1LHS8,0
I1J6B5,A0A0R0FJR0,0
K7K9E1,I1LFD2,0
I1LBV2,A0A0R0GS25,0
I1MIE5,A0A0R0JTV5,0
C6T3K0,I1LIU7,0
I1KGI6,I1KM19,0
I1LM73,A0A0R0GBB6,0
C6TG91,K7MMD7,0
K7MVB9,K7M466,0
I1KDB2,A0A0R0FB78,0
C6T868,I1MK72,0
A0A0R0JS60,K7KFY5,0
I1LYU9,K7LK09,0
I1JUT9,I1K467,0
K7KYY0,K7M6J1,0
A0A0R0F7J9,A0A0R0EG78,0
K7M787,I1MLF1,0
K7MTC4,A0A0R0FGT9,0
K7KNJ6,A0A0R0FXD4,0
I1K2J5,C6SYW6,0
A0A0R0K6F4,A0A0R0GAQ8,0
I1K8N0,A0A0R0FM97,0
K7L395,I1MPJ4,0
A0A0R4J3N1,I1N898,0
K7KLI7,I1JUQ0,0
I1MZ47,I1MZV4,0
I1KBB6,A0A0R4J2Y1,0
I1KLS4,A0A0R0E934,0
K7MGK0,I1MW74,0
I1M3V1,C6SW04,0
I1J6B5,K7LTR0,0
K7MTC4,K7M849,0
C6SVH9,K7KNC5,0
I1L219,A0A0R0GUR9,0
I1MXT2,I1KM19,0
A0A0R0L098,K7M4E0,0
I1KCX1,A0A0R4J4H3,0
I1J8V4,C6TIQ7,0
I1KEY6,I1KEC8,0
K7MXD1,I1KTI0,0
C6T426,I1LH27,0
A0A0R0JG07,C6T5U0,0
I1JV48,K7LCS7,0
K7KTT9,I1MEF5,0
I1N5E8,I1KVC1,0
I1KU09,I1KM19,0
I1K096,I1K642,0
K7LXT7,A0A0R0HV63,0
I1KCX1,I1KSL6,0
I1N9S5,I1MU00,0
A0A0R0IAV3,A0A0R4J2Q5,0
C6T868,I1M277,0
K7MMR3,A0A0R0EKI7,0
I1M7B9,K7MM40,0
I1J5U5,K7N145,0
A0A0R0J7J3,I1MJJ9,0
I1JAG0,K7KFY5,0
K7KTT9,A0A0R0JJK0,0
I1LIM0,A0A0R0ESZ8,0
K7KDA5,I1ML11,0
C6SWD4,I1L171,0
I1KPT1,A0A0R0GFL3,0
I1KJL3,A0A0R0G7B5,0
I1L3P6,A0A0R0EYS5,0
I1M4P0,I1K970,0
P09755,I1LII4,0
I1NF54,A0A0R0JRI8,0
C6TKZ4,I1LUL2,0
I1LFW0,I1KZ09,0
I1NIE7,I1KXK6,0
I1KVX9,I1K3X9,0
I1JT85,I1MF50,0
I1N0F1,I1MW51,0
A0A0R4J3Y6,I1MZV0,0
I1KJ56,I1JHJ0,0
I1LFQ4,I1JRU7,0
I1KEG8,O22518,0
I1KFI5,A0A0R0GS25,0
I1KBB6,C6TD23,0
A0A0R0FKK9,I1LPJ8,0
I1KJH7,A0A0R4J5C5,0
I1KS36,K7MC85,0
I1KYD6,K7LSJ2,0
C6T0U3,I1LWZ0,0
I1MBM5,K7L9M2,0
I1LPZ2,K7KNC5,0
I1NBC2,A0A0R4J426,0
I1M7B9,C6TCH4,0
I1K8C1,K7KW44,0
C6SYA3,A0A0R0JYX3,0
I1LFQ4,K7KH93,0
C6SYA3,K7L2D7,0
C6TAF0,A0A0R0K6I2,0
I1LRB0,A0A0R0G7B5,0
A0A0R0HSJ1,K7KW44,0
C6SYA3,I1M225,0
I1KBM7,I1MLF1,0
K7KIU3,K7M592,0
I1L8L5,I1LII4,0
I1J4E1,I1M225,0
I1LPD3,K7M6J1,0
I1MLK3,A0A0R0EKI7,0
K7L1B9,I1LPK5,0
A0A0R0FSY2,C6T065,0
C6TKW2,I1MF50,0
I1KEY6,C6SZG1,0
C6SVV7,A0A0R4J5K6,0
K7MMR3,I1LLS4,0
C5NTE7,I1L3P5,0
I1LP18,I1M998,0
I1MY33,A0A0R0FZM4,0
A0A0R0F077,K7KAB4,0
K7KLI7,I1LII4,0
C6T4Z6,A0A0R0IF42,0
K7KP66,C6SX83,0
I1MY72,K7LY43,0
K7KY63,C6SYW6,0
I1JNV3,A0A0R4J5K6,0
I1LC20,K7KVK2,0
K7KLF0,C6SZG1,0
A0A0R4J2N2,I1NCV4,0
C6T3I8,C6SYE1,0
A0A0R0HSJ1,A0A0R0IF42,0
I1KZI6,K7MXH5,0
I1K650,I1N5D5,0
A0A0R0EU45,I1N5D5,0
A0A368UH03,A0A0R0IZY4,0
I1LPZ3,A0A0R0EYS5,0
C6F117,K7MXH5,0
K7LJF6,A0A0R0KVY6,0
I1KQE8,A0A0R4J384,0
I1KRF9,I1MTV9,0
I1KFU0,I1JUQ6,0
I1NBE9,K7N5K2,0
I1K2Z9,I1KZY8,0
K7KDM1,I1JMH3,0
I1N056,I1K970,0
A0A0R0EWX9,I1JD36,0
C6TKL8,A0A0R0L7U5,0
I1MZ32,A0A0R0K7U0,0
A0A0R0F7J9,I1KAD1,0
A0A0R0EZ39,A0A0R0ENB3,0
A0A0R0G5V6,I1MNS7,0
A0A0R0I8Z5,I1JRV0,0
C6TEP1,C6SWS6,0
I1MSC6,K7MNP5,0
I1NDG6,I1LVN3,0
I1LH11,K7KWE4,0
I1KHJ6,K7M864,0
K7MXS9,K7MNN5,0
I1MHA4,A0A0R0JT51,0
I1MQB5,K7N1T9,0
I1JIP5,I1NCV4,0
I1KMS4,I1N5D5,0
I1KY58,A0A0R0G7B5,0
A0A0R0GRI6,A0A0R4J5K6,0
I1N0I7,I1MTV9,0
K7KYE0,A0A0R0GPH9,0
A0A0R0FNV7,C6SYE1,0
K7KFV5,I1LUL2,0
I1KQC7,C6TNW3,0
I1KVX9,I1JMK4,0
I1MIE5,K7MGQ2,0
I1J4E1,K7M6Z2,0
C6T9S5,I1ML11,0
I1MGG3,A0A0R0ENB3,0
I1MJM9,A0A0R0K0K3,0
I1JR41,K7KVK2,0
I1KRD4,A0A0R0EG78,0
I1KBB6,A0A0R0GG06,0
I1MSC6,A0A0R0K0K3,0
I1KQB9,A0A0R0FEN3,0
I1M7B9,C6SYW6,0
I1J553,I1JK31,0
A0A0R0ET54,A0A0R0K0K3,0
K7MMR4,K7L939,0
A0A0R0G5A8,K7KNC5,0
C6TG91,I1MJJ9,0
A0A0R0L372,A0A0R0L4P0,0
I1MKM3,K7M864,0
A0A0R0I0B9,K7L939,0
I1M0S4,C6SYE1,0
C6TNL5,I1LWZ0,0
A0A0R0GJ85,I1JD36,0
K7MGQ3,I1LUE0,0
I1MM89,I1MEF5,0
I1LAR7,K7N129,0
I1MUN3,C6SZG1,0
I1MM64,C6SYE1,0
I1KPA1,K7N5K2,0
I1JKP1,I1JHJ0,0
I1MKM3,A0A0R0GPH9,0
I1J9J7,A0A0R0L0E7,0
A0A0R0L2U1,I1MK72,0
I1MVE9,I1JVX3,0
C6SY81,I1KSL6,0
I1KRD4,A0A0R4J5B7,0
I1LZW4,I1MEQ6,0
A0A368UHC3,I1M998,0
I1MLK3,K7KJB2,0
K7KLI7,I1LIA8,0
K7MC09,K7MRF5,0
I1LC20,I1NAJ5,0
I1MT74,K7L6N7,0
I1KUP5,A0A0R0GS25,0
C6SWI3,I1LM96,0
I1MUC0,I1KJD2,0
C6T9S5,I1J8C9,0
K7K553,K7L6K2,0
I1M3V1,C6SZG1,0
I1NDC0,K7M9T4,0
K7L8H2,I1KJF2,0
I1NIJ9,K7MC85,0
I1KJH7,I1MEQ6,0
I1KPT1,C6T4V3,0
C6SYF3,A0A0R0EKI7,0
I1KRZ2,I1MU00,0
I1MVK7,I1M3W1,0
I1M3Q8,C6TIQ7,0
K7KP66,A0A0R0FJR0,0
K7MXS9,C6SYW6,0
I1LGB7,I1NC50,0
K7KDM1,I1LVN3,0
I1JU70,I1N780,0
I1JIJ4,I1JK31,0
I1M9F7,I1ML11,0
I1KHY2,A0A0R0JJI0,0
I1M9F7,I1KH38,0
I1KYS6,K7L9M2,0
A0A0R0GE84,A0A0R0KPE1,0
I1M0S4,I1LWZ0,0
I1KU09,K7KW44,0
K7MRX6,K7MTL2,0
A0A0R0KNS7,A0A0R0E934,0
I1JUR7,A0A0R4J384,0
I1JXB4,I1LPK5,0
I1J5U5,A0A0R0GFH3,0
A0A0R0K5D9,A0A0R0IT62,0
C6TL77,A0A0R0JQJ0,0
I1M100,K7L2R0,0
A0A0R0G342,A0A0R0FEN3,0
K7L240,I1LII4,0
I1K7N0,C6SZ70,0
I1JBJ2,I1JRV0,0
A0A0R0F0T6,K7M4E0,0
I1LPI3,C6TIK0,0
C6TNL5,I1LUE0,0
I1KAJ2,K7L4N7,0
I1JML1,I1JAH7,0
I1LJW2,I1LPK5,0
I1K096,I1JHJ0,0
I1KGZ6,I1KAR1,0
C6SWG4,I1LIA8,0
A0A0R0G5V6,A0A0R0JTV5,0
A0A0R0KFE8,I1KCY5,0
I1LKQ4,I1NG45,0
I1J553,K7MNP5,0
A0A0R0LB39,I1JM18,0
I1MUC0,C6T4V3,0
I1LG61,K7N5K2,0
K7LVE4,I1LPK5,0
I1LGI1,A0A0R0G7B5,0
C6T507,I1JA95,0
K7MS88,A0A0R0KWL0,0
C6TAW8,A0A0R0FER5,0
C6SWG4,I1KHJ4,0
I1K3P0,I1L7G4,0
I1MNV4,I1LUL2,0
I1KEY6,K7KW44,0
A0A0R0HHZ3,A0A0R4J4C3,0
A0A0R0KNE1,I1M269,0
C6SWD4,A0A0R0GWH6,0
A0A0R0J7Q5,C6TNW3,0
C6T968,C6TIK0,0
K7KGE9,A0A0R0HV63,0
A0A0R0JB42,I1KCY5,0
K7KYE0,I1NC50,0
I1JQR6,I1LR48,0
I1KQ68,A0A0R0FXD4,0
I1MU29,K7KK86,0
K7MST2,A0A0R0GFM7,0
I1L8G3,I1N8M8,0
K7KYE0,I1KLS1,0
I1MK96,I1NC50,0
C6T8L7,A0A0R0H141,0
K7KDM1,K7N1L5,0
I1L8G3,C6SWS6,0
C6TKG0,I1N7F4,0
C6T426,I1KD82,0
I1MK96,K7N1T9,0
I1M7V7,I1MNU1,0
H2D4C3,A0A0R0JQJ0,0
I1L6W0,A0A0R0K7U0,0
I1J9J7,C6T065,0
I1LP18,I1K467,0
I1LZW4,A0A0R0HV63,0
A0A0R0L7S1,A0A0R0FJR0,0
C6TMM7,I1NCF6,0
I1LJ93,A0A0R0G7I0,0
I1JDR2,A0A0R0JRI8,0
I1N954,I1N898,0
I1NGL5,I1JMK4,0
C6SYF3,C6SX83,0
K7MI53,C6TJM4,0
I1JAG0,I1K4R8,0
I1NIE7,K7LCS7,0
I1KQG7,I1N898,0
C6TKL8,I1LIA8,0
C6SYR1,A0A0R0E934,0
I1KCX1,A0A0R0FJR0,0
I1N8M4,I1JD36,0
K7M5I5,A0A0R0FB78,0
I1L8G3,I1KVC1,0
I1J5U5,A0A0R0L7U5,0
I1LHY4,O22518,0
I1M0N9,A0A0R0GJV8,0
I1K0C4,I1K6E7,0
K7MTC4,I1N5D5,0
C6T507,I1L3P5,0
K7M9K9,K7MFE5,0
K7LWN2,I1K5B6,0
I1LZT5,I1L332,0
I1JUJ6,I1L2H4,0
C6TBN8,K7M841,0
I1M0N9,I1KD82,0
I1KCH6,I1N7F4,0
I1L478,I1MPJ4,0
I1MC39,A0A0R0IF42,0
A0A0R0GJ85,I1LIA8,0
I1L0M6,C6SZG1,0
I1MLN7,M1FN34,0
I1LGB1,C6TN69,0
I1NF12,Q43463,0
I1KD09,I1MNU2,0
K7LWN2,A0A0R4J4D0,0
C6T3G1,I1L3P5,0
I1JRL7,K7KWE4,0
I1L9A1,I1LL05,0
K7K8U8,A0A0R0IR73,0
C6TKC3,I1NC50,0
C6TMM7,A0A0R0KPE1,0
I1NHQ1,A0A0R0GFH3,0
I1L9A1,A0A0R0JTV5,0
I1LLA9,A0A0R0KE62,0
I1L8L5,K7MFZ6,0
I1J6B5,I1JMH3,0
A0A0R0F2G6,I1LIT1,0
A0A0R0FYN8,I1KJF2,0
I1JE93,I1JVX3,0
C6TC92,I1K5B6,0
C6TBN8,C6TGZ1,0
I1KGU0,I1KJF2,0
C6TFR5,K7N129,0
A0A0R0GE84,K7MC85,0
K7M5W5,I1MLJ0,0
K7K8U8,I1JRV0,0
H2D4C3,I1NC50,0
I1KGZ6,K7M6R4,0
A0A0R0FKK9,I1L9K4,0
A0A0R0GE84,I1MSN3,0
I1MBA2,I1MZV0,0
I1M7V7,C6TIQ7,0
A0A0R4J3R4,I1MK72,0
I1M2R5,K7KH93,0
I1NDG6,K7L2D7,0
I1KAJ2,A0A0R4J2Y1,0
H2D4C3,I1KZY8,0
Q2PMU0,I1JB64,0
C6SZL0,K7KES1,0
C6SVB5,I1NAF6,0
Q2PMU0,A0A0R0JBL2,0
I1JWF0,I1KZY8,0
I1LWR7,K7M841,0
C6SWZ1,C6TIQ7,0
I1K328,A0A0R0EWR2,0
I1NFU9,A0A0R0GFM7,0
Q2PMU0,I1MLJ0,0
I1K9P1,I1M3W1,0
I1MY33,I1JMZ7,0
Q2PMT2,A0A0R0JJI0,0
A0A0R0FSY2,K7LFD7,0
A0A368UHC3,A0A0R0E934,0
I1JS66,P17093,0
I1LZM7,I1JMK4,0
I1KY58,C6SZ70,0
A0A0R0EJE2,I1LH18,0
I1LBV2,I1JRV0,0
K7K8U8,K7MGQ2,0
K7M142,I1LII4,0
I1KBB6,I1JUQ6,0
I1L5H8,K7LLV5,0
I1JY67,I1J4B5,0
C6SWA0,A0A0R0KWL0,0
I1K3U2,K7MNN5,0
I1LKQ4,K7LLV5,0
A0A368UHM1,A0A0R4J2Q5,0
I1KJL3,I1LIA8,0
I1JXB4,I1L171,0
I1JE93,A1YZE0,0
I1N056,K7KH93,0
I1JU70,I1MNS7,0
I1KDB2,I1L9K4,0
I1KRF9,I1LR48,0
I1KFI5,I1LGD6,0
K7KCG5,A0A0R0HSH0,0
I1KMP8,A0A0R0KPE1,0
K7LA18,I1K970,0
I1N8P5,A0A0R0JTV5,0
C6SWI3,A0A0R0G7B5,0
I1KS20,I1KSL6,0
K7LDR8,I1LPW2,0
C6SVU4,K7LTR0,0
A0A0R0EU45,A0A0R0HSA0,0
C6SVB5,I1JB64,0
I1N6N9,K7KNC5,0
I1KUP5,I1M1D5,0
K7LJF6,I1JK31,0
A0A0R0KH89,I1MQC8,0
A0A0R0IHF9,C6SZ70,0
A0A0R0KNE1,C6TNW3,0
I1N0W9,K7LNG6,0
P09755,K7LNG6,0
C6SYF3,K7KTS8,0
I1L219,M1FN34,0
A0A0R0JB42,K7MMD7,0
A0A0R0JH35,A0A0R0KWT5,0
A0A0R0L115,I1LL05,0
K7M5I5,C6SZG1,0
A0A0R0FSS2,I1LPW2,0
A0A0R0F2Z4,I1MRI5,0
I1LIM0,K7L9M2,0
K7KDA5,K7MRF5,0
A0A0R0LA89,A0A0R0K7U0,0
A0A0R0HN81,I1N5D5,0
I1LJ94,Q43463,0
A0A0R0GNH6,I1JD36,0
I1J5Q1,K7KNC5,0
I1K4D7,A0A0R0K0K3,0
I1MV96,I1KFL5,0
A0A0R0K5X4,A0A0R0JJK0,0
A0A0R0FSS2,K7L7W0,0
I1MEN1,K7L4N7,0
I1M4Y9,I1NCF6,0
K7LIW2,A0A0R0FB78,0
A0A0R0K0L0,I1NCF8,0
I1MSC6,I1NIE5,0
I1MLN7,I1JD52,0
I1LYG4,I1LWZ0,0
A0A0R0GYG1,A0A0R0GAQ8,0
I1L1S1,I1K642,0
I1N0I7,I1MSN3,0
K7KVG4,K7L6K2,0
I1KBL4,A0A0R0KPE1,0
K7MMF4,A0A0R0EWR2,0
I1MUQ7,K7KES1,0
A0A0R0GBL8,C6T065,0
A0A0R0JES0,A0A0R0K0K3,0
A0A0R0FNV7,Q2PMR3,0
I1M0C3,K7LHS7,0
I1LXH0,I1KZ09,0
I1L412,I1KSD0,0
I1LGI1,C6TJM4,0
C6T4Z6,I1K9J7,0
I1MLZ0,A0A0R0FEN3,0
I1K2U0,K7KQZ8,0
I1JV48,C6TGA9,0
I1JE83,I1K3X9,0
A0A0R0JLD5,K7N129,0
I1LUL7,A0A0R0GFM7,0
I1JVU8,K7LTB2,0
K7MWR1,I1LR48,0
C6T2Y4,I1N5D5,0
A0A0R0KJP6,I1LEC4,0
C6T3G1,A0A0R0G7B5,0
I1L215,I1KLS1,0
K7M1G4,I1ML11,0
I1L8G3,A0A0R0FJR0,0
C6T868,I1KYL4,0
I1JNV3,I1N898,0
C6T883,C6T5R4,0
A0A0R0GZZ6,A0A0R0EYS5,0
I1K328,A0A0R0L828,0
I1J6B5,A0A0R0G7B5,0
I1LDU4,A0A0R0IZY4,0
I1LPZ2,A0A0R0HSA0,0
K7MZ38,A0A0R4J5C5,0
I1KX98,I1KUB2,0
I1MK36,I1LPJ8,0
I1K9P1,I1L332,0
K7LHR2,I1M225,0
I1MNM3,A0A0R4J5B7,0
K7LKS0,I1KZK2,0
I1LZ09,K7M841,0
I1MNM3,I1KUS2,0
I1KJW4,K7L2R0,0
I1KPA1,K7MYK9,0
I1LAR7,I1JMH3,0
K7KGJ8,I1MW74,0
I1NGD2,K7MRF5,0
I1JV48,I1JM18,0
I1KJH7,I1MGG7,0
I1JFS9,I1JHJ0,0
I1N5E8,C6TN69,0
A0A0R0EI44,K7KAB4,0
C6T9S5,K7KNC5,0
I1N1Y6,C6T4V3,0
C6T0U3,I1LPK5,0
I1LYN0,I1KH38,0
A0A0R0JES0,I1K5K7,0
C6SWM1,K7LTB2,0
I1MGB0,A0A0R4J4C5,0
I1LP56,I1J9I1,0
K7L8H2,I1J547,0
C6SXP5,I1M1D5,0
I1MLZ0,A0A0R0GFM7,0
C6T2L5,A0A0R0JT51,0
C6T883,I1K215,0
I1KQB9,I1K4R8,0
K7MCH3,I1L2H4,0
C6TD73,K7MYK9,0
I1MEZ1,A0A0R4J2Q5,0
I1JW21,I1MQC8,0
C6TMM7,I1JK31,0
K7LIW2,A0A0R0IT62,0
I1MFH3,K7LSJ2,0
A0A0R0HXE9,I1LUE0,0
I1L412,K7N5K2,0
I1JUJ8,I1NAJ5,0
I1N0U4,I1MLJ0,0
I1NH98,I1MLF1,0
I1MLH9,K7LK09,0
I1M5E2,A0A0R0JSJ9,0
I1MNE4,A0A0R0HSA0,0
C6SWM1,I1KSL6,0
Q2PMS6,I1LEC4,0
I1MLZ0,A0A0R0L7U5,0
I1MQB5,A0A0R4J4D0,0
C6T426,A0A0R0G7I0,0
I1L215,K7KES1,0
I1LWR7,A0A0R0JYX3,0
A0A0R0JLD5,C6SZ70,0
I1JTW0,I1M269,0
C6TK75,I1NCV4,0
C6TNX5,I1MGG7,0
C6TEP1,I1JD52,0
I1LGI1,A0A0R0EUJ0,0
I1LC01,I1KCY5,0
A0A0R0KJP6,K7LTB2,0
I1LRH8,I1MNU1,0
I1M7C1,C6SZ70,0
I1M273,I1JVX3,0
K7MMR4,K7K8K7,0
Q2PMU0,I1JE09,0
I1M3Q8,A0A0R0K0K3,0
K7KYE0,K7KES1,0
K7LZZ5,K7LTR0,0
A0A368UHC3,A0A0R0EJV2,0
A0A0R0JYY8,I1KHJ4,0
I1L8G3,C6T0A0,0
I1KLE1,I1JRV0,0
I1N9I5,I1MNU2,0
K7KPJ4,I1LL05,0
I1LZW4,K7MFE5,0
I1LHR1,A0A0R4J5B7,0
C6T2Y4,I1MRI5,0
I1KAJ2,A0A0R0H141,0
A0A0R0GCF5,I1N898,0
I1JKP1,I1N8M8,0
I1J8V4,P62302,0
I1MUC0,I1LH27,0
A0A0R0ET54,I1LXQ3,0
I1JWF0,I1JV03,0
I1NFS4,I1MGG7,0
I1M7V7,K7LLV5,0
I1NJ79,K7KES1,0
K7LXT7,I1KTI0,0
A0A0R0JB42,K7LLV5,0
I1M273,I1K5K7,0
I1KYS6,I1KJD2,0
I1M717,C6T065,0
A0A0R0G3G4,I1LLS8,0
I1KS36,K7M592,0
I1L1N3,I1LLS4,0
I1KQ68,I1J9I1,0
I1KS20,I1JVX3,0
I1JS66,I1M3W1,0
I1N8P5,I1JD52,0
I1JR41,P62302,0
I1KP31,I1MNS7,0
I1M273,K7L9M2,0
I1JNB0,A0A0R0HSA0,0
A0A0R0EFE2,I1MTV9,0
I1LPZ3,I1LPK5,0
I1JFS9,I1L7G4,0
A0A368UHM1,I1LPJ8,0
K7M787,I1KUS2,0
I1NFS4,I1KFL5,0
P48513,A0A0R0FJR0,0
K7LWC5,I1LH27,0
I1LYN0,I1LUE0,0
I1MUC0,C6SZQ0,0
C6T8L7,I1K215,0
K7LGW1,I1K5B6,0
I1M3U2,A0A0R0FEN3,0
I1KR80,A0A0R0GFH3,0
K7L240,I1NCF6,0
A0A0R0K6F4,I1NCF6,0
C6SZM9,K7L2R0,0
I1MC39,C6SYE1,0
I1MZ32,I1J4B5,0
I1LXH0,A0A0R4J4C3,0
I1JS58,A0A0R0KVY6,0
C6SZM2,K7KES3,0
A0A0R0I8Z5,O22518,0
A0A0R0J7J3,I1KEC8,0
I1MHS1,I1MNS7,0
I1L250,I1M998,0
I1LPZ3,A0A0R0HSH0,0
P46279,I1K467,0
I1KVS3,A0A0R4J5K6,0
A0A0R0I8Z5,K7L2R0,0
A0A0R0F077,I1NC50,0
A0A0R0ERF9,K7LLV5,0
A0A0R0GNH6,I1L9K4,0
I1JKP1,I1MNV2,0
I1M7C1,A0A0R0GFM7,0
K7MVB9,I1KCY5,0
C6T868,K7LTB2,0
K7M1G4,I1K215,0
I1KFI5,K7KH93,0
I1LZ09,K7L6K2,0
K7KIU3,K7MNN5,0
A0A0R0GRI6,I1KMS8,0
I1MUN3,K7K8K7,0
K7L1D3,C6T5U0,0
K7LKS0,A0A0R0EWR2,0
A0A0R0EWX9,I1L171,0
C6T968,K7MXH5,0
K7KDX2,I1KM19,0
I1K3P0,K7L939,0
A0A0R0GCF5,A0A0R0EWR2,0
C6T2H2,A0A0R4J5C5,0
A0A0R0KJP6,I1K9J7,0
I1MJ97,C6T2G5,0
I1L6W0,K7L939,0
A0A0R4J2N2,C6TIQ7,0
A0A0R0FQN0,K7M592,0
C6TL77,I1N780,0
I1LYU9,C6TK73,0
C6TG91,I1LG13,0
K7N3F6,I1K5K7,0
I1N0U4,A0A0R0JJI0,0
I1LLA9,A0A0R0KVY6,0
I1MEZ1,A0A0R0JRI8,0
I1KB25,I1KJF2,0
A0A0R0EYA9,A0A0R0GFH3,0
A0A0R0J2L9,A0A0R0FGT9,0
K7M097,I1LM96,0
I1J8W9,K7K4C7,0
A0A0R0K6F4,C6SZ70,0
K7LWI3,A0A0R0FM97,0
I1LPZ3,A0A0R0G7I0,0
C6SXM9,K7N5K2,0
I1JT28,A0A0R4J384,0
I1LC01,A0A0R0L0E7,0
C6SZ22,A0A0R0JBV0,0
I1JT28,I1MRI5,0
I1M9T4,K7M6R4,0
I1N9I5,I1LFD2,0
C6TFR5,I1LPJ8,0
K7LJF6,A0A0R0FM97,0
A0A0R0HSV1,I1M277,0
I1KQE2,K7M466,0
I1LY25,A0A0R0IT62,0
K7M142,I1JVX3,0
I1LMP2,C6TIK0,0
I1J9J7,I1M269,0
K7LVE4,C6T4V3,0
I1MLZ0,C6TFX5,0
C6TAF0,K7N1L5,0
C6SWI3,I1JB64,0
I1N8P5,I1L3P5,0
C6T0U3,K7LHS7,0
I1N1X8,A0A0R0JSJ9,0
A0A0R4J2N2,I1NIE5,0
C6SYE0,A0A0R0KVY6,0
C6T868,A0A0R0GWH6,0
I1MU29,I1ML11,0
I1J4E1,A0A0R0KPE1,0
A0A0R4J2K3,P62302,0
K7MD28,A0A0R0JT51,0
I1MEF8,I1LIA8,0
I1JW64,I1LH27,0
I1K628,I1NC50,0
I1LMW7,I1LUE0,0
I1L8G3,K7KQZ8,0
Q2PMT2,I1M998,0
A0A0R0LFT0,I1JM18,0
A0A0R0ESI3,A0A0R0L828,0
I1N8Q6,I1KUB2,0
I1MNK0,I1MLF1,0
I1LZT5,A0A0R0GWH6,0
A0A0R0IGP2,C6TN69,0
I1N0R5,A0A0R0EWR2,0
I1L8S1,I1KTI0,0
I1N9S5,K7M466,0
I1JTE4,K7K894,0
K7LWC5,A0A0R0JSJ9,0
I1LMW7,K7L939,0
I1NCS8,C6SZQ0,0
I1L8S1,I1MGG7,0
K7MD28,C6SW04,0
I1MC26,K7MNN5,0
I1JTW0,K7LQV0,0
I1KXI7,A0A0R0F214,0
I1MBR7,C6SZG1,0
I1KHJ6,I1J4B5,0
K7LDR8,K7MC85,0
I1JNK6,I1MF50,0
I1NF12,I1NAJ5,0
Q2PMU2,K7MGQ2,0
I1N3M5,A0A0R0ENB3,0
C6TC92,C6TJ17,0
K7MZP6,A0A0R0GUR9,0
C6TD73,K7M6J1,0
K7MS88,A0A0R0EDS9,0
A0A0R0JH35,I1ML11,0
C6T883,I1M269,0
A0A0R0I0B9,K7LSG2,0
I1JY87,A0A0R0JT51,0
I1KYD6,A0A0R0FTI5,0
K7K2H1,I1L171,0
C6F117,A0A0R0L0E7,0
I1KQE8,K7KES1,0
I1MEF8,C6TJM4,0
I1LUF0,A0A0R0GUR9,0
I1KUT8,C6TGZ1,0
I1JS66,I1MU00,0
I1M7B9,K7N1L5,0
I1N6Z0,C6T065,0
I1KQB9,I1J9I1,0
I1MJ97,I1K5B6,0
K7LGW1,I1KVC1,0
I1LCX3,I1M277,0
C6SWI3,I1NC50,0
I1JTW0,I1NAJ5,0
I1KGI6,I1MW74,0
K7L395,I1LIU7,0
I1MKM3,I1LLS4,0
A0A0R0JKU3,C6TBL4,0
A5Z2K3,I1KPE7,0
I1LGB1,I1KYL4,0
K7LUF9,I1KCY5,0
I1JWF0,A0A0R4J426,0
I1LDU4,I1K215,0
I1K7J4,K7LSG2,0
I1KYD6,I1M1D5,0
I1MNM3,I1K970,0
I1LDU4,I1KYL4,0
I1JL13,C6SYE1,0
I1MY43,I1K467,0
I1MU29,I1KH38,0
C6SYA3,C6TNW3,0
I1LY25,I1JUQ6,0
C6SVH9,I1N8M8,0
K7KTT9,K7L939,0
I1MLK3,I1JK31,0
I1MWF0,A0A0R4J5K6,0
I1LYN0,I1KPE7,0
I1N0F1,A0A0R0G7B5,0
I1LR08,I1MRI5,0
I1JVP4,I1LW00,0
P46279,I1M269,0
K7LXT7,C6T5R4,0
I1MUN3,K7N129,0
A0A0R0KCY1,A0A0R0K7U0,0
I1L8L5,I1KHJ4,0
I1K5L7,I1MTV9,0
C6T2H2,K7LSG2,0
K7LSH9,C6T5R4,0
I1M7V7,I1KZY8,0
K7KDM1,I1JVX3,0
I1JYG7,A0A0R0KWT5,0
K7KDM1,K7M849,0
K7L1D3,K7KVK2,0
I1KYS6,I1LII4,0
I1M0C2,K7KWE4,0
I1MNE4,I1LG13,0
K7L3P2,K7MM40,0
I1K3U2,I1MGG7,0
K7N3F6,A0A0R0L828,0
I1JM69,K7LTR0,0
A0A0R0J7Q5,I1J547,0
A0A0R0L8Y1,I1LHS8,0
I1K4U3,A0A0R0EJV2,0
K7LGW1,A0A0R0HSH0,0
I1KBQ5,I1LII4,0
C6TAF0,A0A0R0F214,0
K7KDA5,K7KW44,0
A0A0R0GCF5,I1K6E7,0
O48901,C6TFX5,0
K7MTC4,I1MRP6,0
I1J9W0,I1KCY5,0
K7MMR4,I1MK72,0
I1J5B0,I1K1W8,0
C6TLV6,I1LWZ0,0
I1LJI8,K7LTR0,0
K7LXT7,K7N129,0
A5Z2K3,A0A0R0H141,0
A0A0R0EWX9,A0A0R0IR73,0
K7L395,A0A0R0KWL0,0
P46279,A0A0R0KPE1,0
I1JNK6,I1M1W3,0
K7MS88,A0A0R0IZY4,0
K7N3F6,I1KZ09,0
I1JUJ6,A0A0R4J5K6,0
C6TG81,K7KES1,0
I1KHL6,A0A0R0L5Q1,0
I1JFN0,I1LIU7,0
I1LJ93,I1K4R8,0
K7M787,I1MRP6,0
I1JS66,I1K4R8,0
I1MLK3,I1KFL5,0
A0A0R0EYA9,I1L7G4,0
I1LGB1,I1KD82,0
I1JFS9,I1J9I1,0
K7MS88,K7M466,0
A0A0R0KE73,A0A0R4J2Q5,0
I1LGI1,K7MNN5,0
C6T2L5,I1JV03,0
I1K328,A0A0R0JT51,0
I1JG98,A0A0R4J2Y1,0
C6TKC3,I1LVN3,0
A0A0R0EWX9,I1K4R8,0
K7KGC2,C6TNW3,0
A0A0R0JYY8,I1MGG7,0
C6T8R7,A0A0R0ENB3,0
C6TKW2,K7MFZ6,0
I1KU09,K7LNG6,0
A0A368UH03,K7M864,0
I1L215,C6SYE1,0
I1L6W0,I1LLS4,0
K7KDA5,I1LUL2,0
I1JIJ4,A0A0R0JT51,0
I1JMZ4,I1JV03,0
K7MMR3,K7KQZ8,0
I1KJT5,I1K115,0
I1LPI3,I1LM96,0
K7MZP6,A0A0R0JTV5,0
I1NH73,K7N0V8,0
I1J9W0,I1KJF2,0
I1N0I7,I1M3W1,0
A0A0R0G342,C6SX83,0
A0A0R0JYY8,I1MZV0,0
A0A0R0H8M3,A0A0R0GPH9,0
A0A0R4J389,A0A0R0HSH0,0
I1LHR1,I1LVN3,0
A0A0R0I0B9,A0A0R0EKI7,0
I1KIB3,I1KMS8,0
C6SY81,A0A0R0JJK0,0
C6TLT3,I1KAD1,0
C6T567,I1MSN3,0
A0A0R0EFE2,A0A0R0FER5,0
I1JFS9,C6TFX5,0
I1NBQ2,K7LY43,0
A0A368UHC3,I1NAJ5,0
I1K912,I1J8C9,0
C5NTE7,I1NIE5,0
P09755,I1LH27,0
I1MNK0,I1K642,0
I1KRF9,A0A0R4J2Y1,0
I1MNV4,I1KSL6,0
K7LDR8,C6SZG1,0
I1K5G1,K7KH93,0
A0A0R0K0L0,A0A0R0KWL0,0
I1M0C2,I1K9J7,0
I1M5E2,K7KES3,0
I1MUQ7,I1NCF8,0
I1NFS4,C6TGA9,0
I1LM73,K7K894,0
A0A0R0EZ39,K7M466,0
I1KHJ6,I1LLS4,0
I1LZW4,I1JUQ6,0
A0A0R0H2V0,K7M466,0
C6SZ22,I1KSD0,0
K7L240,I1NCF8,0
I1K5G1,K7M6Z2,0
K7LWN2,I1M5B6,0
A0A0R0L8Y1,I1MPJ4,0
A0A0R0GRI6,C6SWS6,0
K7LA18,K7L4N7,0
A0A0R4J3N1,I1LHS8,0
C6TGR3,I1MGG7,0
A0A0R0F2Z4,K7LCS7,0
K7MAP3,I1K3X9,0
K7KNJ6,I1JE09,0
I1M7C1,I1LXQ3,0
A0A0R0FSS2,K7KK74,0
A0A0R0JKU3,A0A0R4J5K6,0
K7KY63,I1K1W8,0
I1M6L1,C6TBL4,0
A0A0R0JJ98,I1MSN3,0
K7MH53,K7M864,0
I1JTE4,I1LIA8,0
I1MUC0,K7MMD7,0
I1LKU1,A0A0R0FER5,0
I1NF54,I1MU00,0
K7LIW2,A0A0R0L7U5,0
C6T7N2,I1K2I1,0
I1LMQ5,C6SZ70,0
A0A0R0HDM5,I1KXK6,0
K7MGQ3,I1KH38,0
A0A0R4J4C8,K7M6R4,0
C6TL77,A0A0R0HSA0,0
I1KEY6,C6TFX5,0
I1KBL4,Q43463,0
A0A368UH03,A0A0R0JT51,0
I1NH73,A0A0R0EKI7,0
I1KZI6,P17093,0
A0A0R0FYN8,A0A0R0KVY6,0
I1NGL5,K7K318,0
I1M100,I1N5D5,0
I1N9I5,K7KWE4,0
I1KU09,K7KH93,0
Q2PMU0,K7K318,0
P48513,I1MRP6,0
I1LIR4,I1M1W3,0
A0A0R0IAV3,A0A0R0IT62,0
I1N9S5,I1LGD6,0
I1JY87,C6SZQ0,0
K7MAP3,I1J9I1,0
A0A0R4J389,I1LHS8,0
K7MCD1,I1LLS8,0
I1MZ32,I1LH18,0
K7M1G4,C6SZ70,0
I1JT85,I1KLS1,0
I1N0R5,I1LR48,0
I1M4P0,I1KJF2,0
K7N3F6,I1MK72,0
I1KPT1,I1MW74,0
I1KR80,A0A0R0E934,0
I1JU70,I1LEC4,0
A0A0R0FNM4,I1L332,0
A0A0R4J2W3,A0A0R0FGT9,0
K7M142,K7LY43,0
K7KEV0,I1MVC6,0
I1MU29,I1LLK1,0
I1JUJ6,I1K4R8,0
I1N8P5,A0A0R0GS25,0
I1KHL4,A0A0R0KPE1,0
C6TKZ4,A0A0R0GS25,0
I1M757,A0A0R0EG78,0
A0A0R0KNS7,C6TIK0,0
I1JI73,K7KW44,0
M1FN39,I1LVN3,0
K7KZ42,I1N5D5,0
I1L1N3,K7LQV0,0
I1K912,I1KSD0,0
K7KYY0,C6T4V3,0
I1K9B8,K7KES1,0
A0A0R0G2B9,I1KCY5,0
K7KKB2,I1LFD2,0
K7KCG5,A0A0R4J4C5,0
I1MLK3,I1LY15,0
I1N0R5,I1K1W8,0
K7N0X7,K7L2R0,0
C6T4Z6,A0A0R0GS25,0
I1KUT8,I1MRP6,0
I1KKD9,A0A0R0FB78,0
K7MST2,K7LIE3,0
I1M3Q3,I1KZY8,0
I1K3P0,K7M6I1,0
I1KPA1,A0A0R0F214,0
I1KC19,I1KJF2,0
Q2PMU2,I1JUQ0,0
K7MGK0,A0A0R0GFM7,0
I1N1Y6,I1KJD2,0
I1K9B8,I1K215,0
A0A0R4J2W3,A0A0R0JBL2,0
A0A0R0H9H8,I1MW51,0
I1JTE4,K7N129,0
I1N1V6,I1N7F4,0
I1L690,K7KK86,0
C6T2Y4,A0A0R0HSA0,0
I1MZ47,I1KYL4,0
I1LPI3,A0A0R0L828,0
C6SVB5,K7MFZ6,0
I1N1X8,C6T2G5,0
I1N056,K7MYK9,0
A0A0R0FKK9,A0A0R0EYS5,0
A0A0R0KE73,I1JUQ0,0
I1JAF7,I1LG13,0
C6T2Y4,I1K1W8,0
I1L1N3,A0A0R0HCS6,0
C6SZY0,I1MNS7,0
I1MV96,A0A0R0G7I0,0
K7KGJ8,I1K5K7,0
I1MKM3,A0A0R0KPE1,0
I1JNB0,I1M1D5,0
I1LS70,K7KQZ8,0
A0A0R0KCV3,I1JHJ0,0
I1MKM3,K7KW44,0
I1LJA4,A0A0R4J4C5,0
A0A0R0KNS7,I1JD36,0
C6SYR1,A0A0R0K7U0,0
K7MST2,I1MRP6,0
A0A0R0I1I4,A0A0R4J426,0
C6TKL8,I1LL05,0
I1KRD4,C6TIK0,0
I1KD09,I1MVC6,0
I1MFH3,A0A0R4J5C5,0
A0A0R0I1I4,I1LY15,0
I1N5E8,A0A0R0GJV8,0
I1KEY6,K7KAB4,0
C6T968,K7LFD7,0
I1J4E1,A0A0R0IZY4,0
I1JDR2,A0A0R0GAQ8,0
I1MSD9,I1M225,0
A0A0R0K5X4,A0A0R4J4H3,0
I1JU70,I1LGD6,0
I1LYN0,C6TGZ1,0
I1KFI5,C6T5R4,0
K7K553,I1KAR1,0
C6TKW2,I1MZV0,0
I1J6B5,K7N145,0
I1LAR7,A0A0R0FJR0,0
C6T0E4,K7KK74,0
K7KKB2,C6SX83,0
I1LC01,K7K8K7,0
I1MZ32,K7L6K2,0
K7MAP3,A0A0R0JT51,0
C6SXP5,C6SZQ0,0
I1JAG0,A0A0R0FX75,0
I1KQ68,I1J8C9,0
C6SY81,I1LPK5,0
A0A0R4J3R4,C6T2G5,0
A0A0R0E3E6,A0A0R0JBV0,0
I1MU29,A0A0R0JTV5,0
I1M5E2,K7L7W0,0
C6TFN5,I1N761,0
K7LKS0,K7M6I1,0
I1KRZ2,K7MTL2,0
I1N3M5,I1LLS8,0
I1LC01,I1K6E7,0
K7MGQ3,A0A0R0FXD4,0
K7LGW1,K7M9T4,0
I1N954,A0A0R0JQJ0,0
I1MNU7,K7KVK2,0
C6T507,I1JRU7,0
A0A0R4J2K3,I1KZK2,0
I1KJ98,I1JMK4,0
I1KTS9,A0A0R0K7U0,0
I1MEF8,A0A0R0IT62,0
C6TNX5,I1NG45,0
K7MTC4,I1N780,0
A0A0R0JZD5,I1LPW2,0
K7LGW1,I1KXK6,0
A0A0R0EU45,I1LIA8,0
I1J5U5,K7L939,0
I1M0C2,K7M6I1,0
I1JZC3,I1JRU7,0
K7KZ42,K7LY43,0
I1JMZ3,I1N5D5,0
I1JML1,K7KH93,0
I1K2J5,I1M269,0
I1LDA7,K7L2D7,0
K7KEV0,A0A0R0H141,0
C6TKB2,I1M1D5,0
K7KFV5,K7MC85,0
A0A0R0EI44,A0A0R0GUR9,0
C6T7N2,A0A0R0L7U5,0
I1JML1,I1M3W1,0
I1M3V1,C6TJ17,0
A0A0R4J354,A0A0R4J4D0,0
I1JS66,P62302,0
I1KGZ6,C6SZQ0,0
I1MWP7,I1MW74,0
I1MLZ0,I1J8C9,0
I1LMW7,I1J4B5,0
A0A0R0FSS2,I1LR48,0
K7K8U8,I1JD07,0
I1KFI5,I1LR48,0
C6T8L7,I1MRP6,0
I1MV96,I1JMH3,0
I1KLS4,K7KNC5,0
K7KGJ8,I1M998,0
I1LJA4,I1N5D5,0
I1MVK7,A0A0R0JT51,0
I1MQD0,A0A0R4J4D0,0
I1MXT2,I1MRI5,0
I1M0N9,I1NIE5,0
I1LPD3,K7MGQ2,0
I1LRE4,I1KPE7,0
I1N0I7,K7N1T9,0
I1KQC7,K7N1T9,0
I1KQB9,K7M846,0
I1L524,I1NJ53,0
C6SZG8,I1MJJ9,0
C6TG91,K7M6I1,0
I1JAF7,I1JA95,0
I1KLE1,K7MQG6,0
I1KQE2,I1MRP6,0
I1M0S4,I1KJD2,0
I1LG61,A0A0R4J4C3,0
A0A0R0FSS2,Q2PMR3,0
K7LQ96,C6TIK0,0
I1JUJ8,I1LWZ0,0
I1LQ02,A0A0R0FX75,0
I1MK96,I1KFL5,0
I1KEY6,K7M864,0
K7MS88,I1KFL5,0
I1MV96,A0A0R0HV63,0
I1LGB7,C6TGZ1,0
I1MFH3,C6SZ70,0
I1MYX8,I1J547,0
I1MGB0,C6T0A0,0
I1N1V6,C6T2G5,0
I1M4P0,K7KAB4,0
K7LZZ5,I1LLS4,0
I1L478,I1LH18,0
I1KU09,A0A0R0FM97,0
I1M3V1,I1LY15,0
K7N5D4,K7KVK2,0
C6T567,I1LII4,0
I1MZ32,A0A0R0EUJ0,0
I1L1L2,K7KAB4,0
I1KGZ6,A0A0R4J4C3,0
K7KE09,K7KH93,0
I1L8G3,I1K146,0
I1JIJ4,K7MGQ2,0
I1M7C1,K7MFZ6,0
I1NC77,I1LLS8,0
C6T2L5,K7MYK9,0
I1KGU0,A0A0R0JSJ9,0
Q2PMQ9,I1LIA8,0
I1KPU4,A0A0R0GFH3,0
I1N8M4,I1KTI0,0
I1L412,K7KH93,0
I1JHC2,I1K970,0
K7MXD1,A0A0R4J4H3,0
I1JQR6,I1KVC1,0
I1JG98,I1K5K7,0
I1M9F7,C6T4V3,0
I1N0F1,A0A0R4J5K6,0
K7LTQ1,I1LEC4,0
K7LLK0,A0A0R0L5Q1,0
A0A0R4J2N2,I1LL05,0
A0A0R0GJ85,I1KSD0,0
I1KEY6,A0A0R0GPH9,0
I1JVU8,K7KES1,0
I1N4X7,A0A0R0H141,0
I1M717,A0A0R0FX75,0
I1KYD6,A0A0R0GPH9,0
I1J8W9,I1LGD6,0
I1J8V4,A0A0R0FX75,0
I1JKS2,Q43463,0
I1KVX9,A0A0R4J384,0
I1KR80,K7N5K2,0
K7MMG1,K7LLV5,0
I1L478,I1NAF6,0
I1LMW7,I1MNV2,0
I1LIS4,I1LY15,0
I1JRA0,K7MNN5,0
I1J7S6,O22518,0
I1N0I7,K7N145,0
I1KTL9,I1N898,0
C6SZM2,I1LLS8,0
I1KVS3,I1LIA8,0
I1JXQ3,I1MPJ4,0
I1N6Z0,K7M6J1,0
K7KDM1,I1KJD2,0
A0A0R0J2L9,K7M6Z2,0
C6SXF5,C6T5U0,0
K7K2H1,A0A0R0EKI7,0
A0A0R4J2N2,K7M841,0
C6TCW7,I1MEF5,0
I1L8H7,I1LG13,0
I1J553,A0A0R0GG06,0
A0A0R0J7Q5,K7L6N7,0
K7K676,I1JD07,0
I1MC39,C6TFX5,0
A0A0R0EI44,K7M9T4,0
A0A0R0FSS2,I1JMH3,0
I1M0S4,A0A0R0G7B5,0
I1MWP7,I1KUS2,0
K7LJF6,I1JE09,0
I1LPZ2,I1J8W6,0
Q2PMT2,A0A0R0JQJ0,0
K7MCH3,K7KK74,0
A0A0R0KFE8,I1K146,0
K7N0X7,C6SW04,0
I1KQC7,K7LTR0,0
I1M100,A0A0R0FEN3,0
I1LMP2,K7MYK9,0
A0A0R0JYY8,A0A0R0H141,0
I1LKU1,K7K894,0
C6SZL0,I1NCV4,0
A0A0R0L8Y1,K7MXH5,0
I1JIJ4,A0A0R0FXD4,0
I1NFS4,K7K4C7,0
I1JAG0,K7LSG2,0
I1LP18,I1JA95,0
I1MTZ8,A0A0R0FEN3,0
I1LDU4,C6T2G5,0
I1JRL7,I1KM19,0
I1LZW4,A0A0R0G7I0,0
I1LMW7,A0A0R0KWT5,0
I1LJ94,A0A0R0KPE1,0
I1M3Q3,C6SX83,0
C6TL77,I1LPK5,0
I1KTD4,C6TIK0,0
A0A0R0H2V0,I1M3W1,0
I1LMW7,A0A0R0L4P0,0
I1KZI6,I1LLS8,0
A0A0R0EYA9,I1JA95,0
I1KPT1,C6TGA9,0
A0A0R0KCV3,I1JMH3,0
A0A0R0JJK8,K7L6K2,0
I1N0I7,A0A0R0G7I0,0
I1MNV4,A0A0R0KE62,0
I1L250,I1L3P5,0
I1KS36,A0A0R4J4C3,0
C6T530,I1K2I1,0
I1KQG0,K7MQG6,0
C6T0E4,K7M466,0
A0A0R0IAV3,K7N0V8,0
K7KE09,A0A0R0FTI5,0
K7L395,A0A0R0EYS5,0
I1K650,K7N129,0
P48513,K7KTS8,0
I1L8G3,K7M4E0,0
I1MGB0,I1MQC8,0
I1KKD9,K7M4E0,0
I1LSM6,K7KK86,0
I1KEY6,A0A0R0IT62,0
I1L478,I1KVC1,0
I1KGZ6,I1L7G4,0
I1JL13,I1LPJ8,0
A0A0R0HXE9,A0A0R0GPH9,0
I1LRH8,K7KJB2,0
I1JMZ3,A0A0R0FEN3,0
A0A0R0HIA6,A0A0R0G7I0,0
A0A0R0G6V6,K7MC85,0
I1KS20,I1MQC8,0
C6SYE0,A0A0R0EG78,0
C6TG99,I1MRI5,0
A0A0R0F077,K7KVK2,0
I1MC39,A0A0R0FB78,0
I1L5Z7,A0A0R0GS25,0
I1LYU9,A0A0R4J2Y1,0
I1KJ98,I1MK72,0
K7MD28,I1K6E7,0
I1L1N3,I1MVC6,0
I1KX98,A0A0R0FER5,0
I1MGB0,K7LY43,0
K7LEG0,I1M1W3,0
I1MFH3,C6SYW6,0
I1J5U5,I1KLS1,0
I1LVX2,K7MYK9,0
I1N0I7,I1MF50,0
I1NGD2,A0A0R0IT62,0
C6SY81,I1MZV0,0
A0A0R0F7J9,I1KQE3,0
I1MC26,C6T4V3,0
C6T2Y4,K7N1L5,0
I1LGB7,K7L939,0
I1MQD0,K7K318,0
K7L8H2,I1M269,0
C5NTE7,K7K8Y9,0
I1M0C2,I1MU00,0
C6TKG0,A0A0R0F214,0
A0A0R0F2G6,I1K2I1,0
C6TEP1,I1K115,0
I1LP18,Q2PMR3,0
K7KKB2,A0A0R0KWT5,0
I1L3P6,I1KPE7,0
I1K2Z9,A0A0R0L7U5,0
I1NHQ1,C6SYE1,0
H2D4C3,K7L939,0
I1M3V1,A0A0R0GG06,0
I1KV60,P62302,0
K7KTT9,K7MNN5,0
C6SXP5,A0A0R0FEN3,0
A0A0R0HSJ1,I1KUS2,0
A0A0R0L372,I1LH18,0
I1LC01,I1N8M8,0
C6SYE0,I1MZV4,0
K7M1G4,K7MNP5,0
I1JVP4,I1KAD1,0
I1KCN1,A0A0R4J5B7,0
I1MVG5,K7M841,0
I1LGB7,K7N1T9,0
A0A0R0HIA6,I1J4B5,0
I1MUN3,A0A0R0E934,0
I1MGB0,A0A0R4J4H3,0
I1J7A8,I1L171,0
C6T567,I1MJJ9,0
K7MMR3,K7L939,0
K7KYE0,K7LTB2,0
I1J9W0,I1KD82,0
I1L8H7,I1JYT2,0
I1LRB0,A0A0R0JTV5,0
A0A0R0LFT0,K7LSG2,0
I1LYQ9,I1MZV4,0
I1LPI3,K7K8Y9,0
I1K725,A0A0R0K7U0,0
I1JE93,A0A0R4J4C3,0
I1KYS6,A0A0R0KPE1,0
A0A0R0IHF9,K7M9T4,0
I1JE83,I1MC28,0
A0A0R0IGP2,I1LFD2,0
K7KY63,I1L3P5,0
K7KGJ8,I1M277,0
I1MWP7,K7MFE5,0
A0A0R0JJK8,I1KAD1,0
I1MSD9,I1L332,0
K7M142,I1MJJ9,0
A0A368UH03,I1NCV4,0
I1JIP5,P62302,0
A0A0R0GE56,I1MEF5,0
I1MFH3,A0A0R0HSA0,0
I1NH98,I1KMS8,0
I1K5K3,K7N145,0
A5Z2K3,K7MFE5,0
C6T5Z0,O22518,0
K7M5I5,K7L939,0
I1J6B5,I1KFL5,0
C6SXJ9,K7LSG2,0
I1JFS9,I1MNS7,0
I1N1V6,I1N8M8,0
I1NC77,K7MC85,0
A0A0R0GE56,I1JAH7,0
I1LP56,I1MJJ9,0
I1J553,C6TN69,0
I1L5Z7,I1M998,0
I1LG61,A0A0R0IR73,0
I1JI73,I1LPW2,0
A0A0R0GNH6,A0A0R4J384,0
I1MLH9,K7KK86,0
C6SVB5,I1K5K7,0
I1K9P1,I1MNV2,0
C6TFN5,K7M6R4,0
I1LIR4,I1MW74,0
A0A0R0L7S1,A0A0R0K7U0,0
A0A0R0L8Y1,A0A0R0HSH0,0
I1KHJ6,I1K5K7,0
I1LPZ2,I1MZV4,0
I1JY87,I1LLS8,0
I1MV96,I1LIU7,0
K7KLF0,I1MQC8,0
I1KTS9,I1MZV4,0
C6TBQ2,I1N761,0
I1LIM0,C6T5U0,0
I1M100,I1M998,0
K7MRX6,I1MRI5,0
I1NH98,I1JUQ0,0
I1JUR7,I1LIT1,0
C6T2Y4,I1KUB2,0
K7LEG0,K7K8K7,0
A0A0R0FEN9,I1K1W8,0
I1MY33,K7LCS7,0
I1NBQ2,I1MNS7,0
C6T567,K7N5K2,0
I1JDR2,I1MU00,0
I1N954,A0A0R0IZY4,0
I1JFF6,A0A0R0IZY4,0
A0A0R0J7Q5,I1JMK4,0
I1MUN3,I1KJF2,0
I1MBA2,A0A0R0EG78,0
I1KBL4,I1LW00,0
I1N1X8,K7KJB2,0
I1MNM3,K7M6R4,0
C6SYA3,A0A0R0FJR0,0
I1M7C7,I1K3X9,0
A0A0R0GRI6,I1JHJ0,0
I1JAG0,I1MEF5,0
I1M9F7,I1LXQ3,0
I1LC01,I1LG13,0
I1JVP4,A0A0R4J488,0
I1NGD2,I1MU00,0
A0A0R0E907,I1LH27,0
K7MZP6,I1N898,0
A0A0R0ERF9,K7MRF5,0
C6TBJ1,I1NAF6,0
I1JL13,C6SYW6,0
I1LLA9,I1KD82,0
I1MK36,A0A0R4J5K6,0
I1K2Z9,I1JV03,0
C6TG81,I1K1W8,0
I1NDC0,K7MM40,0
I1L8G3,I1LGD6,0
I1M273,I1JB64,0
I1N1X8,A0A0R0JT51,0
I1MSC6,A0A0R0IT62,0
I1MZ47,I1L9K4,0
I1LJ93,A0A0R0GG06,0
I1N9S5,A0A0R0KPE1,0
I1N8Q6,C6SWS6,0
I1JUR7,I1LG13,0
I1KIY3,I1JVX3,0
I1K8C1,I1JMH3,0
C6TFR5,A0A0R0GJV8,0
I1M100,I1JD36,0
I1MZ47,K7MQG6,0
I1JNB0,I1KD82,0
K7LRU2,K7KAB4,0
I1KPT1,I1KYL4,0
C6SWL3,K7LNG6,0
K7LZZ5,I1JM18,0
C6T084,I1LIT1,0
I1KCX1,I1MLF1,0
I1MBM5,I1LII4,0
I1LZT5,A0A0R4J4D0,0
I1L1L2,I1M269,0
K7LWN2,A0A0R0KPE1,0
A0A0R0EZ39,I1KFL5,0
I1JR41,A0A0R0JBV0,0
I1L6W0,A0A0R4J5C5,0
C6T426,C6TN69,0
I1LC20,I1LLS8,0
K7LJV1,A0A0R0GBB6,0
I1JCY0,I1K642,0
I1J5U5,I1MJJ9,0
I1N6N9,I1JYT2,0
K7KDX2,I1J8C9,0
C6SW43,I1KUB2,0
I1N6Z0,I1NCV4,0
A0A0R0JJ98,A0A0R0JRI8,0
I1JVU8,A0A0R0HSH0,0
A0A0R0IAV3,I1K2I1,0
I1J5B0,I1JUQ6,0
I1JNK6,I1K2I1,0
I1LUI7,I1MPJ4,0
I1JG98,I1KHJ4,0
I1MM64,I1K5B6,0
I1MIE5,I1MF50,0
A0A0R0GC27,K7MNP5,0
A0A0R0INQ5,K7LCS7,0
I1KEY6,K7LLV5,0
K7M2D8,A0A0R0K0K3,0
A0A0R4J3N1,A0A0R4J426,0
I1MHS1,I1LLS8,0
C6SVH9,I1KLS1,0
A0A0R0EWX9,A0A0R0L5Q1,0
A0A0R0GE56,C6T2G5,0
K7KIU3,I1J8C9,0
I1KJL3,I1L7G4,0
I1LMQ5,I1K642,0
I1LPC3,A0A0R0KE62,0
K7MI53,A0A0R0GG06,0
I1L4B6,I1LLS8,0
A0A0R0GE56,I1K3X9,0
A0A0R4J354,I1LH27,0
K7MH53,C6TN69,0
I1JY67,I1KM19,0
A0A0R0FX46,I1N8M8,0
I1KJL3,I1NAJ5,0
I1JIW3,A0A0R0HSA0,0
A0A0R0G5V6,I1KZ09,0
I1NH73,A0A0R0IZY4,0
K7LRU2,K7N1L5,0
C6T883,A0A0R4J488,0
C6TAW8,I1L2H4,0
I1K4U3,A0A0R4J4H3,0
I1L250,K7L2R0,0
A0A0R0INQ5,K7L4N7,0
I1MLH9,I1JMZ7,0
I1JG98,I1MW74,0
I1K9P1,Q2PMR3,0
I1NF12,I1KVC1,0
I1JY87,K7MFE5,0
C6SYQ2,I1MZV0,0
I1L524,K7LTB2,0
A0A0R0HSJ1,A0A0R0EKI7,0
C6SZM9,A0A0R0ENB3,0
A0A0R0JZD5,I1LFD2,0
I1JFF6,I1LW00,0
K7M5W5,C6TNW3,0
I1KXG2,I1KJF2,0
C6SWM1,I1MEF5,0
I1J9W0,I1MNV2,0
I1N9E1,I1NAF6,0
A0A0R0HIA6,A0A0R4J426,0
I1JT85,I1NCF8,0
K7MAP3,I1KLS1,0
I1N8Q6,A0A0R0FM97,0
I1KVL0,I1LR48,0
C6TL77,A0A0R0ENB3,0
I1M7C1,K7K8Y9,0
I1MVG5,I1L9K4,0
C6TFN5,I1K6E7,0
C6TBJ1,P17093,0
I1MGG3,A0A0R4J2Q5,0
I1KZI6,A0A0R0EDS9,0
A0A0R0G2B9,K7L2R0,0
K7L240,I1JHJ0,0
I1M3Q3,I1LR48,0
C6SWI3,I1MVC6,0
I1MDC4,I1KHJ4,0
K7KNJ6,K7MFZ6,0
I1JRL7,A0A0R0K7U0,0
I1KJ98,A0A0R4J5C5,0
C6TFN5,I1LH27,0
I1N0W9,I1MJJ9,0
I1KP31,C6TGA9,0
I1LIM0,I1N5D5,0
I1K4D7,A0A0R0E934,0
A5Z2K3,K7KK74,0
I1LIH7,I1LII4,0
A0A0R0ET54,I1JMZ7,0
I1JCY0,A0A0R0E934,0
I1KH45,I1JFW6,0
A0A0R0GNH6,K7KK74,0
I1M0C3,I1MU00,0
I1MP46,A0A0R0F214,0
C6T2L5,I1MLF1,0
I1NIE7,K7KQZ8,0
I1MNE4,I1J9I1,0
I1KZI6,A0A0R0EJV2,0
A0A368UJ64,Q43463,0
C6T2Z2,I1JVX3,0
C6T0U3,A0A0R0GWH6,0
A0A0R0LFT0,C6SX83,0
I1MXT2,I1J8W6,0
I1K3P0,I1MNS7,0
K7MCD1,K7M6R4,0
I1LFW0,I1KAD1,0
K7KGE9,I1JRU7,0
K7LWN2,I1KPE7,0
I1MHA4,C6TJM4,0
K7M5I5,A0A0R0KE62,0
K7KVG4,A0A0R0GAQ8,0
K7KTT9,I1KZY8,0
I1LFQ4,K7LTR0,0
C6T9S5,K7M841,0
C6T1E6,I1K5B6,0
K7MMR3,I1MQC8,0
I1MK96,I1M269,0
K7M9K9,I1MLJ0,0
I1LUL7,A0A0R4J4H3,0
I1MYX8,A0A0R0KPE1,0
C6TK75,C6TJ17,0
I1L8G3,I1MPJ4,0
I1LUL7,A0A0R0GJV8,0
I1JWH5,A0A0R0FXD4,0
C6F117,C6SW04,0
C6TNL5,I1KD82,0
I1M0C3,K7LTR0,0
I1M0C3,I1KD82,0
K7K8U8,I1M5B6,0
A0A0R0G5V6,I1MVC6,0
I1JMZ4,I1K1W8,0
A0A0R0JS60,I1MZV0,0
K7LIW2,K7LCS7,0
I1MK36,A0A0R0JBL2,0
K7MZ38,I1MZV4,0
C6T868,A0A0R4J4C3,0
I1M7V7,I1K5K7,0
I1JML1,K7LHS7,0
I1JYG7,K7K894,0
I1K3P0,I1NIE5,0
I1JYG6,I1KSL6,0
I1JS66,K7KK86,0
C6T0E4,K7M6R4,0
I1JRL7,I1K115,0
I1LQ02,A0A0R0JJK0,0
A0A0R0FJF0,K7MRF5,0
K7LW22,I1KLS1,0
A0A0R0KR16,C6TN69,0
I1LJW2,I1JRU7,0
A0A0R0EZ39,A0A0R0EDS9,0
K7LXT7,K7L4N7,0
I1JS58,I1MRI5,0
M1FN39,I1MW51,0
I1M0C2,I1KZ09,0
A0A0R0KNS7,K7M4E0,0
I1K912,I1M5B6,0
I1LPZ3,C6SZQ0,0
I1LDU4,A0A0R0GFL3,0
C6T083,I1KM19,0
I1MTH0,A0A0R0JT51,0
I1KQP3,I1M998,0
I1K5H2,K7LCS7,0
I1JIW3,A0A0R0GUR9,0
A0A0R0H9H8,C6TIQ7,0
I1NC77,I1M5B6,0
Q2PMU0,I1LEC4,0
K7KP66,K7M841,0
A0A0R0GZZ6,I1KHJ4,0
K7KGE9,A0A0R0IT62,0
K7M142,I1KJD2,0
C6TNX5,A0A0R0K6I2,0
I1N8M4,C6TD23,0
I1MLH9,I1N7F4,0
A0A0R0HIA6,A0A0R0JBL2,0
K7MZ38,I1MC28,0
I1KBB6,I1L7G4,0
K7LVE4,I1L3P5,0
A0A0R0J7Q5,I1L7G4,0
I1N1V6,K7KAB4,0
C6TLT3,I1K3X9,0
A0A0R0KE73,I1LL05,0
I1M7B9,A0A0R0FM97,0
K7MCH3,I1K115,0
I1M7V7,A0A0R0JBL2,0
K7MGK0,C6TGZ1,0
C6T1P2,I1LPW2,0
I1KMP8,K7N1L5,0
A0A0R0KFE8,A0A0R0JTV5,0
C6T3I8,C6SZQ0,0
I1MYV4,O22518,0
K7M5W5,A0A0R0FZM4,0
A0A0R4J354,K7KK86,0
Q2PMU2,K7L9M2,0
I1L215,K7KK86,0
K7KTT9,A0A0R0K7U0,0
C6TAF0,C6SX83,0
I1LPD3,K7MQG6,0
I1KAJ2,A0A0R0GPH9,0
K7L3P2,K7KNC5,0
K7KLF0,I1MTV9,0
I1LPC3,I1K3X9,0
C6TLV6,I1JM18,0
A0A0R0GG96,K7N0V8,0
K7KP66,A0A0R0H141,0
C6SYA3,K7MNN5,0
I1KJW4,K7KJB2,0
I1K8N0,A0A0R0F214,0
I1LJA4,K7KFY5,0
I1KDB2,A0A0R0EG78,0
C6TD73,K7KQZ8,0
A0A0R0FYN8,A0A0R0JTV5,0
K7L3K3,A0A0R0GUR9,0
I1K2U0,I1LGD6,0
I1MY33,I1MNS7,0
A0A0R0I0B9,K7MFE5,0
K7MXS9,A0A0R0FGT9,0
I1JCY0,I1L171,0
I1N0U4,A0A0R0FTI5,0
A0A0R0FJF0,I1JRU7,0
I1JY87,M1FN34,0
C6TGR3,I1JRU7,0
C6SVH9,I1KZK2,0
I1KIY3,K7N1L5,0
I1N6N9,A0A0R4J384,0
I1LMP2,I1MNU1,0
I1LSM6,K7LY43,0
I1KGI6,K7L9M2,0
I1KHL6,K7M9T4,0
A0A0R4J2W3,K7KNC5,0
A0A0R0GE84,A0A0R0GFM7,0
C6TGR3,I1K642,0
I1L0M6,A0A0R0EYS5,0
I1MC26,A0A0R0JYX3,0
I1MVK7,I1JA95,0
C6SZG8,I1LWZ0,0
C6TFN5,I1NAJ5,0
I1LFW0,I1NIE5,0
I1JQR6,I1LEC4,0
K7KY63,C6SW04,0
C6TBJ1,I1NCV4,0
I1KV60,K7N1T9,0
A0A0R0EFE2,I1NAJ5,0
C6TG91,I1LXQ3,0
A0A0R0GBL8,C6T0A0,0
I1KEY6,K7L9M2,0
C6SZM9,I1LLS8,0
C6TG99,I1NG45,0
K7N3F6,I1K1W8,0
C6T530,A0A0R0HV63,0
I1LBV2,A0A0R0JJK0,0
I1K4U3,I1JD52,0
K7LWC5,K7KQZ8,0
C6SYE0,I1JK31,0
P09755,A0A0R0IF42,0
I1K650,I1KH38,0
A0A0R0KE73,K7N0V8,0
A0A0R0KTM7,P62302,0
I1KGU0,A0A0R4J4D0,0
C6TG81,I1LIT1,0
I1KVS3,I1MVC6,0
A0A0R4J4C8,A0A0R0K7U0,0
I1MEZ1,A0A0R0IR73,0
I1JS58,K7N5K2,0
I1MY72,I1J9I1,0
I1JUI1,K7L7W0,0
K7MS88,I1JRV0,0
K7K8U8,I1K9J7,0
I1JNK6,I1M277,0
I1KLS4,I1NCF6,0
I1N1Y6,I1MEF5,0
I1MKM3,I1LXQ3,0
I1LC01,K7KJB2,0
K7K553,A0A0R0KPE1,0
A0A0R0JJ98,K7L7W0,0
K7MI53,I1JV03,0
I1J8V4,K7LY43,0
C6SWI9,K7KW44,0
I1MSD9,I1N780,0
K7LJF6,I1K6E7,0
I1LM73,K7MMD7,0
K7KLI7,I1JM18,0
A0A0R0KNS7,A0A0R0H141,0
I1MLZ0,K7LLV5,0
C6SVB5,I1MC28,0
C6TD73,I1MEF5,0
A0A0R0JJK8,A0A0R0GJV8,0
A0A0R0EZ39,C6TNW3,0
C6SWA0,I1KSL6,0
K7KZ42,I1K9J7,0
C6TG91,A0A0R0GJV8,0
I1MY72,I1M1D5,0
I1JBJ2,I1KHJ4,0
I1JR41,I1M1D5,0
I1MK36,A0A0R0EJV2,0
I1N8M4,I1LY15,0
K7KNJ6,I1KAD1,0
I1JNV3,K7M864,0
I1LMP2,I1J9I1,0
I1LSM6,I1LXQ3,0
I1KRZ2,A0A0R0L828,0
K7KNJ6,I1NCF8,0
I1MYX8,A0A0R0JSJ9,0
K7MWR1,K7M9T4,0
I1MHS1,K7M841,0
I1MZ47,A0A0R0L5Q1,0
I1N8P5,A0A0R0FXD4,0
A0A0R0JES0,I1LPK5,0
A0A0R0K5X4,I1JRV0,0
A0A0R0KNS7,I1LXQ3,0
K7L1B9,A0A0R0JBL2,0
C6TAF0,I1KYL4,0
I1MUQ7,I1KVC1,0
A0A0R4J3N1,K7MNN5,0
I1J870,A0A0R0GWH6,0
I1N0I7,A0A0R0JTV5,0
A0A0R4J2N2,I1MNS7,0
I1M9F7,A0A0R0L0E7,0
C6SWA0,K7K318,0
I1JT28,K7KNC5,0
I1NF12,A0A0R4J384,0
C6T0E4,K7M6I1,0
I1N9I5,A0A0R0IR73,0
I1MSD9,A0A0R0GUR9,0
I1JW64,I1K5B6,0
C6TKB2,I1K215,0
I1KS36,I1MTV9,0
K7M1G4,I1LHS8,0
I1LDA7,A0A0R0IT62,0
I1LYG4,I1LH27,0
A0A0R0H296,K7KTS8,0
I1K5L7,I1LR48,0
I1L219,I1KZY8,0
K7K794,I1MGG7,0
K7MGK0,I1L3P5,0
I1N6N9,I1MF50,0
C6T868,C6SZQ0,0
I1MNK0,A0A0R0F214,0
I1N8Q6,A0A0R0L4P0,0
C6TAW8,I1MC28,0
C6TLV6,I1MLF1,0
A0A0R0JS60,I1JD36,0
I1KVS3,A0A0R0GUR9,0
C6TL77,A0A0R0EDS9,0
A0A0R0JKU3,Q2PMR3,0
I1MGG3,I1KQE3,0
I1M7C7,C6TD23,0
I1LJ94,I1M1W3,0
I1KCN1,I1KSL6,0
C6SW43,I1MK72,0
I1K911,K7M6R4,0
I1JE38,A0A0R0EKI7,0
K7L1B9,I1N898,0
C6SVR8,I1N7F4,0
I1KVX9,I1MSN3,0
I1MEN1,A0A0R0E934,0
C6TE07,K7L2R0,0
I1LDA7,I1JD36,0
I1J4E1,K7LY43,0
I1KP31,I1K215,0
A0A0R0G5V6,I1KJD2,0
A0A0R0JYB5,I1ML11,0
I1LUF0,I1KVC1,0
I1LBV2,A0A0R0KE62,0
C6TG91,K7KK86,0
I1MZ32,I1JAH7,0
I1L1S1,A0A0R0JJI0,0
I1LZW4,A0A0R0IF42,0
I1LC20,A0A0R0IR73,0
K7M787,K7N129,0
I1M4P0,K7L4N7,0
I1LVX2,K7KES1,0
K7KLI7,I1JRV0,0
I1L1N3,A0A0R0KPE1,0
I1LGB1,M1FN34,0
I1J553,A0A0R0IT62,0
I1KJ98,I1N780,0
A0A0R0I0B9,C6TFX5,0
K7M2D8,I1L3P5,0
I1KAJ2,I1MZV4,0
I1N1V6,I1MPJ4,0
I1L215,A0A0R0FXD4,0
I1MTH0,A0A0R0L4P0,0
I1JE93,I1J9I1,0
A0A0R0E3E6,I1KM19,0
I1KX98,K7MC85,0
I1KJ98,C6TIK0,0
I1KR80,I1LIT1,0
A0A368UHM1,A0A0R0HCS6,0
K7N0U1,A0A0R4J5B7,0
I1LDY7,A0A0R0K6I2,0
C6SVB5,K7M6I1,0
I1K8N0,I1K9J7,0
I1L8L5,K7L4N7,0
K7MD28,I1KZY8,0
A0A0R0KFE8,A0A0R0GPH9,0
I1NIJ9,I1LII4,0
I1N3M5,A0A0R0L0E7,0
I1LJI8,A0A0R0KWT5,0
A0A0R4J3Y6,K7MYK9,0
I1NHI4,K7MGQ2,0
C6TL77,I1LHS8,0
I1M0C2,I1MLF1,0
C6TKG0,I1K9J7,0
I1LMW7,A0A0R4J488,0
I1J9J7,K7LFD7,0
A0A0R0L7S1,A0A0R4J2Y1,0
I1LFQ4,I1KZY8,0
A0A0R0GRI6,K7KK86,0
A0A0R0F2Z4,I1LR48,0
I1J9J7,A0A0R0JSJ9,0
I1LYG4,A0A0R0IZY4,0
A0A0R0JB42,C6TN69,0
C6TD73,K7M6I1,0
K7L8H2,I1JMZ7,0
I1LHY4,I1LY15,0
A0A368UJ64,I1JRJ3,0
K7MXS9,I1LL05,0
I1M4Y9,I1MNS7,0
P07506,C6T4V3,0
I1K0C4,A0A0R0JSJ9,0
C6T3K0,I1N761,0
I1M3U2,C6SZQ0,0
I1MY33,I1JD07,0
I1L5Z7,I1JUQ6,0
K7K415,I1KM19,0
A0A0R0GYG1,C6TCH4,0
I1MTZ8,I1JVX3,0
I1LGQ1,I1NAJ5,0
A0A0R0KTM7,A0A0R0FTI5,0
I1NDC0,K7N1L5,0
K7KEV0,I1L171,0
I1L5Z7,I1MZV0,0
I1KS20,I1KZY8,0
C6TFN5,I1KUS2,0
I1NH98,A0A0R0ESZ8,0
I1LP56,A0A0R0HV63,0
I1JXB4,I1KHJ4,0
I1JW21,K7L7W0,0
A0A0R0LA89,I1K5K7,0
I1J9J7,A0A0R0JBL2,0
I1LPZ3,I1M269,0
I1L524,A0A0R0E934,0
A0A0R0JES0,I1NC50,0
I1MK96,I1NJ53,0
I1M4Y9,I1MRI5,0
C6TD73,K7LSJ2,0
A0A0R0HDM5,Q2PMR3,0
I1L478,A1YZE0,0
A0A0R0KNS7,K7LLV5,0
I1K4D7,I1K5K7,0
I1MY33,A0A0R0L4P0,0
I1KGU0,K7L7W0,0
I1KVL0,K7K8K7,0
P07506,K7M846,0
I1KPQ8,I1JRJ3,0
I1LIS4,I1LM96,0
A0A0R0EYA9,K7L4N7,0
I1MP46,I1KUB2,0
I1N954,K7M6Z2,0
K7MH53,I1MU00,0
K7KGJ8,I1N898,0
I1KGU0,K7MYK9,0
K7LJF6,I1KAR1,0
I1NF54,I1M5B6,0
A0A0R0FX46,K7KFY5,0
I1MHH7,I1K4R8,0
I1JHC2,I1KVC1,0
K7N5D4,A0A0R0EWR2,0
I1K911,I1JE09,0
I1KB25,I1L9K4,0
I1K8N0,O22518,0
A0A0R0KCV3,I1K5K7,0
I1MBM5,A0A0R0EG78,0
I1JIP5,I1LVN3,0
A0A0R0F0T6,I1JRJ3,0
I1JML1,K7KTS8,0
K7K794,A0A0R0L828,0
I1KU09,A0A0R0K6I2,0
I1L5H8,K7MFZ6,0
I1LPZ3,A0A0R0EJV2,0
I1JMZ4,I1MRP6,0
I1NHI4,A0A0R0EYS5,0
I1LGI1,K7LTB2,0
K7MD28,I1KM19,0
I1L1L2,K7LNG6,0
I1JTW0,A0A0R0GFM7,0
A0A0R0J7Q5,I1KVC1,0
A0A368UHC3,I1N898,0
I1KIY3,A0A0R0EG78,0
I1JHN5,I1KSD0,0
I1KY58,K7N145,0
A0A368UH03,I1KUB2,0
I1LGQ1,K7M841,0
A0A0R0KE73,C6TCH4,0
A0A0R0JZD5,A0A0R0JRI8,0
I1LDA7,I1N5D5,0
I1LXH0,K7LK09,0
K7MST2,K7N1L5,0
I1K5H2,A0A0R0EWR2,0
C6SVV7,C6TIK0,0
I1K0C4,I1LY15,0
A0A0R0FEN9,A0A0R0GPH9,0
I1MBW8,I1LEC4,0
A0A0R0JES0,A0A0R0EDS9,0
C6SWI9,A0A0R0FTI5,0
K7N0U1,I1MW51,0
I1JFN0,I1JRJ3,0
I1L524,C6T2G5,0
I1K0C4,I1LVN3,0
C6TNL5,I1KZK2,0
K7K794,I1ML11,0
I1LQ02,K7MYK9,0
I1NBQ2,C6SX83,0
I1LIK8,I1LFD2,0
I1KB25,I1N8M8,0
I1JW21,K7MNN5,0
A0A0R0G2B9,K7L6K2,0
A0A0R0GE84,A0A0R0E934,0
I1JFN0,A0A0R0EJV2,0
K7LXT7,I1KHJ4,0
I1K5K3,K7MFE5,0
I1K7J4,I1JAH7,0
I1JI73,I1JAH7,0
I1K5L7,C6TNW3,0
K7MGQ3,I1MJJ9,0
I1KGU0,I1LIT1,0
I1KMP8,K7N145,0
C6TLV6,I1KMS8,0
C6SWM1,C6TFX5,0
I1KMP8,I1KSD0,0
I1KBL4,I1M998,0
I1M3Q8,A0A0R0GS25,0
K7L395,K7M6Z2,0
I1LJA4,A0A0R0EG78,0
I1MTZ8,K7M864,0
C6T5Z0,K7KAB4,0
I1K650,I1NG45,0
K7MWR1,I1MK72,0
C6SY81,K7M846,0
A0A0R0FJF0,K7M6J1,0
A0A0R0FEN9,K7K894,0
A0A0R0K5D9,I1K1W8,0
I1JFF6,I1MSN3,0
I1N9E1,I1M225,0
I1LMP2,A0A0R4J2Q5,0
I1KCX1,I1LLK1,0
I1MY72,K7LK09,0
I1LPC3,K7KQZ8,0
I1L8H7,C6SZG1,0
K7M4N3,C6TJM4,0
I1L1N3,A0A0R0FTI5,0
A0A0R0FEI0,I1LUL2,0
C6TK75,K7L2R0,0
A0A0R0K5D9,I1L7G4,0
Q2PMU2,I1LL05,0
K7M5I5,A0A0R0HCS6,0
C6T426,I1KJD2,0
I1KYS6,K7L2D7,0
A0A0R0JS60,K7K318,0
A0A0R0HHZ3,I1K2I1,0
A0A0R0JES0,K7L2R0,0
K7L3K3,I1JAH7,0
K7MNC0,K7L4N7,0
I1LVX2,K7N5K2,0
I1JZC3,I1MW74,0
C6SVF8,I1KUB2,0
I1LLA9,I1K970,0
K7LUF9,C6TJM4,0
A0A0R0GE84,C6TGZ1,0
K7LJV1,A0A0R4J384,0
A0A0R0KNE1,I1KSD0,0
K7KGJ8,M1FN34,0
I1K7N0,A0A0R0FER5,0
A0A368UHG0,A0A0R0IZY4,0
K7LSH9,C6TN69,0
Q2PMQ9,K7MMD7,0
I1LBV2,I1N761,0
I1NDG6,I1MEF5,0
K7LIW2,I1LPW2,0
A0A0R0FKK9,I1LIA8,0
A0A0R0JJ98,C6TIK0,0
I1LC01,I1NG45,0
C6SWD4,K7N145,0
K7LQ96,I1JB64,0
I1JVP4,A0A0R0JQJ0,0
C6SWI9,I1MQC8,0
I1LVX2,K7LTB2,0
I1L5Z7,C6SZG1,0
A0A0R0KNE1,I1LY15,0
P07506,I1L171,0
I1KKD9,K7L4N7,0
I1LGB7,A0A0R0L0E7,0
I1JZC3,A0A0R4J4D0,0
I1LUL7,A0A0R0EKI7,0
I1JVP4,K7KNC5,0
I1K9P1,A0A0R0FTI5,0
A0A0R0K5D9,K7MXH5,0
I1KTS9,I1L7G4,0
I1KMP8,K7LIE3,0
I1KJ56,K7LIE3,0
I1N9I5,C6TIK0,0
I1M7C1,A0A0R0EWR2,0
I1L9A1,A0A0R0ENB3,0
C6SVB5,I1LPK5,0
K7MMR4,K7L4N7,0
A0A0R0G3G4,Q43463,0
I1MC26,A0A0R0IZY4,0
I1KS36,I1K9J7,0
I1LMQ5,I1LEC4,0
I1KCH6,I1KSD0,0
I1JM69,A0A0R0KWT5,0
C6SY25,A0A0R0JQJ0,0
A0A0R0EI44,I1KPE7,0
I1JY67,I1JMK4,0
A0A0R4J3Y6,I1MNU2,0
A0A0R0I1I4,A0A0R0EDS9,0
I1MLH9,I1K5B6,0
A0A0R0KH89,I1K3X9,0
A0A0R0H296,I1JMK4,0
K7LDR8,I1KHJ4,0
A0A0R4J3N1,A0A0R0GS25,0
I1L3P6,I1JFW6,0
I1JG98,K7KVK2,0
K7KFV5,I1LY15,0
I1NFU9,Q2PMR3,0
I1LPC3,A0A0R0JYX3,0
I1MNV4,I1KCY5,0
I1L8S1,I1LY15,0
I1K912,K7KAB4,0
K7M787,I1MNU1,0
I1L4B6,I1KD82,0
A0A0R0GRI6,A0A0R0GS25,0
Q2PMU2,I1KMS8,0
I1M4P0,I1K146,0
I1LA00,I1KH38,0
I1JNV3,C6TIQ7,0
C6TBQ2,C6TCH4,0
A0A0R0GE84,C6T0A0,0
A0A0R0GBL8,I1L2H4,0
I1MHA4,I1LW00,0
K7MGQ3,A0A0R0E934,0
A0A0R0HSJ1,I1JRJ3,0
I1N0U4,A0A0R0JSJ9,0
I1MK36,A0A0R0FXD4,0
K7LA18,A0A0R0GFL3,0
C6SXM9,I1MZV4,0
I1KHL4,I1MLF1,0
I1LJA4,K7LTB2,0
I1MBR7,I1JD52,0
I1KIB3,A0A0R4J5K6,0
K7LHR2,A0A0R4J4D0,0
A0A0R0GCF5,A0A0R4J4C3,0
A0A0R0INQ5,K7LTB2,0
A0A0R0ESI3,I1MGG7,0
I1JNV3,I1L9K4,0
I1MTX9,A0A0R0L7U5,0
I1L1N3,I1KSL6,0
A0A0R0GC27,A0A0R4J5C5,0
A0A0R0I1I4,K7LFD7,0
I1JT85,K7MGQ2,0
A0A0R0J7Q5,I1KHJ4,0
A0A0R0L4N1,I1MNU2,0
A0A368UHG0,K7KES1,0
I1LM73,Q43463,0
I1JDR2,I1LM96,0
K7MWR1,A0A0R0ENB3,0
I1J553,I1LLS4,0
I1LQ02,A0A0R0JSJ9,0
I1JML1,C6TFX5,0
K7KIU3,K7K318,0
A0A0R0F0T6,I1LH18,0
I1LMP2,C6T4V3,0
C6SYE0,K7MMD7,0
I1K4D7,I1N761,0
I1M9T4,I1L171,0
C6TKB2,I1MLJ0,0
I1NFS4,K7MRF5,0
I1MBR7,A0A0R0IF42,0
I1KCX1,K7LIE3,0
A0A0R0KXY9,K7KFY5,0
C6T2L5,A0A0R4J4D0,0
K7MST2,I1KUS2,0
C6TBJ1,I1LWZ0,0
I1KGU0,I1LXQ3,0
C6SWG4,C6SX83,0
C6TGR3,K7L6K2,0
I1JUT9,I1LLS4,0
I1MC39,I1MC28,0
K7MRX6,K7LQV0,0
A0A0R0KR16,I1ML11,0
K7MZP6,A0A0R0EKI7,0
K7LTQ1,K7KWE4,0
A0A0R0GBL8,K7KWE4,0
I1J5Q1,K7MXE0,0
K7MXD1,A0A0R0GJV8,0
I1KUP5,I1K467,0
I1K0C4,A0A0R0G7I0,0
A0A0R0H9H8,I1MNV2,0
A0A0R0J7J3,I1NAJ5,0
K7KCG5,K7KES1,0
I1JMZ3,I1LFD2,0
C6SY25,K7KWE4,0
I1KXG2,K7M9T4,0
K7LWI3,I1JMH3,0
I1J553,I1MLJ0,0
I1LZW4,I1KMS8,0
I1LR08,I1JK31,0
A0A0R0JYY8,P62302,0
I1KZJ7,I1NCF8,0
K7KDX2,I1KXK6,0
C6TKC3,K7M864,0
I1LRE4,I1MNV2,0
I1KX98,K7LIE3,0
I1KRF9,K7K8Y9,0
I1MK96,I1KMS8,0
A0A0R0KNE1,A0A0R0L5Q1,0
I1MY72,K7MTL2,0
K7K8U8,I1KVC1,0
A0A0R0ET54,K7L2R0,0
C6TBN8,K7K8K7,0
A0A0R0KXY9,A0A0R0K0K3,0
I1JP52,A0A0R0JBV0,0
I1LM73,I1JUQ0,0
I1JWF0,I1K4R8,0
K7N0X7,I1MU00,0
K7MXS9,A0A0R0EKI7,0
I1LKU1,A0A0R4J4H3,0
I1JUJ6,K7M6Z2,0
K7LUF9,C6TK73,0
I1KVL0,K7KFY5,0
C6T968,I1LUL2,0
I1M9T4,A0A0R0EG78,0
A0A0R0KCV3,I1JM18,0
I1NF54,A0A0R0GAQ8,0
K7KGC2,A0A0R0K0K3,0
I1M757,I1KSD0,0
C5NTE7,K7M841,0
I1KD09,K7KNC5,0
K7MC09,I1N761,0
I1MWF0,I1M998,0
C6SYR1,A0A0R0JT51,0
C6SYQ2,I1LG13,0
C6T3G1,I1J547,0
I1LRH8,I1LEC4,0
C6SWI9,I1KUS2,0
C6TKC3,A0A0R4J4C3,0
I1JUJ6,K7LK09,0
C6TK75,A1YZE0,0
I1LIR4,A0A0R0FJR0,0
C6SZM9,A0A0R0IZY4,0
I1MSD9,I1LPW2,0
I1JP52,C6SZ70,0
I1NBQ2,K7LLV5,0
K7KDX2,I1NAF6,0
I1K7N0,C6TN69,0
I1JVU8,C6SW04,0
I1KCH6,I1NCV4,0
I1LUF0,A0A0R0L4P0,0
K7K676,I1LUE0,0
I1M0C2,I1LUL2,0
A0A0R0HSV1,I1NCF6,0
I1MUC0,K7KWE4,0
I1KX98,K7L6N7,0
I1MLN7,A0A0R0GFM7,0
I1JFS9,I1LUL2,0
I1MBM5,A0A0R0L0E7,0
C6TNL5,I1JAH7,0
K7N5D4,A0A0R0ENB3,0
K7KVG4,K7K8Y9,0
K7M2D8,A0A0R4J4C5,0
I1N1X8,I1N898,0
I1LFW0,I1K9J7,0
I1L478,A0A0R0IF42,0
A0A0R0HDM5,K7MNP5,0
C6T968,I1N8M8,0
I1LRH8,A0A0R0IF42,0
I1LPZ2,K7M841,0
I1L1N3,K7M841,0
C6SZL0,A0A0R0HSH0,0
K7L9V3,A0A0R0FX75,0
C6SWI3,O22518,0
I1N0U4,I1KUB2,0
I1L1N3,K7KK74,0
A0A0R0I1I4,A0A0R0HSA0,0
I1K911,A0A0R0GS25,0
C6T7N2,I1KXK6,0
I1LFQ4,A0A0R0JJI0,0
I1LS70,I1K3X9,0
I1N9I5,A0A0R0L7U5,0
I1MTH0,K7LFD7,0
C6TNX5,I1K3X9,0
I1LA00,I1LHS8,0
I1JUI1,K7KQZ8,0
I1KZW4,C6T4V3,0
C6T8R7,C6TK73,0
I1M3Q3,A0A0R0FJR0,0
I1MSC6,I1LR48,0
I1JDP3,K7MQG6,0
I1MT74,A0A0R0GG06,0
K7MGQ3,I1M277,0
I1J9J7,A0A0R0HV63,0
I1K911,O22518,0
I1JYG7,A0A0R4J488,0
C6SWL3,K7LIE3,0
I1LJI8,A0A0R0L0E7,0
A0A0R0G5V6,I1LIT1,0
A0A0R0F0T6,K7KAB4,0
I1KQE8,K7MNP5,0
I1JWF0,I1LLK1,0
C6T9S5,I1KTI0,0
I1KPT1,I1JRJ3,0
K7LWI3,I1LVN3,0
I1LGB1,K7K4C7,0
I1LYG4,C6T0A0,0
A0A0R0FSY2,K7K894,0
I1L0M6,K7MXH5,0
A0A0R0GRI6,I1KEC8,0
I1KJ56,A0A0R0JYX3,0
C6T084,A0A0R4J4D0,0
K7LZZ5,A0A0R0G7I0,0
C6TFN5,A0A0R0FXD4,0
C6TBJ1,K7K318,0
C6T426,K7KK74,0
I1JWH5,I1LG13,0
I1K725,A0A0R0JJK0,0
I1KVS3,A0A0R0JBL2,0
I1JIW3,I1L7G4,0
K7KE09,I1LY15,0
I1KCN1,I1JV03,0
I1LP56,A0A0R0IF42,0
P07506,A0A0R0GAQ8,0
I1L690,I1LH27,0
I1KMP8,K7MXE0,0
I1MU29,I1KLS1,0
I1MBW8,K7KW44,0
A0A0R0HHZ3,I1LII4,0
A0A0R0GNH6,A0A0R0KE62,0
I1LPC3,C6TBL4,0
I1KPU4,K7M4E0,0
K7MTC4,A0A0R0HV63,0
K7KLF0,I1KSD0,0
C6T2Y4,I1N7F4,0
I1JVP4,A0A0R0KWT5,0
A0A0R0L115,K7LSG2,0
A0A0R0HHZ3,I1J8W6,0
I1M0C3,I1KEC8,0
I1J5Q1,K7M849,0
I1MVG5,I1LFD2,0
K7K676,C6TFX5,0
K7K553,I1L7G4,0
I1N3M5,I1JC65,0
A0A0R0IGP2,C6T5U0,0
I1NF54,I1KM19,0
I1LFW0,A0A0R0GS25,0
I1K2Z9,K7LTR0,0
I1MTZ8,A0A0R0KWL0,0
I1MGG3,C6TBL4,0
I1KH45,A0A0R0FXD4,0
C6SWZ1,I1JRU7,0
I1MGG3,I1K115,0
I1NBE9,I1JB64,0
I1M4P0,I1LPJ8,0
C6TKC3,K7K8K7,0
I1N056,A0A0R0L0E7,0
I1KQE8,A0A0R0H141,0
I1JT28,A0A0R0L828,0
K7K1Z2,I1LII4,0
I1MY43,K7KQZ8,0
I1LP56,I1MEF5,0
I1LJW2,I1K215,0
A0A0R0GE84,I1MNU2,0
I1KJ56,I1JMK4,0
I1L3P6,A0A0R4J384,0
I1NFU9,I1MU00,0
I1LRH8,C6T2G5,0
A0A0R0KCY1,A0A0R4J5B7,0
I1LH11,I1JA95,0
C6SWI9,K7M6I1,0
I1M757,I1MVC6,0
K7MMG1,I1NC50,0
C6SYA3,I1KSD0,0
I1MYX8,I1LPW2,0
K7MCH3,I1KH38,0
I1KRF9,I1JAH7,0
I1J9J7,I1KEC8,0
I1MQD0,I1KYL4,0
A0A0R0FYN8,Q2PMR3,0
I1KRD4,I1KHJ4,0
I1M0C3,I1JA95,0
A0A0R4J3R4,K7L6K2,0
I1L3P6,K7L2D7,0
I1KCX1,A0A0R4J488,0
C6SZM9,I1NC50,0
I1M273,K7M841,0
K7K2H1,I1KYL4,0
A0A0R0FQN0,I1LPW2,0
I1MBM5,A0A0R0GPH9,0
C6TKB2,I1K642,0
A0A0R0INQ5,I1K115,0
I1M0S4,I1K1W8,0
C6T868,I1MF50,0
I1N6Z0,I1MW51,0
C6T7N2,K7LY43,0
I1KJW4,A0A0R0KWT5,0
I1KCH6,I1L332,0
I1KS36,A0A0R0GWH6,0
A0A0R0FNM4,Q2PMR3,0
A0A0R0HDM5,K7M9T4,0
K7LRU2,C6TJ17,0
I1KP31,C6TBL4,0
A0A0R0FEI0,A0A0R0E934,0
K7K415,A0A0R0GAQ8,0
K7MGK0,K7MXE0,0
I1KV60,C6TCH4,0
A0A0R4J3D2,K7MM40,0
A0A0R0H7N0,I1L171,0
K7MRX6,A0A0R0IT62,0
A0A0R0ERF9,I1JFW6,0
K7M5I5,K7KK74,0
I1KQP3,I1J8W6,0
K7MMF4,I1LH18,0
I1JAF7,A0A0R0JTV5,0
I1MKM3,A0A0R0FGT9,0
I1LIR4,I1JD52,0
I1JDH6,C6T0A0,0
A0A0R0FNV7,K7MMD7,0
H2D4C3,A0A0R0FEN3,0
I1J5Q1,K7L939,0
C6SY81,I1NAJ5,0
C6SWL3,I1LH27,0
C6T5Z0,I1L332,0
C6SW43,K7L4N7,0
I1KQP3,I1LPW2,0
K7KDX2,A0A0R4J426,0
I1NDG6,K7LTB2,0
I1MNV4,I1KSD0,0
I1K620,I1MF50,0
I1JIJ4,I1K970,0
I1M7C7,A0A0R0JYX3,0
K7KCG5,A0A0R0JTV5,0
C6TKZ4,I1LVN3,0
C6TAF0,A0A0R0GS25,0
K7MH53,I1N7F4,0
I1KZW4,C6TJ17,0
I1J5B0,A0A0R0JTV5,0
K7MMG1,A0A0R4J4C5,0
I1KQ68,I1NCV4,0
K7KKB2,A0A0R0EYS5,0
I1K4U3,I1LEC4,0
I1LHR1,K7L7W0,0
I1LZT5,I1MJJ9,0
I1MEZ1,K7LNG6,0
A0A0R0EZ39,I1JFW6,0
K7KKB2,K7LHS7,0
I1LY25,A0A0R0GWH6,0
I1KAJ2,I1L3P5,0
A0A0R0G5V6,A0A0R0JYX3,0
I1LPJ3,A0A0R0GG06,0
I1LR08,K7N0V8,0
I1MUC0,I1M5B6,0
I1N0R5,K7KAB4,0
M1FN39,I1MC28,0
A0A0R4J3D2,A0A0R0HSA0,0
K7K1Z2,A0A0R4J4C5,0
C6T3K0,C6T2G5,0
A0A0R0JH35,K7MTL2,0
A0A0R0F077,I1MNS7,0
I1LAR7,K7MFE5,0
I1N8P5,K7K4C7,0
I1K5J5,I1LGD6,0
I1JUJ8,K7LLV5,0
C6TAW8,I1JFW6,0
I1LIR4,A0A0R0G7I0,0
I1L4B6,C6T2G5,0
A0A0R0G5V6,I1NC50,0
I1LBV2,A0A0R0L5Q1,0
K7MPL4,K7L6N7,0
I1KPA1,A0A0R0JTV5,0
I1N9S5,I1MLF1,0
A0A0R4J3D2,P17093,0
A0A0R0GZZ6,K7MRF5,0
A0A0R0KR16,C6TJ17,0
A0A0R0L115,K7K4C7,0
K7KTT9,I1JV03,0
K7M1G4,K7MTL2,0
C6TBJ1,K7MMD7,0
I1MZ47,A0A0R4J4C5,0
I1K620,A0A0R0FM97,0
I1MLH9,K7K318,0
C6SVF8,I1JD52,0
A0A0R0GG96,A0A0R0FZM4,0
A0A0R0JKU3,A0A0R0KE62,0
I1JW21,C6TGZ1,0
I1JKS2,A0A0R0JBV0,0
K7MWR1,K7MNP5,0
I1MVK7,I1JRV0,0
I1NFS4,I1JRJ3,0
I1NH98,C6SZQ0,0
I1MY33,K7L9M2,0
K7MI53,K7N129,0
K7KDX2,I1LPJ8,0
A0A0R0EYA9,I1MK72,0
I1KYD6,A0A0R0JT51,0
I1LMP2,I1MVC6,0
I1NBQ2,K7N129,0
K7LLK0,O22518,0
A0A0R0L115,P17093,0
I1MC26,K7MFE5,0
I1M4P0,I1JRV0,0
K7KLI7,I1K9J7,0
K7LWC5,K7L6K2,0
K7LSH9,I1MNS7,0
K7M097,K7L6K2,0
I1KS88,I1JRJ3,0
I1N8Q6,A0A0R0G7I0,0
I1LMP2,K7LFD7,0
K7MXD1,I1M269,0
K7K9E1,A0A0R0FX75,0
I1L0M6,K7L6N7,0
A0A0R0J7Q5,A0A0R0L0E7,0
K7LRU2,C6TGA9,0
I1MLZ0,I1MSN3,0
I1LPZ2,I1J8C9,0
C6SW69,I1MVC6,0
A0A0R0HSV1,I1JC65,0
C6SWG4,I1ML11,0
I1MHH7,I1KXK6,0
O48548,I1JD36,0
I1L3P6,I1M277,0
I1KGU0,K7LNG6,0
I1JXQ3,I1JA95,0
I1KBM7,I1LL05,0
I1K628,I1KYL4,0
I1MGB0,A0A0R0GFH3,0
I1LY25,A0A0R0JJK0,0
K7KVG4,C6T2G5,0
K7MST2,I1JD36,0
A0A0R0G5V6,A0A0R0GFL3,0
K7KDM1,A0A0R0GWH6,0
A0A0R0EJE2,I1MNU2,0
K7KDX2,I1N761,0
I1JV48,C6SYW6,0
A0A0R0F2Z4,C6T4V3,0
I1KJW4,I1JRJ3,0
I1MLK3,I1K6E7,0
A0A0R4J389,A0A0R0FEN3,0
I1KQG0,C6T4V3,0
C6TAW8,A0A0R0KE62,0
C6TK75,C6SX83,0
C6SZY0,I1L9K4,0
I1NGQ5,K7L9M2,0
I1MBR7,K7L2R0,0
K7KPJ4,I1JMK4,0
K7L395,A0A0R0IT62,0
C6TKZ4,K7K8K7,0
I1J6B5,C6TFX5,0
A0A0R0GRI6,I1MGG7,0
I1KVX9,A0A0R0ESZ8,0
A0A0R0K5D9,K7MNP5,0
I1LYQ9,I1LLS8,0
A0A0R0L7S1,I1L9K4,0
I1NBE9,C6TBL4,0
I1MEF8,I1LLK1,0
A0A0R0ERF9,A0A0R0GS25,0
K7N3F6,I1MVC6,0
I1MNM3,I1MRI5,0
I1KGZ6,C6SX83,0
I1MJM9,I1KTI0,0
I1LG61,C6TIQ7,0
A0A0R0HDM5,I1LL05,0
C6TBQ2,K7M864,0
I1MUQ7,I1L332,0
I1NCS8,K7L6N7,0
C6T3K0,C6SZG1,0
A0A0R0JYY8,K7KFY5,0
K7MMF4,I1L7G4,0
M1FN39,I1LPJ8,0
I1K3U2,K7MFZ6,0
I1KUT8,I1KXK6,0
C6TD73,A0A0R0G7I0,0
K7KP67,C6TGZ1,0
I1JG98,A0A0R4J4H3,0
I1KJ56,I1KVC1,0
A0A0R0EZ39,K7LNG6,0
A0A0R0K5X4,K7KES1,0
K7MMR3,I1K5K7,0
K7LUF9,I1MRI5,0
I1JFS9,A0A0R0IR73,0
I1KZI6,A0A0R0FZM4,0
K7LGW1,K7K318,0
K7KLF0,I1LWZ0,0
I1L250,K7L9M2,0
I1M3U2,A0A0R0JBL2,0
K7LEG0,A0A0R0KPE1,0
I1LP56,A0A0R4J4C5,0
K7MST2,K7L9M2,0
I1M5E2,A0A0R0IF42,0
I1MU29,C6TGA9,0
I1KZW4,A0A0R0GJV8,0
A0A0R0GYG1,A0A0R0ENB3,0
Q2PMU2,A1YZE0,0
I1MNK0,K7K8K7,0
K7LZZ5,I1LPJ8,0
K7MST2,K7KQZ8,0
A0A0R0J2L9,K7KJB2,0
I1JQR6,I1KJD2,0
C6SVV7,I1MNU2,0
I1JAF7,I1JAH7,0
I1LUI7,A0A0R0GFH3,0
K7KFV5,I1LIA8,0
C6T968,I1J547,0
I1KX98,I1LUL2,0
A0A0R0FX46,I1KTI0,0
C6SWG4,I1JUQ0,0
A0A0R0L8Y1,I1KQE3,0
K7MMR3,I1MRP6,0
I1MM64,A0A0R0FX75,0
I1N9E1,A0A0R0JBV0,0
A0A0R0GCF5,K7L2D7,0
I1NFS4,I1JC65,0
K7M2D8,A0A0R0JT51,0
I1MYX8,I1MZV0,0
I1M6L1,I1KSD0,0
I1JMT0,P62302,0
C6T3I8,K7MM40,0
A0A0R0K6F4,A0A0R0JJI0,0
C6TKC3,A0A0R0L828,0
C6TC92,K7KK74,0
I1N1V6,I1MRI5,0
I1JDR2,K7MFE5,0
I1J7A8,I1JE09,0
I1KQB9,A0A0R4J2Q5,0
K7MXS9,C6TK73,0
I1KZW4,A0A0R0GFL3,0
C6TD73,I1N761,0
I1K628,A0A0R4J5K6,0
I1KVX9,I1LG13,0
A0A368UHC3,K7MGQ2,0
I1KJ98,A0A0R4J426,0
I1J5B0,I1KZ09,0
C6SWZ1,A0A0R4J4C5,0
I1MU29,A0A0R0GS25,0
K7MS88,I1MQC8,0
K7LWC5,A0A0R0E934,0
I1MM89,A0A0R4J4H3,0
I1K8N0,I1JUQ0,0
I1LCX3,I1K215,0
I1KJW4,A0A0R4J4C3,0
C6SZY0,C6TIK0,0
I1MZ32,K7MNP5,0
I1JU70,K7KW44,0
I1M3Q8,C6TJM4,0
K7MAP3,I1LIA8,0
I1KAJ2,I1JRV0,0
I1NJ79,C6T2G5,0
A0A0R0GG96,K7LQV0,0
I1LUF0,I1K5B6,0
I1N7K6,I1K5K7,0
I1J8W9,I1LII4,0
A0A0R0HXE9,I1M1W3,0
C6T9S5,K7M846,0
C5NTE7,A0A0R0EJV2,0
I1M9F7,I1NJ53,0
A0A0R0K5X4,K7LTB2,0
C6SZY0,A0A0R0GFL3,0
K7M097,A0A0R0IT62,0
A0A0R0JG07,C6TIK0,0
I1N0R5,C6TGA9,0
I1KHY2,K7M849,0
K7KTT9,A0A0R0GJV8,0
A0A0R0GG96,Q43463,0
I1N4X7,A0A0R4J5K6,0
C6SVU4,K7LFD7,0
I1JAG0,K7MMD7,0
I1M9F7,I1MJJ9,0
A0A0R0E3E6,I1KSD0,0
I1LAR7,K7M864,0
I1J5B0,K7LLV5,0
C6SXM9,C6T0A0,0
I1LP18,I1K115,0
A0A0R0HIA6,I1J8W6,0
I1MBA2,I1KAD1,0
I1MQB5,C6TIQ7,0
K7MCH3,K7LLV5,0
I1JVN0,A0A0R4J5C5,0
A0A0R0J2L9,I1MU00,0
I1N6Z0,K7KWE4,0
I1K7N0,A0A0R0FXD4,0
I1KUT8,I1LIU7,0
I1LQ02,K7N145,0
I1KU09,K7LFD7,0
I1KU09,I1MW51,0
A0A0R0J2L9,I1LM96,0
I1JG98,I1M277,0
I1LUL7,K7L2R0,0
I1JYG6,I1KMS8,0
Q2PMU2,K7L6N7,0
I1JVU8,I1LLS8,0
C6SWD4,K7LTR0,0
I1MVK7,I1JAH7,0
I1JG98,A0A0R4J488,0
I1KJW4,I1LPW2,0
I1JXB4,I1MNS7,0
C6TBQ2,A0A0R0GUR9,0
I1MEF8,A0A0R0EYS5,0
I1LXH0,I1JHJ0,0
I1MTZ8,I1LG13,0
I1KJ56,I1LEC4,0
I1LR08,I1MC28,0
I1NHQ1,I1LPJ8,0
I1JFF6,I1NCF6,0
C6TAF0,K7M864,0
I1MEN1,I1JAH7,0
I1L8H7,I1ML11,0
A0A0R0EU45,I1K970,0
C6T2H2,I1L9K4,0
I1JWH5,Q43463,0
A0A0R4J2W3,I1LPW2,0
I1MRY0,I1MLF1,0
I1MFH3,I1M225,0
I1JAF7,I1NAF6,0
I1NCS8,A0A0R0L0E7,0
K7LUF9,K7LTB2,0
K7MGK0,K7N1T9,0
I1KGI6,K7N0V8,0
I1M3U2,I1KMS8,0
C6SZM2,I1NIE5,0
I1NBE9,K7LTB2,0
I1LYQ9,I1KSD0,0
C6TLV6,K7KW44,0
C6SVF8,I1MZV0,0
A0A0R0I8Z5,A0A0R0H141,0
I1JY87,C6TFX5,0
I1JUR7,A0A0R0FER5,0
I1LJI8,K7LSJ2,0
I1MV96,I1MEQ6,0
I1LPC3,A0A0R4J4C5,0
I1KPT1,K7MGQ2,0
K7KNJ6,K7M6Z2,0
I1KD09,A0A0R0F214,0
I1MLZ0,I1KM19,0
I1MHH7,A0A0R0EJV2,0
I1J7A8,I1JUQ6,0
K7KVG4,K7KES3,0
I1JZC3,I1JK31,0
A0A0R0FJF0,Q2PMR3,0
I1KD09,A0A0R0JRI8,0
K7N3F6,I1MJJ9,0
I1LS70,K7L2D7,0
K7K1Z2,K7MNN5,0
A0A0R4J4C8,A0A0R4J2Q5,0
I1N4X7,I1MSN3,0
I1MVE9,I1KYL4,0
C6T3K0,I1KSL6,0
I1LFW0,I1LWZ0,0
C6TLT3,A0A0R4J2Q5,0
I1K0C4,A0A0R0JRI8,0
I1LC20,I1N898,0
I1K911,I1KJD2,0
K7KLI7,I1ML11,0
I1KP31,K7KK86,0
I1L0M6,I1LW00,0
P07506,I1K9J7,0
I1KGZ6,I1MNU2,0
I1MQB5,A0A0R0JYX3,0
I1K7N0,A0A0R4J384,0
I1KHL4,I1MQC8,0
I1KPQ8,K7KWE4,0
C6T084,I1KVC1,0
H2D4C3,I1J8C9,0
C6SYR1,I1JB64,0
I1KV60,K7L6K2,0
C6T3G1,A0A0R0JYX3,0
I1LRB0,I1JC65,0
I1N0F1,K7K894,0
I1KY58,K7LSJ2,0
I1LXH0,I1LPK5,0
A0A0R4J354,K7LSG2,0
K7M4N3,I1M998,0
I1NDG6,A0A0R4J488,0
I1LA00,I1KUS2,0
A0A0R4J3Y6,A0A0R0FB78,0
I1MC26,I1KZK2,0
C6TFN5,I1L171,0
C6SY99,I1MVC6,0
C6T0E4,A0A0R0H141,0
C6T3I8,A0A0R0GAQ8,0
I1M2R5,I1MZV4,0
I1LPD3,C6TNW3,0
I1MVE9,C6SYW6,0
I1N0U4,A0A0R4J2Y1,0
I1L3P6,C6SX83,0
I1JR41,I1NAF6,0
I1M0S4,K7N5K2,0
A0A0R0I8Z5,K7LIE3,0
I1MNM3,A0A0R0GBB6,0
K7N0X7,A0A0R0G7B5,0
C6T7N2,I1LH27,0
I1KCB7,I1JMZ7,0
I1LYU9,I1JA95,0
K7LZZ5,I1LIU7,0
A0A0R0EJE2,I1J547,0
I1JE83,A0A0R0L7U5,0
I1KVX9,I1JRV0,0
I1M100,A0A0R0JJK0,0
A0A0R0F0T6,C6TIK0,0
K7L8H2,A0A0R0ENB3,0
I1KUP5,A0A0R0GBB6,0
C6T5Z0,C6SX83,0
I1JXQ3,I1KHJ4,0
K7M787,K7KES1,0
K7LIW2,I1NAJ5,0
I1N8P5,I1NAF6,0
I1KGU0,A0A0R0FXD4,0
K7M097,A0A0R0GG06,0
K7LKS0,K7MFZ6,0
A0A0R0EYA9,A0A0R0ESZ8,0
I1JRA0,C6TNW3,0
K7MZP6,I1MNS7,0
I1MHS1,A0A0R0JTV5,0
I1JNV3,I1JK31,0
I1KQP3,I1LHS8,0
I1JTE4,K7MNP5,0
I1N954,K7LNG6,0
I1JKP1,I1NCV4,0
K7MGK0,I1K5B6,0
I1LYN0,I1JE09,0
I1M7C1,I1MQC8,0
I1M2R5,A0A0R0JTV5,0
I1M4Y9,I1JMH3,0
C6TG91,K7M849,0
I1LJ93,I1M277,0
I1J5U5,A0A0R0G7I0,0
I1LMW7,I1K4R8,0
K7KVG4,I1LIU7,0
I1KBB6,K7MXE0,0
I1MUC0,I1NCF8,0
I1K2J5,A0A0R0EYS5,0
I1K096,K7M841,0
I1LXH0,K7L939,0
I1JDH6,C6SZ70,0
C6T3I8,C6TCH4,0
I1J553,A0A0R0KPE1,0
I1JHN5,A0A0R0KVY6,0
A0A0R0GNH6,I1MC28,0
A0A368UHE3,A0A0R0GPH9,0
C6SW43,A0A0R0L7U5,0
K7L395,I1L9K4,0
C6TKB2,A1YZE0,0
I1K650,I1L3P5,0
C6T567,A0A0R0JYX3,0
K7K2H1,C6SYW6,0
I1LRH8,K7MRF5,0
I1LIS4,I1LL05,0
I1LZT5,A0A0R4J4C5,0
I1LA00,K7K8Y9,0
I1MK96,I1K115,0
I1L8L5,A0A0R0GBB6,0
A0A0R0ESI3,A0A0R0K7U0,0
A0A0R0GZZ6,I1M5B6,0
A0A0R0HIA6,I1NCF6,0
I1N1Y6,C6TGA9,0
A0A0R0GG96,I1J4B5,0
I1L6W0,A0A0R0JJK0,0
A0A0R0K0L0,A0A0R0FXD4,0
A0A0R0LB39,C6SWS6,0
A0A0R0KE73,I1MPJ4,0
C6TD73,C6T5R4,0
I1LXH0,I1LHS8,0
A0A0R0KE73,I1NIE5,0
I1LSM6,I1MEF5,0
A0A0R0FNM4,I1LFD2,0
K7M5W5,I1JVX3,0
I1KH45,A0A0R0JBV0,0
C6TL77,I1JD07,0
I1NGQ5,K7N5K2,0
C6T0U3,I1KTI0,0
I1KFU0,K7L4N7,0
I1KFI5,A0A0R4J5C5,0
I1N0F1,K7MM40,0
I1K0C4,K7M4E0,0
I1N5E8,C6TGA9,0
I1JWH5,K7KES3,0
A0A368UHM1,A0A0R0GS25,0
C6SW69,A0A0R0F214,0
I1M6L1,C6SZG1,0
I1MC26,K7LIE3,0
I1K9P1,I1KM19,0
I1LDA7,K7L7W0,0
A0A0R0HIA6,K7L939,0
A0A0R0F2G6,I1LLS8,0
I1K7J4,A0A0R0JT51,0
K7L240,A0A0R0L828,0
C6TC92,I1MEQ6,0
A0A0R0J7J3,A0A0R0GUR9,0
I1JCY0,I1MEQ6,0
I1KFU0,I1KEC8,0
M1FN39,K7MFZ6,0
C6TCW7,A0A0R0K0K3,0
C6T7N2,K7L2R0,0
A0A368UHE3,A0A0R4J384,0
I1MV96,I1LWZ0,0
A0A0R0JH35,A0A0R0L4P0,0
I1MZ47,A0A0R0L4P0,0
K7M5W5,O22518,0
I1NC77,A0A0R0H141,0
A0A0R0K5X4,A0A0R4J4C5,0
A0A368UHM1,I1LXQ3,0
K7K794,I1MRP6,0
A0A0R0FSY2,K7LIE3,0
I1LMQ5,K7MYK9,0
I1L1N3,A0A0R4J4H3,0
C6TE07,I1K2I1,0
I1K620,I1JHJ0,0
I1JY87,C6TJ17,0
I1MHH7,I1JK31,0
C6SXM9,A0A0R4J4H3,0
I1NJ79,I1LHS8,0
I1NIE7,I1L9K4,0
I1KBL4,K7LNG6,0
I1K3P0,I1L3P5,0
A0A0R0F7J9,I1M1W3,0
C6SWG4,I1NJ53,0
I1KGU0,K7MQG6,0
I1J8V4,I1J8W6,0
A0A0R0FNM4,I1LIU7,0
I1MEF8,A0A0R0GBB6,0
I1JKS2,A0A0R0EJV2,0
I1NBE9,I1KSL6,0
I1MQB5,A0A0R0GJV8,0
I1LM73,I1MK72,0
C6T7N2,A0A0R0GAQ8,0
I1M7B9,I1K9J7,0
K7KEV0,C6T0A0,0
I1KUP5,I1JUQ6,0
C6SWG4,K7MM40,0
C6SWI9,K7L6N7,0
C6TNX5,K7KK86,0
I1MNE4,C6SW04,0
I1LUF0,I1K3X9,0
A0A0R0KE73,C6TK73,0
K7KGC2,K7MXE0,0
I1MBA2,I1M269,0
K7M142,I1M1W3,0
C6TAW8,A0A0R4J384,0
K7M4N3,K7K8Y9,0
I1LJA4,I1MLF1,0
I1M5E2,I1M269,0
I1MC39,I1JD52,0
I1LSM6,C6T4V3,0
C6SYA3,C6TGZ1,0
I1LC01,K7M6I1,0
C6SWI3,C6TIK0,0
I1MUN3,A0A0R0FER5,0
I1J5Q1,K7MNP5,0
I1L250,K7K4C7,0
A0A0R0IGP2,I1LUE0,0
A0A0R0FKK9,I1LXQ3,0
A0A0R0JS60,I1KYL4,0
A5Z2K3,I1N8M8,0
I1LJI8,I1KHJ4,0
A0A0R0JLD5,I1MVC6,0
I1LR08,K7K318,0
K7MWR1,I1MTV9,0
A0A0R0G5A8,K7M6J1,0
I1LD74,I1L332,0
I1JR41,K7MM40,0
I1KB26,I1MJJ9,0
P09755,I1MLF1,0
I1L690,I1MNV2,0
I1JTE4,A0A0R0EJV2,0
I1LFQ4,A0A0R4J5C5,0
I1JY87,A0A0R0FGT9,0
A0A0R0G2B9,A0A0R0HCS6,0
I1JU70,I1KEC8,0
I1LFW0,C6T5U0,0
K7LEG0,I1LIA8,0
K7LWC5,I1LIU7,0
C6TFN5,I1LPJ8,0
C6T426,C6SW04,0
A0A0R0F077,I1N780,0
I1JAF7,I1LM96,0
K7L3K3,I1L9K4,0
I1KS36,C6TJ17,0
I1LUL7,C6T5R4,0
I1M9F7,I1M277,0
I1MC26,I1LL05,0
I1KQE8,I1JD36,0
A0A0R0GE84,P17093,0
I1LMW7,K7MNP5,0
I1L1S1,A0A0R4J426,0
I1K2J5,A0A0R0JJK0,0
K7LLK0,I1LW00,0
I1L5H8,C6SZ70,0
I1NJ79,I1MVC6,0
I1KBL4,A1YZE0,0
I1K5H2,C6TJ17,0
A0A0R0ERF9,A0A0R0IR73,0
I1KBB6,I1LPK5,0
I1M7V7,I1JRJ3,0
I1JUR7,I1JHJ0,0
A0A0R0GC27,I1MLF1,0
K7KYE0,I1J8W6,0
I1MDC4,K7K894,0
I1KQ68,A0A0R0IT62,0
I1LJW2,K7M9T4,0
I1KB26,K7L4N7,0
I1N1X8,I1KCY5,0
K7KZ42,I1LPK5,0
I1JKP1,I1MJJ9,0
I1JI73,I1JD07,0
I1N9S5,A0A0R0FXD4,0
K7K1Z2,I1NIE5,0
I1KHL6,I1JV03,0
I1K5H2,I1L9K4,0
K7K3W5,I1NIE5,0
C6SYA3,I1K115,0
I1J5U5,K7KQZ8,0
I1NF12,I1JVX3,0
K7MST2,I1K467,0
I1MM64,K7L2R0,0
I1N0I7,K7M466,0
I1KLS4,I1MF50,0
I1MP46,I1N780,0
I1LY25,I1MC28,0
I1NF54,A0A0R0FB78,0
I1LUI7,K7KW44,0
I1NGD2,I1NAJ5,0
A0A0R0K5X4,I1NG45,0
I1JDH6,I1MTV9,0
I1JTW0,K7L9M2,0
I1KS88,I1MSN3,0
C6T8R7,A0A0R0EWR2,0
A0A0R0JG07,K7KNC5,0
I1LBV2,A0A0R0FX75,0
I1JAF7,I1K467,0
I1MT74,K7MQG6,0
Q2TFP1,A0A0R0GFM7,0
I1N3M5,A0A0R0HCS6,0
C6T507,I1N7F4,0
K7LXT7,I1LW00,0
I1MEF8,I1KAD1,0
I1JIJ4,K7KW44,0
I1MRS5,C6TCH4,0
A0A0R0FYN8,K7LFD7,0
I1JT28,I1KM19,0
I1KRD4,I1LWZ0,0
K7KGE9,I1LPJ8,0
I1K725,I1LG13,0
I1N9I5,K7L2D7,0
I1K7J4,I1KQE3,0
A0A0R0JKU3,A0A0R0E934,0
C6TLV6,A0A0R0K7U0,0
C6TNL5,I1KJF2,0
A0A0R0LFT0,I1KAR1,0
I1JE93,K7LSJ2,0
C6TKW2,I1K642,0
A0A368UH03,I1LW00,0
C6SVH9,A0A0R4J4C3,0
I1LC01,I1KSL6,0
I1K620,A0A0R0IR73,0
A0A0R0GG96,A0A0R0G7I0,0
A0A0R0KCV3,C6SX83,0
I1MGB0,I1NCV4,0
I1MJ97,I1LFD2,0
I1LCX3,K7KFY5,0
I1LKQ4,A0A0R4J5B7,0
I1JV48,I1LLK1,0
I1MNE4,C6SX83,0
A0A0R0K5D9,C6TFX5,0
C6SVF8,I1KD82,0
C6TC92,I1MZV0,0
A0A0R0J2L9,I1J547,0
I1KPT1,I1J8C9,0
A0A0R0ERF9,I1LEC4,0
I1MBM5,K7LTR0,0
I1N7K6,A0A0R0EYS5,0
O48548,K7KES3,0
I1LSM6,A0A0R0JBL2,0
I1N0F1,I1LIT1,0
H2D4C3,I1JRU7,0
K7KDM1,K7MNP5,0
I1J5Q1,A0A0R0K6I2,0
C6TAW8,K7L2R0,0
K7MMF4,I1KTI0,0
A0A0R0K6F4,I1KFL5,0
I1KUP5,K7MTL2,0
I1M4Y9,C6SYE1,0
I1K096,Q43463,0
I1M4Y9,I1JRV0,0
A0A0R0L4N1,C6TJM4,0
I1LM73,A0A0R0L7U5,0
I1LRE4,A0A0R0H141,0
A0A0R0GE56,K7KES1,0
I1KCB7,Q43463,0
C6TBJ1,A0A0R0L828,0
A0A0R0JJ98,Q43463,0
I1JVN0,I1L2H4,0
I1MP46,I1MTV9,0
I1NF54,I1JUQ6,0
I1J7S6,I1MRP6,0
C6TKG0,K7MXE0,0
A0A0R0I0B9,I1MSN3,0
A0A0R4J2K3,A0A0R0HV63,0
I1JVN0,A0A0R0FGT9,0
A0A0R0JH35,I1KSL6,0
I1JRL7,K7KES1,0
A0A0R0L7S1,A0A0R0L828,0
I1JIP5,K7KAB4,0
I1N1V6,I1K5B6,0
A0A0R0F2Z4,K7N0V8,0
I1J8V4,A0A0R0JQJ0,0
A0A0R0HIA6,A0A0R0FZM4,0
I1LBV2,A0A0R0F214,0
I1M6L1,I1LGD6,0
C6SWA0,I1J8C9,0
K7M1G4,A0A0R0GJV8,0
I1KLS4,I1L7G4,0
C6TFR5,K7K894,0
I1J7A8,C6T5R4,0
I1KUP5,K7MGQ2,0
K7KIU3,I1KPE7,0
I1NGD2,K7KW44,0
C6T3G1,A0A0R4J2Y1,0
A0A0R0INQ5,I1MQC8,0
I1K3U2,K7M6I1,0
C6T883,Q43463,0
I1LHR1,I1MNU2,0
I1MC39,K7LY43,0
I1NBE9,I1KUS2,0
A0A0R0JES0,C6TD23,0
K7LWC5,K7MNP5,0
A0A0R0I0B9,I1NC50,0
I1L219,K7KJB2,0
O48548,I1L7G4,0
K7LXT7,I1LIU7,0
I1LXH0,I1JM18,0
M1FIU8,I1K1W8,0
K7L8H2,A0A0R0EKI7,0
I1MK96,K7KFY5,0
I1M3Q3,I1M1W3,0
C6SYA3,A0A0R4J2Y1,0
I1KC19,I1KHJ4,0
A0A0R0I0B9,I1K146,0
I1LDA7,K7N0V8,0
I1LFW0,I1NAJ5,0
A0A0R0H2V0,A0A0R0ENB3,0
I1MHH7,I1LIU7,0
I1N9E1,I1JMH3,0
I1JIW3,O22518,0
I1MZ32,C6T065,0
I1L8H7,I1KZ09,0
I1KTL9,A0A0R0KVY6,0
C6TLT3,I1MC28,0
I1KZW4,I1K1W8,0
A0A0R0JB42,K7MGQ2,0
A0A0R0KR16,K7KQZ8,0
I1MUQ7,I1N5D5,0
I1LIM0,I1KFL5,0
I1JMZ4,P17093,0
I1MUQ7,I1MLJ0,0
K7MTC4,A0A0R0EDS9,0
K7K415,I1M277,0
A0A0R0HDM5,I1JV03,0
K7MS88,I1JA95,0
A0A0R0GE84,I1K970,0
I1KS88,I1K115,0
A0A0R0JG07,K7M864,0
I1NGQ5,I1K9J7,0
I1LFQ4,I1MTV9,0
K7LWI3,I1JFW6,0
I1MWP7,K7LK09,0
A0A0R4J3D2,A0A0R0H141,0
I1KQ68,I1L332,0
C6SZG8,I1JRJ3,0
C6SWI9,K7MYK9,0
I1NHQ1,I1JA95,0
C6SY81,A0A0R4J4C3,0
A0A0R4J389,A0A0R4J4H3,0
I1J9W0,I1KTI0,0
C6T1P2,I1K2I1,0
I1JMT0,C6TJM4,0
A0A0R0G5A8,I1KVC1,0
A0A0R0E3E6,K7MC85,0
K7LSH9,K7KQZ8,0
C6TFR5,K7M592,0
A0A0R0G5V6,P17093,0
I1MFH3,K7KES1,0
I1N0R5,C6SW04,0
K7MWR1,K7MGQ2,0
K7LA18,K7L2D7,0
A0A0R0L4N1,K7M846,0
A0A0R0LA89,K7LTR0,0
I1M6L1,A0A0R0GFH3,0
I1KQG7,I1NG45,0
I1KJT5,A0A0R0FB78,0
I1KFU0,C6T2G5,0
I1LGI1,I1KVC1,0
I1NBQ2,I1JVX3,0
C6TFR5,I1JUQ0,0
I1N056,K7KTS8,0
K7LWN2,I1MLJ0,0
I1JKP1,A0A0R0ENB3,0
I1JFN0,K7LTB2,0
I1KHL6,I1LLK1,0
A0A0R4J4C8,Q43463,0
A0A0R4J2K3,I1LIU7,0
I1MV96,I1KMS8,0
I1NGQ5,I1J8C9,0
K7K2H1,I1LXQ3,0
I1J5U5,A0A0R0FB78,0
I1M5E2,I1LVN3,0
I1LPC3,I1KYL4,0
I1MXT2,C6SWS6,0
P48513,A0A0R0GAQ8,0
I1MIE5,I1K642,0
I1MUQ7,I1KEC8,0
I1JY87,K7LLV5,0
A0A0R0KXY9,I1JK31,0
A0A0R0ESI3,I1MNU2,0
I1KIY3,A0A0R0F214,0
A0A0R0EYA9,I1LGD6,0
I1LP56,I1NCV4,0
K7KYE0,I1NG45,0
C6T3K0,K7MXE0,0
Q2TFP1,I1KZK2,0
I1LR08,A0A0R0F214,0
I1NGQ5,I1MPJ4,0
I1JRL7,Q43463,0
I1MLZ0,I1LPW2,0
A0A0R0HIA6,I1K970,0
I1MNU7,I1JK31,0
I1JY67,A0A0R0KVY6,0
I1JNV3,C6SZQ0,0
I1NH98,I1K5K7,0
I1L3P6,A0A0R0EWR2,0
I1K650,A0A0R0HCS6,0
I1LIS4,K7LQV0,0
I1MNM3,A0A0R0JJI0,0
P07506,I1NCF8,0
I1L690,I1NAJ5,0
Q2PMU0,I1K9J7,0
I1JUT9,I1KXK6,0
I1M0N9,K7LIE3,0
A0A0R4J3D2,A0A0R0EUJ0,0
I1KR80,C6TD23,0
I1KQE8,I1MRI5,0
I1JVN0,I1KM19,0
I1KX98,I1MLF1,0
C6SW69,I1N8M8,0
K7L3K3,K7L2D7,0
C6SYF3,A0A0R4J2Q5,0
I1JUJ8,K7MC85,0
I1LPC3,C6SWS6,0
I1MLZ0,I1KPE7,0
I1NJ79,A0A0R4J5K6,0
I1KS36,C6TGZ1,0
A0A0R0K5X4,C6TGZ1,0
I1MJ97,A0A0R0FZM4,0
I1LC20,I1NC50,0
I1JR41,A0A0R4J5K6,0
C6T0U3,I1MEF5,0
K7KGJ8,I1N8M8,0
I1KYS6,I1JYT2,0
I1NIJ9,I1K1W8,0
I1LRH8,C6SYW6,0
K7LQ96,C6SZQ0,0
I1KEG8,A0A0R0ENB3,0
Q2PMU0,K7N129,0
I1JIP5,K7M6Z2,0
I1LGI1,K7LHS7,0
K7KP67,K7MXE0,0
I1JML1,A0A0R0G7I0,0
C6T4Z6,K7KQZ8,0
I1J5B0,I1KJF2,0
A0A0R0E3E6,A0A0R0GPH9,0
I1JTW0,P17093,0
I1MK36,A0A0R0EWR2,0
K7L3P2,K7MC85,0
I1N8P5,I1LWZ0,0
I1JMT0,I1JM18,0
I1MWP7,K7MNP5,0
I1KV60,I1LPK5,0
A0A368UHC3,A0A0R0JRI8,0
I1LUF0,I1NIE5,0
P09755,K7KTS8,0
I1KEY6,I1MK72,0
I1L4B6,A0A0R0L828,0
I1LRE4,I1JK31,0
I1N3M5,I1JMK4,0
I1N3M5,K7M849,0
A0A0R0ESI3,I1KZY8,0
I1JV48,A0A0R4J2Y1,0
A0A0R0L4N1,I1LH27,0
K7M5T0,K7N0V8,0
C6TKB2,C6TK73,0
I1KHY2,I1KH38,0
A0A0R0F2Z4,I1L171,0
I1K4U3,K7M849,0
I1M3Q8,I1KD82,0
I1JTE4,I1K6E7,0
K7LQ96,I1K970,0
I1JUJ6,K7N1T9,0
I1LRE4,I1K970,0
A0A0R0KJP6,I1LIU7,0
I1L6W0,I1JFW6,0
A0A0R0J2L9,A0A0R0GBB6,0
A0A0R0GNH6,K7MFE5,0
K7L8H2,I1LR48,0
I1L524,K7MRF5,0
I1JMT0,I1LFD2,0
K7MAP3,K7LK09,0
I1L1L2,A0A0R0FM97,0
A0A0R0FEI0,I1JV03,0
I1KMS4,K7MGQ2,0
I1JZC3,A0A0R0JT51,0
I1MV96,I1JVX3,0
I1LWR7,I1LIT1,0
C6TFN5,K7MQG6,0
C6TNL5,I1KPE7,0
C6SZ22,I1M277,0
I1KHL6,C6T5R4,0
K7K676,I1M269,0
I1NGD2,I1LWZ0,0
I1KS20,C6TK73,0
C6T1E6,K7L2R0,0
K7K1Z2,A0A0R4J5B7,0
I1N1V6,I1JUQ6,0
A0A0R0FSS2,I1KSL6,0
C6T3G1,I1MNV2,0
I1M7C1,I1KAD1,0
K7MTC4,A0A0R0GWH6,0
I1KTL9,I1MGG7,0
I1NIE7,A0A0R0HSH0,0
K7KDX2,K7LK09,0
I1KXI7,I1J9I1,0
Q2PMT2,I1N8M8,0
I1LHY4,I1MNU2,0
I1KB26,K7MGQ2,0
I1KHJ6,I1JD52,0
I1K3U2,K7M6J1,0
I1K5L7,A0A0R0F214,0
K7MPL4,A0A0R0JBV0,0
I1MP46,I1LHS8,0
K7KDA5,K7MC85,0
A0A0R0ET54,K7N129,0
I1K8C1,Q43463,0
I1L5Z7,C6TBL4,0
I1J5U5,I1LIU7,0
I1LP18,I1KFL5,0
A0A0R0FX46,A0A0R4J4C3,0
I1LGI1,C6SX83,0
K7KTT9,I1KD82,0
I1NF12,I1JRV0,0
I1JMZ4,I1NAF6,0
C6T8L7,I1NCF6,0
C6T0E4,I1KZ09,0
K7MWR1,K7M6J1,0
P46279,I1JYT2,0
I1K2Z9,K7KK74,0
I1L9A1,K7N129,0
A0A0R0ET54,A0A0R0GAQ8,0
K7KZ42,A0A0R0FER5,0
A0A0R0HN81,I1JUQ0,0
K7KDM1,I1JHJ0,0
I1MQB5,A0A0R0EUJ0,0
C6T868,K7K8K7,0
K7MMR4,I1JRV0,0
K7KYY0,I1LUL2,0
I1LQ02,A0A0R0L828,0
I1MVK7,I1JYT2,0
C6T7N2,K7MQG6,0
I1M0C3,A0A0R0GJV8,0
I1KEY6,I1M1W3,0
I1K5K3,C6TGA9,0
P09755,I1JAH7,0
C6T426,K7N5K2,0
I1N8Q6,I1M277,0
I1JHC2,I1LFD2,0
I1K9B8,I1K4R8,0
A0A0R0JLD5,K7KNC5,0
A0A0R0JB42,I1K9J7,0
I1J7S6,I1NAF6,0
I1K5K3,I1MF50,0
I1MC39,I1LY15,0
I1MK96,A0A0R0F214,0
I1MNK0,I1MEF5,0
I1JT85,I1MU00,0
I1JMT0,C6SYE1,0
I1KS88,I1MF50,0
I1JKP1,A0A0R0EDS9,0
I1KTL9,C6SW04,0
I1L1L2,I1J8C9,0
K7LUF9,K7M6R4,0
A0A0R0F2G6,A0A0R0EUJ0,0
I1LPJ3,A0A0R0EUJ0,0
I1MUC0,I1KLS1,0
I1M0C3,K7N1T9,0
I1JMZ3,I1M225,0
I1LMQ5,K7KJB2,0
A0A0R0HXE9,A0A0R0GAQ8,0
I1KJH7,K7MFE5,0
I1LPC3,I1KSL6,0
C6SZG8,I1NCF8,0
I1LDA7,A0A0R0FM97,0
C6SYF3,K7KQZ8,0
I1KCH6,I1K9J7,0
I1MBM5,A0A0R0H141,0
I1NGQ5,K7KFY5,0
I1KJ56,A0A0R0EUJ0,0
I1JE38,A0A0R0KWL0,0
I1LJI8,A0A0R0HCS6,0
I1KV60,K7M6I1,0
I1MP46,I1ML11,0
A0A0R4J354,I1K642,0
I1LPC3,A0A0R0L0E7,0
C6TE07,C6SW04,0
I1LSM6,K7KK74,0
I1LQ02,A0A0R0JRI8,0
I1J7A8,K7M6I1,0
I1J5B0,I1LG13,0
I1L8H7,I1LLS4,0
I1KS88,I1MZV4,0
I1M0N9,K7LFD7,0
I1M757,I1L332,0
I1LMQ5,A0A0R0GPH9,0
I1KYS6,K7MNP5,0
I1KKD9,I1NJ53,0
I1LS70,I1JK31,0
I1LD74,K7KTS8,0
I1JUT9,I1NCF8,0
I1MT74,I1JB64,0
I1J7S6,K7N129,0
A0A0R0JZD5,K7LNG6,0
I1JIW3,C6T0A0,0
C6SWG4,I1KZY8,0
I1J5B0,Q2PMR3,0
C6TKW2,A0A0R4J4C5,0
K7LHR2,I1MEF5,0
K7KFV5,I1LL05,0
I1NBQ2,A0A0R0KPE1,0
I1KX98,A0A0R0EYS5,0
A0A0R0FEN9,A0A0R4J4H3,0
I1MBW8,A0A0R0GG06,0
I1L9A1,A0A0R4J5K6,0
I1L0M6,I1K4R8,0
C6T2Z2,I1KVC1,0
I1MC26,I1JMH3,0
K7MRX6,I1KUB2,0
I1K5G1,C6SYW6,0
I1JNK6,K7M466,0
I1MU29,K7LLV5,0
K7KP66,I1LLS8,0
I1JQR6,K7M6R4,0
I1N7K6,C6TK73,0
I1J5U5,A0A0R0GFM7,0
I1L690,I1K146,0
A0A0R0KNE1,A0A0R0HSA0,0
C6SW43,I1K215,0
I1N7K6,A0A0R4J5K6,0
I1JMZ4,I1K2I1,0
I1LFQ4,I1KH38,0
A0A0R0ET54,K7LY43,0
K7K553,A0A0R0FX75,0
A0A0R0KXY9,A0A0R4J4H3,0
I1NHQ1,A0A0R0IZY4,0
K7M2D8,I1LUL2,0
A0A0R0HXE9,K7LCS7,0
I1M7V7,C6TCH4,0
A0A0R0L372,I1MVC6,0
P07506,K7KH93,0
I1KJH7,I1M269,0
I1N5E8,I1K6E7,0
A0A0R0L098,I1N7F4,0
I1LYQ9,A0A0R0F214,0
I1KQ68,I1LVN3,0
I1LUF0,I1K467,0
K7MS88,I1JMH3,0
C6TE07,A0A0R0FER5,0
I1L6W0,I1N7F4,0
C6T083,K7LHS7,0
A0A0R0K5D9,I1LLS4,0
C6SZ22,I1KHJ4,0
I1KHY2,C6TIQ7,0
A0A0R4J3N1,C6T065,0
I1L8G3,A0A0R0JYX3,0
I1KQG7,K7KES1,0
A0A0R0G2B9,I1JVX3,0
I1K911,I1NAJ5,0
I1JT85,I1L2H4,0
I1JY67,K7LCS7,0
I1LM73,K7K318,0
I1KJT5,A0A0R0JBL2,0
I1NHI4,I1N8M8,0
A0A0R0J7J3,A0A0R0FX75,0
I1LMP2,A0A0R0GAQ8,0
I1MJM9,I1M277,0
I1JKS2,I1KQE3,0
I1KGN6,I1KH38,0
K7L1B9,I1KZ09,0
I1MLN7,K7KK74,0
K7LHR2,K7MTL2,0
A0A368UHE3,I1L332,0
I1KQ68,I1K1W8,0
K7KLF0,I1MZV0,0
I1JW64,C6TIQ7,0
I1KS88,K7L7W0,0
I1MLH9,I1M1D5,0
A0A0R0IHF9,A0A0R0JJI0,0
A0A0R0H8M3,I1NAJ5,0
I1LZM7,A0A0R0GAQ8,0
A0A0R0KCY1,C6T065,0
I1JQR6,C6TNW3,0
C6SYR1,A0A0R4J4H3,0
A0A0R0LA89,I1MGG7,0
I1LIR4,C6TIK0,0
A0A0R0JZD5,I1MGG7,0
K7M2D8,I1MW74,0
I1LJW2,A0A0R0KWL0,0
I1L524,I1MK72,0
I1K7N0,I1J4B5,0
K7L3K3,I1MW51,0
I1LLA9,C6TGA9,0
I1J5U5,I1M277,0
I1K4D7,I1KFL5,0
C6TFR5,K7K4C7,0
A0A0R0KCY1,I1LPK5,0
I1NIE7,A1YZE0,0
I1JM69,I1K3X9,0
I1MZ32,A0A0R0EG78,0
C6SZY0,C6T2G5,0
C6T507,K7KW44,0
C6TBQ2,I1LUL2,0
K7MVB9,I1JUQ0,0
I1K5H2,A0A0R0JT51,0
A0A0R0GRI6,K7K8Y9,0
I1LJW2,K7LLV5,0
I1JIW3,I1M1W3,0
C6T083,I1JD52,0
K7LTQ1,A0A0R4J5K6,0
I1M273,A0A0R0IF42,0
I1NH73,A0A0R0JYX3,0
A0A0R0IGP2,I1LY15,0
I1JG98,C6SX83,0
C6SWL3,A0A0R0IZY4,0
I1KBB6,I1KH38,0
A0A0R0EU45,A1YZE0,0
A0A0R0F077,I1NCF8,0
I1JP52,I1K1W8,0
K7M5I5,A0A0R0IF42,0
A0A0R0FQN0,I1MNU1,0
I1JMT0,K7KAB4,0
C6TLT3,I1JMZ7,0
I1KVX9,I1KZY8,0
I1K2Z9,I1LEC4,0
I1N6Z0,I1J4B5,0
A0A0R0K0L0,I1LM96,0
I1MGB0,A0A0R0EYS5,0
I1L478,K7N145,0
A0A368UH03,I1K642,0
I1LIR4,K7LIE3,0
A0A368UHG0,K7K4C7,0
K7K415,C6SWS6,0
C6TLT3,K7M864,0
A0A0R4J3R4,I1KUS2,0
K7KDA5,A0A0R0JJI0,0
I1M100,I1JRJ3,0
A0A0R0FX46,I1MVC6,0
A0A0R0INQ5,I1MPJ4,0
K7LA18,A0A0R4J488,0
I1JMZ4,I1N5D5,0
I1LJ94,I1K970,0
I1MEF8,I1MJJ9,0
I1JUT9,A0A0R0ENB3,0
I1KXI7,C6TJ17,0
A0A0R0G3G4,A0A0R0K0K3,0
I1KDB2,P17093,0
C6T3K0,K7LHS7,0
A0A0R0KCY1,I1JRV0,0
I1K4U3,I1MRI5,0
K7KVG4,K7N1T9,0
I1N8P5,I1MEF5,0
I1LPJ3,A0A0R0KPE1,0
K7N0X7,I1LII4,0
K7MWR1,I1LIU7,0
A0A0R4J389,C6TGA9,0
I1JT85,I1L171,0
I1JY67,Q43463,0
I1L653,A0A0R0L5Q1,0
I1JKS2,I1ML11,0
I1JUJ8,K7M849,0
I1MRY0,C6SZ70,0
I1M3Q3,K7M9T4,0
I1LDY7,I1KAR1,0
I1LS70,K7N1T9,0
I1J6B5,A0A0R0FM97,0
I1MSD9,C6TBL4,0
K7MST2,C6SZQ0,0
M1FIU8,K7KK86,0
A0A368UH03,I1MZV0,0
A0A0R0JB42,I1LXQ3,0
I1KQ68,I1MZV4,0
I1K328,I1LLS4,0
A0A0R0F077,I1LIT1,0
A0A0R0GJ85,K7KVK2,0
I1KRZ2,K7LLV5,0
I1MYX8,A0A0R0GFL3,0
C6T2Y4,I1KSL6,0
A0A0R0EZ39,K7MXH5,0
A0A0R0G5A8,I1KJF2,0
I1K3U2,C6SZQ0,0
I1LDY7,I1JK31,0
A0A0R4J2N2,K7L6K2,0
I1JMZ3,I1JYT2,0
I1M757,A0A0R0GAQ8,0
A0A0R0FYN8,I1LVN3,0
I1M717,I1KQE3,0
I1KEY6,I1NCF8,0
I1N5E8,K7L2D7,0
I1LLA9,I1LH27,0
I1LZ09,I1K642,0
I1LPZ3,I1MLJ0,0
I1MEF8,I1KYL4,0
I1KQ68,I1MGG7,0
A0A0R0K5X4,A0A0R0EG78,0
K7M5W5,I1JAH7,0
I1NIE7,I1K970,0
I1J6B5,I1KAR1,0
K7MMR3,A0A0R0EJV2,0
I1MM89,K7LSJ2,0
I1N9S5,A0A0R0F214,0
A0A0R0I1I4,A0A0R0GFH3,0
I1LY25,I1KJF2,0
I1J5Q1,A0A0R0JQJ0,0
I1JL13,A0A0R0L7U5,0
I1J7S6,K7KES3,0
I1L478,I1L7G4,0
I1KJW4,I1LGD6,0
A0A0R0F7J9,I1LPW2,0
I1KQG7,K7L6N7,0
C6TBN8,I1JRU7,0
I1KCX1,I1NIE5,0
I1K5J5,I1KSD0,0
I1K5J5,K7MGQ2,0
C6T4Z6,I1N8M8,0
I1KGZ6,I1L2H4,0
I1K650,A0A0R0ESZ8,0
A0A0R0J2L9,I1M225,0
K7MXS9,A0A0R4J5C5,0
I1JMZ4,I1LLK1,0
I1K3U2,A0A0R4J384,0
I1KJL3,I1M5B6,0
A0A0R0G5A8,I1LPK5,0
I1KBQ5,C6TN69,0
C6TBJ1,I1JRU7,0
I1LPZ2,A0A0R0GFM7,0
I1L8H7,I1JD52,0
K7L3K3,A0A0R0FGT9,0
C6SWG4,A0A0R0L0E7,0
C6SVH9,A0A0R0H141,0
A0A0R0EI44,K7LQV0,0
I1LHY4,I1KSD0,0
I1KS20,K7KK74,0
I1KFI5,K7K4C7,0
I1MDC4,I1JRV0,0
I1MEF8,I1MW51,0
K7KEV0,K7M6J1,0
I1L9A1,A0A0R0EDS9,0
C6T2L5,I1L171,0
I1JT85,I1KZK2,0
I1LRE4,C6TIQ7,0
I1LPC3,A0A0R0FTI5,0
C6F117,I1MVC6,0
I1M7C1,K7KH93,0
A0A0R0F077,K7N1L5,0
C6SWZ1,A0A0R0GUR9,0
C6TFR5,O22518,0
I1KUP5,I1KUS2,0
I1NDG6,K7LSG2,0
I1M273,K7KK86,0
C6TG81,K7L2R0,0
I1LH11,K7M6Z2,0
C6SZM2,K7LCS7,0
I1KTS9,I1MRP6,0
I1KQG0,A0A0R4J4H3,0
K7KP67,I1NCF8,0
I1JV48,K7KK86,0
K7LHR2,K7K318,0
I1KNN1,I1JUQ6,0
K7MZP6,A0A0R0JBL2,0
I1N439,I1KFL5,0
K7LUF9,A0A0R0EUJ0,0
K7LEG0,A0A0R0HSH0,0
I1LPZ3,A0A0R0GFH3,0
A0A0R0F2Z4,I1JM18,0
I1K8N0,I1MLJ0,0
I1KDB2,I1JAH7,0
I1JT28,K7KJB2,0
I1KV60,A0A0R0FEN3,0
A0A0R0E3E6,I1JV03,0
A5Z2K3,C6TJ17,0
A0A0R0GE56,C6T5R4,0
K7KKB2,K7M6Z2,0
I1N6Z0,I1NAJ5,0
A0A0R0KNS7,I1JMK4,0
I1MYV4,I1JRU7,0
I1MNV4,A0A0R0K6I2,0
K7LHR2,K7KES3,0
C6SW69,I1KUS2,0
I1MEZ1,I1LLK1,0
C6T7N2,I1M3W1,0
A0A0R0KCV3,K7KK74,0
I1J7A8,A0A0R0JT51,0
I1NH98,I1MQC8,0
I1J9W0,A0A0R0JJK0,0
K7M5T0,A0A0R0KWT5,0
C6SYR1,I1JRJ3,0
I1JYG7,I1KYL4,0
I1N7K6,K7N129,0
I1MEF8,I1K5B6,0
I1L6W0,I1NAF6,0
I1KCN1,A0A0R0JSJ9,0
I1K8N0,I1LUL2,0
C6TLV6,K7L939,0
I1MEN1,C6T4V3,0
I1LHY4,K7KTS8,0
A0A0R0G2B9,I1JHJ0,0
K7MVB9,K7L2D7,0
I1MBW8,K7L9M2,0
I1JUT9,I1K6E7,0
I1K7N0,I1MNU1,0
C6T9S5,K7KES3,0
I1MU29,I1N8M8,0
C6SW43,I1KAD1,0
I1JWH5,I1LH27,0
A0A0R0JYY8,I1K6E7,0
I1LMQ5,I1LR48,0
C6SWD4,K7N1L5,0
I1MY43,K7K894,0
A0A0R0KXY9,K7MNN5,0
I1JW64,K7M9T4,0
I1LSM6,I1K4R8,0
C6T3K0,K7LTB2,0
I1N8P5,K7N129,0
K7KE09,I1NIE5,0
I1LDA7,K7N129,0
I1LFQ4,I1K467,0
I1K5J5,C6TIQ7,0
K7MAP3,K7KQZ8,0
C6SWI9,C6SZG1,0
I1JWF0,I1NCF8,0
C6SW69,I1KPE7,0
I1KAJ2,A0A0R0F214,0
I1K5H2,I1N761,0
K7LW22,C6TIK0,0
I1MY33,C6TJM4,0
I1K2U0,I1K9J7,0
A0A0R4J2N2,I1MC28,0
C6TL77,K7LLV5,0
I1M0S4,A0A0R4J5K6,0
I1KV60,I1KSL6,0
K7KGC2,K7KK74,0
Q2TFP1,I1JRV0,0
I1NH98,I1L2H4,0
C6SYR1,K7KFY5,0
I1M4P0,I1JB64,0
A0A0R0EYA9,K7MMD7,0
C6TMM7,I1LUL2,0
I1MNM3,C6SYW6,0
K7KNJ6,C6SW04,0
I1JVP4,A0A0R0EUJ0,0
A0A0R0JYB5,A0A0R0FB78,0
K7KGE9,K7MGQ2,0
I1MQD0,I1K5B6,0
I1N0W9,I1LLS4,0
I1JNV3,I1L332,0
A0A0R0HN81,K7K894,0
I1JZC3,I1N780,0
I1N6Z0,I1L9K4,0
I1MRY0,A0A0R4J426,0
A0A0R0JES0,I1K6E7,0
K7K2H1,A0A0R0ESZ8,0
C6SY25,A0A0R0JJK0,0
I1KEG8,K7LTR0,0
I1KJL3,I1MK72,0
A0A0R0FEI0,I1JHJ0,0
I1KBL4,I1LUE0,0
I1KIY3,A0A0R4J4C5,0
K7LJF6,K7K894,0
K7KFV5,I1MF50,0
I1LIR4,K7LSG2,0
I1LD74,I1J547,0
K7KLF0,A0A0R4J5B7,0
I1KS36,A0A0R0FJR0,0
A0A0R0JYY8,I1MSN3,0
K7LLK0,K7M9T4,0
A0A0R4J2W3,I1KMS8,0
I1LRH8,A0A0R0F214,0
I1MWF0,I1K5B6,0
I1LKQ4,A0A0R0FZM4,0
A0A0R0L7S1,A0A0R0GJV8,0
A0A0R4J2K3,K7M6J1,0
K7M4N3,I1JRJ3,0
A0A0R0L115,K7M846,0
I1KS88,C6SX83,0
I1KQG7,A0A0R0GUR9,0
C6TKB2,K7L6N7,0
I1L219,K7KW44,0
C6T567,I1KPE7,0
I1MHA4,I1K115,0
I1KBB6,I1LIA8,0
I1MEN1,A0A0R0EJV2,0
I1JUR7,K7KES3,0
I1MVG5,C6SYE1,0
I1NBQ2,A0A0R4J2Q5,0
I1JV48,A0A0R0FJR0,0
K7LKS0,K7M9T4,0
I1K4U3,A0A0R0G7I0,0
I1MGB0,C6TGZ1,0
I1KS36,A0A0R0JQJ0,0
K7LW22,C6TGZ1,0
K7KVG4,I1KZ09,0
K7L240,I1K970,0
I1LSM6,K7MFE5,0
K7K1Z2,I1LIU7,0
I1KX98,I1JRU7,0
I1MKM3,K7LFD7,0
A0A0R4J4C8,I1MPJ4,0
I1N6Z0,I1KZ09,0
I1KQP3,I1K115,0
I1J553,K7MTL2,0
K7L395,I1K6E7,0
I1KHY2,A0A0R4J426,0
I1N9S5,K7KAB4,0
A0A0R0I8Z5,I1N898,0
C6T7N2,A0A0R0IT62,0
I1KHJ6,I1JYT2,0
A0A0R0JJK8,I1LIU7,0
I1M7C1,A0A0R0GWH6,0
I1K328,I1K5B6,0
I1N8Q6,C6SW04,0
K7LJV1,A0A0R0FM97,0
M1FIU8,K7MNP5,0
C6TKG0,A0A0R4J2Q5,0
I1N8M4,A0A0R0FB78,0
I1LIM0,A0A0R0HCS6,0
I1JKP1,K7LTB2,0
K7MVB9,I1NJ53,0
I1LZ09,K7KK86,0
I1NBQ2,I1K467,0
I1KH45,C6TK73,0
I1LUL7,K7LY43,0
K7MZ38,I1KEC8,0
K7KIU3,I1MSN3,0
A0A0R0LFT0,I1KLS1,0
I1KBL4,A0A0R4J2Y1,0
K7LVE4,I1J547,0
I1K911,C6SWS6,0
I1K912,I1LW00,0
A0A0R4J4C8,K7L4N7,0
C6T883,I1LM96,0
I1K8N0,A0A0R0JTV5,0
C6SZY0,I1NIE5,0
A0A368UHC3,I1JAH7,0
A0A368UHM1,I1MNV2,0
I1NBQ2,I1MNU1,0
A0A368UHM1,I1K1W8,0
I1MVK7,I1M269,0
K7K9E1,I1LXQ3,0
I1LHR1,I1M1W3,0
I1M7V7,A0A0R0JSJ9,0
C6T9S5,I1JK31,0
C6TLV6,I1NCF8,0
I1JR41,C6TIK0,0
I1MSC6,I1K467,0
I1M7V7,K7M466,0
I1LS70,A0A0R4J488,0
I1MQB5,I1MSN3,0
A0A0R0FNV7,I1L7G4,0
I1J870,I1K9J7,0
I1LGB7,I1MZV0,0
C6TKC3,I1LFD2,0
I1JUI1,P62302,0
M1FIU8,K7M6J1,0
I1MWF0,A0A0R0K0K3,0
I1M100,I1M1D5,0
C6TBN8,I1M277,0
A0A0R0JS60,K7KES1,0
I1NGD2,I1M3W1,0
I1K4U3,I1M998,0
K7KFV5,I1J9I1,0
I1LPI3,A0A0R0JRI8,0
K7KYE0,I1NCF8,0
I1M0N9,I1LR48,0
I1KQP3,I1MVC6,0
I1KMP8,I1MTV9,0
I1JWF0,I1LUL2,0
I1LC01,I1K642,0
M1FIU8,I1LHS8,0
A0A0R0HDM5,A0A0R0JBV0,0
I1KGN6,I1KMS8,0
I1N1V6,K7KQZ8,0
I1LIR4,C6T4V3,0
I1MM89,I1K5K7,0
I1MJM9,K7MMD7,0
C6T8L7,K7LCS7,0
C6T4Z6,K7M849,0
I1LR08,I1LIA8,0
I1KGZ6,K7MC85,0
K7LA18,K7LSJ2,0
A0A0R0J7Q5,I1JRJ3,0
A0A0R0FX46,I1N898,0
I1MRS5,I1LPK5,0
C6SY81,K7N0V8,0
I1JUJ6,C6T0A0,0
K7KYE0,P17093,0
K7N0U1,I1K4R8,0
I1MVG5,A0A0R0JQJ0,0
A0A0R4J4C8,A0A0R0FB78,0
I1KB25,K7N145,0
K7K553,I1N898,0
K7MPL4,I1JA95,0
C6T426,K7M849,0
A0A0R0FEI0,A0A0R0FX75,0
I1KS36,A0A0R0KPE1,0
C5NTE7,K7KTS8,0
I1K5J5,I1JUQ0,0
I1M4Y9,K7MNN5,0
A0A0R0HSV1,C6T2G5,0
I1KV60,K7M6J1,0
A0A0R0GG96,A0A0R4J4D0,0
I1M7C7,K7K4C7,0
A0A0R0GYG1,I1NAJ5,0
I1J8V4,I1LPJ8,0
I1LMW7,Q2PMR3,0
K7MC09,A0A0R0IZY4,0
I1K7N0,I1KQE3,0
I1M0C2,I1KSD0,0
I1N0I7,A0A0R0JT51,0
A0A0R0L115,K7M6R4,0
A0A0R0FEN9,I1JUQ6,0
I1KIB3,K7MNP5,0
I1JAF7,A0A0R4J4D0,0
I1K7N0,I1KH38,0
A0A0R0ESI3,K7KQZ8,0
C6TMM7,I1LXQ3,0
I1N9S5,I1K467,0
A0A0R0I1I4,I1LUL2,0
I1MKM3,A0A0R0FJR0,0
A0A0R0J7Q5,K7M6J1,0
I1LS70,I1MLJ0,0
K7KNJ6,K7L6K2,0
K7LA18,I1KM19,0
I1KJL3,A0A0R0HSH0,0
I1N4X7,I1MVC6,0
K7MS88,A0A0R0GFL3,0
I1J553,A0A0R0L0E7,0
I1JR41,K7M6Z2,0
K7MTC4,K7M864,0
C6TBN8,I1LY15,0
I1N4X7,I1KAR1,0
C6SXJ9,I1LUL2,0
K7KIU3,K7L2D7,0
K7M5T0,I1KYL4,0
C6SYE0,I1KD82,0
C6T8L7,A0A0R4J5K6,0
I1J8W9,I1KZ09,0
K7MMR3,K7KWE4,0
I1MY43,K7LNG6,0
Q2PMQ9,I1JAH7,0
I1MRY0,K7M6R4,0
C6SVF8,I1KCY5,0
A0A0R0GJ85,K7L4N7,0
A0A0R0L4N1,I1NJ53,0
K7LJV1,I1K5B6,0
C6SVR8,C6TGZ1,0
A0A0R0J7J3,A0A0R4J4H3,0
I1JYG6,I1JFW6,0
I1LMQ5,A0A0R0K7U0,0
I1KGZ6,A0A0R4J426,0
Q2PMU2,K7M864,0
I1KMS4,A0A0R0FM97,0
I1MLH9,K7M6Z2,0
I1LJW2,I1M1D5,0
I1LP18,C6TD23,0
A0A0R0H8M3,C6TBL4,0
C6SYA3,K7K894,0
I1K650,K7MC85,0
Q2PMT2,C6T4V3,0
I1KGI6,I1LPJ8,0
I1L1S1,I1KAD1,0
A0A0R0JS60,K7MNP5,0
A0A368UHG0,A0A0R4J5C5,0
P09755,I1JRU7,0
K7LRU2,A0A0R0KWT5,0
K7KVG4,I1K146,0
I1N0U4,K7KH93,0
I1LUL7,A0A0R0GS25,0
I1KHJ6,K7MFZ6,0
I1JIP5,A0A0R0L5Q1,0
A0A0R0FSY2,C6T5U0,0
K7LA18,A0A0R0FJR0,0
I1MYX8,I1L7G4,0
K7KLF0,I1MW51,0
I1KUP5,K7LTB2,0
A0A0R0GG96,C6TD23,0
A0A0R0JS60,I1LY15,0
A0A0R0KNS7,A1YZE0,0
K7M097,K7M6I1,0
I1MRY0,I1LW00,0
I1NGD2,A0A0R0KVY6,0
I1JDR2,A0A0R4J5K6,0
A0A0R0FJF0,I1KAD1,0
I1LZT5,I1J8W6,0
I1M4Y9,P17093,0
I1M3Q3,P62302,0
K7KGE9,I1LWZ0,0
I1LQ02,A0A0R0HCS6,0
I1JE93,A0A0R0JJK0,0
K7KGE9,P17093,0
I1K5G1,K7LSG2,0
I1JFN0,I1LII4,0
I1LMQ5,I1JRJ3,0
I1MK96,Q43463,0
K7M142,I1J547,0
K7KE09,K7LHS7,0
I1K8N0,C6SZG1,0
I1N4X7,I1M5B6,0
C6SVV7,I1LVN3,0
I1N1V6,I1LWZ0,0
I1LGQ1,I1KH38,0
C6SYA3,I1KPE7,0
I1MSD9,I1MNU1,0
K7LJF6,I1LLK1,0
I1NC77,A0A0R0GFL3,0
I1MWP7,I1LIU7,0
K7MST2,A0A0R0JJI0,0
C6TNL5,I1KCY5,0
K7L1D3,A0A0R4J4D0,0
I1KQC7,K7KFY5,0
I1JZC3,A0A0R0K6I2,0
C6SYR1,I1MZV4,0
K7LUF9,A0A0R0EDS9,0
A0A0R0KCY1,I1K1W8,0
I1MY72,I1M1W3,0
A0A0R0KR16,K7M6R4,0
I1K328,K7KES3,0
I1MUQ7,I1KSL6,0
I1KC19,K7KQZ8,0
I1KLS4,K7N1T9,0
I1MNV4,K7MM40,0
I1MNE4,K7MFE5,0
A0A0R0FSY2,A0A0R0ESZ8,0
I1KPA1,A0A0R4J5K6,0
Q2PMQ9,I1MRI5,0
C6SY81,A0A0R0HSH0,0
I1L219,C6TBL4,0
K7LRU2,I1L7G4,0
I1M717,K7L939,0
I1LZ09,A0A0R0JYX3,0
I1J8W9,A0A0R0L5Q1,0
I1LIK8,C6SWS6,0
A0A0R0KCY1,A0A0R0EUJ0,0
I1KPQ8,A0A0R0FTI5,0
C6TE07,C6SYW6,0
K7MAP3,I1N898,0
A0A0R0FX70,K7L6N7,0
I1KIY3,K7K8Y9,0
A0A0R0JB42,I1JFW6,0
I1KUP5,K7LY43,0
K7LRU2,A0A0R0L828,0
I1L1L2,K7M846,0
A0A0R0L8Y1,I1KUB2,0
I1KYS6,I1M1D5,0
I1JRA0,I1KHJ4,0
A0A0R0H296,I1KAD1,0
K7MI53,K7M592,0
K7K676,A0A0R0GS25,0
A0A0R0EJE2,I1M277,0
A0A0R0JJK8,I1LWZ0,0
I1N6Z0,K7LCS7,0
K7MMF4,I1LW00,0
K7L240,I1MLJ0,0
K7M5W5,I1L171,0
I1LPI3,K7KJB2,0
I1KIY3,K7K4C7,0
I1N7K6,A0A0R0HSA0,0
I1LBV2,K7MRF5,0
I1JY87,I1MZV4,0
C6SZY0,C6SYE1,0
I1L8H7,I1L2H4,0
I1JR41,C6SZ70,0
I1K328,K7KTS8,0
K7KGC2,I1JHJ0,0
K7KPJ4,I1KPE7,0
K7M1G4,K7M6I1,0
I1KB26,I1KD82,0
C6SWI3,I1JE09,0
I1LIR4,K7N1L5,0
I1K5L7,I1N5D5,0
I1MYV4,I1MPJ4,0
K7N0U1,K7KTS8,0
I1LYQ9,I1K2I1,0
I1M100,A0A0R4J2Y1,0
C6TG91,A0A0R0HSA0,0
I1N954,I1JK31,0
I1LS70,C6TFX5,0
C6TAW8,A0A0R0EYS5,0
K7LEG0,P62302,0
C6SYA3,K7K8K7,0
I1MVK7,I1K4R8,0
Q2PMU2,I1KM19,0
I1JTW0,A0A0R0IR73,0
I1LP56,I1K4R8,0
K7N0X7,K7L9M2,0
A0A0R0GC27,A0A0R0EDS9,0
I1M0S4,A0A0R0GFM7,0
I1J9W0,K7LQV0,0
I1LIH7,K7MFE5,0
K7M142,K7M864,0
I1KR80,C6SZ70,0
I1M4Y9,A0A0R0ENB3,0
I1L8L5,A0A0R0JT51,0
I1MV96,I1KUS2,0
C6T7N2,I1LLS4,0
I1LJA4,A1YZE0,0
I1JUJ6,I1LEC4,0
C6SXF5,I1KPE7,0
C6T2L5,C6SYE1,0
C6T2L5,I1M1D5,0
I1KPT1,K7LIE3,0
I1JQR6,K7MXE0,0
I1N0U4,A0A0R0GFH3,0
I1LR08,I1MRP6,0
M1FN39,A0A0R0GFL3,0
I1N9S5,I1L7G4,0
I1KHJ6,I1NC50,0
I1KJ98,I1MNU2,0
I1KZW4,A0A0R0L4P0,0
I1KP31,I1K9J7,0
K7KGJ8,A0A0R4J5B7,0
I1K628,A0A0R0IZY4,0
I1JDR2,C6T5U0,0
I1L3P6,K7L6N7,0
I1LFW0,I1KYL4,0
I1KZW4,K7KNC5,0
I1JL13,I1L2H4,0
K7KZ42,K7KES3,0
I1LRE4,I1JD36,0
I1JYG7,C6T4V3,0
K7KDM1,K7LCS7,0
A0A0R0FNV7,C6T2G5,0
A0A0R0FX70,I1LUE0,0
A0A0R0GNH6,I1MVC6,0
I1NDC0,I1J9I1,0
C6SWM1,K7KES3,0
A0A0R0I1I4,I1LPW2,0
I1NHQ1,I1LW00,0
K7KP66,I1KAR1,0
I1K9P1,P62302,0
I1KQC7,K7LSJ2,0
I1MHH7,I1KFL5,0
I1KQB9,A0A0R0GBB6,0
A0A0R0HHZ3,A0A0R0KWL0,0
A0A0R0JYY8,K7N1T9,0
K7MMF4,K7LCS7,0
I1JMT0,I1MZV0,0
C6SXM9,A0A0R0K0K3,0
I1LC20,I1MZV0,0
I1KQB9,A0A0R0ENB3,0
K7MCD1,I1ML11,0
A0A0R0ESI3,K7L4N7,0
I1JU70,K7KH93,0
I1MWF0,K7N129,0
I1JDP3,I1MNV2,0
C6T4Z6,A0A0R4J4C5,0
I1JFN0,A0A0R0FM97,0
A0A0R0I0B9,C6SZG1,0
C6T8L7,A0A0R0GFH3,0
I1LGB1,I1JRJ3,0
K7K415,I1JA95,0
C6TG91,I1N898,0
I1MM89,I1LIU7,0
I1JT85,C6TCH4,0
K7MMG1,I1MRI5,0
A0A0R0L8Y1,A0A0R0ESZ8,0
I1JYG6,I1MNU2,0
I1JT85,K7LQV0,0
K7N3F6,I1KZK2,0
I1LD74,I1J8C9,0
C6T5Z0,Q43463,0
I1KQE8,A0A0R0KWT5,0
A0A0R0L7S1,K7M841,0
I1M100,A0A0R0FB78,0
A0A0R0EZ39,A0A0R4J2Q5,0
A0A0R0GG96,I1KTI0,0
I1MTX9,K7K894,0
I1JFS9,I1K1W8,0
I1LFW0,I1JFW6,0
K7KYY0,A0A0R0IR73,0
I1LPZ2,A0A0R0GJV8,0
A0A0R0GZZ6,K7N1L5,0
I1N8P5,I1KYL4,0
A0A0R0GE84,A0A0R0KE62,0
I1NH98,I1M998,0
A0A0R0H296,I1JMH3,0
C6SWD4,K7MRF5,0
I1MRY0,A0A0R0HSH0,0
A0A0R0F0T6,A0A0R0EYS5,0
I1KCB7,K7M849,0
A0A0R0H9H8,I1M998,0
K7KP67,I1KJF2,0
I1KVX9,I1LII4,0
C6SVV7,A0A0R4J4C5,0
I1NF54,I1JYT2,0
I1KS36,I1LPJ8,0
C6SYR1,I1MLF1,0
I1JM69,C6SZ70,0
I1KMS4,I1JAH7,0
A0A0R0E3E6,I1JYT2,0
A0A0R0I0B9,A0A0R0JBL2,0
I1LIM0,I1MGG7,0
I1LJW2,I1J8W6,0
K7KVG4,A0A0R0IZY4,0
I1MU29,I1K3X9,0
I1L1L2,I1MRP6,0
I1LJ93,K7N145,0
I1JY67,I1JC65,0
I1JDR2,C6SZ70,0
I1N0R5,K7K4C7,0
I1KS20,I1L332,0
I1K911,P62302,0
A0A0R0GBL8,I1MNV2,0
I1MBR7,C6T5U0,0
C6SZ22,C6TK73,0
I1MHH7,A0A0R4J2Q5,0
K7M5W5,A0A0R0JYX3,0
I1M0C3,I1LHS8,0
I1LS70,C6TGA9,0
C6T2H2,I1LVN3,0
I1M2R5,I1KXK6,0
C6SY99,K7LIE3,0
K7M9K9,K7KTS8,0
K7MTC4,K7KES3,0
K7MGK0,I1M277,0
I1J553,A0A0R0KE62,0
I1N8Q6,M1FN34,0
Q2PMT2,I1LLS8,0
A0A0R0G5V6,I1L332,0
I1JCY0,I1K5B6,0
A0A0R0G5A8,K7M466,0
K7M9K9,A0A0R0GPH9,0
I1KQG0,K7LFD7,0
C6TKL8,C6TIK0,0
I1JML1,K7K894,0
C6SWA0,I1LUE0,0
I1MVK7,A0A0R0EUJ0,0
I1KGN6,I1LXQ3,0
A0A0R0G342,I1MZV0,0
I1MBM5,K7KES3,0
K7KTT9,I1N7F4,0
A0A0R0GNH6,A0A0R0HSH0,0
A0A0R0F077,C6SWS6,0
K7MGQ3,A0A0R0JJK0,0
I1KGI6,K7KK74,0
I1L8L5,K7K8Y9,0
K7LWN2,M1FN34,0
I1LZM7,I1KHJ4,0
C6TNX5,I1MJJ9,0
I1LYG4,C6TBL4,0
I1JZC3,K7LY43,0
I1N8M4,I1MW51,0
I1KTD4,I1N8M8,0
K7KP66,I1K5B6,0
I1MT74,K7LTB2,0
I1MUN3,I1MNU2,0
A0A0R0G2B9,I1K3X9,0
K7MTC4,I1LLS4,0
I1LA00,I1KSL6,0
C6TKZ4,A0A0R0JBL2,0
A0A0R0F2Z4,A0A0R0ESZ8,0
I1KCH6,K7MFZ6,0
I1MTH0,I1KTI0,0
A0A0R0EYA9,K7MM40,0
I1MLK3,K7MYK9,0
I1KH45,C6TD23,0
I1LMQ5,I1LIU7,0
Q2PMT2,K7KAB4,0
I1K8C1,A0A0R0GS25,0
C6TLT3,I1JUQ0,0
C6T084,I1LGD6,0
I1MYV4,I1LXQ3,0
A0A0R0EYA9,I1M269,0
K7MRX6,I1LUL2,0
I1K5G1,A0A0R0GFH3,0
A0A0R0FNV7,K7MQG6,0
I1KC19,I1JFW6,0
C6T8L7,I1KPE7,0
I1KGZ6,I1JFW6,0
K7LKS0,A0A0R0GG06,0
I1K9B8,I1LUL2,0
I1NGL5,K7MNP5,0
A0A368UJ64,I1LY15,0
I1L524,I1JV03,0
A0A0R0K0L0,C6TCH4,0
I1KMP8,A0A0R0EKI7,0
I1K5J5,I1KVC1,0
I1JXQ3,K7K8K7,0
I1JFS9,A0A0R0IT62,0
I1LM73,C6T065,0
A0A0R4J2N2,I1K4R8,0
I1JAF7,I1N780,0
A0A0R0G3G4,I1JV03,0
C6SWL3,C6SZQ0,0
K7KYE0,I1L2H4,0
C6SXF5,C6SYE1,0
I1KKD9,A0A0R4J5K6,0
C6TKL8,I1KSL6,0
I1MUN3,I1NCV4,0
A0A0R4J2K3,A0A0R4J2Y1,0
A0A0R0JJK8,I1M998,0
I1KPU4,A0A0R0JSJ9,0
A0A0R0ET54,A0A0R0HSA0,0
I1MHH7,I1JD07,0
I1KPU4,K7KFY5,0
I1JTW0,K7LSG2,0
I1L6W0,I1J9I1,0
C6T2L5,K7L4N7,0
I1KPQ8,I1JMH3,0
I1JML1,I1N5D5,0
I1KRF9,C6T4V3,0
I1LYU9,I1K970,0
K7LA18,K7MXE0,0
C6TFR5,I1JD36,0
K7MC09,I1J4B5,0
C6T567,I1JD07,0
I1LPZ3,I1K970,0
I1NHQ1,K7MNN5,0
A0A0R0JYB5,I1K146,0
A0A0R0GBL8,K7KVK2,0
I1N439,I1K215,0
I1NIE7,I1M3W1,0
I1LJA4,K7LIE3,0
I1JAF7,K7K8Y9,0
C6SVR8,I1KVC1,0
I1JV48,I1KEC8,0
C6T567,A0A0R0JTV5,0
I1J7A8,A0A0R0IF42,0
I1LYG4,I1M277,0
A0A0R0EZ39,C6SYW6,0
I1K5K3,I1LPW2,0
I1MV96,I1KTI0,0
A0A0R0LFT0,I1KVC1,0
A0A0R0GCF5,I1LEC4,0
I1M3Q8,I1L3P5,0
C6SZL0,A0A0R0JJI0,0
C6TAF0,I1KJD2,0
C6T8R7,I1LIU7,0
I1KLE1,I1N7F4,0
I1LZT5,I1L3P5,0
I1KBM7,I1JMH3,0
C6SZY0,I1MLF1,0
I1KTS9,A0A0R0L7U5,0
C6F117,A0A0R0K7U0,0
I1LY25,A0A0R4J2Y1,0
A0A0R0F077,A0A0R0L7U5,0
A0A0R0G2B9,A0A0R0EG78,0
A0A0R0L7S1,C6TN69,0
I1JUT9,A0A0R0IF42,0
C6T530,K7KQZ8,0
A0A0R0JZD5,I1MLF1,0
I1KCX1,I1MZV4,0
K7MTC4,K7KK86,0
C6SZM9,A0A0R0HSH0,0
I1L3P6,C6TFX5,0
I1JKS2,K7KWE4,0
I1MTH0,I1KFL5,0
I1K4D7,K7LCS7,0
A0A0R0FNM4,K7MXE0,0
C6SWL3,A0A0R0L828,0
I1N3M5,I1L3P5,0
I1KZW4,K7LLV5,0
C6SXF5,K7M6R4,0
I1N056,A0A0R4J4H3,0
I1K2J5,K7KJB2,0
I1MRS5,K7MMD7,0
I1K8C1,I1MW51,0
K7K2H1,I1MZV0,0
I1KQB9,I1MK72,0
I1MWP7,A0A0R4J4H3,0
I1KVL0,A0A0R0HSH0,0
C6T507,A0A0R0GAQ8,0
I1JS58,A0A0R4J2Q5,0
I1MRY0,I1LIU7,0
I1L4B6,A0A0R0GFH3,0
K7KY63,A0A0R0H141,0
A0A0R0KR16,I1KUS2,0
I1JTE4,I1JUQ0,0
I1M7C7,K7M6J1,0
I1JE93,I1K2I1,0
I1KTS9,K7LHS7,0
I1LS70,C6TIQ7,0
I1KRZ2,I1JV03,0
A0A368UJ64,I1LII4,0
K7KFV5,I1KJD2,0
C6TG81,I1K970,0
A0A0R0EFE2,K7N5K2,0
I1K9P1,A0A0R4J488,0
A0A0R0FX70,K7N145,0
K7KGJ8,I1K2I1,0
I1KPU4,K7N1L5,0
I1M717,I1K2I1,0
I1JML1,Q43463,0
K7KLF0,I1K1W8,0
I1LPC3,A0A0R4J2Y1,0
I1MRS5,C6TIK0,0
I1JP52,I1MNV2,0
I1JFN0,K7M6J1,0
I1LIS4,K7M849,0
C6SYQ2,K7M4E0,0
I1K8C1,K7K894,0
I1J7S6,K7K4C7,0
K7N0U1,C6TN69,0
I1KMP8,A0A0R0F214,0
I1K620,A0A0R0K6I2,0
I1KV60,C6TD23,0
C6SVB5,A0A0R0HSA0,0
I1LIK8,I1JD52,0
I1KLE1,A0A0R0K7U0,0
A0A0R0KR16,I1MZV0,0
Q2TFP1,K7N0V8,0
Q2PMU2,I1KAR1,0
I1M0N9,A0A0R0JJK0,0
I1LPD3,K7K4C7,0
I1KRD4,I1M1W3,0
C6TLV6,A0A0R0L0E7,0
I1NDC0,K7MNN5,0
K7L9V3,A0A0R0GJV8,0
I1JYG7,I1JFW6,0
K7KTT9,A0A0R0F214,0
I1NF12,I1NG45,0
K7KNJ6,A0A0R0FZM4,0
I1J8V4,I1NG45,0
I1LMQ5,I1K215,0
I1KHL6,I1M225,0
K7MGQ3,C6SW04,0
I1KHL4,A0A0R4J2Y1,0
A0A0R0FSY2,A0A0R0GBB6,0
C6T3K0,C6T4V3,0
P48513,A0A0R0HSA0,0
I1KDB2,I1NCV4,0
I1KVS3,I1KTI0,0
I1L5Z7,I1JVX3,0
A0A0R0G3G4,I1LY15,0
I1LIM0,K7N0V8,0
A0A0R0KJP6,A0A0R0JYX3,0
I1K9B8,I1KMS8,0
A0A0R4J3N1,I1JD07,0
I1M4Y9,I1NCF8,0
I1LY25,I1MNU2,0
I1MEN1,A0A0R0L7U5,0
I1KCX1,I1LVN3,0
I1KY58,A0A0R0JBV0,0
K7MGK0,A0A0R0GJV8,0
I1L8L5,C6TGZ1,0
I1JT28,I1KAD1,0
K7K3W5,I1LUL2,0
C6TGR3,I1J9I1,0
I1MM89,I1MQC8,0
K7M787,I1KXK6,0
K7MAP3,K7MQG6,0
I1JZC3,I1KH38,0
A0A0R0L7S1,K7MC85,0
I1KXG2,I1LHS8,0
C6TLT3,M1FN34,0
A0A0R0G342,K7KK74,0
C6T5Z0,I1K5K7,0
I1MSC6,I1JE09,0
I1N0W9,I1JC65,0
I1KQG0,I1KAR1,0
A0A0R0KXY9,A0A0R4J4D0,0
I1MLZ0,A0A0R0IR73,0
I1L5Z7,I1MU00,0
I1K2J5,I1N761,0
C6T1P2,C6SWS6,0
I1K4U3,I1MC28,0
A0A0R4J2K3,I1KQE3,0
I1MY72,K7LTR0,0
I1NF12,K7L939,0
A0A0R0JB42,I1K5K7,0
I1JS66,K7KK74,0
I1LP18,I1KUS2,0
I1KTD4,A0A0R0K7U0,0
C6SYF3,C6SYE1,0
K7MPL4,I1K1W8,0
K7MTC4,I1K146,0
A0A0R0GE56,K7M849,0
K7K415,I1JRU7,0
I1JYG7,I1LII4,0
I1JW64,I1MW51,0
I1L3P6,I1LPK5,0
I1K620,A0A0R0E934,0
K7K415,I1JD52,0
I1KQG7,K7M849,0
A0A0R0HHZ3,I1LIU7,0
I1KGI6,K7N129,0
C6T084,A0A0R0GJV8,0
I1JFS9,I1JAH7,0
I1L5Z7,I1J8W6,0
K7MMG1,A0A0R4J5K6,0
K7LWC5,A0A0R0GPH9,0
I1J5B0,I1MLF1,0
A0A0R0JYB5,I1KJD2,0
I1M4Y9,C6SZG1,0
I1KGI6,K7M592,0
I1KB25,A0A0R0EDS9,0
C6SWI3,I1M269,0
C6TCW7,I1JV03,0
I1LIM0,A0A0R0ENB3,0
I1K8C1,K7MXE0,0
I1NHQ1,A0A0R0JJI0,0
K7LSH9,I1L3P5,0
I1LPJ3,K7M6R4,0
K7K8U8,I1LWZ0,0
C6SVH9,A0A0R0HV63,0
A0A0R0FEI0,I1J4B5,0
I1NFU9,C6TIK0,0
I1LXH0,A0A0R0HSA0,0
I1LA00,I1MW51,0
C6TG99,A0A0R4J4H3,0
A0A0R0HN81,I1JB64,0
C6T4Z6,I1N898,0
I1MNM3,I1N5D5,0
I1MLN7,K7K318,0
A0A0R0EWX9,A0A0R0JQJ0,0
I1LGI1,K7M4E0,0
I1JRA0,I1LFD2,0
I1N4X7,C6SX83,0
I1JT28,C6TIQ7,0
I1MLZ0,K7KES1,0
I1MWP7,K7KWE4,0
I1K2U0,A0A0R0HCS6,0
I1MJM9,K7LHS7,0
I1NIJ9,I1KUS2,0
A0A0R0GE56,K7KES3,0
I1M6L1,A0A0R0FM97,0
I1LVX2,A0A0R4J426,0
I1LGB1,K7KVK2,0
A0A0R0GYG1,A0A0R0F214,0
I1LR08,K7LTB2,0
I1LJ93,I1L2H4,0
I1JMZ4,I1N8M8,0
K7KE09,K7L2D7,0
I1LRB0,C6TNW3,0
A0A0R0FJF0,I1JV03,0
I1NDG6,K7K4C7,0
C6TKL8,A0A0R0FM97,0
K7LTQ1,C6T065,0
I1N1V6,C6TIQ7,0
I1KQ68,I1LLS4,0
A0A0R0KNE1,I1LH27,0
C6SZ22,C6SW04,0
I1LSM6,K7KW44,0
I1KXI7,P17093,0
I1MBW8,I1MEF5,0
I1N9S5,I1MLJ0,0
K7KYY0,K7M849,0
I1J9W0,Q43463,0
C6SWI3,A0A0R0FJR0,0
I1KH45,I1LLS4,0
I1MVE9,K7LNG6,0
I1MQD0,I1LUE0,0
C6TBN8,I1LII4,0
A0A0R0G3G4,I1MZV0,0
I1NDG6,K7M4E0,0
I1JYG7,A0A0R0JSJ9,0
A0A0R0JYB5,K7L2D7,0
C6SVU4,I1LHS8,0
I1LJW2,I1MK72,0
C6SYE0,A0A0R0FTI5,0
A0A0R0KH89,A0A0R0JQJ0,0
I1L4B6,I1NG45,0
I1KZW4,A0A0R0L828,0
Q2PMQ9,I1LY15,0
C6TKC3,P62302,0
I1JE83,I1J547,0
I1MQD0,A0A0R0K0K3,0
I1MNM3,A0A0R0JRI8,0
I1LIS4,I1MEQ6,0
I1J8V4,A0A0R0L828,0
C6SYA3,K7MYK9,0
I1N7K6,K7L2R0,0
I1M6L1,I1LII4,0
K7KZ42,K7KK86,0
K7L240,A0A0R0JT51,0
C6TBJ1,A0A0R0FZM4,0
P46279,I1KAD1,0
I1KTL9,A0A0R0FM97,0
I1MWP7,I1N5D5,0
K7M097,I1LH18,0
I1KC19,Q43463,0
I1KHY2,C6T4V3,0
I1K2U0,A0A0R0FJR0,0
K7MMG1,A0A0R0FTI5,0
I1N9E1,I1KLS1,0
I1JS58,I1MW51,0
C6SZG8,K7M846,0
A0A0R0JS60,I1KSD0,0
I1JNV3,I1MQC8,0
I1MNE4,I1JK31,0
A0A0R0JKU3,K7M4E0,0
A0A0R0L8Y1,I1J547,0
I1MC26,K7KES1,0
I1MYV4,K7LSG2,0
I1N954,A0A0R4J426,0
C6T0E4,O22518,0
A0A0R0IAV3,I1MNS7,0
I1LGQ1,C6SZQ0,0
A0A0R0H2V0,K7KES3,0
C6SWD4,I1KSL6,0
I1K0C4,K7MXE0,0
A0A0R0EI44,I1JMZ7,0
I1LIK8,I1NCF6,0
I1KVL0,I1NCV4,0
I1KQG0,I1N8M8,0
I1LXH0,I1K115,0
I1KGU0,I1JAH7,0
C6SY99,K7LCS7,0
I1KPA1,K7MTL2,0
C6SVF8,A0A0R0JRI8,0
I1KYF8,I1LVN3,0
A0A0R0EWX9,I1L2H4,0
I1MK96,I1JMK4,0
I1M5E2,A0A0R0GFL3,0
K7MD28,I1LLK1,0
I1NCS8,I1LHS8,0
C6SY25,A0A0R0EG78,0
C6T2Y4,C6TNW3,0
C6SVF8,I1KAR1,0
K7MCD1,I1M277,0
A0A368UH03,K7LK09,0
A0A0R0F2G6,K7MGQ2,0
C6TMM7,K7L9M2,0
K7M2D8,I1JRJ3,0
I1KP31,I1N780,0
I1LUL7,K7N0V8,0
I1JAF7,A0A0R0GG06,0
I1KXI7,I1MNU1,0
K7MC09,A0A0R0ESZ8,0
C6TE07,I1JC65,0
K7K9E1,I1MC28,0
I1L412,I1K5K7,0
C6SZY0,I1KUS2,0
I1MNV4,K7K4C7,0
I1LH11,I1NG45,0
I1KJL3,A0A0R0EYS5,0
I1KTS9,I1KSD0,0
A0A0R0EJE2,C6TGA9,0
I1K7N0,I1KM19,0
I1K2Z9,A0A0R0GFL3,0
I1MBM5,A0A0R0GFL3,0
I1MEN1,I1NG45,0
A0A0R0KTM7,A0A0R0HV63,0
K7N3F6,A0A0R0IT62,0
K7LUF9,A0A0R4J2Q5,0
I1KS36,I1LG13,0
Q2PMQ9,A0A0R0EDS9,0
I1LVX2,K7MNN5,0
I1MY72,A0A0R0IR73,0
I1KYS6,I1LH18,0
I1JP52,I1J8W6,0
C6T3I8,A0A0R0IR73,0
K7LWN2,I1MRP6,0
C6SYR1,K7LSJ2,0
C6SZL0,I1JMH3,0
I1MHS1,I1JMH3,0
A0A368UJ64,K7MGQ2,0
A0A0R0JYB5,I1K467,0
Q2PMU2,C6TBL4,0
C6TFR5,C6TJ17,0
I1LFQ4,I1N8M8,0
Q2PMT2,K7MFZ6,0
C6SZM9,A0A0R0GAQ8,0
C6TE07,A0A0R4J4C5,0
I1LH11,I1K115,0
K7MST2,A0A0R4J2Y1,0
I1MY72,I1JM18,0
C6TFR5,I1MEQ6,0
I1MBR7,I1L9K4,0
I1KS20,I1MLJ0,0
A0A0R0FYN8,K7MNP5,0
A0A0R0FJF0,K7KWE4,0
C6T5Z0,A0A0R0H141,0
A0A0R4J3R4,I1K5B6,0
K7MI53,I1LIA8,0
I1LVX2,C6SYE1,0
K7LKS0,A0A0R0EG78,0
I1KBL4,A0A0R0EWR2,0
I1KS88,A0A0R0IZY4,0
A0A0R0GC27,I1N780,0
C6T4Z6,I1JMZ7,0
I1L0M6,I1K115,0
I1JR41,I1K2I1,0
C6T2H2,A0A0R4J426,0
I1KQP3,I1ML11,0
A0A0R0GCF5,I1LG13,0
C6SWA0,I1JD07,0
K7N0X7,A0A0R4J2Q5,0
A0A0R0F2G6,I1LUL2,0
K7KLI7,Q2PMR3,0
I1M717,I1L7G4,0
I1L4B6,K7M4E0,0
I1JRL7,I1LIA8,0
A0A0R4J2N2,K7L6N7,0
I1M7C1,I1KUS2,0
K7K794,I1K467,0
I1LSM6,C6SZ70,0
I1KKD9,I1MNV2,0
A0A0R4J3N1,I1M277,0
I1JW21,I1KAD1,0
I1JDP3,C6TJ17,0
A0A0R0JH35,I1KJF2,0
A0A0R4J354,A0A0R0JBV0,0
C6SVB5,I1NIE5,0
I1JCY0,A0A0R0H141,0
A0A0R0JES0,I1MNU1,0
I1KS36,I1JMK4,0
A0A0R0H296,A0A0R0IT62,0
A0A368UHM1,I1LH27,0
I1KAJ2,I1J8W6,0
I1KIB3,K7MYK9,0
A0A0R0G342,I1MW51,0
K7LJF6,I1JB64,0
I1K628,C6TIQ7,0
A0A0R0K0L0,I1MNU2,0
C6TC92,I1KAD1,0
I1N056,I1KSL6,0
I1LCX3,A0A0R4J5B7,0
A0A0R0GC27,A0A0R0JRI8,0
I1KJL3,A0A0R0EWR2,0
I1K725,I1NCV4,0
I1LPC3,Q43463,0
I1N0U4,A0A0R0GS25,0
C6T3G1,A0A0R0KWT5,0
C6T2Z2,I1J4B5,0
K7MGK0,K7MQG6,0
I1KQC7,I1MVC6,0
A0A0R0FNM4,C6T0A0,0
I1M100,K7N129,0
I1KQB9,K7KK74,0
I1JG98,I1LPK5,0
A0A0R0LA89,K7LSG2,0
A0A0R4J389,K7MXE0,0
I1JXB4,I1JM18,0
I1JXQ3,I1LM96,0
C6T868,A0A0R0FER5,0
I1KH45,I1LIU7,0
I1JW64,I1MTV9,0
A0A0R0L8Y1,A0A0R0EUJ0,0
I1MLK3,I1KJD2,0
C6TFR5,I1LPW2,0
I1NBQ2,A0A0R0FM97,0
I1KLS4,I1LG13,0
A0A0R0EZ39,C6TCH4,0
C6TC92,I1JD36,0
I1MJM9,K7M6J1,0
A0A0R0FEI0,K7M6R4,0
I1KB26,A0A0R0FXD4,0
I1MLZ0,K7LSJ2,0
C6T2H2,I1J9I1,0
K7MXD1,I1MW51,0
I1MVK7,I1JUQ6,0
C5NTE7,A0A0R4J4H3,0
K7KZ42,I1MGG7,0
C6SVU4,I1JD52,0
I1K096,A0A0R0JT51,0
A0A0R0H2V0,I1JRJ3,0
I1K5K3,I1JAH7,0
C6T4Z6,K7KJB2,0
I1KGZ6,I1KJD2,0
K7L8H2,K7LQV0,0
I1KJH7,K7L4N7,0
I1JWH5,I1M225,0
I1M273,I1J9I1,0
A0A0R0I0B9,I1MRI5,0
I1KFI5,C6TN69,0
I1MZ32,K7M6Z2,0
I1KIB3,A0A0R0L828,0
I1KIY3,A0A0R0GS25,0
I1N0R5,A0A0R0JBL2,0
I1LWR7,K7K8K7,0
I1NBE9,I1MVC6,0
I1N1V6,A0A0R0JQJ0,0
A0A0R0G3G4,I1LII4,0
C6TLT3,I1JC65,0
I1LC20,K7L2D7,0
A0A368UHG0,I1KAD1,0
I1LMP2,C6TK73,0
K7MMR4,C6TJ17,0
H2D4C3,A0A0R4J4D0,0
A0A0R4J3N1,K7MXE0,0
C6SWZ1,I1L2H4,0
K7MZ38,K7KK86,0
A0A0R0E907,I1MEQ6,0
I1MU29,I1NC50,0
I1L8S1,K7L9M2,0
C6SZL0,I1KYL4,0
K7KZ42,C6SZG1,0
I1L8L5,K7L2D7,0
A0A0R0F7J9,A0A0R0FXD4,0
K7KLI7,C6T2G5,0
I1LUF0,K7N5K2,0
I1KNN1,A0A0R0JBL2,0
K7KDX2,C6TD23,0
I1K4D7,A0A0R0FEN3,0
I1K3P0,I1K3X9,0
K7LJF6,K7KK86,0
I1MXT2,I1NCV4,0
I1KGZ6,I1KUS2,0
I1M9T4,K7N1L5,0
I1K2Z9,K7L9M2,0
I1LAR7,K7MFZ6,0
I1LPZ3,A0A0R4J5K6,0
A0A0R0L372,K7M846,0
I1LRE4,K7N145,0
K7MXD1,C6TJM4,0
I1LJ93,I1K146,0
O48548,I1MSN3,0
I1KRZ2,I1NCV4,0
I1L219,I1NCF6,0
A0A0R0HDM5,I1JFW6,0
I1MLK3,I1KUS2,0
I1NBC2,C6TIK0,0
I1MK36,C6T5R4,0
I1MSD9,A0A0R0L7U5,0
A0A0R0G5A8,K7KVK2,0
K7LJV1,K7LFD7,0
I1LRH8,K7MMD7,0
I1JUR7,K7L2R0,0
A0A0R0J7Q5,K7M9T4,0
A0A0R0KR16,K7KTS8,0
I1LVX2,A0A0R0HSH0,0
C6SY81,Q2PMR3,0
I1KFU0,A0A0R0K7U0,0
I1JG98,A0A0R0F214,0
K7M9K9,I1KUB2,0
A0A0R4J3Y6,K7LQV0,0
A0A0R4J3N1,K7MQG6,0
I1M7B9,K7L939,0
I1MY33,P17093,0
K7MZ38,I1KUB2,0
I1L6W0,I1KUB2,0
P09755,I1LPK5,0
I1KUP5,A0A0R0L0E7,0
A0A0R0HSJ1,K7MYK9,0
I1JY67,A0A0R0HCS6,0
C6T1P2,I1M5B6,0
I1LIR4,I1MNV2,0
K7LLK0,A0A0R0G7I0,0
I1JAG0,I1KM19,0
A0A0R0EYA9,A0A0R0FB78,0
I1M0C3,I1ML11,0
K7LGW1,K7M841,0
I1JE38,I1KJF2,0
C6SXP5,K7LTR0,0
A0A0R0L4N1,A0A0R0ESZ8,0
I1MNK0,A0A0R0HV63,0
C6SXP5,C6T5R4,0
I1LRB0,I1JB64,0
K7LGW1,I1MRI5,0
K7K3W5,I1JMZ7,0
C6TNX5,I1JAH7,0
C6TGR3,A0A0R4J2Q5,0
I1MK96,K7KWE4,0
A0A0R0GBL8,A0A0R0HSH0,0
C6TGR3,K7M4E0,0
I1MKM3,I1L332,0
I1MNE4,I1JRV0,0
I1KJH7,A0A0R0L4P0,0
I1NHQ1,I1LHS8,0
I1LJ94,C6T4V3,0
K7K3W5,K7N145,0
C6T426,I1KPE7,0
I1M0S4,K7MNN5,0
C6TBJ1,I1N8M8,0
C6T084,K7K318,0
I1LPI3,P17093,0
C6TL77,K7MYK9,0
I1N9I5,I1K467,0
I1MC39,I1L2H4,0
I1KX98,A0A0R0IT62,0
C6TL77,K7L2R0,0
I1KFI5,K7L2R0,0
C6F117,K7KTS8,0
A0A0R0JLD5,A0A0R0EKI7,0
I1LUL7,K7LSG2,0
I1K096,K7M6R4,0
C6SVU4,I1KSD0,0
I1JNK6,I1MEF5,0
K7LA18,A0A0R4J5C5,0
K7KEV0,I1NCV4,0
C6TKC3,A0A0R0GBB6,0
C6SZ22,I1JUQ6,0
I1M757,A0A0R0GFL3,0
K7LWC5,I1N780,0
C6SY99,K7L6K2,0
A0A0R0KR16,I1NG45,0
A0A0R0GJ85,I1MJJ9,0
I1M717,A0A0R0FXD4,0
C6TL77,A0A0R0JBV0,0
C6SYA3,K7KWE4,0
I1MEF8,I1JVX3,0
I1LG61,A0A0R0GFH3,0
C6SXF5,K7LFD7,0
I1MQB5,A0A0R0JQJ0,0
I1MZ32,Q43463,0
I1KFI5,I1K467,0
K7K3W5,I1M998,0
I1NF12,A0A0R4J2Q5,0
I1MUN3,K7M592,0
I1LZ09,K7KNC5,0
K7LW22,A0A0R0GJV8,0
I1M4Y9,I1K1W8,0
K7MC09,A0A0R0H141,0
I1NIJ9,K7L6N7,0
C6T426,I1N8M8,0
I1KPU4,I1JK31,0
I1M7V7,C6TIK0,0
I1JIW3,I1LY15,0
C6SW69,P17093,0
I1LZM7,K7MM40,0
I1LBV2,K7LLV5,0
K7MWR1,K7K8Y9,0
K7K553,I1KM19,0
A0A0R0I8Z5,I1MNU2,0
I1JU70,K7MM40,0
K7N0U1,K7LSJ2,0
I1MM64,I1MW74,0
I1MFH3,C6SYE1,0
K7LWN2,K7L6N7,0
I1LUL7,K7LHS7,0
K7K9E1,C6SZQ0,0
I1KBQ5,I1K970,0
I1N7K6,I1MLF1,0
I1JY67,I1JMH3,0
I1JYG7,K7KFY5,0
I1KRD4,K7KES1,0
I1MSD9,I1K3X9,0
I1MKM3,I1LII4,0
I1L8H7,I1KJF2,0
A0A0R0HXE9,I1MTV9,0
K7LGW1,A0A0R0JSJ9,0
I1JT28,I1MVC6,0
A0A0R0EFE2,K7L7W0,0
A0A0R0G342,A0A0R4J426,0
K7LWN2,A0A0R0L0E7,0
K7MD28,A0A0R0E934,0
I1JDH6,K7M6R4,0
K7MNC0,K7KJB2,0
C6SWG4,A0A0R0KWL0,0
C6TCW7,A0A0R0L0E7,0
I1LPI3,A0A0R0FER5,0
K7KVG4,K7LSG2,0
C6TKW2,I1LM96,0
I1N0W9,A0A0R0G7B5,0
I1J5Q1,I1NCF8,0
I1N9I5,K7KW44,0
C6SVU4,K7LHS7,0
C6T1E6,I1MNV2,0
I1JIP5,I1JFW6,0
I1JMZ3,K7N145,0
K7LZZ5,K7MRF5,0
I1KTS9,A0A0R0IF42,0
I1MRS5,K7LTB2,0
C6TNL5,I1LIT1,0
K7MRX6,I1LLK1,0
C6T5Z0,I1LY15,0
I1N0R5,K7LNG6,0
I1MM89,K7KTS8,0
I1LPI3,I1KJF2,0
I1LYQ9,A0A0R0FGT9,0
C6SWI3,K7M9T4,0
C6TNX5,A0A0R0GFL3,0
I1K7N0,A0A0R0JQJ0,0
A0A0R0IHF9,I1M998,0
K7MZ38,A0A0R0GFH3,0
I1KTD4,C6TCH4,0
I1NF54,C6T0A0,0
I1KMP8,Q43463,0
A0A0R0EI44,A0A0R0FXD4,0
A0A0R0JJK8,I1KEC8,0
I1LRH8,C6TNW3,0
I1MBM5,I1KFL5,0
K7MMR4,A0A0R0JJI0,0
I1LJA4,I1M269,0
C6F117,A0A0R0JBV0,0
C6TD73,I1LEC4,0
I1MT74,K7LIE3,0
I1KS88,I1JVX3,0
I1KUT8,I1JYT2,0
I1JIJ4,K7LLV5,0
K7LIW2,I1LWZ0,0
A0A0R4J3Y6,K7K8K7,0
K7MST2,I1JUQ6,0
I1JYG7,C6TD23,0
A0A0R0F2Z4,C6T5U0,0
I1MEN1,K7L6K2,0
A0A0R0F0T6,I1MGG7,0
C6SWZ1,I1JVX3,0
I1JMZ3,K7KQZ8,0
K7LGW1,M1FN34,0
I1KTD4,I1L2H4,0
A0A0R0JZD5,K7LIE3,0
I1JTE4,I1MTV9,0
K7KVG4,I1M5B6,0
I1JML1,A0A0R0FZM4,0
I1KYS6,A0A0R0H141,0
I1MJM9,C6SYE1,0
A0A0R0JJK8,C6T5U0,0
K7M4N3,K7K4C7,0
C6T4Z6,I1MF50,0
I1KXG2,C6TNW3,0
I1JE38,C6TJM4,0
A0A0R0H7N0,I1NC50,0
I1NCS8,I1JUQ6,0
I1NFS4,I1N8M8,0
C6SYR1,I1LPW2,0
I1N7K6,C6T5R4,0
I1JUR7,K7N145,0
K7K8U8,I1M3W1,0
I1KFU0,I1N8M8,0
K7MMF4,A0A0R0GG06,0
M1FIU8,C6TIK0,0
I1MRY0,A0A0R0FXD4,0
A0A0R0FKK9,K7M6R4,0
K7MCH3,A0A0R0ENB3,0
I1JML1,K7MXE0,0
I1JY67,A0A0R0K0K3,0
C6TE07,I1MNS7,0
I1N954,I1MNU2,0
I1LR08,I1K6E7,0
C6SZ22,A0A0R4J4D0,0
K7N3F6,A0A0R0EYS5,0
I1KGU0,I1MC28,0
I1MRS5,A0A0R0L828,0
I1MZ47,A0A0R0HSH0,0
K7KFV5,K7LLV5,0
I1M3V1,K7KES1,0
C6SYE0,I1N8M8,0
I1K650,K7MTL2,0
K7KZ42,A0A0R4J4C3,0
I1N6Z0,K7KK86,0
A0A0R0H7N0,K7KAB4,0
C6T084,I1MLF1,0
K7L395,I1LHS8,0
I1J8W9,A0A0R4J2Y1,0
A0A0R0GZZ6,K7MXH5,0
I1KXG2,K7N0V8,0
K7KY63,A0A0R0FZM4,0
K7LVE4,I1MNU1,0
A0A0R0KTM7,I1LII4,0
A0A0R0INQ5,A0A0R0JT51,0
I1LRH8,I1K642,0
I1KH45,Q2PMR3,0
I1N0W9,I1JHJ0,0
K7N0X7,I1K3X9,0
I1LDA7,K7KK74,0
I1NFU9,A0A0R0H141,0
I1L478,I1LG13,0
I1JFF6,I1MNV2,0
I1JUJ6,K7KES1,0
A0A0R0HIA6,K7LFD7,0
I1MWF0,C6TFX5,0
A0A0R0KNE1,I1LGD6,0
I1MNV4,K7LTB2,0
I1MNU7,I1M998,0
A0A0R0GBL8,A0A0R4J384,0
A0A0R0FYN8,C6T2G5,0
A0A0R0KCV3,I1LLS4,0
I1L690,C6TD23,0
I1K2Z9,C6TGZ1,0
K7MST2,C6TK73,0
A0A0R0EZ39,I1MNU1,0
I1JFN0,I1M998,0
C6SZL0,I1M1D5,0
I1NBC2,A0A0R4J5B7,0
I1KMS4,K7MMD7,0
I1KRD4,I1MZV0,0
K7LLK0,I1M998,0
K7LGW1,O22518,0
I1KQC7,A0A0R0F214,0
I1JU70,I1K3X9,0
I1N8Q6,I1K467,0
K7LVE4,I1N898,0
C6TKG0,I1NG45,0
A0A0R0FJF0,A0A0R0L828,0
I1KLE1,K7MXH5,0
I1KR80,A0A0R0JT51,0
K7KCG5,A0A0R0FM97,0
K7M787,I1JHJ0,0
C6T0E4,I1ML11,0
I1KY58,I1K115,0
K7KDX2,A1YZE0,0
C6TKC3,K7L9M2,0
A0A0R0E907,K7LNG6,0
I1NIJ9,A0A0R0GJV8,0
K7K415,A0A0R0G7I0,0
K7MMG1,I1LY15,0
I1KYD6,I1JD07,0
K7N0X7,I1LIA8,0
I1KU09,A0A0R4J2Q5,0
A0A0R0JG07,I1NIE5,0
I1M0N9,K7L6N7,0
I1LRH8,I1M1W3,0
K7K415,A0A0R0FM97,0
I1JHN5,A0A0R4J5K6,0
I1J8V4,A0A0R0JJK0,0
I1JG98,I1JK31,0
A0A0R0G2B9,K7KJB2,0
I1JV48,I1JRU7,0
I1LFQ4,K7LFD7,0
A0A0R0HXE9,A0A0R0L5Q1,0
C6T0U3,I1LH27,0
I1LMW7,A0A0R0GUR9,0
A0A0R4J4C8,I1MNU1,0
I1JFF6,I1LHS8,0
C6T8L7,I1KQE3,0
A0A0R0F7J9,K7MFZ6,0
C6SXM9,I1LGD6,0
I1N8P5,I1KLS1,0
K7MCD1,C6TIK0,0
I1MBA2,C6TK73,0
I1M0N9,I1LH27,0
I1KQG7,I1JUQ0,0
A0A0R0I1I4,I1NG45,0
I1MLZ0,A0A0R4J2Y1,0
I1KGU0,I1KVC1,0
C6T507,I1JFW6,0
I1KJL3,I1KM19,0
I1JAG0,A0A0R0JRI8,0
I1KRF9,I1NCF8,0
C6T883,A0A0R0GFL3,0
I1L653,I1MVC6,0
I1J5B0,A0A0R0FB78,0
C6SXP5,I1JRV0,0
C6TD73,A1YZE0,0
A0A0R0GYG1,C6T065,0
C6T3K0,K7LQV0,0
C6SVV7,A0A0R0HSH0,0
I1MQB5,I1JC65,0
A0A0R0HHZ3,K7KWE4,0
I1N8Y6,I1M1D5,0
I1JKS2,K7M864,0
I1NHQ1,C6T5U0,0
I1JKS2,C6TFX5,0
I1J7A8,I1KJD2,0
A0A0R0GJ85,I1JRV0,0
I1KX98,A0A0R0KWL0,0
I1KB25,A0A0R0L4P0,0
C6SY99,I1NAF6,0
I1M7C1,I1LY15,0
I1JUJ6,A0A0R0EUJ0,0
I1J6B5,A0A0R4J384,0
A0A0R0K6F4,A0A0R0FER5,0
C6TKG0,I1ML11,0
I1L1L2,I1KJF2,0
A0A368UHG0,I1K3X9,0
K7MZ38,I1JV03,0
I1M9T4,A0A0R0JBL2,0
K7L3P2,I1K146,0
A0A0R0JJ98,K7KNC5,0
K7L3P2,K7LSJ2,0
I1JTW0,I1K970,0
K7KDA5,K7M9T4,0
I1LYQ9,A0A0R0FM97,0
I1MQB5,I1LLS8,0
I1LJA4,C6TFX5,0
I1MSC6,K7KNC5,0
A0A0R0L115,I1KUB2,0
C6TKW2,C6TCH4,0
I1MXT2,I1L9K4,0
K7N0X7,A0A0R0JTV5,0
Q2PMU0,I1KXK6,0
C5NTE7,I1LXQ3,0
I1JIP5,A0A0R4J4C3,0
I1KLE1,I1LLK1,0
I1JUR7,I1JRJ3,0
K7M2D8,K7KK74,0
I1LDY7,K7MXE0,0
K7L3K3,C6TD23,0
I1JBJ2,I1KLS1,0
I1JWF0,K7N129,0
C6T7N2,A0A0R0EYS5,0
A0A0R0I8Z5,A0A0R0L4P0,0
I1KEG8,K7M846,0
I1MWP7,I1KZK2,0
I1LBV2,I1JMH3,0
A0A0R0HSJ1,A0A0R4J4C5,0
I1M0C3,I1M269,0
I1JIP5,I1KJD2,0
I1K4D7,A0A0R4J4H3,0
K7N0X7,K7KH93,0
I1KC19,K7LIE3,0
A0A0R0F2Z4,K7L2R0,0
I1LA00,K7KES3,0
K7KE09,I1LL05,0
I1M100,I1KMS8,0
A0A0R0KXY9,C6SZ70,0
I1M3U2,C6TBL4,0
I1JUT9,A0A0R0GG06,0
I1MV96,I1K9J7,0
I1MUN3,I1KHJ4,0
I1LUI7,I1K970,0
I1NBC2,C6T4V3,0
I1KMS4,K7M6J1,0
I1MHS1,K7MNN5,0
A0A0R0JZD5,K7MTL2,0
I1LKQ4,C6SYE1,0
C6SY81,K7KTS8,0
I1JIJ4,I1J547,0
I1JUI1,C6TFX5,0
I1M717,K7KK86,0
I1LJ93,K7N0V8,0
A0A0R0J7Q5,I1JM18,0
I1M9T4,I1N898,0
A0A0R0ERF9,I1JUQ6,0
I1KYS6,I1K1W8,0
C6TGR3,K7L2D7,0
I1JUJ6,K7M841,0
I1K5J5,C6TD23,0
I1JUT9,I1L171,0
I1LPI3,A0A0R4J5K6,0
C6TGR3,I1KD82,0
I1J553,K7LTB2,0
C6T883,I1JD52,0
I1KEG8,A0A0R0EUJ0,0
I1LIH7,K7MXE0,0
A5Z2K3,I1M5B6,0
I1LYQ9,A0A0R4J4C3,0
K7MST2,I1KHJ4,0
I1KQC7,A0A0R0FTI5,0
A0A368UHC3,A0A0R0GPH9,0
K7LZZ5,I1J547,0
I1LRB0,K7MNP5,0
I1LPJ3,K7MGQ2,0
A0A0R0L7S1,C6T5R4,0
I1KJL3,A0A0R0IR73,0
I1JNB0,I1LH18,0
I1KS20,A0A0R0L7U5,0
I1MBA2,K7M841,0
K7M097,I1N780,0
I1MGG3,C6TIK0,0
I1NBE9,K7M466,0
I1K620,A0A0R0L0E7,0
I1L6W0,I1MZV4,0
I1MBW8,C6SZG1,0
I1N7K6,K7L4N7,0
I1KZI6,A0A0R0L4P0,0
I1LPI3,I1JMZ7,0
K7M5W5,A0A0R0KWL0,0
A0A0R4J3N1,K7LCS7,0
I1LC01,A0A0R0EYS5,0
I1KPT1,K7KK74,0
I1KQE8,K7LTR0,0
A0A0R0L7S1,A0A0R0IF42,0
I1JIW3,I1NAJ5,0
I1LYG4,A0A0R0K7U0,0
I1MWP7,I1LFD2,0
A0A0R4J3D2,I1MNV2,0
I1JUR7,A0A0R0IZY4,0
I1KB25,I1LLS8,0
P46279,I1JFW6,0
I1LY25,I1KZK2,0
K7KKB2,I1N8M8,0
I1MQD0,C6TBL4,0
K7MGQ3,I1MU00,0
I1JQR6,C6T4V3,0
I1KB26,I1MEQ6,0
I1M6L1,I1KSL6,0
I1N1Y6,K7L7W0,0
I1MWF0,K7K8K7,0
C6T883,C6TN69,0
P46279,I1JUQ0,0
I1KPU4,K7K318,0
C6SZG8,I1MZV0,0
I1JIW3,I1LPJ8,0
C6TL77,I1LXQ3,0
A0A0R0G3G4,A0A0R0EYS5,0
K7MI53,C6TIK0,0
I1KNN1,I1LEC4,0
A0A0R0JZD5,I1MC28,0
I1MV96,I1JMK4,0
A0A0R0K0L0,I1JAH7,0
I1MUN3,I1K1W8,0
I1NHI4,A0A0R0GUR9,0
I1KZI6,A0A0R0EUJ0,0
A0A0R0GE84,I1LL05,0
I1M5E2,I1MU00,0
I1N5E8,A0A0R0FER5,0
K7MRX6,I1LIT1,0
C6SYF3,I1LWZ0,0
I1JE93,K7M4E0,0
C6T0U3,A0A0R0K7U0,0
I1LYN0,I1JK31,0
A0A0R0KFE8,A0A0R0KVY6,0
Q2PMT2,C6TGZ1,0
I1J7A8,K7MM40,0
K7M097,K7N1T9,0
I1JVN0,C6TFX5,0
K7K8U8,I1MZV4,0
I1K5J5,I1JA95,0
K7K9E1,I1N780,0
I1N056,I1JFW6,0
I1KMS4,A0A0R4J5K6,0
A0A0R0JS60,K7LHS7,0
I1MTX9,A0A0R0IZY4,0
I1MUQ7,C6TGZ1,0
I1M9T4,I1JM18,0
I1JUT9,I1MNV2,0
I1MEN1,A0A0R0K6I2,0
I1KPU4,C6TJ17,0
I1JRA0,I1LPW2,0
I1JMT0,I1MGG7,0
I1LZ09,I1JK31,0
C6SVU4,I1KD82,0
I1MUN3,A0A0R0FB78,0
C6SWG4,K7N5K2,0
I1K2U0,I1K970,0
I1M7V7,K7LK09,0
I1LXH0,I1KSD0,0
A0A0R0JH35,I1M225,0
I1NH73,I1KJD2,0
I1LZ09,I1N761,0
A0A0R0KH89,K7M841,0
K7MI53,A0A0R0JJI0,0
A0A368UJ64,I1K1W8,0
I1JUJ6,I1K6E7,0
C6SW69,A0A0R4J2Q5,0
I1JIJ4,I1LH18,0
I1M7V7,A0A0R0EWR2,0
K7L1B9,I1JRV0,0
O48548,K7KQZ8,0
A0A0R0G342,I1LII4,0
K7MC09,C6TIK0,0
I1KGU0,I1KZ09,0
I1JKP1,I1MF50,0
I1KBM7,I1LHS8,0
I1MBA2,K7M846,0
I1M2R5,C6TJ17,0
C6T968,A0A0R0JQJ0,0
C6SWZ1,A0A0R0K0K3,0
I1LA00,K7MM40,0
I1JP52,I1KZ09,0
I1JML1,I1L3P5,0
I1MUC0,K7L2D7,0
C6TKZ4,I1LH27,0
A0A0R0L115,I1KXK6,0
I1MNM3,C6TCH4,0
I1L5Z7,I1KLS1,0
I1KAJ2,I1K115,0
I1JIP5,I1JYT2,0
I1K912,I1JRV0,0
I1MIE5,K7LSJ2,0
I1KIY3,I1JM18,0
I1N1V6,I1K6E7,0
I1L219,I1LLS8,0
K7LSH9,C6TK73,0
A0A0R0JKU3,I1JUQ6,0
K7MTC4,A0A0R0EWR2,0
C6SVU4,K7M6Z2,0
I1KKD9,A0A0R4J5B7,0
K7MXD1,I1JA95,0
C6T2H2,I1MNU1,0
A0A0R0L8Y1,A0A0R0JYX3,0
I1M0N9,A0A0R4J4D0,0
P48513,I1KVC1,0
K7MZ38,I1NAJ5,0
I1KTL9,I1KLS1,0
A0A0R0INQ5,A0A0R0FJR0,0
I1KC19,A0A0R0ENB3,0
I1KBQ5,I1JA95,0
K7N0U1,I1LIA8,0
K7KIU3,I1L3P5,0
I1JE93,I1KZK2,0
A0A0R0JG07,I1LGD6,0
Q2PMS6,K7KWE4,0
I1MLZ0,A0A0R0FJR0,0
I1KCN1,I1MNV2,0
I1JY67,I1MRP6,0
C6SZM2,I1JM18,0
I1LIR4,C6SZQ0,0
A0A0R0ET54,I1JYT2,0
K7LGW1,I1M1W3,0
I1KU09,I1K215,0
Q2PMS6,K7L2D7,0
A0A0R0FSY2,K7MC85,0
I1M7C7,K7N145,0
I1K7J4,C6TIQ7,0
I1MM89,A0A0R0GFL3,0
A0A0R0FYN8,I1KVC1,0
K7KEV0,I1K3X9,0
I1M0N9,A0A0R0E934,0
I1MJM9,I1K5B6,0
C6SW43,K7MQG6,0
A0A0R0KE73,I1MEF5,0
I1MLN7,I1KSD0,0
A0A0R0FKK9,A0A0R0FER5,0
I1LIM0,A0A0R0GUR9,0
A0A0R0L7S1,I1MU00,0
I1LY25,I1KAR1,0
C6TD73,K7LSG2,0
C6TMM7,I1LLS4,0
A0A0R0GYG1,I1L2H4,0
I1MLN7,C6T2G5,0
I1M4P0,I1JMZ7,0
I1KTL9,K7L6N7,0
C6SZY0,I1N761,0
K7KP67,I1LEC4,0
I1LIR4,K7M592,0
C6T084,A0A0R0GFH3,0
C6SXF5,A0A0R0JT51,0
A0A0R0GE84,I1M277,0
C6SZ22,C6T4V3,0
I1MFH3,I1JE09,0
C6TKC3,A0A0R0GUR9,0
K7L1B9,A0A0R0EYS5,0
C6TG99,I1LII4,0
I1N9I5,I1M5B6,0
A0A0R0KFE8,I1LPJ8,0
I1KQG7,O22518,0
I1MBA2,K7K318,0
I1MUQ7,C6TD23,0
I1LG61,I1MC28,0
K7MMR3,I1NAJ5,0
I1N0R5,K7MNP5,0
I1MEZ1,I1LII4,0
I1KRD4,K7M4E0,0
I1JUR7,A0A0R0EWR2,0
I1K4D7,I1JHJ0,0
I1LJ93,I1L171,0
I1KTL9,K7KVK2,0
A0A0R0HHZ3,I1LIT1,0
I1MLK3,I1JD52,0
I1MSD9,I1LR48,0
I1NF12,I1NJ53,0
K7M787,A0A0R4J5B7,0
C6TKZ4,K7LFD7,0
I1KS20,A0A0R0K7U0,0
I1LH11,I1KH38,0
K7K794,K7LTR0,0
K7MZP6,I1L2H4,0
C6T507,I1M225,0
I1M5E2,C6SYW6,0
A0A0R0EWX9,I1K9J7,0
I1LRB0,A0A0R0GJV8,0
I1LYQ9,A0A0R0KE62,0
I1KZJ7,K7LCS7,0
K7L1D3,A0A0R4J488,0
I1KQB9,K7MYK9,0
C6T2Z2,A0A0R0EDS9,0
C6T1P2,I1KZ09,0
K7KDA5,A0A0R4J2Y1,0
A0A0R0IHF9,A0A0R0H141,0
I1MV96,A0A0R0JTV5,0
C6T4Z6,I1KLS1,0
K7KLI7,A0A0R4J4C5,0
C6SW69,A0A0R0KWL0,0
I1LDY7,A0A0R0GUR9,0
I1JY87,A0A0R4J384,0
C6T3I8,K7M4E0,0
I1MJ97,A0A0R0IR73,0
C6SYF3,A0A0R0GFH3,0
K7MPL4,I1L9K4,0
K7N0U1,A0A0R0IT62,0
I1MQD0,A0A0R0JBL2,0
C6T868,K7KJB2,0
A0A0R0HXE9,K7MXE0,0
I1JM69,I1MRP6,0
I1K3U2,A0A0R0GJV8,0
I1MEF8,I1NAF6,0
I1MKM3,A0A0R0JBL2,0
I1JG98,C6SZQ0,0
I1LJI8,I1KAR1,0
C6T083,I1LIA8,0
C6TD73,K7K8K7,0
I1L3P6,K7KK74,0
I1JNB0,K7L7W0,0
I1M273,I1KHJ4,0
I1LG61,K7L4N7,0
C6TCW7,I1LIA8,0
I1KNN1,A0A0R0GBB6,0
I1KRF9,A0A0R0L7U5,0
A0A0R0K0L0,I1JRU7,0
I1NF54,I1MW74,0
I1MU29,C6T5U0,0
I1J8W9,I1MLJ0,0
K7MS88,A0A0R0FER5,0
K7L240,I1L2H4,0
I1MUQ7,K7M592,0
I1MSD9,I1K4R8,0
I1MBM5,I1KQE3,0
I1LP56,A0A0R0GAQ8,0
P48513,I1JRU7,0
I1KGN6,I1LM96,0
I1K3U2,I1KEC8,0
K7KP66,A0A0R0EDS9,0
I1MYX8,K7N5K2,0
I1LCX3,A0A0R0EWR2,0
I1LC20,C6TGZ1,0
I1MNU7,A0A0R0H141,0
K7N5D4,A0A0R0KE62,0
I1M7C1,A0A0R0HV63,0
K7LJV1,I1KAR1,0
I1JHC2,K7M466,0
I1JZC3,I1MPJ4,0
C6TKL8,K7LLV5,0
C6T4Z6,A0A0R0EJV2,0
I1KQG7,K7LTB2,0
A0A0R0KJP6,I1MQC8,0
I1MT74,K7MXH5,0
A0A0R4J2K3,K7KK86,0
I1N8Y6,I1JRU7,0
I1KXG2,I1LIT1,0
I1KZJ7,A0A0R0KE62,0
I1MVK7,I1KUS2,0
I1M717,K7LTB2,0
I1NGD2,A0A0R4J384,0
I1JP52,C6TJ17,0
A0A0R0IHF9,I1NAJ5,0
I1M7V7,I1L332,0
K7KVG4,I1KMS8,0
C6SZG8,A0A0R4J2Q5,0
Q2PMU0,I1M269,0
I1L219,I1NJ53,0
C6TE07,A1YZE0,0
A0A0R0H296,K7K894,0
A0A0R0GCF5,I1MRP6,0
I1KUT8,A0A0R4J5K6,0
I1KFI5,I1JUQ6,0
A0A0R0FX70,A0A0R4J4H3,0
I1KVS3,I1KZK2,0
I1LIM0,I1MLF1,0
Q2PMU0,I1LW00,0
K7MMG1,I1K970,0
K7LWN2,I1LII4,0
I1KUT8,P62302,0
K7KFV5,K7L9M2,0
C6TG99,C6T5R4,0
I1LHY4,P17093,0
I1KPU4,A0A0R0JJI0,0
K7LXT7,C6TJM4,0
I1JFN0,A0A0R0JBV0,0
A0A0R0G5V6,I1JB64,0
I1JDH6,K7LLV5,0
K7LSH9,I1K9J7,0
A0A0R0LFT0,K7LK09,0
A0A0R0JH35,K7MYK9,0
I1JFS9,A0A0R0GS25,0
I1KQP3,K7M6I1,0
C6SXM9,C6TIK0,0
I1M9T4,K7LLV5,0
I1L5Z7,I1L3P5,0
A0A0R0JJ98,K7K318,0
I1NCS8,I1KZ09,0
I1KPQ8,I1M225,0
K7K553,K7LLV5,0
I1KCN1,K7LIE3,0
I1LS70,C6T0A0,0
K7LEG0,I1J4B5,0
C6SZL0,C6SZ70,0
I1NHI4,K7L6N7,0
I1MK96,I1KEC8,0
A0A0R0FKK9,C6T5R4,0
I1N1X8,I1LUE0,0
A0A0R0HIA6,K7N145,0
I1MK36,A0A0R0GFM7,0
I1LD74,I1LIA8,0
A0A0R0K5D9,K7MNN5,0
I1LGB7,A0A0R4J2Y1,0
K7M4N3,K7LNG6,0
A0A0R4J3D2,I1NJ53,0
I1K725,A0A0R0FX75,0
I1LJA4,I1LWZ0,0
C6T868,I1MSN3,0
A0A0R0FX70,C6TBL4,0
I1N1V6,C6TIK0,0
I1MWP7,I1LWZ0,0
I1KEG8,I1JC65,0
I1N9S5,C6TJM4,0
I1LMQ5,I1ML11,0
I1LKU1,I1KEC8,0
Q2PMT2,I1LG13,0
I1KJW4,I1K642,0
I1JHC2,A0A0R4J5C5,0
K7MCD1,I1N761,0
I1LD74,A0A0R0JBL2,0
I1KRD4,I1N780,0
I1KCX1,I1L9K4,0
A0A0R0HSJ1,I1KJF2,0
I1KHL6,I1KUS2,0
I1LBV2,A0A0R0G7B5,0
A0A0R0FNV7,I1LPK5,0
C6SYR1,I1KUB2,0
I1KS88,I1K3X9,0
K7LLK0,A0A0R0ENB3,0
K7M5W5,K7MMD7,0
C6T507,A0A0R4J5C5,0
K7LRU2,I1J4B5,0
A0A0R0GNH6,A0A0R0L4P0,0
I1KRZ2,A0A0R0G7B5,0
I1KVS3,K7N5K2,0
K7MMF4,A0A0R0GPH9,0
A0A0R0FNM4,K7KAB4,0
A0A0R0JKU3,I1MEF5,0
C6T507,I1LVN3,0
I1K628,A0A0R0L828,0
I1LXH0,K7MXE0,0
I1KHL6,K7KTS8,0
C6T507,Q43463,0
A0A0R0LFT0,A0A0R0JRI8,0
A0A0R0JKU3,I1LXQ3,0
C6TFN5,A0A0R0GG06,0
I1MNU7,A0A0R0K6I2,0
I1NCS8,I1M1W3,0
K7MMF4,I1JAH7,0
P07506,A1YZE0,0
K7KLF0,A0A0R0HCS6,0
I1KTS9,K7LTR0,0
I1JAF7,I1LUL2,0
A0A0R0G5A8,A0A0R4J4C3,0
A0A0R0F2Z4,I1K3X9,0
K7LTQ1,Q2PMR3,0
K7MZP6,K7L6K2,0
A0A0R0KCV3,K7LFD7,0
I1JIW3,A0A0R0KPE1,0
A0A0R4J4C8,I1KQE3,0
I1KXI7,K7M466,0
A0A0R0IHF9,A0A0R0G7B5,0
C6SZ22,C6T5R4,0
I1KRF9,M1FN34,0
A0A0R0HHZ3,A0A0R0JJI0,0
A0A0R0JKU3,I1MJJ9,0
I1L4B6,I1N7F4,0
I1MLN7,I1MEQ6,0
I1KBQ5,A0A0R0KWL0,0
C6T2Y4,I1LWZ0,0
I1KYF8,K7L6N7,0
I1LC01,I1KAD1,0
I1MBW8,K7N0V8,0
K7KCG5,C6TFX5,0
A0A0R0JS60,A0A0R4J5B7,0
A0A0R0JS60,I1K970,0
I1MLH9,A0A0R0IF42,0
I1KLS4,A0A0R4J5B7,0
I1M3Q8,I1MU00,0
I1NBC2,I1K4R8,0
K7M1G4,I1LIU7,0
C6TBQ2,C6T065,0
K7M787,K7MQG6,0
I1NDG6,C6TD23,0
I1L5H8,C6TIQ7,0
A0A0R0GNH6,I1M277,0
K7KNJ6,I1JHJ0,0
I1MEZ1,I1KHJ4,0
C6SVU4,A0A0R0JBV0,0
I1MNE4,A0A0R0EKI7,0
C6T2H2,I1LPJ8,0
I1JTE4,I1J8W6,0
I1LM73,K7MXH5,0
I1N1X8,C6TD23,0
I1JKS2,I1N8M8,0
I1JKP1,K7N1L5,0
C6TFN5,I1K115,0
A0A0R0KCV3,I1M1W3,0
A0A0R0JYY8,O22518,0
C6T083,I1NIE5,0
I1JI73,I1K1W8,0
K7KZ42,A0A0R0GAQ8,0
A0A0R0LA89,K7MXH5,0
A0A0R0GBL8,A0A0R4J4C3,0
I1MNE4,A0A0R0IZY4,0
I1LD74,I1K215,0
I1L690,K7MFE5,0
C6T883,A0A0R0ESZ8,0
C6T2Z2,I1MZV0,0
K7KKB2,I1N780,0
Q2PMU2,I1LII4,0
I1K5G1,K7M9T4,0
I1JS66,K7KQZ8,0
I1MUC0,C6TK73,0
I1NHQ1,K7M9T4,0
A0A0R0G3G4,I1L332,0
I1N5E8,C6TIQ7,0
I1MEF8,I1NCF6,0
A0A368UHM1,A0A0R0GBB6,0
C6TKW2,I1KUB2,0
Q2PMT2,I1KSL6,0
I1LA00,K7MC85,0
I1K620,I1KEC8,0
K7MZ38,A0A0R0JTV5,0
C6T1E6,K7LK09,0
K7LKS0,I1KFL5,0
I1JYG6,K7LFD7,0
I1J7S6,I1JFW6,0
A0A0R0H8M3,I1LH27,0
I1JE83,I1KHJ4,0
A0A0R0J7J3,I1LW00,0
K7LJF6,K7M466,0
C6SZL0,I1KJF2,0
A0A0R0LFT0,I1JRU7,0
I1K328,K7M841,0
K7K1Z2,I1JD52,0
K7N5D4,K7LSJ2,0
A0A0R0E3E6,I1JD07,0
I1M4P0,A0A0R0GFM7,0
A0A0R0FSS2,I1M277,0
I1JIP5,I1NCF8,0
A0A0R0IAV3,I1KHJ4,0
A0A368UHM1,I1N761,0
I1LM73,A0A0R0JT51,0
A0A0R0EJE2,K7KAB4,0
K7MPL4,I1LUL2,0
I1N439,A0A0R0HV63,0
I1L1N3,I1MEF5,0
I1JDH6,C6T5R4,0
K7KYE0,A0A0R0GFH3,0
A0A0R0F2Z4,A0A0R0EDS9,0
I1NBE9,A0A0R0FEN3,0
I1K5K3,K7L4N7,0
I1JXQ3,A0A0R0KWL0,0
I1JW21,K7N1L5,0
P46279,I1MLJ0,0
I1N0F1,I1JM18,0
I1JUR7,A0A0R0FJR0,0
K7KP67,I1JRU7,0
K7M1G4,I1LWZ0,0
A0A0R0INQ5,I1L7G4,0
I1MLZ0,K7KWE4,0
I1JWH5,I1KZY8,0
K7MCH3,I1M998,0
I1N9I5,I1LLS8,0
K7KTT9,I1J4B5,0
K7MH53,I1L2H4,0
C6T084,I1NC50,0
I1MGG3,I1K642,0
I1J7S6,I1NC50,0
A0A0R0I0B9,A0A0R0H141,0
A0A0R0F2Z4,I1KZY8,0
I1KY58,A0A0R0FJR0,0
A0A0R0JYY8,I1LLS4,0
K7K3W5,I1MQC8,0
I1MC26,I1J547,0
I1L690,I1LLS8,0
I1KQP3,K7LQV0,0
I1N8Q6,A0A0R4J2Y1,0
I1KQP3,I1KMS8,0
I1N9I5,I1M277,0
I1KCN1,I1LPJ8,0
A0A0R0L7S1,C6TFX5,0
K7MMR4,A0A0R0GAQ8,0
I1JG98,K7K318,0
I1MY33,I1JM18,0
C6TC92,A0A0R4J4C3,0
C6T8R7,I1N5D5,0
I1L8L5,K7L6K2,0
I1JUI1,K7LQV0,0
K7N3F6,K7M6I1,0
I1N8Y6,I1J4B5,0
I1MYV4,A0A0R0L4P0,0
I1KX98,A0A0R0EUJ0,0
K7MS88,I1LG13,0
K7LJV1,C6SYW6,0
A0A0R0FSS2,I1NJ53,0
I1KPA1,I1MC28,0
I1J6B5,I1MQC8,0
I1L1S1,P62302,0
I1KH45,C6TN69,0
A0A0R0KNE1,I1JM18,0
C6TE07,I1MZV4,0
I1KEG8,I1KXK6,0
I1N0F1,I1KSD0,0
I1KAJ2,A0A0R0GFH3,0
I1K096,K7MFZ6,0
I1LYU9,K7MGQ2,0
I1L1L2,K7L2R0,0
I1KHL6,K7L4N7,0
I1LRE4,A0A0R0G7I0,0
I1JUT9,A0A0R4J2Y1,0
C5NTE7,A0A0R0GBB6,0
I1N0I7,I1JVX3,0
K7KYY0,C6T2G5,0
I1KHL4,I1MVC6,0
C6SVF8,I1KLS1,0
I1JKP1,K7LIE3,0
K7K676,K7M846,0
I1L690,K7L2R0,0
I1MZ32,I1KZK2,0
K7KE09,I1JVX3,0
I1K9B8,A0A0R0IT62,0
C6SW43,K7M466,0
I1K096,A0A0R0JJK0,0
K7L9V3,I1K9J7,0
I1MLN7,I1K6E7,0
I1KYS6,I1JM18,0
I1MNV4,I1LPW2,0
C6TAF0,I1ML11,0
I1MEN1,A0A0R4J4C5,0
A0A0R4J2N2,A0A0R0K6I2,0
I1MBR7,I1KAR1,0
A0A0R0KE73,I1J8W6,0
I1NGD2,C6TIQ7,0
I1KJH7,A0A0R4J384,0
K7KDX2,K7M592,0
I1JE83,I1N5D5,0
I1KLE1,I1LPJ8,0
I1L1N3,I1KEC8,0
K7L1B9,I1JHJ0,0
A0A0R0FEN9,A0A0R0IF42,0
C6SZG8,I1MW51,0
I1J5Q1,K7K894,0
A0A0R0FSY2,I1MZV4,0
I1MC39,A0A0R0GFH3,0
I1L4B6,K7LQV0,0
K7LQ96,I1M1D5,0
I1N3M5,I1JMH3,0
I1LDU4,A0A0R0FGT9,0
A0A0R0KNS7,I1JUQ6,0
K7MGQ3,A0A0R0L4P0,0
C6TKC3,I1MLF1,0
C6SYE0,I1JMK4,0
I1LAR7,A0A0R0GAQ8,0
K7KGE9,K7M864,0
I1J7S6,I1KXK6,0
C6TG81,K7L9M2,0
I1JIW3,A0A0R0JYX3,0
I1K620,K7KAB4,0
I1NC77,I1MVC6,0
K7MVB9,A0A0R0HSH0,0
A0A0R4J354,A0A0R4J384,0
P46279,A0A0R0IZY4,0
I1K912,I1KXK6,0
I1JYG7,A0A0R0EDS9,0
I1K725,A0A0R0KVY6,0
K7N3F6,C6TBL4,0
K7MMF4,C6TIK0,0
C6T2H2,I1KJD2,0
I1KH45,C6SZ70,0
I1LYN0,K7KQZ8,0
A0A0R0F2G6,K7L9M2,0
K7K8U8,I1NG45,0
A0A0R0JZD5,A0A0R0FM97,0
I1KTL9,I1LWZ0,0
C6T2H2,K7K8K7,0
I1KBL4,K7KWE4,0
I1JL13,A0A0R4J384,0
I1KQ68,I1KJD2,0
I1KHY2,I1LFD2,0
A0A0R0JYB5,I1LPJ8,0
I1MVK7,C6TFX5,0
I1LMW7,I1NCV4,0
I1KHY2,K7KK86,0
I1JE38,K7KK74,0
C6T2L5,K7LIE3,0
I1KBB6,I1MJJ9,0
I1LIR4,A0A0R0FGT9,0
I1KYF8,A0A0R0G7I0,0
A0A0R0FJF0,I1MW51,0
I1NHQ1,I1MPJ4,0
I1M9T4,A0A0R4J4C3,0
I1MQD0,I1NCF6,0
C6SYA3,K7MGQ2,0
I1NCS8,A0A0R0FEN3,0
I1LRE4,A0A0R0FER5,0
I1KUT8,I1KJF2,0
I1KHL4,I1MRP6,0
A0A0R4J389,I1KFL5,0
I1L1S1,C6SW04,0
I1LPJ3,C6TK73,0
C6SW43,A0A0R4J4D0,0
K7MS88,Q43463,0
K7K415,A0A0R0G7B5,0
C6T3G1,A0A0R0GJV8,0
I1K5L7,A0A0R4J426,0
I1K0C4,A0A0R0GFM7,0
I1LJ93,K7K8K7,0
I1MM64,C6T5U0,0
I1JVU8,I1LGD6,0
K7K1Z2,I1LLS4,0
C6SZY0,I1N8M8,0
I1LP56,A0A0R0L0E7,0
I1K650,I1LUL2,0
A5Z2K3,K7MRF5,0
A0A0R0KXY9,I1M269,0
I1JMZ3,K7N5K2,0
I1JYG6,K7KWE4,0
K7L9V3,I1MGG7,0
I1LVX2,I1KZK2,0
K7MZP6,K7MQG6,0
I1KQE8,I1K1W8,0
C6TEP1,A0A0R0FEN3,0
A0A0R0FNM4,I1M269,0
K7KEV0,K7KVK2,0
I1L653,I1LH27,0
A0A0R0JJ98,A0A0R4J426,0
K7M5T0,I1LUL2,0
I1MHS1,I1LIU7,0
A0A0R4J389,A0A0R0E934,0
A0A0R0FJF0,A0A0R0FM97,0
Q2TFP1,K7K318,0
K7KGJ8,K7MNN5,0
C6SZL0,A0A0R4J426,0
I1J6B5,I1K2I1,0
C6TNX5,K7MFE5,0
C6SYQ2,A0A0R4J4H3,0
I1LJA4,A0A0R0KPE1,0
I1LHY4,I1LLS8,0
I1JNB0,C6TN69,0
I1M717,I1MEF5,0
K7LJF6,K7LQV0,0
C6SY25,I1L171,0
I1NCS8,A0A0R0KWL0,0
I1JIJ4,P17093,0
I1K620,I1JE09,0
I1KQE2,A0A0R4J384,0
A0A0R4J2K3,I1JM18,0
I1MY33,A0A0R0GFL3,0
I1NIJ9,I1MVC6,0
I1MP46,A0A0R0L7U5,0
I1LM73,I1LW00,0
A0A0R0H296,A0A0R0KE62,0
C6SWD4,C6SYW6,0
K7MMR4,K7KQZ8,0
I1MYV4,K7L2R0,0
I1KUP5,A0A0R0JJI0,0
I1K2Z9,K7LK09,0
I1JDH6,K7L939,0
K7N3F6,A0A0R0IF42,0
O48548,A0A0R0JBV0,0
I1LJA4,C6SX83,0
I1JU70,I1MW74,0
I1JTW0,I1ML11,0
K7KY63,I1KMS8,0
I1LC01,I1MW74,0
K7LEG0,A0A0R0GFM7,0
I1L5Z7,I1KUS2,0
K7KZ42,K7N5K2,0
I1LGB1,I1JB64,0
K7L1D3,C6SWS6,0
I1MYX8,C6TCH4,0
I1LIM0,K7KNC5,0
A0A0R0HSJ1,I1NAJ5,0
C6SXM9,I1MLF1,0
A0A0R0L7S1,I1KH38,0
C6SWI9,A0A0R0K6I2,0
I1KCH6,C6TGZ1,0
I1NBE9,I1MSN3,0
I1KVX9,I1LPW2,0
I1N0I7,I1L7G4,0
I1K9P1,I1MK72,0
I1MM89,I1JV03,0
I1JV48,K7MMD7,0
C6SVF8,I1JYT2,0
I1K2U0,I1JV03,0
O48901,A0A0R4J2Q5,0
C6T9S5,A0A0R0GBB6,0
I1M2R5,A0A0R4J2Q5,0
I1MBM5,K7M864,0
I1LRE4,I1JRU7,0
I1KNN1,I1LHS8,0
K7M9K9,I1M1D5,0
I1JVP4,I1MC28,0
I1LP56,I1KSD0,0
K7KP67,A0A0R0EWR2,0
Q2PMU0,I1LL05,0
I1KIY3,K7KH93,0
I1KJT5,K7N145,0
I1K620,I1LH18,0
C6SVF8,A0A0R4J4H3,0
I1LPZ2,I1K146,0
C6T868,C6T0A0,0
I1J5B0,K7N1L5,0
C6TKL8,K7K4C7,0
I1LA00,I1LUE0,0
I1L524,C6TK73,0
A0A0R0KR16,K7MM40,0
K7LHR2,I1LPJ8,0
C6SYR1,A0A0R4J426,0
I1MBA2,I1M3W1,0
A0A0R0IHF9,I1LY15,0
K7L3K3,A0A0R0JRI8,0
A0A0R0GCF5,I1MZV0,0
A0A0R0GYG1,K7LIE3,0
I1LIM0,K7M841,0
I1JHN5,A0A0R0L0E7,0
A0A0R0EYA9,A0A0R4J5B7,0
C6T3K0,A0A0R0HV63,0
K7K676,A0A0R0JJI0,0
I1M4Y9,A0A0R4J4C3,0
I1MNE4,K7M4E0,0
C6TCW7,C6SZG1,0
C6SZ22,I1K2I1,0
I1N6N9,I1KUB2,0
A0A0R0FKK9,C6T065,0
K7KZ42,A0A0R0KWT5,0
A0A0R0HDM5,I1MU00,0
A0A0R0EFE2,I1JUQ6,0
I1KXG2,I1M1D5,0
I1KU09,A0A0R0GFL3,0
K7M097,K7M864,0
I1MT74,I1MZV0,0
C6TL77,K7LSJ2,0
K7MRX6,K7KAB4,0
A0A0R0FNM4,I1J8W6,0
C6T426,I1M3W1,0
I1NF54,A0A0R4J5B7,0
K7MPL4,C6T5U0,0
I1JDR2,I1LW00,0
K7LDR8,I1NCF6,0
A0A0R0HSV1,A0A0R0EWR2,0
I1N056,I1LH18,0
I1JCY0,I1JRV0,0
I1NFU9,C6TGZ1,0
A0A0R0G5V6,I1JMH3,0
A0A0R0HIA6,A0A0R0JQJ0,0
I1K2Z9,C6TFX5,0
A0A0R0KJP6,A0A0R0GS25,0
K7LSH9,I1KUB2,0
A0A0R0H7N0,A0A0R0EDS9,0
A0A0R0JKU3,I1LW00,0
I1LG61,K7KVK2,0
C6SVV7,C6TIQ7,0
I1KY58,A0A0R0EWR2,0
I1LIS4,I1LR48,0
C6TAW8,A0A0R0FTI5,0
K7M5W5,K7MM40,0
I1KQE8,I1NAJ5,0
A0A0R0E907,I1KUB2,0
I1KEY6,I1KZ09,0
I1LFW0,Q2PMR3,0
I1LJ94,A0A0R0L828,0
K7LZZ5,I1LH18,0
I1N056,I1NG45,0
A0A0R0F7J9,I1MTV9,0
A0A0R0FJF0,A0A0R0JSJ9,0
I1KHY2,A0A0R0FEN3,0
A0A0R0GRI6,I1KJF2,0
I1KGU0,I1K4R8,0
I1L9A1,K7MC85,0
I1J553,I1N8M8,0
I1N8Y6,A0A0R0GG06,0
A0A0R4J3R4,I1LPK5,0
I1MNE4,A0A0R0K7U0,0
I1L219,I1K6E7,0
I1J870,K7KH93,0
C6SXF5,K7LLV5,0
C6T4Z6,I1KHJ4,0
Q2PMU0,I1J8W6,0
I1JRA0,I1M277,0
I1LC01,K7MXH5,0
C6SYQ2,A0A0R0KVY6,0
I1K2J5,A0A0R4J5B7,0
K7MZP6,A0A0R0IF42,0
P48513,K7MFE5,0
I1LIK8,C6TFX5,0
K7LA18,K7N0V8,0
A0A0R0F077,K7M6I1,0
I1KB26,A0A0R0L828,0
A0A0R0JS60,I1MZV4,0
C6TK75,K7LTB2,0
I1LYU9,I1NCF6,0
I1N9I5,I1JUQ0,0
I1KRZ2,A0A0R0FXD4,0
I1JU70,A0A0R0HV63,0
I1K9P1,K7MNN5,0
A0A0R0FQN0,I1KEC8,0
I1LJ93,K7N1T9,0
I1N6Z0,A0A0R0GWH6,0
I1JIJ4,I1K146,0
A0A0R0FNM4,A0A0R0IT62,0
I1K096,K7KNC5,0
I1KLE1,A0A0R0FER5,0
I1KJ98,I1K5K7,0
I1JUT9,C6SW04,0
A0A0R0FYN8,C6TJ17,0
A0A0R0L7S1,I1NCF6,0
K7MTC4,A0A0R0HSH0,0
I1K628,A0A0R0JSJ9,0
K7MGK0,K7MNN5,0
M1FN39,I1M1W3,0
I1MTZ8,K7L4N7,0
I1K4D7,I1MGG7,0
K7LQ96,I1KVC1,0
C6TNX5,I1MRI5,0
K7KVG4,I1L9K4,0
I1J4E1,C6TGA9,0
C6SWM1,A0A0R4J5C5,0
A0A0R0JB42,K7MXH5,0
K7M097,I1MNU1,0
I1LC20,I1JD36,0
I1LJW2,A0A0R4J2Y1,0
I1L524,A0A0R4J2Y1,0
C6TG81,K7K318,0
I1M5E2,A0A0R0L4P0,0
O48901,A0A0R0FER5,0
I1N8M4,I1MK72,0
I1LP18,A0A0R0GJV8,0
C6TBJ1,A0A0R0IT62,0
K7LHR2,I1KAR1,0
I1LP56,C6T4V3,0
I1LM73,A0A0R0JTV5,0
A0A0R0F077,I1LUE0,0
A0A0R0FX46,A0A0R0L5Q1,0
A0A0R0L4N1,C6SX83,0
K7KGC2,I1K2I1,0
I1LDA7,I1LEC4,0
I1K650,K7LTR0,0
K7LIW2,I1LUE0,0
C6TGR3,I1MF50,0
I1KV60,I1L9K4,0
K7M4N3,I1KSD0,0
H2D4C3,I1MQC8,0
K7KYE0,I1NJ53,0
I1JMZ3,K7MRF5,0
C6TE07,K7L7W0,0
I1L8H7,A0A0R0FXD4,0
I1KNN1,I1K642,0
I1JVU8,I1JMZ7,0
C6TMM7,K7LCS7,0
I1J5B0,I1KD82,0
I1KPT1,I1JRV0,0
I1JUJ8,I1LUE0,0
K7KGE9,I1M225,0
C6T7N2,K7MNN5,0
A0A0R0EU45,I1NC50,0
I1LS70,A0A0R0L0E7,0
I1K7J4,I1KZY8,0
I1K911,I1LPW2,0
A0A0R0EI44,A0A0R0FER5,0
I1JMT0,K7M466,0
I1L8L5,C6T065,0
A0A0R0KNE1,I1J547,0
I1M273,K7LCS7,0
A0A0R4J3Y6,C6SX83,0
I1L524,K7LQV0,0
K7KZ42,I1M225,0
I1M5E2,K7K4C7,0
C6TE07,I1M3W1,0
K7L1D3,A0A0R0H141,0
K7LJF6,C6TN69,0
I1J4E1,K7M6R4,0
C6SWM1,A0A0R0ENB3,0
K7KDX2,K7N1T9,0
A0A0R0INQ5,K7MFZ6,0
I1N9S5,K7LNG6,0
I1KB26,I1JD52,0
I1KZJ7,I1NAF6,0
I1JP52,I1NIE5,0
K7MRX6,I1KEC8,0
I1LA00,I1JA95,0
K7MRX6,I1MGG7,0
I1K0C4,I1MTV9,0
I1KBQ5,A0A0R4J4C5,0
I1JG98,A0A0R0ESZ8,0
C6T2H2,K7L7W0,0
I1K5J5,A0A0R0FEN3,0
I1M4P0,Q43463,0
I1MIE5,K7KFY5,0
I1JNB0,I1JK31,0
K7KLI7,K7M6J1,0
K7LWI3,I1LIU7,0
I1LJI8,K7MYK9,0
I1MKM3,I1KM19,0
C6SVB5,K7L4N7,0
I1NFU9,I1JA95,0
A0A0R0H296,A0A0R0KWT5,0
I1JI73,I1N8M8,0
A0A0R0F077,I1J4B5,0
A0A0R0ERF9,I1LLS4,0
C6TAF0,K7MFE5,0
C6SYR1,A0A0R0JTV5,0
K7K794,K7LFD7,0
I1NFU9,A0A0R0KE62,0
I1LZ09,K7L2D7,0
I1M5E2,A0A0R0GUR9,0
I1JDH6,K7MNP5,0
A0A0R0K5D9,I1JA95,0
I1MY72,A0A0R0FEN3,0
A0A0R0JJ98,K7LK09,0
I1LUF0,I1MC28,0
I1NGD2,O22518,0
A0A368UH03,K7M841,0
A0A0R0HN81,A0A0R0KE62,0
I1LGB1,I1MJJ9,0
A0A0R0GBL8,A0A0R0EJV2,0
I1KIY3,I1MVC6,0
I1JY87,C6SX83,0
K7K415,I1MZV4,0
A0A0R0L115,K7KWE4,0
C6T567,K7KTS8,0
K7M097,A0A0R0EDS9,0
C6T4Z6,A0A0R0F214,0
I1KCH6,A0A0R0FEN3,0
I1MXT2,I1JD36,0
C6SY99,I1MEQ6,0
I1LZM7,A0A0R4J4D0,0
A0A0R0EFE2,I1K5K7,0
A0A0R0JJ98,I1N898,0
I1KHL6,I1JUQ0,0
K7MPL4,I1MC28,0
K7LQ96,K7LHS7,0
I1LMQ5,I1KJF2,0
I1KS88,A0A0R4J5B7,0
Q2PMS6,A0A0R4J2Q5,0
I1LZM7,I1KM19,0
C6TCW7,I1MRI5,0
A0A368UJ64,I1JFW6,0
I1KHL4,I1NC50,0
I1JAG0,A0A0R0JT51,0
I1KQB9,K7K894,0
C6T2L5,A0A0R4J2Q5,0
C6SYQ2,K7MNN5,0
K7KEV0,A0A0R4J4C5,0
K7MPL4,I1KAD1,0
K7M5I5,A0A0R0EDS9,0
A0A0R0FNV7,A0A0R0L0E7,0
C6SWG4,I1KYL4,0
I1KQC7,I1LGD6,0
I1LPZ2,A0A0R4J2Q5,0
I1LYU9,A0A0R0EKI7,0
I1M4Y9,A0A0R0GG06,0
H2D4C3,A0A0R0FXD4,0
I1J5U5,A0A0R0JTV5,0
C6T8L7,K7MM40,0
K7MAP3,K7MFE5,0
I1LPI3,K7K318,0
K7K794,I1K2I1,0
I1KRZ2,A0A0R0L7U5,0
I1KUT8,I1JHJ0,0
I1JT85,A0A0R4J488,0
K7K553,I1M277,0
I1KVL0,K7LTB2,0
I1L215,I1KAD1,0
I1M0C3,I1K970,0
C6T530,C6TNW3,0
I1NGL5,I1MNV2,0
K7KCG5,I1J547,0
K7N3F6,A0A0R0JT51,0
I1KJW4,P17093,0
K7L395,A0A0R0H141,0
C6SZM9,A0A0R0K7U0,0
A0A0R0F7J9,K7MNP5,0
C6SVV7,K7K8K7,0
K7LZZ5,A0A0R0HSA0,0
I1KXI7,I1K215,0
I1MBM5,I1JVX3,0
A0A0R0FSS2,I1LL05,0
I1KBB6,I1MRI5,0
I1K725,I1JRU7,0
A0A0R4J3N1,K7K8Y9,0
I1MV96,A0A0R0KWL0,0
C6T2Z2,K7L9M2,0
K7KDA5,K7KQZ8,0
I1N8M4,M1FN34,0
I1K3P0,C6SX83,0
A0A368UJ64,A0A0R4J2Y1,0
I1KXI7,C6T4V3,0
I1MZ32,I1MPJ4,0
I1N0W9,K7M6Z2,0
I1LPZ2,I1MPJ4,0
I1JVN0,I1KXK6,0
I1LHR1,K7M841,0
I1L9A1,I1N7F4,0
A0A0R0G3G4,A0A0R0K6I2,0
I1JDR2,K7LLV5,0
C6TAW8,K7K318,0
K7MD28,A0A0R0FZM4,0
A0A0R0G2B9,A0A0R0K6I2,0
I1JT28,A0A0R0FJR0,0
A0A0R0GZZ6,I1K215,0
I1K5L7,I1J8C9,0
A0A0R0JB42,A0A0R0GPH9,0
I1K725,I1LFD2,0
C6SXJ9,C6TK73,0
I1MVG5,I1LII4,0
I1KAJ2,I1KQE3,0
I1MJ97,I1MZV4,0
I1MLH9,I1JYT2,0
A0A0R4J2W3,I1KZ09,0
I1JMT0,I1KSL6,0
I1L5Z7,I1NCV4,0
A0A0R0FKK9,A0A0R0FM97,0
C6TG91,K7M6Z2,0
I1N9S5,C6TBL4,0
I1JIW3,A0A0R0GFL3,0
K7MI53,I1K4R8,0
I1KCH6,A0A0R4J426,0
K7LGW1,C6TIK0,0
I1MUN3,I1MEQ6,0
I1KZJ7,K7MM40,0
I1KLE1,I1KVC1,0
I1LY25,C6TN69,0
I1LGB1,I1JK31,0
C6SVB5,I1JA95,0
I1LD74,K7LCS7,0
I1LJA4,I1K146,0
K7MNC0,K7M6J1,0
I1KHY2,A0A0R0GG06,0
K7KFV5,A0A0R4J4C5,0
I1MZ32,I1K2I1,0
K7KLI7,K7KK74,0
K7K3W5,A0A0R0JTV5,0
I1MGB0,K7N129,0
I1KFU0,I1K3X9,0
C6TBN8,C6TJM4,0
C6T868,I1LPJ8,0
I1KJT5,K7MNN5,0
I1K328,K7LSG2,0
A0A0R0JG07,C6SZQ0,0
K7LDR8,I1MNS7,0
C6SWG4,I1JVX3,0
I1LGQ1,I1LIA8,0
K7KE09,A0A0R0FEN3,0
A0A0R0KE73,I1MQC8,0
I1J553,A0A0R0JSJ9,0
I1NHI4,K7KTS8,0
I1KBB6,I1JB64,0
I1K3P0,K7L2D7,0
K7KDM1,A0A0R0G7I0,0
I1LPZ2,A0A0R4J4C3,0
K7KDA5,K7N1T9,0
K7L9V3,K7LSG2,0
I1MNV4,I1NC50,0
K7LIW2,K7N5K2,0
I1J6B5,A0A0R0IT62,0
A0A0R0GE56,I1JRV0,0
A0A0R0G2B9,A0A0R4J426,0
C6SW69,I1LGD6,0
I1M9T4,K7MYK9,0
I1L1N3,A0A0R0L7U5,0
A0A0R0GCF5,I1NIE5,0
I1LMW7,C6TJM4,0
C6T883,K7MFE5,0
I1MM64,K7MXE0,0
I1JDR2,K7M6Z2,0
I1KQG0,P17093,0
I1KJL3,I1MLJ0,0
I1K2Z9,K7KJB2,0
K7MZ38,A0A0R0FJR0,0
I1LDA7,I1LHS8,0
I1MYV4,A0A0R0KPE1,0
I1JZC3,I1JYT2,0
H2D4C3,I1KM19,0
K7LEG0,A0A0R0ESZ8,0
I1K3P0,I1KJD2,0
I1KKD9,I1JMZ7,0
I1KS88,I1KLS1,0
I1JE93,K7L2D7,0
I1JXQ3,A0A0R0FB78,0
I1KHL4,I1K970,0
K7LZZ5,K7LCS7,0
K7KEV0,I1KSL6,0
K7KY63,I1MW51,0
I1MNU7,A0A0R0GG06,0
I1KYS6,C6SW04,0
A0A0R0JYY8,K7KNC5,0
O48901,I1LY15,0
I1KS20,I1N761,0
C6T507,A0A0R0EJV2,0
K7LXT7,I1LUL2,0
I1MXT2,I1JA95,0
A0A0R0FKK9,I1M5B6,0
I1K628,A0A0R4J384,0
C6T3K0,I1M3W1,0
I1K650,I1JRU7,0
I1K8N0,A0A0R0GFH3,0
I1MC39,A0A0R0KWT5,0
C6TBN8,A0A0R4J2Q5,0
I1KYD6,C6TBL4,0
C6T2L5,K7MQG6,0
K7LEG0,A0A0R0HCS6,0
A0A0R0HSV1,C6SZG1,0
I1JRA0,P17093,0
I1J553,I1K9J7,0
A0A0R0J7J3,I1JHJ0,0
I1JRA0,I1LEC4,0
A0A0R0GCF5,K7KVK2,0
I1NH98,A0A0R0JTV5,0
I1MTH0,Q43463,0
C6F117,I1LIA8,0
I1JP52,I1MU00,0
I1MK36,I1LLK1,0
C6T2Y4,A0A0R0FZM4,0
K7LTQ1,M1FN34,0
K7MCH3,I1M1W3,0
I1M3U2,K7LFD7,0
A0A0R0GJ85,I1MK72,0
I1JKP1,I1L3P5,0
K7MMR3,I1K5B6,0
I1N9S5,I1K5B6,0
I1JYG6,K7M864,0
C6TAW8,K7K8K7,0
I1JIW3,I1ML11,0
K7KFV5,A0A0R0L828,0
C6TLV6,I1L171,0
I1N1Y6,A0A0R0EKI7,0
I1K911,A0A0R0HV63,0
K7MXD1,K7M841,0
I1JU70,I1JVX3,0
I1MUQ7,K7KW44,0
I1JNV3,I1KEC8,0
I1JT28,A0A0R0FXD4,0
K7M5W5,K7MNN5,0
I1LMW7,A0A0R0IT62,0
A0A0R0JB42,I1M1D5,0
A0A0R0ET54,A0A0R4J5B7,0
I1MGB0,I1K9J7,0
I1MK36,K7LLV5,0
I1N3M5,I1M277,0
I1KQE2,A0A0R0IZY4,0
I1MSD9,C6SYE1,0
A0A0R0I0B9,A0A0R0ESZ8,0
I1N056,I1J4B5,0
I1JW64,K7MC85,0
I1MUN3,K7MQG6,0
C6SY81,K7N1L5,0
I1JDP3,I1M225,0
A0A368UHC3,I1KZY8,0
A0A0R0FNM4,I1JAH7,0
A0A0R0FEN9,K7MNP5,0
I1N5E8,I1MPJ4,0
I1M0C3,I1JB64,0
A0A0R0JJ98,A0A0R0L4P0,0
I1LJI8,A0A0R0JBL2,0
A0A0R0FQN0,A0A0R0FX75,0
I1JL13,C6T5R4,0
I1L9A1,A0A0R0G7B5,0
K7KP67,A0A0R0JTV5,0
C6TLT3,K7M6R4,0
A0A0R0KNS7,A0A0R0K7U0,0
I1KLS4,I1LIA8,0
P48513,I1MNU1,0
C6SVF8,C6TJ17,0
I1N0I7,I1M225,0
C6TD73,K7KES3,0
C6TCW7,I1K5K7,0
I1JI73,C6T4V3,0
I1JDH6,K7KK86,0
K7KKB2,A0A0R0GPH9,0
I1JKP1,C6T2G5,0
I1J6B5,I1LPK5,0
K7LJV1,I1LH27,0
I1LGQ1,A0A0R4J488,0
I1LJI8,K7M846,0
M1FIU8,I1LH27,0
O48901,I1KJD2,0
K7MRX6,I1MNS7,0
A0A368UHG0,K7MXH5,0
I1LUI7,I1JUQ0,0
M1FN39,I1KHJ4,0
K7MS88,C6SZ70,0
I1MNV4,I1LIT1,0
I1KGN6,I1KM19,0
I1L8G3,C6TJ17,0
I1JQR6,I1K215,0
I1MK36,I1ML11,0
A0A0R0FX46,I1JE09,0
I1JNB0,I1J8C9,0
A0A0R0KNE1,I1J4B5,0
C6SWL3,C6TK73,0
I1LFW0,C6SWS6,0
I1M273,A0A0R0EKI7,0
P46279,I1LWZ0,0
I1MUC0,I1JMZ7,0
I1N439,K7L9M2,0
I1NF12,I1LG13,0
K7KLI7,A0A0R0G7B5,0
I1MC26,A0A0R0GFH3,0
K7LZZ5,A0A0R0JYX3,0
I1JQR6,A0A0R0HV63,0
A0A0R0HN81,I1K146,0
I1JFN0,K7K894,0
I1MHH7,A0A0R0FXD4,0
A0A0R0G6V6,I1KJF2,0
I1K911,K7M6I1,0
I1KVX9,I1NCF6,0
I1LJI8,I1JK31,0
C6TG81,K7MTL2,0
C6SZY0,C6TCH4,0
K7MS88,I1LLS8,0
I1JQR6,I1LPW2,0
I1MBA2,I1MEQ6,0
I1N6N9,I1L171,0
A0A0R0EI44,K7MGQ2,0
I1JDR2,A0A0R0K6I2,0
A0A0R0KCY1,K7M9T4,0
C6T083,I1M277,0
K7KLI7,A0A0R0EYS5,0
I1LYU9,I1K3X9,0
I1JT28,I1MLF1,0
I1LUF0,A0A0R0FGT9,0
I1MU29,K7LK09,0
A0A0R0K6F4,I1MRI5,0
A0A0R0G342,I1NCF8,0
A0A0R0GYG1,I1ML11,0
K7M9K9,I1NG45,0
A0A0R0JJ98,K7KTS8,0
I1KB26,A0A0R0GS25,0
K7LIW2,I1K115,0
A0A0R0EFE2,A0A0R4J2Q5,0
I1MLN7,I1MTV9,0
C6TKZ4,I1L171,0
I1KVS3,I1KAD1,0
I1KBB6,I1K9J7,0
I1JFN0,A0A0R0L4P0,0
I1JE83,K7M6Z2,0
I1KPT1,A0A0R0FER5,0
I1MC39,C6TN69,0
I1KEG8,I1JD36,0
K7KYE0,K7M846,0
I1N1Y6,I1LXQ3,0
I1KJL3,K7KJB2,0
I1JXB4,I1J4B5,0
A0A0R0IHF9,A0A0R4J4H3,0
I1KZJ7,I1JUQ0,0
I1J9J7,I1KVC1,0
I1JS58,I1MEQ6,0
I1L8L5,K7M841,0
I1M3Q3,I1LGD6,0
I1MQD0,K7MGQ2,0
I1MUQ7,I1K6E7,0
C6SXF5,A0A0R4J5K6,0
I1N6Z0,C6TIK0,0
I1K911,A0A0R0GUR9,0
C6TBN8,A0A0R0H141,0
K7LWI3,A0A0R0K7U0,0
I1MSC6,I1LII4,0
I1J8W9,K7MXE0,0
K7MPL4,Q43463,0
I1MEN1,I1LWZ0,0
I1KCH6,A0A0R0HV63,0
A0A368UH03,Q2PMR3,0
I1MQD0,K7KAB4,0
I1JV48,A0A0R0KVY6,0
I1N0R5,A0A0R0FB78,0
C6SXM9,C6SYE1,0
K7MMR3,C6TK73,0
A0A0R0FSY2,I1K215,0
I1JZC3,I1JAH7,0
I1N9E1,I1KVC1,0
I1JT28,A0A0R0GAQ8,0
C6T0E4,I1MK72,0
A0A0R0GNH6,I1KSD0,0
I1LSM6,K7MMD7,0
I1JBJ2,K7L6N7,0
A0A0R0E3E6,I1MSN3,0
K7MAP3,A0A0R0K7U0,0
I1J7A8,A0A0R0GS25,0
I1JIW3,I1KEC8,0
K7L1B9,A0A0R0KPE1,0
A0A0R0FX46,I1KM19,0
K7KYE0,P62302,0
C6SWM1,I1J8C9,0
I1KJT5,K7KES1,0
I1KPA1,A0A0R4J2Q5,0
I1LDA7,C6T5R4,0
O48901,K7MYK9,0
I1KV60,I1KTI0,0
K7LZZ5,K7MM40,0
I1JR41,I1JA95,0
A0A0R0EU45,I1LLS8,0
I1MNV4,I1N5D5,0
C6T530,I1LPW2,0
A0A0R0KNS7,A0A0R0K0K3,0
I1KCX1,I1JMZ7,0
A0A0R0HDM5,K7K318,0
I1L9A1,I1NCF8,0
I1N1X8,C6SWS6,0
A0A0R0FX46,K7LTB2,0
C6T3G1,K7M6J1,0
I1NF12,K7MM40,0
I1KTS9,K7K8Y9,0
I1KKD9,I1JVX3,0
I1KUT8,C6TJ17,0
I1L9A1,K7M466,0
I1KH45,K7LY43,0
I1JW21,I1JM18,0
I1L653,I1MK72,0
C6T2H2,C6TK73,0
I1J8W9,A1YZE0,0
K7K2H1,I1JMK4,0
C6TBQ2,A0A0R0JJK0,0
I1JVP4,I1LM96,0
C6T3I8,A0A0R4J4C5,0
K7LIW2,C6T065,0
C6T2H2,K7MRF5,0
I1LA00,A1YZE0,0
A0A0R0H2V0,I1KVC1,0
I1M3V1,Q43463,0
I1LXH0,K7M6I1,0
K7KYY0,K7N1L5,0
I1LQ02,K7L2D7,0
C6TKZ4,I1JRJ3,0
K7LGW1,A0A0R4J5C5,0
A0A0R0FSY2,I1KJD2,0
I1LAR7,K7L9M2,0
O48901,A0A0R4J4C3,0
K7MNC0,K7MRF5,0
I1KGI6,I1K642,0
K7K9E1,I1LII4,0
C6TKZ4,A0A0R0K6I2,0
C6T0E4,A0A0R0ESZ8,0
I1KHY2,I1JC65,0
I1NCS8,I1NCF6,0
K7K415,K7MFE5,0
A0A0R0K0L0,I1LWZ0,0
K7K8U8,A0A0R0GG06,0
C6TLT3,I1NC50,0
A0A0R0INQ5,I1JVX3,0
I1LRB0,I1J9I1,0
I1KUP5,K7LQV0,0
I1K5K3,C6TFX5,0
I1JL13,C6TGZ1,0
A0A0R0J2L9,I1LLS8,0
I1KH45,I1K1W8,0
I1LFQ4,I1JRV0,0
I1JV48,I1KYL4,0
I1MNV4,I1LII4,0
C6T2Z2,K7KES1,0
I1J553,A0A0R0JJI0,0
A0A0R0EFE2,I1LHS8,0
C6SVH9,I1MNS7,0
I1KX98,I1KLS1,0
C6SWL3,A0A0R0HSH0,0
I1M5E2,K7N1T9,0
C6SZ22,K7N129,0
C6TFN5,A0A0R0HV63,0
A0A0R4J2W3,K7N129,0
K7KDA5,K7KK86,0
K7M2D8,I1KFL5,0
I1LP56,I1NAJ5,0
I1K620,K7N129,0
K7MZ38,A0A0R0HV63,0
C6SYF3,K7L7W0,0
I1LRH8,A0A0R0JQJ0,0
I1M9T4,I1MNV2,0
I1MKM3,K7L939,0
I1KCX1,I1JV03,0
I1J7S6,A0A0R0L4P0,0
I1KQP3,I1LEC4,0
I1K628,I1LR48,0
I1JNK6,K7N5K2,0
I1JNB0,I1MPJ4,0
I1JE93,I1KJD2,0
I1N954,K7KNC5,0
K7LUF9,K7KTS8,0
A0A0R0FX70,I1KZY8,0
I1LKU1,C6SYE1,0
I1N8P5,K7LFD7,0
I1MLH9,I1KPE7,0
I1LR08,K7LLV5,0
I1NHQ1,I1KYL4,0
I1JE93,K7MMD7,0
I1M100,A0A0R0FER5,0
A0A0R0HXE9,I1KFL5,0
I1L5Z7,A0A0R4J5K6,0
A0A0R0KTM7,I1MNS7,0
I1M6L1,A0A0R0GWH6,0
I1MNM3,I1LVN3,0
I1KP31,A0A0R0FER5,0
I1J7S6,I1JRV0,0
A0A0R0H7N0,I1K3X9,0
I1LYU9,Q43463,0
C6SXF5,A0A0R0KE62,0
I1L8H7,I1MVC6,0
I1N8M4,A0A0R0GUR9,0
K7LSH9,K7M466,0
K7MMG1,K7MXE0,0
C6SZM9,I1L2H4,0
I1J4E1,I1NCF6,0
K7LWN2,A0A0R0FJR0,0
I1LXH0,C6TIK0,0
I1KS36,I1L9K4,0
I1NIJ9,I1LHS8,0
I1MTX9,I1KVC1,0
C6TKW2,C6SX83,0
I1MYV4,I1KJF2,0
C6T2Y4,I1MC28,0
A0A0R0L7S1,I1MSN3,0
I1JWF0,I1L9K4,0
K7KEV0,A0A0R4J4C3,0
K7L8H2,I1MZV0,0
I1NF54,A0A0R0JQJ0,0
I1NC77,I1MNS7,0
A0A0R0ESI3,I1J9I1,0
C6TKC3,A0A0R0G7I0,0
K7MXS9,I1KAD1,0
K7LDR8,C6TGA9,0
I1KQ68,K7M841,0
C6SVH9,K7KAB4,0
C6SWM1,I1LGD6,0
C6TKW2,I1M269,0
I1LIK8,I1LUE0,0
I1N6Z0,I1LXQ3,0
I1M273,A0A0R0JRI8,0
I1J7S6,I1LIU7,0
C6TNX5,M1FN34,0
I1LPD3,I1KZK2,0
A0A0R0GE56,I1KD82,0
A0A0R0ERF9,I1JMH3,0
I1KUT8,I1KZY8,0
K7LUF9,I1N8M8,0
I1LPD3,I1ML11,0
A0A0R0JYB5,I1LEC4,0
A0A0R0F0T6,I1NCV4,0
I1MWP7,I1M1W3,0
I1L1S1,K7MC85,0
C6TKB2,I1N7F4,0
A0A0R0JYB5,I1LVN3,0
I1LYQ9,A0A0R0JJI0,0
I1LDA7,I1KM19,0
A0A0R4J2W3,Q2PMR3,0
I1N0I7,I1MW51,0
C6TGR3,I1K1W8,0
I1MUN3,I1MPJ4,0
A0A0R0G3G4,K7M841,0
A0A0R0E907,I1KCY5,0
A0A0R0I8Z5,C6SZ70,0
A0A0R0KNS7,A0A0R0GUR9,0
I1M3Q8,A0A0R0FB78,0
I1MFH3,K7KWE4,0
K7K2H1,I1MRI5,0
C6TBJ1,I1JD36,0
I1L653,K7MFE5,0
A0A0R0E3E6,I1JRU7,0
K7M142,K7MFE5,0
K7MMR4,A0A0R0EYS5,0
A0A0R0EJE2,I1LH27,0
K7KCG5,K7LHS7,0
A0A0R0KE73,K7MNP5,0
I1M0C2,K7KK86,0
A0A0R0K5D9,I1NCF8,0
M1FN39,K7LK09,0
K7MRX6,A0A0R0FB78,0
C6SXF5,K7L2D7,0
I1JHN5,I1LM96,0
I1JMZ4,C6TIQ7,0
C6TFN5,I1NCV4,0
I1KYS6,A0A0R0GFM7,0
C6TMM7,I1K642,0
A0A0R0EYA9,A0A0R0FJR0,0
I1MRS5,I1K9J7,0
I1J9W0,A0A0R4J5C5,0
I1LPZ3,I1K9J7,0
I1JML1,I1LWZ0,0
I1NH73,A0A0R0EDS9,0
A0A0R0JYY8,I1KUS2,0
I1MV96,K7MNN5,0
I1KVL0,K7LNG6,0
I1K5G1,I1MNS7,0
Q2PMT2,I1K642,0
I1JV48,A1YZE0,0
I1JRA0,I1KXK6,0
I1LAR7,I1LH18,0
A0A0R0JES0,A0A0R0GJV8,0
A0A0R0HSJ1,A0A0R4J4H3,0
I1MV96,K7LFD7,0
C6T2Y4,I1MNU2,0
K7N0U1,K7M6Z2,0
I1MEN1,I1JRU7,0
I1LA00,A0A0R0ESZ8,0
I1LYQ9,I1MEQ6,0
I1JNB0,I1M269,0
A0A0R0GNH6,I1JFW6,0
I1MEF8,I1KUB2,0
K7LKS0,I1MNS7,0
I1MEZ1,I1L7G4,0
I1NIE7,K7LSG2,0
I1K8N0,Q2PMR3,0
I1M0N9,I1MJJ9,0
K7MXD1,K7LSJ2,0
C6SWZ1,I1J9I1,0
K7KNJ6,A0A0R4J5B7,0
I1MY43,I1KSL6,0
I1LYU9,C6TNW3,0
I1LYN0,A0A0R0HSA0,0
P07506,C6TK73,0
A0A0R0KFE8,I1K6E7,0
C6TBQ2,I1NG45,0
C6SWZ1,K7LFD7,0
I1KTS9,I1MLJ0,0
K7M4N3,I1LGD6,0
I1MYX8,I1KZY8,0
I1J9W0,I1KFL5,0
I1JU70,I1J547,0
I1LC20,K7MM40,0
K7K553,C6TCH4,0
I1J5U5,I1JMH3,0
I1KJ56,A0A0R4J426,0
A0A0R0GNH6,K7K8Y9,0
I1MHA4,I1M277,0
K7K794,I1LII4,0
I1NHI4,I1LUL2,0
I1MLH9,I1MNU2,0
C6T426,K7MXE0,0
I1KRD4,I1LIA8,0
C6TKL8,K7MYK9,0
C6TE07,K7N1L5,0
I1LUI7,K7K8K7,0
C6TAW8,K7KAB4,0
A0A368UHM1,K7LFD7,0
K7LXT7,I1NAJ5,0
I1JNV3,I1J9I1,0
A0A0R0GE84,I1KPE7,0
K7MMG1,K7M864,0
I1MLZ0,A0A0R0EDS9,0
I1JIP5,I1NC50,0
I1KFI5,I1NC50,0
C6TNL5,K7L6K2,0
A0A0R0H2V0,I1K2I1,0
A0A0R0JB42,I1LEC4,0
A0A0R0ET54,K7LTB2,0
I1JNK6,I1KPE7,0
A0A0R0HIA6,A0A0R0GPH9,0
I1JE38,I1JUQ6,0
I1KYF8,I1N7F4,0
K7KLI7,I1K115,0
I1KBM7,K7KJB2,0
K7LKS0,O22518,0
I1MEZ1,C6TNW3,0
I1N9E1,I1MW74,0
A0A0R0KCV3,K7LTR0,0
I1LRB0,I1JD07,0
I1MC26,A0A0R0GAQ8,0
A0A0R0EU45,A0A0R0L5Q1,0
I1KU09,C6T4V3,0
I1MQD0,I1MSN3,0
I1LJI8,I1JE09,0
I1NGL5,I1K215,0
A0A0R0H9H8,A0A0R0L7U5,0
I1JVU8,I1KYL4,0
I1JP52,C6TIK0,0
I1KJ98,K7KTS8,0
I1J5U5,I1K1W8,0
P09755,I1M1D5,0
A0A0R0KCV3,K7MM40,0
I1JUR7,P62302,0
I1MRY0,I1M277,0
I1KRZ2,I1MW74,0
A0A0R0J2L9,I1KZ09,0
C6TNL5,I1N5D5,0
I1KPT1,I1K467,0
A0A0R0GC27,C6SZQ0,0
C6SWG4,K7L2D7,0
A0A0R0L4N1,K7M6J1,0
I1KCH6,C6SYW6,0
A0A0R0EFE2,I1LLS8,0
C6T868,C6TIK0,0
K7KYY0,C6TGZ1,0
I1LUL7,K7K894,0
A0A0R0L098,K7N129,0
P48513,I1K3X9,0
C5NTE7,K7KWE4,0
A0A0R0LA89,K7M9T4,0
I1MZ32,K7MTL2,0
I1JV48,C6SZ70,0
A0A0R0G342,I1MC28,0
I1KX98,K7KQZ8,0
I1MY33,I1L2H4,0
C6TBQ2,A0A0R0FB78,0
A0A0R0LFT0,I1MEQ6,0
I1MYX8,K7MRF5,0
I1LRH8,A0A0R0FER5,0
H2D4C3,I1M269,0
I1L250,I1JK31,0
I1MY72,I1JVX3,0
K7LXT7,K7MNN5,0
C6SZM2,I1N780,0
I1K2U0,I1LY15,0
I1L219,C6SZG1,0
I1KNN1,K7K8K7,0
I1KJL3,K7K4C7,0
I1K5J5,A0A0R0GFM7,0
I1JUT9,I1K3X9,0
I1MLZ0,I1JC65,0
I1KS20,I1LY15,0
I1KGU0,K7MNP5,0
I1MKM3,K7MQG6,0
K7KGE9,A0A0R0GFL3,0
K7M5I5,A0A0R0JYX3,0
I1JW64,K7KES3,0
K7N0U1,I1KSD0,0
K7KPJ4,C6TIK0,0
I1MTX9,K7L9M2,0
I1L478,C6SZG1,0
C6TLV6,I1JD52,0
I1NHI4,C6SW04,0
I1MNE4,I1LXQ3,0
I1LC20,I1MNU2,0
O48548,K7L4N7,0
K7MMG1,A0A0R0IF42,0
I1JRL7,I1MGG7,0
I1LZ09,I1LIT1,0
I1KBQ5,A0A0R4J488,0
C6TKC3,K7LIE3,0
I1KLE1,K7KES1,0
I1L8G3,I1KZY8,0
A0A0R0GG96,K7LTR0,0
I1LPZ2,A0A0R0JQJ0,0
I1JXB4,I1JK31,0
I1KTD4,C6TBL4,0
I1JBJ2,I1LL05,0
I1M717,I1KH38,0
I1L412,I1KUB2,0
I1JNK6,A0A0R0JQJ0,0
I1N439,I1MW51,0
C6TE07,I1LPJ8,0
I1JU70,I1LPK5,0
C6SVF8,I1M225,0
K7KDX2,P17093,0
I1K5J5,I1K9J7,0
I1NF54,I1MK72,0
I1JVU8,A0A0R0FM97,0
I1K7J4,A0A0R4J384,0
I1J553,K7KAB4,0
I1JKP1,I1J9I1,0
C6T2Z2,I1LLS8,0
I1KBL4,I1K4R8,0
I1M7C1,I1JRU7,0
C6T3I8,C6SYW6,0
A0A0R0FQN0,I1L2H4,0
I1KEG8,A0A0R0L0E7,0
I1N8P5,I1K642,0
I1KGN6,I1MZV4,0
C6TFN5,A0A0R0JJI0,0
I1N3M5,I1KUS2,0
C6TKW2,I1JRV0,0
I1K9P1,A0A0R0GUR9,0
I1MVK7,C6TN69,0
I1JUJ8,A0A0R0EG78,0
K7KLF0,I1KM19,0
A0A0R0LB39,A0A0R4J5C5,0
A0A0R0LB39,I1MZV4,0
C6SXF5,A1YZE0,0
I1N9I5,I1JUQ6,0
I1M4Y9,K7LCS7,0
A0A0R0FJF0,K7M9T4,0
I1MSC6,I1JMZ7,0
K7M5W5,I1LII4,0
C6SZM2,A0A0R0FTI5,0
K7KDA5,K7LSG2,0
C6T507,K7LLV5,0
I1L1L2,I1JA95,0
K7M2D8,I1MLF1,0
I1KBM7,I1KFL5,0
I1KPQ8,I1MEQ6,0
I1MY72,I1N761,0
Q2PMU2,I1K215,0
Q2PMU2,K7LLV5,0
I1JE93,I1LPW2,0
I1K8N0,I1K970,0
C6TCW7,I1MGG7,0
A0A0R0JJ98,A0A0R0ESZ8,0
A0A0R0FNM4,K7L7W0,0
A0A0R4J354,I1L7G4,0
C6SW43,A0A0R0GG06,0
I1KRD4,K7K318,0
I1LRH8,I1K5K7,0
C6SZG8,I1MNV2,0
I1KPQ8,A0A0R0JYX3,0
I1MQD0,K7KWE4,0
K7LHR2,A0A0R0JRI8,0
I1NDC0,I1LIU7,0
I1L250,I1MEQ6,0
K7MPL4,I1N780,0
I1N0R5,C6TJ17,0
I1L653,I1LLS8,0
K7LIW2,I1LW00,0
I1JM69,A0A0R0EYS5,0
I1MTH0,I1KMS8,0
I1JP52,K7KFY5,0
Q2TFP1,I1KUS2,0
I1J553,I1LW00,0
P07506,I1JE09,0
A0A0R0F2Z4,K7LSJ2,0
K7M9K9,A0A0R0KWL0,0
I1K2J5,I1KUB2,0
Q2PMQ9,A0A0R0GUR9,0
I1L653,A0A0R0FB78,0
I1M3V1,I1L171,0
C6SXP5,K7KFY5,0
I1MZ32,C6TN69,0
A0A368UHM1,I1LLS4,0
I1MU29,I1LW00,0
I1LGI1,K7KTS8,0
C6SWI9,K7M849,0
I1MU29,I1KM19,0
K7LTQ1,K7LCS7,0
C6T084,A0A0R0EYS5,0
I1MTZ8,K7M849,0
C6SWA0,I1JA95,0
I1MBW8,I1LPJ8,0
I1MVK7,I1KJD2,0
I1KPA1,I1M1D5,0
I1KCH6,I1JFW6,0
I1KGU0,I1N761,0
I1MGG3,A0A0R0IZY4,0
I1MK36,I1LIT1,0
K7LQ96,I1JYT2,0
C6SWI9,I1LUE0,0
A0A0R0IHF9,A0A0R4J384,0
I1LZT5,K7KK74,0
A0A0R0L8Y1,I1MGG7,0
I1LSM6,I1KD82,0
I1M7C1,I1J547,0
K7LWN2,A0A0R0IZY4,0
I1MNM3,I1K642,0
K7KGJ8,K7N145,0
I1M273,K7MFE5,0
I1KC19,K7L7W0,0
I1LFW0,K7LLV5,0
C6TKC3,K7L4N7,0
I1MJM9,K7L4N7,0
P46279,I1J8C9,0
O48901,A0A0R0HCS6,0
I1LRH8,C6TCH4,0
I1MWF0,A0A0R0L7U5,0
I1JY67,I1LII4,0
I1LIR4,A0A0R4J5B7,0
I1K5G1,A0A0R0JBL2,0
K7KP67,K7MFE5,0
C6T9S5,I1JRJ3,0
K7LW22,M1FN34,0
I1LXH0,K7K8Y9,0
I1KLE1,C6TNW3,0
I1MIE5,I1ML11,0
O48901,K7MNN5,0
C6SVF8,I1KZ09,0
I1JYG7,A0A0R0EYS5,0
K7M5W5,I1LWZ0,0
I1MGB0,I1LPW2,0
A0A0R0KNE1,I1MRP6,0
I1M7C7,I1M1D5,0
I1MEF8,K7KTS8,0
I1MQB5,I1K3X9,0
C6SWM1,I1L2H4,0
I1LPZ2,A0A0R4J5C5,0
C6SZL0,I1K6E7,0
I1KX98,I1JYT2,0
I1KNN1,I1MF50,0
C6TLV6,I1NG45,0
I1J870,I1LLK1,0
I1M4P0,I1K115,0
C6TFN5,K7KWE4,0
A0A0R0L372,A0A0R4J488,0
A0A0R0KNS7,K7LY43,0
I1K5K3,I1K1W8,0
A0A0R0KTM7,I1KPE7,0
I1M9T4,I1MNU1,0
I1MWP7,K7KES3,0
C6SXM9,K7KJB2,0
A0A0R0EWX9,A0A0R0HSA0,0
A0A0R0ERF9,A0A0R0FZM4,0
I1KZW4,K7KWE4,0
I1MTH0,I1J547,0
A0A0R0H8M3,A0A0R0FXD4,0
I1J553,I1J8W6,0
I1N954,C6SZQ0,0
K7M9K9,K7L6K2,0
A0A0R0KNE1,C6T2G5,0
K7MGK0,A0A0R4J384,0
C6TFR5,A0A0R4J4C5,0
I1K3U2,A0A0R0JJI0,0
C6TNL5,I1LXQ3,0
I1N0W9,K7MXE0,0
K7KIU3,C6SZG1,0
I1JNK6,K7LTB2,0
I1MTX9,C6T065,0
I1JAG0,A0A0R0HSH0,0
K7KLI7,I1JAH7,0
I1KPA1,C6T5R4,0
I1K328,I1LLK1,0
I1JW64,A0A0R0FB78,0
K7MS88,K7M846,0
I1M6L1,I1MNV2,0
I1KRD4,I1LIU7,0
I1KYS6,K7KK86,0
I1LYQ9,A0A0R0FXD4,0
K7LDR8,I1LXQ3,0
Q2PMU0,I1N898,0
A0A0R0JYY8,I1K5B6,0
A0A0R0JB42,K7M841,0
K7LQ96,K7MM40,0
I1M0N9,I1KVC1,0
Q2PMQ9,A0A0R0EYS5,0
I1JUJ8,I1K3X9,0
A0A368UHM1,K7KVK2,0
A0A0R0EI44,A0A0R0ESZ8,0
I1KFI5,K7LY43,0
I1JIW3,A0A0R0G7I0,0
C6TKC3,C6TGZ1,0
I1KU09,I1N5D5,0
A0A0R0INQ5,K7LQV0,0
I1J8V4,I1LWZ0,0
I1LP56,I1KPE7,0
K7K2H1,A0A0R0FM97,0
C6TCW7,I1L2H4,0
K7MMR4,I1M269,0
C6SZY0,P62302,0
K7KP66,C6T5U0,0
I1LUI7,A0A0R4J384,0
K7MGQ3,I1KVC1,0
I1MXT2,K7L4N7,0
I1LHY4,K7N145,0
I1KKD9,I1L3P5,0
K7LUF9,I1M277,0
C6T1E6,I1LIA8,0
I1JAG0,A0A0R0FZM4,0
I1KCH6,I1L2H4,0
A0A0R0HXE9,I1KSD0,0
I1JFS9,A0A0R0G7I0,0
K7MGK0,I1K467,0
K7MGQ3,K7KVK2,0
A0A0R0J2L9,P17093,0
I1LJ94,I1JRJ3,0
K7K553,Q43463,0
K7L9V3,A0A0R0L7U5,0
I1KVX9,Q43463,0
K7KYY0,A0A0R0JJK0,0
I1N7K6,I1NG45,0
K7KIU3,I1MLJ0,0
A0A0R0FYN8,A0A0R4J4C5,0
A0A0R0G6V6,I1KVC1,0
A0A0R0FX70,K7N1T9,0
K7L1D3,O22518,0
I1N0I7,I1K5K7,0
K7MCH3,K7MRF5,0
I1K3P0,I1KSL6,0
I1J5U5,A0A0R0FEN3,0
C6T1P2,K7LSJ2,0
K7LTQ1,I1KAD1,0
I1NGQ5,I1MW74,0
A0A0R0JJ98,K7KES3,0
I1JML1,C6TGZ1,0
I1JBJ2,A1YZE0,0
K7M2D8,A0A0R4J5B7,0
A0A0R0HHZ3,C6SYE1,0
I1K096,C6TD23,0
I1JHN5,A0A0R0GBB6,0
A0A0R0FEN9,C6SW04,0
A0A0R0IGP2,A0A0R0JBV0,0
I1K725,K7M6Z2,0
A0A0R0HN81,A0A0R0FB78,0
A0A0R0FX46,C6SWS6,0
I1LYN0,A0A0R0FEN3,0
K7KZ42,A0A0R0FTI5,0
K7KLI7,I1M1D5,0
I1KTL9,I1KTI0,0
K7M142,C6TGA9,0
I1M717,K7N145,0
A0A0R0KCV3,C6TNW3,0
I1JIJ4,I1JD07,0
I1L215,I1JMK4,0
I1LP18,I1JD36,0
A0A0R0KH89,A0A0R0IR73,0
I1NFS4,A0A0R0JTV5,0
I1K650,C6TN69,0
C6TKL8,K7MMD7,0
C6T4Z6,I1JVX3,0
I1MC26,K7LQV0,0
I1JXB4,I1L7G4,0
I1NGQ5,I1N8M8,0
I1LBV2,C6T2G5,0
C6SZY0,I1LWZ0,0
I1LDA7,I1LG13,0
K7MST2,I1JYT2,0
I1MJ97,I1KAR1,0
I1J8W9,K7MNN5,0
I1J7S6,A0A0R4J384,0
I1KHL4,I1N780,0
C6T4Z6,I1MK72,0
I1NDC0,A0A0R0H141,0
C6TBN8,A0A0R4J426,0
I1KV60,C6T4V3,0
A0A0R0FJF0,I1N5D5,0
C6TG81,C6T5R4,0
I1LPI3,C6TNW3,0
I1K3P0,A0A0R0GPH9,0
K7MMF4,K7M592,0
C6TAW8,A0A0R0K7U0,0
A0A0R0EU45,A0A0R0GFH3,0
I1LJ93,I1MLF1,0
I1NCS8,K7M466,0
I1LA00,C6TK73,0
A0A368UHM1,K7MM40,0
I1NC77,C6T5R4,0
A5Z2K3,I1NCV4,0
I1NBE9,A0A0R0JJI0,0
I1JUR7,A0A0R0F214,0
A0A0R0GBL8,I1JD36,0
I1JUJ6,K7LQV0,0
K7KP66,I1K3X9,0
I1KXI7,C6T0A0,0
I1K3U2,A0A0R0FB78,0
K7MCD1,I1LL05,0
A0A0R0F077,I1KAD1,0
I1NIJ9,I1MPJ4,0
A0A0R0G2B9,I1MRP6,0
A0A0R0J7Q5,I1JMH3,0
C6TL77,A0A0R0GPH9,0
I1KQP3,P17093,0
K7L240,I1KZK2,0
I1MSC6,K7MFE5,0
I1KYS6,I1JV03,0
K7LZZ5,A0A0R0JBL2,0
K7MH53,K7M6J1,0
I1KQP3,A0A0R0GFM7,0
I1N0I7,K7LHS7,0
A0A0R0KNS7,C6TJM4,0
I1J5U5,A0A0R0IF42,0
I1MTX9,I1LPJ8,0
A0A0R0H296,K7L6K2,0
I1K725,I1N761,0
I1M6L1,A0A0R0KWT5,0
I1KGZ6,K7KES1,0
I1L8S1,K7M846,0
I1KR80,I1NAF6,0
A0A0R4J3R4,C6SZQ0,0
I1MYX8,I1NC50,0
I1MP46,A0A0R0JJI0,0
I1J870,K7M6Z2,0
I1KGU0,Q2PMR3,0
I1MBM5,I1KUB2,0
I1M273,I1LHS8,0
I1KS88,C6SYW6,0
I1JRL7,K7M466,0
A0A0R0KCY1,K7M846,0
C6TFR5,C6TJM4,0
I1LMQ5,I1K146,0
I1M757,I1MRP6,0
I1N8M4,I1LG13,0
I1N056,I1LIU7,0
A0A0R0KR16,I1K1W8,0
I1KRF9,K7L2R0,0
O48548,I1L171,0
I1N439,K7LY43,0
I1LPZ3,I1JHJ0,0
K7MMR4,C6TFX5,0
I1JR41,I1LH18,0
I1L0M6,I1KJF2,0
C6T083,I1J547,0
A0A0R0EWX9,I1N7F4,0
I1N8P5,A0A0R0KE62,0
C6T883,I1JM18,0
I1KQC7,K7M864,0
A0A0R0KXY9,I1LHS8,0
K7MRX6,A0A0R0FGT9,0
K7N5D4,I1LPW2,0
I1KS88,I1JFW6,0
I1NFU9,I1K115,0
I1M757,K7LTR0,0
I1M717,I1KAR1,0
C6SVB5,A0A0R0GFL3,0
I1KUT8,K7MXE0,0
I1K096,A0A0R0KE62,0
A0A0R0H9H8,A0A0R0GWH6,0
I1MNV4,K7L7W0,0
I1JXQ3,A0A0R0FJR0,0
A0A0R0GBL8,A0A0R0KPE1,0
A0A0R0LB39,A0A0R0EJV2,0
I1JI73,I1LIU7,0
C6SYR1,I1LLS8,0
C6SVV7,K7N1T9,0
I1L3P6,C6SYW6,0
I1JMT0,I1NAF6,0
K7N3F6,A0A0R0JQJ0,0
C6SZL0,I1K3X9,0
I1KBM7,I1NCV4,0
A0A0R0HHZ3,I1KHJ4,0
I1LJ94,C6TGA9,0
I1KQE2,K7L6K2,0
I1N0I7,K7KTS8,0
I1N1X8,I1N5D5,0
K7KTT9,A0A0R0JJI0,0
I1M3Q3,K7KW44,0
I1LPZ3,I1M1D5,0
I1J4E1,I1M1D5,0
C6SVV7,I1N780,0
A0A0R0GYG1,A0A0R0GBB6,0
I1J8V4,A0A0R0HSA0,0
Q2TFP1,A0A0R0EUJ0,0
A0A0R0L098,C6SZG1,0
A0A0R0HN81,I1NIE5,0
I1K5L7,A0A0R0GFL3,0
K7M787,I1N780,0
I1MBA2,I1K1W8,0
I1K8N0,I1JMZ7,0
C6TKG0,I1NCV4,0
I1M7C1,I1KEC8,0
I1MY33,A0A0R0KWT5,0
I1LJI8,K7LSG2,0
I1LFW0,I1JRU7,0
A0A0R0KCV3,I1K4R8,0
C6SY25,I1KCY5,0
I1JDR2,K7KES3,0
A0A0R0FYN8,K7LHS7,0
I1KLE1,A0A0R4J2Q5,0
I1JDP3,I1MVC6,0
I1N1V6,A0A0R0JYX3,0
C6TAW8,I1LII4,0
I1LRH8,I1MQC8,0
I1JUI1,K7L6N7,0
I1N0U4,A0A0R0FX75,0
C6TKL8,I1KUB2,0
I1N1X8,I1JK31,0
I1KYD6,A0A0R0JJI0,0
K7KIU3,I1MW74,0
C6TBJ1,I1LH18,0
A0A0R0L2U1,I1L9K4,0
I1JUT9,I1LWZ0,0
I1LHR1,K7LY43,0
A0A0R0JYY8,A0A0R0ESZ8,0
I1MHH7,K7KWE4,0
I1JNK6,I1MGG7,0
I1NH98,A0A0R0IR73,0
I1MC39,K7L9M2,0
I1NCS8,I1JB64,0
A0A0R0EI44,C6T5R4,0
I1KUT8,I1KSD0,0
I1J5B0,I1K642,0
C6T2Y4,K7M466,0
C6TBJ1,K7KVK2,0
I1L8G3,I1N5D5,0
I1MK96,I1JRU7,0
I1MY33,K7K894,0
A0A0R4J3Y6,K7KW44,0
I1L524,I1NC50,0
I1MDC4,K7MYK9,0
I1JV48,I1MEQ6,0
I1LUF0,K7LY43,0
K7MWR1,I1NCV4,0
K7LA18,I1LEC4,0
I1LFW0,K7MNP5,0
A0A0R0K6F4,A0A0R0IZY4,0
I1KQE2,I1LH18,0
I1L250,A0A0R4J488,0
C6SY99,C6TIQ7,0
A0A0R0KH89,I1MTV9,0
C6TKC3,K7N0V8,0
I1K5H2,K7L2R0,0
I1N7K6,I1LR48,0
I1JBJ2,I1KAD1,0
C6SXM9,A0A0R0IR73,0
I1M3U2,I1K5B6,0
I1JCY0,I1K4R8,0
K7L3K3,I1K5K7,0
A0A0R0G5V6,I1M277,0
C6SZL0,K7M9T4,0
I1LCX3,K7M4E0,0
C6TEP1,I1MPJ4,0
I1JT85,I1JD07,0
A0A0R0H7N0,I1K115,0
C6SY99,C6TJ17,0
I1J8W9,A0A0R0K0K3,0
I1KCB7,A0A0R0JT51,0
I1L8L5,C6SX83,0
K7KGC2,A0A0R0KWT5,0
K7N0X7,I1NAJ5,0
I1MM89,C6TK73,0
A0A0R0JS60,C6T2G5,0
I1MHA4,Q2PMR3,0
I1MM64,A0A0R0KWT5,0
A0A0R0IHF9,A0A0R0KE62,0
I1MLZ0,I1MTV9,0
C6TGR3,C6SYW6,0
A0A0R0H296,I1JV03,0
I1LPD3,I1NC50,0
C6T2H2,A0A0R0KWT5,0
I1NF54,A0A0R0JSJ9,0
A0A0R0G342,I1LHS8,0
I1J9J7,A0A0R0EKI7,0
I1KKD9,I1N8M8,0
K7M5T0,K7M6Z2,0
I1N1X8,I1LWZ0,0
I1LJW2,I1MZV4,0
I1KBQ5,I1NAF6,0
A0A0R0ERF9,K7L9M2,0
K7KNJ6,I1J4B5,0
I1NJ79,K7MM40,0
C6T2H2,I1M1W3,0
A0A0R0GZZ6,A0A0R0JJI0,0
K7N5D4,I1MQC8,0
C6SZ22,A0A0R4J2Q5,0
I1MTX9,I1MLF1,0
I1KU09,K7MQG6,0
P46279,I1LPK5,0
I1LVX2,K7MFZ6,0
I1KR80,K7M849,0
I1JIJ4,A0A0R0L4P0,0
I1KCX1,I1MVC6,0
K7KGC2,I1MZV0,0
A0A0R0L4N1,I1MPJ4,0
I1L0M6,I1LIT1,0
I1JMZ3,A0A0R0JQJ0,0
I1L8G3,C6TD23,0
A0A0R0L8Y1,I1NG45,0
I1K0C4,I1ML11,0
I1LLA9,K7N5K2,0
A0A0R0LFT0,K7KQZ8,0
I1LDY7,I1LH27,0
K7MXS9,I1NCV4,0
Q2PMS6,A0A0R4J4H3,0
I1L5H8,A0A0R0JJI0,0
I1LHR1,I1M3W1,0
K7M097,I1K970,0
I1JE83,K7KES3,0
I1LPI3,I1KFL5,0
I1KR80,K7LTB2,0
I1KPQ8,I1JB64,0
A0A0R0INQ5,I1JC65,0
I1MTZ8,K7K4C7,0
C6TNX5,I1LUE0,0
Q2PMT2,K7KK86,0
K7MGK0,I1JD52,0
I1JMZ3,I1K5B6,0
A0A368UJ64,I1NJ53,0
P46279,I1M1D5,0
I1KZW4,K7MM40,0
C6T883,I1K5K7,0
I1MNE4,I1N8M8,0
I1L6W0,K7M6Z2,0
C6SWI3,I1JYT2,0
I1JUJ8,I1KJF2,0
I1K328,I1KYL4,0
C6T3G1,I1J8C9,0
I1L1L2,K7M9T4,0
I1LPJ3,I1L7G4,0
A0A0R0L098,I1LWZ0,0
A0A0R0HXE9,C6TJM4,0
I1N1V6,A0A0R0K7U0,0
I1LIM0,I1NAF6,0
I1L524,I1NIE5,0
I1N0R5,C6T0A0,0
I1K9B8,I1JD07,0
I1LKQ4,C6SW04,0
K7KLF0,K7LK09,0
I1MSD9,K7KNC5,0
I1MHH7,A0A0R0GJV8,0
I1M7V7,I1JYT2,0
I1KPT1,C6SZG1,0
A0A0R4J2N2,A0A0R0GG06,0
I1LFW0,K7MM40,0
I1JAG0,I1JB64,0
I1LFQ4,K7MRF5,0
I1JR41,I1L171,0
I1MQB5,I1MJJ9,0
I1JYG6,A0A0R4J2Y1,0
A0A0R0IGP2,I1KZ09,0
K7KDM1,A0A0R4J4D0,0
I1M273,I1MVC6,0
I1MVG5,I1MJJ9,0
C6T426,I1JV03,0
A0A0R0L2U1,I1L2H4,0
I1M4P0,K7LIE3,0
A0A0R4J3R4,A0A0R0JJK0,0
I1K5H2,K7L7W0,0
A0A0R0EI44,A0A0R0IT62,0
I1LIR4,A0A0R0GBB6,0
C6T4Z6,I1MW51,0
I1MVG5,K7L6K2,0
I1L6W0,I1N780,0
A0A0R0H7N0,A0A0R0FM97,0
I1L653,I1KPE7,0
C6TK75,I1K1W8,0
I1KXG2,I1KM19,0
I1J9J7,I1L171,0
K7L9V3,K7MNP5,0
I1MXT2,I1K215,0
I1LUL7,A0A0R0EJV2,0
I1L215,K7MGQ2,0
A0A0R0JKU3,A0A0R0JQJ0,0
I1JT85,I1LHS8,0
A0A0R0FX70,K7L2R0,0
I1KJ56,K7KH93,0
C6SWI9,I1J8C9,0
I1KGI6,A0A0R0KVY6,0
K7LWN2,I1MNU1,0
I1KCX1,A0A0R0JT51,0
A0A0R0EU45,K7M6R4,0
I1J5U5,K7MNP5,0
A0A0R0HSJ1,I1K5B6,0
I1KUT8,I1JD36,0
I1MBM5,I1JE09,0
K7LTQ1,K7L6N7,0
K7KEV0,I1JMK4,0
I1MUQ7,A0A0R0G7B5,0
I1N9S5,C6TNW3,0
I1L4B6,K7LHS7,0
I1K725,A0A0R0GAQ8,0
K7KKB2,I1LPJ8,0
A0A0R0KFE8,A0A0R0K7U0,0
A0A0R0H8M3,A0A0R0K7U0,0
K7LKS0,A0A0R0FTI5,0
A0A0R0FKK9,A0A0R0FZM4,0
C6TBQ2,A0A0R0HCS6,0
K7L240,K7N1L5,0
A0A0R0GNH6,K7L6K2,0
I1K620,I1JV03,0
A0A0R0I8Z5,A0A0R0KVY6,0
I1K725,A0A0R0EWR2,0
K7KE09,I1N5D5,0
C6SW69,A0A0R0FEN3,0
I1K650,A0A0R0L0E7,0
K7M2D8,C6TBL4,0
K7LIW2,K7N1T9,0
I1L215,K7MYK9,0
I1M5E2,I1M1D5,0
I1K2Z9,I1M1D5,0
A0A0R0ESI3,C6TJ17,0
I1JAG0,I1J547,0
C6T567,I1MNV2,0
I1KS88,A0A0R4J5K6,0
I1K096,C6SW04,0
I1KRF9,A0A0R0IF42,0
C6T2Y4,I1JYT2,0
A0A0R0HN81,K7MFZ6,0
C6SVH9,K7KW44,0
C6T530,A0A0R4J4D0,0
I1KJH7,C6TIK0,0
I1MHH7,I1K642,0
I1N8Q6,A1YZE0,0
C6TG81,A0A0R0JT51,0
K7L9V3,A0A0R4J2Q5,0
I1MEN1,I1MSN3,0
C6TG91,I1MW51,0
I1MSD9,I1M277,0
I1LZ09,I1L332,0
I1JU70,K7M864,0
I1KY58,A0A0R0E934,0
I1L1S1,C6SX83,0
I1JRL7,I1K3X9,0
I1JE83,I1K1W8,0
I1MVK7,K7MFE5,0
I1JUJ8,I1KPE7,0
I1K650,I1K6E7,0
I1L412,K7LLV5,0
I1MV96,K7K8Y9,0
K7LJF6,K7LK09,0
I1L412,K7M841,0
A0A0R0J2L9,I1MQC8,0
I1N8Q6,I1NCF8,0
A0A0R0H8M3,I1NCV4,0
I1LPD3,A0A0R0EDS9,0
I1K650,A0A0R0L7U5,0
I1JWF0,A0A0R4J4H3,0
K7M9K9,C6TIK0,0
Q2PMU2,I1LH18,0
I1JE93,A0A0R0GWH6,0
I1JAF7,I1LPJ8,0
I1LFW0,A0A0R0GPH9,0
I1JMT0,Q2PMR3,0
C6TC92,I1JRV0,0
I1JL13,C6TNW3,0
I1JRA0,I1N898,0
C6SXF5,I1JFW6,0
I1LGB1,I1MLF1,0
I1KTD4,K7L9M2,0
I1KDB2,K7MMD7,0
A0A0R0HXE9,K7LNG6,0
I1K7J4,A0A0R0H141,0
I1LUL7,I1LLS8,0
A0A0R0FEI0,I1KTI0,0
I1L412,I1LLK1,0
I1JR41,A0A0R0L0E7,0
I1J8V4,C6TK73,0
A0A0R0H8M3,A0A0R0EDS9,0
I1KTD4,A0A0R0FB78,0
A0A0R0G5V6,I1KUB2,0
I1LGQ1,I1MW74,0
A0A0R0L372,K7K8K7,0
I1JFF6,K7MTL2,0
I1KXI7,I1MGG7,0
C6SYE0,I1KUS2,0
I1JTW0,I1LIT1,0
C6T8L7,I1K5K7,0
I1KX98,K7MFZ6,0
K7KYE0,A0A0R0ENB3,0
I1LPC3,K7M841,0
I1MBM5,A0A0R0HCS6,0
I1KLE1,K7N1L5,0
C6SY81,I1KXK6,0
I1JIW3,K7M4E0,0
I1KUP5,K7MXE0,0
I1M0C2,C6SWS6,0
I1LKQ4,K7K894,0
C6T8R7,I1N8M8,0
A0A0R0G5V6,K7LSJ2,0
I1K620,K7MFZ6,0
A0A0R0KTM7,I1M1D5,0
I1MNV4,A0A0R0GAQ8,0
K7K1Z2,I1L171,0
A0A0R0FNV7,K7M6J1,0
I1KTL9,K7MNP5,0
I1K650,K7L6N7,0
I1KQ68,I1MF50,0
I1M3Q8,A0A0R0GFH3,0
I1LY25,K7L2R0,0
I1NIE7,K7KWE4,0
I1JKS2,A0A0R0IR73,0
I1LMQ5,K7M9T4,0
I1NGQ5,K7MNP5,0
K7K794,A0A0R0FB78,0
C6TAF0,I1LLS4,0
Q2PMS6,I1KD82,0
C6TG99,K7KW44,0
I1MVK7,A0A0R0GFM7,0
I1KH45,I1JD52,0
C6TLT3,K7M6J1,0
A0A0R0JG07,A0A0R0GUR9,0
C6T8R7,I1NAJ5,0
I1M0N9,K7KFY5,0
I1MBR7,I1JD07,0
C6T1E6,C6TD23,0
I1LIM0,K7L6K2,0
A0A0R0L8Y1,I1JMK4,0
I1JP52,C6SWS6,0
K7L8H2,I1ML11,0
I1N4X7,K7LLV5,0
I1KQG0,I1M998,0
I1JWF0,K7LIE3,0
I1LVX2,I1L2H4,0
A0A0R4J389,Q2PMR3,0
C6T3I8,I1JUQ0,0
A0A0R0EWX9,A0A0R0EUJ0,0
A0A0R0FNV7,A0A0R0ENB3,0
I1KRF9,I1JRV0,0
K7MST2,I1KZ09,0
A0A0R0H296,K7LQV0,0
K7MGK0,A0A0R4J5B7,0
I1JQR6,A0A0R0K0K3,0
C6TKB2,I1MSN3,0
K7K2H1,A0A0R0GFM7,0
I1L5Z7,I1L7G4,0
A0A0R4J3Y6,K7N1L5,0
K7MPL4,C6SW04,0
I1MBW8,I1N898,0
I1L8L5,K7MYK9,0
A0A0R0GYG1,A0A0R4J384,0
I1LGI1,K7MTL2,0
I1KYD6,K7MTL2,0
I1K8N0,I1LIA8,0
I1KBQ5,K7L2D7,0
I1LHY4,K7KAB4,0
I1L215,C6SX83,0
Q2PMU2,A0A0R0KE62,0
A0A0R0GC27,A0A0R0KE62,0
A0A0R0KR16,A0A0R0ENB3,0
I1JKP1,A0A0R0FJR0,0
A0A0R0FQN0,I1L7G4,0
I1LZW4,K7N1L5,0
K7MNC0,I1NJ53,0
I1MNK0,K7KAB4,0
C6T2L5,I1LPW2,0
I1MLH9,K7L6K2,0
K7KIU3,I1MK72,0
I1NDG6,A0A0R0H141,0
I1MC26,K7KAB4,0
I1KZW4,I1MRI5,0
I1KH45,K7K318,0
I1LZM7,I1MRP6,0
I1LH11,I1LM96,0
I1JYG7,A0A0R0GFM7,0
I1M9T4,C6TK73,0
I1JML1,K7KFY5,0
I1LXH0,K7KWE4,0
I1NBQ2,K7K318,0
A0A0R4J2N2,A0A0R0H141,0
I1JYG7,I1M998,0
A0A0R0EU45,I1NJ53,0
I1MNE4,K7LSG2,0
I1LR08,I1KZY8,0
I1M0C2,C6TD23,0
I1MWP7,A0A0R4J488,0
K7MS88,C6TGA9,0
I1KJ56,K7LTR0,0
I1JE83,I1NCV4,0
A0A0R0GE84,A0A0R0FEN3,0
A0A0R0I0B9,K7KNC5,0
I1KYD6,A0A0R0JRI8,0
K7MXD1,I1LLS4,0
I1KMS4,A0A0R0GAQ8,0
I1KHL6,A0A0R0GWH6,0
C6SYA3,Q2PMR3,0
A0A0R0EU45,C6SW04,0
A0A0R0GZZ6,C6SYE1,0
K7LW22,K7MGQ2,0
C5NTE7,A0A0R0FTI5,0
A0A0R0I0B9,I1LG13,0
I1KRD4,I1MC28,0
K7N5D4,I1KVC1,0
I1JNB0,I1M3W1,0
I1JAG0,A0A0R4J4D0,0
I1LCX3,I1LXQ3,0
C6SVH9,I1MRP6,0
I1JP52,Q43463,0
I1JU70,K7KWE4,0
I1LAR7,I1K2I1,0
I1K650,I1MPJ4,0
I1KBB6,K7L6K2,0
K7MCH3,K7LHS7,0
A0A0R0G342,K7L9M2,0
I1MBM5,C6T0A0,0
I1JKS2,A0A0R0FJR0,0
I1JG98,K7LSJ2,0
I1L690,A0A0R0K0K3,0
I1M4P0,I1LLK1,0
K7KDA5,I1KM19,0
I1LVX2,K7M6R4,0
I1JFS9,I1KM19,0
K7LRU2,C6SZQ0,0
I1JZC3,A0A0R4J5C5,0
I1LR08,I1LII4,0
C6T2Y4,K7M592,0
I1KQE2,I1L3P5,0
K7M787,I1K5B6,0
I1MK96,C6SYE1,0
I1MYV4,I1M1D5,0
I1KZJ7,A0A0R0IT62,0
I1N0U4,K7M6I1,0
I1LFQ4,A0A0R0HV63,0
I1KMP8,A0A0R0HV63,0
I1LDA7,K7M466,0
K7KPJ4,I1LH27,0
I1N5E8,I1N780,0
Q2PMQ9,I1K4R8,0
C6SYR1,K7K4C7,0
C6SWZ1,I1N8M8,0
I1M100,I1KZK2,0
A0A0R0EJE2,I1JVX3,0
I1MXT2,K7L939,0
I1N0I7,I1JC65,0
K7MGK0,I1MQC8,0
I1LR08,I1K4R8,0
C6T9S5,K7KK86,0
I1LP18,I1M277,0
I1JTW0,I1M225,0
C6TD73,K7K8Y9,0
C6SVF8,I1LVN3,0
A0A0R0IGP2,I1L2H4,0
I1NBC2,I1K2I1,0
A0A0R0KTM7,A0A0R0JSJ9,0
C6TNX5,C6TJ17,0
A0A0R0J7Q5,A0A0R0L4P0,0
I1M9F7,I1JMK4,0
I1LYU9,I1LII4,0
I1MSD9,K7MYK9,0
I1MUN3,I1L332,0
I1N9I5,K7MM40,0
I1JCY0,I1JFW6,0
I1MUQ7,I1K1W8,0
I1JT28,I1MNU2,0
I1NBQ2,I1K642,0
C6T4Z6,I1KJD2,0
I1LYQ9,I1N8M8,0
I1KD09,I1LHS8,0
A0A0R0GZZ6,I1KJF2,0
K7KKB2,I1JVX3,0
I1K9P1,I1KSL6,0
C6T2Z2,I1LL05,0
I1LIS4,I1KPE7,0
A0A0R4J2K3,M1FN34,0
K7LEG0,C6TGA9,0
I1L8G3,I1M3W1,0
I1JDP3,I1ML11,0
I1J6B5,A0A0R0GBB6,0
I1J7A8,I1L2H4,0
K7KEV0,K7N1T9,0
I1NHI4,K7MTL2,0
I1N8Y6,I1KJD2,0
I1KBB6,I1LLS4,0
C6SY25,I1N761,0
C6TLT3,I1JM18,0
A0A0R0EU45,K7MTL2,0
K7L1B9,A0A0R0GS25,0
I1NFU9,I1K2I1,0
I1J9W0,A0A0R4J384,0
I1KRD4,K7MFZ6,0
I1K7N0,K7MTL2,0
I1MIE5,I1JV03,0
I1L478,K7N1T9,0
I1KB25,K7KJB2,0
K7MMR4,A0A0R0HV63,0
I1MC39,I1MZV0,0
C6TBQ2,I1LPK5,0
I1KLS4,Q43463,0
K7K8U8,I1MPJ4,0
I1JY67,I1L3P5,0
I1L8H7,I1LH18,0
K7MXD1,K7L6K2,0
I1JT28,I1LUL2,0
K7MGQ3,I1J9I1,0
I1L1N3,C6TK73,0
I1LMP2,I1M5B6,0
A0A0R0FJF0,I1KYL4,0
C6SY99,A0A0R0L828,0
I1LJA4,A0A0R0HSH0,0
I1L219,K7KFY5,0
I1MFH3,A0A0R0H141,0
K7N5D4,I1LLS8,0
A0A0R0H9H8,I1KUB2,0
I1MIE5,I1JB64,0
I1LUF0,A0A0R0FZM4,0
C6T0E4,I1KZY8,0
I1KJ98,K7KES1,0
I1J7A8,A0A0R0HSH0,0
C6SWM1,A0A0R0KE62,0
P09755,K7L6K2,0
K7KIU3,A0A0R0G7B5,0
I1NHQ1,I1K642,0
I1JE38,K7N1T9,0
I1N6N9,I1K4R8,0
A0A0R4J3R4,C6T4V3,0
C6SW43,I1MJJ9,0
K7KZ42,I1NAJ5,0
A0A0R0L7S1,I1KAR1,0
I1JMZ3,A0A0R0JYX3,0
I1JW64,I1KCY5,0
K7MXD1,A0A0R0JRI8,0
I1N8Q6,K7MC85,0
K7LRU2,I1LWZ0,0
I1KQB9,I1K3X9,0
K7MZ38,I1K3X9,0
I1JT85,C6TD23,0
C6SY81,I1KUS2,0
I1JE38,A0A0R0JBL2,0
I1JUR7,I1KMS8,0
I1LUI7,A0A0R0GPH9,0
I1L8H7,K7N1T9,0
I1KQG7,K7M846,0
C6T7N2,I1MGG7,0
K7M1G4,C6SYW6,0
I1LRH8,I1KMS8,0
C5NTE7,I1KAR1,0
A0A0R0FNV7,K7K4C7,0
I1KBM7,I1LW00,0
I1NHI4,K7KK74,0
A0A0R0L7S1,A0A0R0GPH9,0
K7MD28,A0A0R0GBB6,0
K7KNJ6,I1LM96,0
I1NIJ9,K7KFY5,0
I1MVK7,K7N145,0
A0A0R0KXY9,I1LEC4,0
I1KCH6,I1LR48,0
I1K3P0,K7LLV5,0
K7MMR4,I1KSL6,0
I1J4E1,I1M269,0
C6TC92,A0A0R0HV63,0
Q2PMU0,I1KD82,0
I1L3P6,A0A0R0K6I2,0
I1JQR6,A0A0R0KWT5,0
I1JIP5,A0A0R0FTI5,0
A0A0R0KNE1,A0A0R0FGT9,0
A0A0R0LB39,I1KD82,0
K7MXS9,I1N5D5,0
K7K1Z2,I1N5D5,0
A0A0R0L2U1,I1KCY5,0
I1KHY2,O22518,0
K7KP66,I1MLJ0,0
I1LJ93,K7LK09,0
C6TLV6,K7M846,0
I1N954,I1KZ09,0
A0A0R0JZD5,A0A0R0EKI7,0
I1JTE4,A0A0R4J2Q5,0
I1L478,I1JE09,0
I1LDU4,I1K467,0
C6T426,I1K146,0
I1KXI7,A0A0R0FGT9,0
A0A0R0G6V6,A0A0R0IF42,0
I1NJ79,I1K1W8,0
I1LC20,K7K4C7,0
Q2PMQ9,I1NCV4,0
I1NF54,A0A0R4J384,0
K7M5T0,C6TGZ1,0
I1LGB7,K7L2D7,0
I1LYQ9,I1J547,0
I1NGL5,K7MNN5,0
I1JT28,P62302,0
I1L6W0,I1MRP6,0
I1K620,K7L2D7,0
I1N9E1,K7MNN5,0
A0A0R4J2K3,I1KLS1,0
I1K328,A0A0R0EUJ0,0
I1J6B5,A0A0R0JSJ9,0
I1MHS1,K7KVK2,0
C6SZ22,K7LHS7,0
I1MP46,I1K1W8,0
A0A0R0F7J9,A0A0R0IZY4,0
C6SZM2,I1LEC4,0
K7KE09,I1LH27,0
I1KBM7,K7KK74,0
I1KV60,K7LHS7,0
I1KUT8,I1J4B5,0
C6T567,A0A0R0JRI8,0
I1MHS1,C6SW04,0
A0A0R0KNS7,K7M6Z2,0
I1LPJ3,I1LXQ3,0
K7L240,K7M6Z2,0
I1N9E1,I1J8C9,0
I1KLS4,I1JM18,0
I1JCY0,I1LIT1,0
I1KR80,I1M277,0
I1N056,A0A0R0GFH3,0
K7MI53,I1JMZ7,0
I1N5E8,C6TBL4,0
K7KP67,K7M6R4,0
I1M3U2,A0A0R0G7B5,0
P09755,I1MEF5,0
A0A0R0G2B9,I1LII4,0
I1MM64,I1N5D5,0
I1NHQ1,A0A0R4J4D0,0
K7MWR1,A0A0R0JT51,0
I1LHY4,I1N761,0
I1M2R5,A0A0R0EUJ0,0
C6TL77,I1N7F4,0
I1KDB2,K7N1L5,0
I1L478,I1K115,0
I1MK96,K7L2D7,0
C6T8R7,K7M466,0
C6SW69,C6SYW6,0
A0A0R0KFE8,I1M5B6,0
C6T5Z0,I1K115,0
I1MJ97,I1JMZ7,0
I1LUI7,K7N145,0
K7M4N3,K7MQG6,0
I1MLK3,A0A0R0EJV2,0
A0A0R0F077,I1LLS4,0
I1JW21,I1J9I1,0
I1MUQ7,A0A0R0FXD4,0
I1MK36,I1JMZ7,0
A0A368UHM1,C6TK73,0
C6SYF3,C6SZG1,0
C6TNL5,A0A0R4J4C3,0
C6SZY0,K7LQV0,0
A0A368UHC3,K7L939,0
A0A0R4J4C8,K7K4C7,0
I1JY87,K7L939,0
I1JQR6,K7LY43,0
C6T567,I1N898,0
A0A0R0FSY2,A0A0R0L0E7,0
I1KVS3,I1MNU2,0
A0A0R0F077,I1KYL4,0
I1KBL4,I1MRI5,0
K7LTQ1,A0A0R0JBL2,0
A0A0R0EWX9,A0A0R4J384,0
A0A368UH03,K7M6I1,0
M1FIU8,I1KLS1,0
A0A0R0KJP6,K7L939,0
K7KLF0,I1KVC1,0
I1KHL4,C6SZG1,0
I1KQG7,K7MXH5,0
K7LWN2,I1JFW6,0
I1JNB0,A0A0R0JBV0,0
K7L8H2,A0A0R0JYX3,0
I1L1N3,C6T0A0,0
I1K8C1,I1KUS2,0
I1K5K3,I1LWZ0,0
I1N1X8,C6TCH4,0
I1MNK0,I1LEC4,0
I1KYF8,I1MRI5,0
I1JUR7,I1JRU7,0
C6SXM9,K7M846,0
K7N0U1,I1K215,0
C6SXJ9,C6SYW6,0
I1KFI5,I1N898,0
I1M7C7,I1MRI5,0
I1JHN5,A0A0R4J4H3,0
I1LLA9,K7LIE3,0
I1K2Z9,K7KFY5,0
A0A0R0L372,I1MZV4,0
I1MZ47,A0A0R4J4D0,0
I1KAJ2,I1K5B6,0
C6SYA3,K7KAB4,0
I1JUI1,I1ML11,0
I1JXQ3,K7M846,0
I1J9W0,I1LUL2,0
C6TD73,K7LTR0,0
I1MQD0,I1KAR1,0
I1LUL7,I1JMK4,0
A0A0R0HIA6,A0A0R0IF42,0
I1L524,K7L4N7,0
I1MC39,C6T5R4,0
A0A0R0JYB5,A0A0R0L4P0,0
A0A0R0FQN0,K7MMD7,0
A0A0R0E907,I1LHS8,0
I1NGL5,I1LEC4,0
C6SYF3,I1L7G4,0
I1KP31,K7N1L5,0
P46279,C6SYE1,0
I1K5G1,I1M269,0
I1MU29,A0A0R0JYX3,0
I1KHY2,I1JV03,0
C6T2Y4,I1JFW6,0
I1MVE9,I1MZV0,0
A0A0R0I0B9,I1LII4,0
I1J7A8,A0A0R0JTV5,0
A0A0R4J3Y6,A0A0R0KVY6,0
P09755,K7N0V8,0
I1M9T4,I1NCF8,0
I1KHL4,C6TJM4,0
K7LEG0,C6TCH4,0
A0A0R0G6V6,Q43463,0
I1JNV3,C6T5U0,0
A5Z2K3,K7L7W0,0
A0A0R4J389,I1NC50,0
I1JVN0,I1NIE5,0
C6T883,K7MMD7,0
K7M097,A0A0R0IZY4,0
I1MC39,I1NCF6,0
A0A0R4J3R4,A0A0R0EG78,0
I1JW64,A0A0R0G7I0,0
I1K096,K7M846,0
K7MPL4,C6TN69,0
C6TFN5,I1K215,0
I1MHH7,A0A0R0HSH0,0
I1LIH7,I1MGG7,0
I1MT74,A0A0R0FB78,0
K7LUF9,A0A0R0L7U5,0
I1J8V4,C6TGZ1,0
C6TG99,I1MGG7,0
I1N8Q6,I1LFD2,0
I1L9A1,Q2PMR3,0
C6T7N2,I1LXQ3,0
I1MY33,I1KM19,0
I1KCN1,A0A0R0FTI5,0
K7LW22,A0A0R0JRI8,0
I1KUP5,K7K8Y9,0
K7N5D4,I1K3X9,0
I1KBQ5,K7L4N7,0
I1KPU4,I1LEC4,0
I1LZM7,K7KTS8,0
I1MDC4,C6T065,0
I1LZT5,I1JMK4,0
A0A0R0GJ85,A0A0R0FZM4,0
A0A0R4J3N1,I1LUE0,0
I1LJA4,I1ML11,0
I1KBQ5,I1MSN3,0
I1LCX3,C6T2G5,0
I1MBA2,I1LFD2,0
C6T7N2,I1KZK2,0
A0A0R0J7J3,I1MK72,0
I1LGI1,I1NAF6,0
I1KRZ2,I1JFW6,0
I1MRY0,I1KD82,0
C6T3G1,I1K4R8,0
I1N3M5,I1M1W3,0
I1KTD4,I1KUS2,0
A0A0R0JB42,I1KTI0,0
I1NGL5,I1MLJ0,0
A0A0R0GG96,I1MRI5,0
C6TD73,I1KZK2,0
I1K4U3,A0A0R0GFH3,0
I1MRY0,K7M6J1,0
I1LYQ9,C6TD23,0
K7N0U1,I1KJF2,0
I1JKS2,K7MXE0,0
C6T567,I1MW74,0
I1JNB0,I1L171,0
I1MVG5,I1LIT1,0
I1JW64,C6TJM4,0
I1JTW0,I1JYT2,0
I1MK96,A0A0R4J5C5,0
I1K5K3,K7L9M2,0
K7LUF9,P62302,0
I1MU29,C6SWS6,0
K7MMG1,A0A0R0IR73,0
K7LA18,A0A0R0EJV2,0
I1M3U2,I1L332,0
A0A0R0KCV3,A0A0R0FM97,0
A0A0R0KCV3,A0A0R0FEN3,0
A0A368UHC3,I1LXQ3,0
I1KAJ2,K7LSJ2,0
I1JL13,I1MZV4,0
I1K3U2,I1KJD2,0
I1MNE4,I1KEC8,0
A0A0R0K5X4,I1LM96,0
C6TD73,A0A0R0HSA0,0
I1NFU9,I1J8W6,0
I1KHJ6,I1LIU7,0
K7LJV1,A0A0R0FTI5,0
I1LPJ3,I1KZY8,0
K7KKB2,I1J547,0
K7N0X7,I1JV03,0
I1KQE2,K7KH93,0
A0A0R0G342,A0A0R0GJV8,0
I1KQB9,I1LG13,0
I1N0I7,C6SYE1,0
I1JQR6,K7KFY5,0
A0A0R4J389,I1J547,0
C6SVF8,I1N780,0
I1KTS9,I1KFL5,0
C6T0U3,A0A0R0JQJ0,0
A0A0R0GC27,A0A0R0KPE1,0
C6T3K0,K7KAB4,0
I1KQC7,A0A0R0GUR9,0
I1LRB0,K7K318,0
I1JWF0,A0A0R0F214,0
A0A0R0JS60,I1KEC8,0
A0A0R0GJ85,I1K467,0
I1JVP4,I1JD52,0
I1MYX8,A0A0R0EYS5,0
I1LMQ5,K7KVK2,0
K7KGC2,A0A0R4J4C5,0
I1JBJ2,A0A0R0L828,0
I1MWP7,K7M846,0
K7KGC2,Q2PMR3,0
I1KVS3,I1J4B5,0
A0A0R0G5A8,A0A0R0JYX3,0
I1JU70,I1LWZ0,0
I1LH11,I1K642,0
M1FIU8,A0A0R4J2Y1,0
I1NGL5,I1K467,0
A0A0R0EWX9,K7LTR0,0
K7LWI3,A0A0R0IR73,0
A0A368UHE3,A0A0R0JBV0,0
C6SWZ1,A0A0R0GBB6,0
I1MTH0,I1LXQ3,0
K7MXS9,I1LFD2,0
C6T9S5,I1LLS8,0
A0A0R0IAV3,I1JC65,0
C6SWD4,A0A0R0JRI8,0
I1KC19,I1M1D5,0
I1JY87,A0A0R4J5K6,0
K7MMR4,A0A0R0L4P0,0
I1MY72,C6TIQ7,0
I1MUQ7,I1L2H4,0
C6T507,A0A0R0GJV8,0
K7KGJ8,A0A0R0FXD4,0
I1LVX2,I1N898,0
I1K2Z9,I1KUS2,0
I1JT28,I1L7G4,0
A0A0R0GNH6,A0A0R0GFH3,0
I1KGI6,I1JV03,0
I1LJ93,I1LLK1,0
I1LYQ9,I1KZ09,0
H2D4C3,A0A0R0JJK0,0
I1KBB6,I1LHS8,0
A0A0R0KH89,A0A0R0GG06,0
I1N8Y6,A0A0R0ENB3,0
I1M7C7,I1LG13,0
A0A0R0G3G4,I1K2I1,0
A0A0R0HN81,C6SX83,0
A0A0R0FYN8,K7M466,0
I1LZW4,K7MNP5,0
I1J5B0,I1MQC8,0
I1N0W9,I1JAH7,0
I1LVX2,A0A0R0GAQ8,0
I1KBL4,A0A0R0FXD4,0
I1K5K3,I1JUQ6,0
I1N439,I1KH38,0
I1JUR7,K7K8Y9,0
K7LDR8,I1LPJ8,0
K7MZ38,K7M6J1,0
K7L240,A0A0R0ESZ8,0
K7LLK0,C6TNW3,0
I1JXQ3,I1JVX3,0
I1KLE1,C6TJ17,0
I1KQP3,K7K8Y9,0
K7KYY0,I1JD52,0
I1L3P6,K7KAB4,0
A0A0R0H7N0,A0A0R0GJV8,0
I1MGG3,I1MRP6,0
K7MGK0,C6SZG1,0
K7LWC5,I1MU00,0
I1JS66,K7LQV0,0
I1KYF8,I1MSN3,0
I1LMW7,I1JFW6,0
I1LXH0,I1KXK6,0
I1LBV2,I1LVN3,0
I1L690,I1MLF1,0
I1LGQ1,I1N7F4,0
A0A0R0FKK9,I1JV03,0
I1L0M6,A0A0R0JT51,0
I1KMP8,K7M6I1,0
I1NDC0,I1KLS1,0
I1LWR7,K7N5K2,0
K7KIU3,I1M1W3,0
C6TCW7,I1LM96,0
I1L4B6,K7K8Y9,0
K7KYY0,I1KQE3,0
I1KD09,I1L3P5,0
C6T968,K7L2R0,0
I1MK36,I1KFL5,0
C6SVF8,I1KTI0,0
A0A0R0KR16,A0A0R0EKI7,0
C6SWG4,K7LSJ2,0
I1KLE1,A0A0R0F214,0
A0A0R0KNS7,A0A0R0GFL3,0
I1JVU8,A0A0R4J488,0
I1M7C7,C6T5R4,0
K7L8H2,I1K467,0
I1KVS3,I1LFD2,0
I1N1X8,K7N5K2,0
C6TKZ4,C6SZ70,0
I1L8H7,K7LSG2,0
I1N8M4,A0A0R4J426,0
K7LKS0,A0A0R0L4P0,0
I1KUP5,I1KZK2,0
C6SVV7,I1JVX3,0
I1LYQ9,I1L171,0
I1M3V1,K7M6I1,0
I1MXT2,C6SW04,0
I1KTD4,K7M846,0
I1JVP4,K7M841,0
K7KE09,I1LG13,0
I1LJ94,A0A0R0JJI0,0
I1KR80,K7K8Y9,0
I1KJ56,I1K2I1,0
I1LP56,I1MLF1,0
I1K912,I1LFD2,0
A0A0R0F7J9,A0A0R0L5Q1,0
I1K5G1,Q43463,0
I1LPC3,I1MW51,0
K7M097,I1LLK1,0
C6TGR3,I1KZ09,0
I1KZI6,I1LLS4,0
K7KYY0,K7M841,0
I1N4X7,I1NCF6,0
I1LUL7,I1K146,0
I1MXT2,I1NJ53,0
I1MUQ7,A0A0R0GAQ8,0
A0A0R0HXE9,C6T5R4,0
I1KYD6,I1JE09,0
I1JS66,I1MNU2,0
I1MGB0,I1MK72,0
I1KPA1,I1JA95,0
I1L8H7,I1KFL5,0
I1LG61,I1K146,0
I1NH73,I1LII4,0
I1LHY4,I1KH38,0
I1JRA0,I1JMZ7,0
I1KBL4,I1N898,0
I1LDU4,I1LPJ8,0
A0A0R0KNE1,I1N780,0
I1MQB5,I1LR48,0
I1MKM3,A0A0R0F214,0
A0A0R0J7J3,K7MMD7,0
C6SYA3,K7MM40,0
I1KZI6,K7KFY5,0
C6SYQ2,I1L171,0
A0A0R0J7Q5,A0A0R0ENB3,0
I1LJI8,K7KQZ8,0
K7LWI3,A0A0R0K6I2,0
A0A368UHG0,A0A0R0JQJ0,0
I1MTX9,I1NCF6,0
I1LUL7,A0A0R0FER5,0
I1MXT2,M1FN34,0
K7MZP6,K7N5K2,0
I1J6B5,I1LGD6,0
A0A0R0F2G6,I1MRI5,0
I1N5E8,I1JA95,0
K7LSH9,I1LH18,0
I1KCN1,I1K2I1,0
I1L1N3,I1KJD2,0
K7MNC0,I1MW74,0
I1LPD3,I1LLK1,0
I1KU09,O22518,0
C6SY99,I1LUE0,0
C6SYF3,I1JAH7,0
A0A0R0EJE2,I1JUQ6,0
A0A0R0JB42,C6TNW3,0
A0A0R4J3N1,I1K6E7,0
A0A0R0HDM5,A0A0R4J488,0
I1L8G3,I1JVX3,0
A0A368UHG0,I1KZY8,0
I1LJW2,A0A0R0KE62,0
K7LXT7,I1KEC8,0
I1MY33,I1JD52,0
I1KPU4,M1FN34,0
K7L1D3,I1M1D5,0
I1LKQ4,K7KES1,0
I1M0N9,A0A0R0EDS9,0
I1KBL4,I1JD36,0
I1M3Q3,I1LH27,0
I1JAG0,K7M466,0
I1LWR7,A0A0R0JBV0,0
I1JHC2,I1NIE5,0
K7LWN2,C6TIK0,0
I1K3P0,I1JVX3,0
C6SYR1,I1NAJ5,0
I1MTH0,K7KWE4,0
C6TKB2,A0A0R0GS25,0
I1JYG7,A0A0R0FB78,0
I1JNB0,I1L332,0
I1LPZ2,K7M6Z2,0
I1JHC2,I1NAF6,0
C6SWI9,I1KCY5,0
A0A0R0EFE2,A0A0R4J488,0
I1MJM9,I1J8W6,0
I1KBM7,A0A0R0FEN3,0
K7KEV0,K7K8Y9,0
I1KBB6,K7N145,0
I1LD74,I1N761,0
I1LC01,K7LFD7,0
K7M5W5,K7MXH5,0
I1NFS4,K7MTL2,0
A0A0R0H296,I1JM18,0
K7MH53,I1NC50,0
K7K415,I1KUB2,0
I1JW64,I1J8W6,0
K7M5W5,A0A0R0L0E7,0
C6TKC3,I1JMH3,0
I1LJA4,K7L7W0,0
A0A0R0ET54,K7KQZ8,0
C6SVH9,A0A0R0GWH6,0
I1MWP7,K7MGQ2,0
I1N1V6,I1JMZ7,0
A0A0R0F7J9,C6SZQ0,0
I1LJ93,I1M3W1,0
I1KCN1,A0A0R0K0K3,0
A0A0R0K5X4,I1LH27,0
I1MKM3,K7LTB2,0
I1KGI6,K7LFD7,0
A0A0R0L2U1,A0A0R0HV63,0
I1L412,I1MEQ6,0
I1N5E8,I1MF50,0
I1JR41,I1J9I1,0
I1KBL4,A0A0R0JBL2,0
I1LPI3,A0A0R0HV63,0
I1N5E8,I1M3W1,0
C6TKG0,C6TJM4,0
I1NBE9,A0A0R0FX75,0
I1KLS4,K7LQV0,0
I1KPT1,I1JB64,0
C6TK75,I1KM19,0
O48901,K7MFE5,0
I1MFH3,I1NC50,0
I1JFN0,I1JE09,0
K7MGQ3,I1NJ53,0
I1KCH6,C6TJ17,0
I1JYG7,I1LPJ8,0
I1JIW3,A0A0R0JTV5,0
I1M3V1,I1KZY8,0
I1LQ02,I1N780,0
K7M787,I1NCF6,0
K7N0X7,I1MRI5,0
I1KRZ2,I1K2I1,0
C6TKB2,A0A0R0IF42,0
I1N8P5,P62302,0
I1JFF6,C6T065,0
A0A0R0GC27,I1KPE7,0
I1J7S6,I1LH27,0
C6TD73,K7MGQ2,0
A0A0R0F7J9,I1K642,0
C6SW69,C6TIK0,0
A0A0R0FJF0,C6SZQ0,0
K7LXT7,I1KFL5,0
A0A0R0K0L0,A0A0R0HCS6,0
I1LP56,I1NC50,0
K7KFV5,A0A0R0FM97,0
I1KCB7,I1KHJ4,0
I1N4X7,K7K4C7,0
I1MBM5,I1LIA8,0
A0A0R0L2U1,K7KAB4,0
Q2PMS6,I1KYL4,0
I1M6L1,I1KZK2,0
C6F117,I1K9J7,0
I1MK36,C6TIK0,0
A0A368UHE3,A0A0R0FX75,0
I1JUJ6,I1K3X9,0
I1LMP2,A0A0R0KWL0,0
I1JTW0,K7MM40,0
C6TG81,I1LVN3,0
I1NF54,I1L171,0
K7M4N3,A0A0R0F214,0
K7LWN2,I1KZY8,0
I1NBE9,I1JUQ0,0
K7LJF6,K7N129,0
C6T2Z2,A0A0R0IR73,0
I1NC77,A0A0R0EJV2,0
C6TNL5,P62302,0
I1KH45,K7LSJ2,0
A0A0R0I1I4,C6TCH4,0
A0A0R0K5D9,I1LWZ0,0
A0A0R0FSY2,C6T4V3,0
A0A0R4J2N2,I1MTV9,0
K7L9V3,I1KFL5,0
C6T883,I1JUQ6,0
I1L250,K7MMD7,0
I1LDY7,C6TD23,0
I1M9F7,A0A0R4J384,0
A0A0R4J3Y6,I1JD52,0
I1LMW7,A0A0R4J5B7,0
I1MY43,K7LCS7,0
C6SZM9,I1JVX3,0
I1NF12,I1LIU7,0
I1LYG4,A0A0R0KVY6,0
C6TEP1,A0A0R0EKI7,0
I1KV60,A0A0R0EWR2,0
A0A0R0IHF9,I1LGD6,0
K7MCD1,I1M5B6,0
I1MTZ8,I1LLS4,0
I1L219,K7M592,0
Q2PMQ9,C6T065,0
Q2PMQ9,I1LPW2,0
C6T4Z6,C6TJ17,0
I1LAR7,I1LHS8,0
C6SWI9,A0A0R4J5C5,0
I1KCN1,K7M592,0
C6SVH9,I1KJF2,0
C6TKW2,K7MXH5,0
A0A0R0F077,I1MVC6,0
I1LMQ5,I1MRP6,0
I1JP52,I1LPK5,0
I1MTZ8,K7LHS7,0
A0A0R0KCV3,K7L6K2,0
K7MD28,K7K894,0
I1KAJ2,A0A0R0FB78,0
I1NDC0,A0A0R4J4H3,0
I1MVE9,I1K215,0
I1JYG7,I1LW00,0
A0A0R0FX46,A0A0R4J2Q5,0
I1L6W0,K7MRF5,0
A0A0R0LA89,I1KUS2,0
K7M5W5,A0A0R0EWR2,0
I1LS70,I1LVN3,0
I1JNB0,C6SYW6,0
K7MWR1,I1KXK6,0
I1J5B0,I1JK31,0
I1LG61,K7LCS7,0
I1L1L2,I1LIT1,0
I1LUF0,A0A0R0HV63,0
A0A0R0L8Y1,C6TGZ1,0
K7MXS9,A0A0R0JRI8,0
K7LEG0,I1MZV0,0
I1JNV3,I1KLS1,0
C6SW69,A0A0R0JT51,0
A0A0R0JG07,A0A0R0JYX3,0
K7LTQ1,I1K3X9,0
I1KR80,K7LLV5,0
I1MYX8,K7KNC5,0
A0A0R0ERF9,I1MNV2,0
I1N0R5,K7MC85,0
A0A0R4J2W3,A0A0R0EYS5,0
I1LIK8,C6T2G5,0
C6SVB5,K7KWE4,0
I1LZM7,K7KWE4,0
I1KJ98,C6TJM4,0
K7N3F6,I1LFD2,0
K7KCG5,A0A0R4J4H3,0
I1LC20,A0A0R4J5C5,0
A0A0R0G5V6,A0A0R0KWT5,0
K7LEG0,A0A0R0GFH3,0
I1JIP5,A0A0R0IR73,0
C6T7N2,A0A0R0HV63,0
K7LJV1,Q2PMR3,0
Q2PMT2,C6SX83,0
I1KYS6,I1JD36,0
I1KQG7,K7N145,0
I1KLE1,I1KJF2,0
I1LYQ9,I1KTI0,0
C6SWA0,I1JFW6,0
A0A0R0L115,I1MZV0,0
A0A0R0L7S1,I1KPE7,0
C6T3G1,I1KAR1,0
C6TNX5,A0A0R4J2Y1,0
I1N9I5,A0A0R0K0K3,0
I1L219,I1KAR1,0
C6SZM9,K7K8K7,0
A0A0R0FEI0,I1L171,0
I1KFU0,A0A0R0KE62,0
Q2PMU0,K7KK86,0
K7LSH9,I1JAH7,0
C6TKB2,K7LFD7,0
I1K8C1,C6TJM4,0
I1J8V4,A0A0R0GFH3,0
I1NDG6,A0A0R0L0E7,0
I1MRS5,I1K115,0
I1JRL7,I1LPJ8,0
I1LZM7,K7L9M2,0
I1JT28,I1LM96,0
K7KIU3,I1JFW6,0
I1KDB2,I1KPE7,0
I1M3U2,I1K5K7,0
I1KGN6,K7N5K2,0
I1L4B6,I1LLS4,0
K7LWC5,I1ML11,0
I1MNU7,A0A0R0L0E7,0
K7KCG5,I1KQE3,0
C6T3K0,C6TGA9,0
C6SYR1,I1MPJ4,0
I1LWR7,C6TCH4,0
K7KEV0,I1LH18,0
K7KP67,K7L9M2,0
A0A0R0JES0,I1LL05,0
K7MZ38,A0A0R0EKI7,0
I1N4X7,I1LH18,0
C6SZY0,K7KVK2,0
K7MZ38,K7N0V8,0
C6SY81,I1M1W3,0
K7LGW1,I1L3P5,0
C6TBQ2,Q43463,0
I1J6B5,K7KW44,0
A0A0R0H9H8,I1JRV0,0
C6T3I8,I1L7G4,0
I1JAG0,K7K8K7,0
A0A0R0EU45,I1M1W3,0
I1MP46,A0A0R4J2Y1,0
I1KRF9,K7K8K7,0
I1LQ02,I1LY15,0
I1KJ56,I1LIT1,0
I1LM73,I1L9K4,0
I1K3P0,I1L171,0
K7LA18,A0A0R0FER5,0
I1KQE8,I1MTV9,0
C6SWG4,C6T2G5,0
I1M2R5,I1J547,0
K7L8H2,I1JAH7,0
A0A368UJ64,C6TIQ7,0
I1K628,I1M269,0
A0A0R0GE84,K7K894,0
A0A0R0JYY8,I1J8C9,0
I1L6W0,I1MZV0,0
I1KJ56,K7KQZ8,0
K7MZP6,K7N1L5,0
A0A0R0G6V6,I1KHJ4,0
C6SVB5,A0A0R0GS25,0
I1L0M6,K7L9M2,0
I1MLN7,K7LTB2,0
K7LRU2,A0A0R0K7U0,0
K7M9K9,A0A0R0FER5,0
I1MY72,K7MFE5,0
K7KY63,I1LLK1,0
K7LKS0,K7KES3,0
I1JMZ3,A0A0R0ENB3,0
I1LA00,I1L171,0
I1JFF6,A0A0R0GFH3,0
I1MT74,I1MW51,0
A0A0R0FX46,I1LGD6,0
I1JDP3,I1LY15,0
A0A0R0FNV7,A0A0R0IT62,0
C6T084,I1NCF8,0
I1J9W0,I1NCF8,0
C6TEP1,I1MEQ6,0
I1N954,I1MVC6,0
I1JVU8,K7LY43,0
I1MK96,K7K4C7,0
A0A0R0FX46,I1J8W6,0
K7MC09,I1KSL6,0
I1N1V6,A0A0R0GUR9,0
A0A0R0GYG1,A0A0R0K6I2,0
I1KRF9,I1M3W1,0
I1JDP3,P62302,0
I1LIM0,I1K215,0
I1KAJ2,A0A0R0EUJ0,0
I1MVK7,I1KMS8,0
A0A0R4J354,I1JUQ0,0
I1JDR2,K7MC85,0
I1M717,A0A0R0JQJ0,0
I1LXH0,K7KQZ8,0
I1K2U0,I1KAD1,0
C6T1P2,I1KLS1,0
K7M5W5,A0A0R0K7U0,0
C6F117,A0A0R0JYX3,0
I1J9J7,I1MQC8,0
I1MQB5,K7KJB2,0
A0A0R0GC27,C6TJM4,0
A0A0R0FNM4,K7M6I1,0
I1MNU7,I1K2I1,0
A0A0R0GE56,I1LGD6,0
I1JQR6,I1MJJ9,0
I1JZC3,I1KQE3,0
C6SZY0,I1JD07,0
K7L395,I1LLS8,0
I1LZW4,A0A0R0GPH9,0
I1KJW4,I1LVN3,0
I1LDY7,I1LIT1,0
K7LRU2,K7KJB2,0
A0A0R0I0B9,I1KEC8,0
A0A0R0KCY1,A0A0R0K0K3,0
C6T3K0,A0A0R0JJK0,0
I1MBW8,K7N1T9,0
K7KDX2,K7KJB2,0
I1KNN1,I1LM96,0
A0A368UHC3,I1ML11,0
I1N8Q6,A0A0R0IZY4,0
I1MV96,I1K146,0
K7KGC2,C6TCH4,0
A0A0R0G3G4,A0A0R0KVY6,0
I1K328,K7L939,0
I1JUT9,I1KAD1,0
C6T530,K7M4E0,0
K7K8U8,I1KD82,0
K7LLK0,K7LTB2,0
A0A0R0L098,I1MJJ9,0
I1JUJ8,I1MLJ0,0
C6F117,A0A0R0F214,0
A0A0R0JG07,I1JRV0,0
I1MLN7,I1M1W3,0
I1K620,I1L171,0
I1L0M6,C6T4V3,0
I1L8H7,A0A0R0HSA0,0
I1N954,A0A0R0GJV8,0
A0A0R0F2G6,I1NJ53,0
I1LRE4,Q2PMR3,0
A0A0R4J4C8,K7MYK9,0
I1JKS2,I1LPJ8,0
I1N0W9,I1KEC8,0
I1KPQ8,A0A0R0JJI0,0
C6T567,K7MNN5,0
A0A0R0IGP2,K7KJB2,0
K7MRX6,K7K318,0
I1JDP3,I1KZ09,0
K7LVE4,C6TD23,0
I1N0W9,A0A0R0KWT5,0
I1N6N9,I1M1D5,0
I1N7K6,K7KW44,0
C6TCW7,A0A0R0FZM4,0
A0A0R0GG96,K7M6R4,0
K7LJV1,K7KVK2,0
I1MRS5,Q2PMR3,0
K7N0X7,C6SYE1,0
I1M273,I1K115,0
I1LGQ1,I1MSN3,0
C6T868,I1LLK1,0
I1KMP8,I1JMK4,0
K7MMG1,C6SX83,0
A0A0R0FSY2,I1MC28,0
I1J4E1,K7MFZ6,0
K7MZ38,A0A0R0JQJ0,0
I1L5H8,I1LVN3,0
I1KGI6,I1K215,0
I1LC20,I1KZK2,0
I1L5Z7,A0A0R0JJI0,0
A0A0R0FX46,A0A0R0JYX3,0
K7K9E1,C6TK73,0
A0A0R0JKU3,A0A0R0FER5,0
I1LLA9,I1JRU7,0
K7LLK0,C6TCH4,0
K7MZ38,I1L171,0
I1N1X8,A0A0R0GFM7,0
I1JUR7,A0A0R0FB78,0
I1MNK0,I1K9J7,0
I1NGL5,A0A0R4J426,0
I1MQD0,C6TIQ7,0
I1MLH9,I1KAR1,0
C6SVH9,I1KM19,0
I1N439,I1LG13,0
I1LZM7,I1KAD1,0
C6SZL0,I1MW51,0
A0A0R0L4N1,K7MM40,0
I1MHS1,I1NCF8,0
I1N056,K7MNN5,0
K7KP67,K7N129,0
K7KZ42,A0A0R0GUR9,0
I1KXG2,I1K467,0
A0A0R0KTM7,C6T4V3,0
I1KRF9,A0A0R0JYX3,0
I1NF54,I1M225,0
I1M7V7,I1MEF5,0
I1LS70,A0A0R4J5K6,0
I1L8S1,I1LIU7,0
I1MVK7,I1LW00,0
K7L1B9,A0A0R0IT62,0
I1MLK3,I1K4R8,0
I1KX98,K7LHS7,0
A0A0R0GCF5,A0A0R0L7U5,0
I1M4P0,I1JUQ0,0
I1M2R5,A0A0R0FEN3,0
K7M5T0,I1MGG7,0
I1KS20,I1J8C9,0
K7LLK0,I1MVC6,0
I1LGB7,I1N780,0
C6TCW7,K7MRF5,0
I1KKD9,I1JRV0,0
I1MM89,A0A0R0KVY6,0
K7KLI7,I1KM19,0
I1M100,I1JK31,0
C6T507,A0A0R0L4P0,0
I1LWR7,I1JV03,0
C6TGR3,I1N761,0
A0A0R0KXY9,I1LLS4,0
A0A0R0H9H8,I1KYL4,0
C6TK75,I1K215,0
A0A0R4J354,I1LPW2,0
I1KD09,I1M998,0
I1JXQ3,K7LIE3,0
I1N0R5,C6TN69,0
A0A0R0FSY2,I1L9K4,0
I1JRL7,I1NCF6,0
I1JML1,A0A0R0GJV8,0
I1LPZ3,I1JA95,0
I1MP46,M1FN34,0
K7KYE0,K7M6Z2,0
I1MBA2,I1M277,0
I1K096,C6TCH4,0
C6T1E6,A0A0R0HSH0,0
K7K9E1,K7M4E0,0
K7MAP3,I1MSN3,0
A0A0R0JB42,I1MLF1,0
I1LGQ1,C6SZG1,0
K7KGJ8,K7N1T9,0
A0A0R0F7J9,I1K4R8,0
M1FIU8,K7LSJ2,0
I1MSC6,I1MVC6,0
K7LKS0,C6SYE1,0
I1K2J5,K7K4C7,0
I1JP52,A0A0R4J2Y1,0
A0A368UHE3,I1K970,0
A0A0R0FNM4,I1NC50,0
A0A0R0GG96,A0A0R0FM97,0
K7M2D8,I1LGD6,0
I1N0R5,I1LXQ3,0
A0A0R0GBL8,C6TCH4,0
I1KRF9,C6TJM4,0
I1MUN3,A0A0R0GG06,0
I1MKM3,C6T5U0,0
I1MIE5,I1K5K7,0
K7MAP3,K7KWE4,0
I1JE93,A0A0R0GBB6,0
A0A0R0KR16,K7K8K7,0
I1KJH7,I1KJF2,0
I1LIS4,A0A0R0HSA0,0
C6TLT3,I1NCF6,0
I1KR80,I1NCF8,0
I1K2Z9,P17093,0
I1N8Q6,I1JV03,0
I1NF54,A0A0R0JT51,0
K7MWR1,K7K894,0
I1JUI1,I1LEC4,0
I1K2U0,I1LXQ3,0
C6SYR1,I1K146,0
A0A0R0F7J9,K7K318,0
A0A0R0JS60,I1K215,0
I1M3V1,I1J8C9,0
K7MMR4,I1LPJ8,0
I1K628,A0A0R0JT51,0
I1L6W0,K7LFD7,0
I1MNV4,I1L7G4,0
I1J9W0,I1LIU7,0
I1L5Z7,I1M269,0
K7N0X7,K7KVK2,0
A0A0R0GG96,A0A0R0HSH0,0
I1K5K3,I1KH38,0
I1KXG2,K7L4N7,0
K7KDM1,I1J547,0
A0A0R0GNH6,A0A0R0FM97,0
I1KHL4,I1NCF8,0
I1J553,I1KSD0,0
A0A0R0L2U1,C6TJ17,0
I1LDA7,I1MQC8,0
C6TBQ2,K7N1L5,0
K7M097,C6SYE1,0
K7MNC0,A0A0R0JTV5,0
I1MYX8,A0A0R0GBB6,0
I1M7B9,K7LHS7,0
I1KV60,I1KSD0,0
K7M1G4,I1K4R8,0
K7MTC4,I1NAF6,0
O48901,A0A0R0GFM7,0
A0A0R0FQN0,I1LGD6,0
I1KGN6,A0A0R4J4D0,0
I1JDH6,A0A0R0FGT9,0
I1LA00,A0A0R0GUR9,0
I1K9B8,I1J547,0
I1K628,K7MM40,0
C6T567,A0A0R0JSJ9,0
I1MQB5,K7M9T4,0
A0A0R0H296,A0A0R0GAQ8,0
C6SWD4,I1M225,0
C6T3I8,I1M269,0
I1JUR7,K7M6I1,0
I1KBL4,I1MLJ0,0
C6TBQ2,A0A0R0ENB3,0
I1J5Q1,K7KK74,0
I1LPZ2,K7KES3,0
A0A0R0FJF0,I1K6E7,0
A0A0R0L115,I1MC28,0
I1M7C7,A0A0R0GBB6,0
I1MKM3,I1LLS8,0
C6T5Z0,A0A0R4J2Q5,0
I1L1L2,A0A0R0EJV2,0
I1N6N9,I1LII4,0
I1L1N3,I1NAF6,0
A0A0R0GE56,I1MNS7,0
I1JHC2,A0A0R0FER5,0
I1K3P0,A0A0R0FEN3,0
I1KJH7,K7K4C7,0
A0A368UJ64,I1KJF2,0
I1KRD4,I1N7F4,0
I1KQG0,A0A0R0HSA0,0
I1JKP1,K7L2R0,0
I1MKM3,K7KJB2,0
K7M5T0,I1LFD2,0
A0A0R0I1I4,I1MLF1,0
K7MZ38,A0A0R0IF42,0
I1LKU1,I1MNS7,0
I1LC20,C6SZG1,0
I1N439,A0A0R4J2Q5,0
A0A0R0GNH6,I1K467,0
A0A368UH03,I1MC28,0
A0A0R0GE56,I1LW00,0
A0A0R0H296,I1KEC8,0
C6SWG4,A0A0R0L5Q1,0
I1N0W9,A0A0R0JSJ9,0
I1M0N9,K7KW44,0
C6SZL0,A0A0R0KE62,0
I1KQE2,K7MXE0,0
I1LG61,A0A0R0K0K3,0
I1L1L2,I1JD36,0
A0A0R0L4N1,A0A0R0EG78,0
I1KAJ2,K7KQZ8,0
C6SWZ1,I1MNV2,0
C6T4Z6,C6SWS6,0
I1KEY6,I1MSN3,0
I1LIM0,K7M6R4,0
I1KGU0,A0A0R0FM97,0
A0A0R4J2W3,I1KSD0,0
H2D4C3,K7MMD7,0
I1LD74,I1K3X9,0
K7KE09,I1K6E7,0
K7MGQ3,A0A0R0L5Q1,0
I1K650,Q2PMR3,0
I1JQR6,I1K6E7,0
I1JS66,A0A0R0GS25,0
C6TLV6,A0A0R0EG78,0
K7M5I5,I1LY15,0
K7MPL4,I1LH18,0
K7LZZ5,A0A0R0FTI5,0
I1JVU8,C6T5U0,0
K7K794,I1JYT2,0
A0A0R0L2U1,K7M841,0
I1J870,I1JC65,0
I1MM89,A0A0R0EUJ0,0
I1N3M5,I1M998,0
K7KTT9,K7MFE5,0
I1J5U5,A0A0R0FTI5,0
C6TG91,C6SX83,0
K7KLF0,I1M277,0
A0A0R0E3E6,K7L2D7,0
P07506,I1JUQ0,0
I1JNV3,C6SWS6,0
C6TK75,K7M9T4,0
I1NIE7,I1KMS8,0
I1MWF0,I1KPE7,0
I1M757,C6T5R4,0
I1N4X7,A0A0R0L4P0,0
I1MUN3,I1LFD2,0
I1JFF6,I1KTI0,0
I1MSC6,C6TIQ7,0
I1N1X8,I1L2H4,0
K7L1D3,C6TJM4,0
I1M273,I1M998,0
C6SXP5,I1K2I1,0
I1J8V4,K7KNC5,0
K7M142,A0A0R0E934,0
M1FN39,K7M6R4,0
A0A0R0JYY8,K7KAB4,0
I1JW64,I1JMK4,0
I1KLS4,C6TFX5,0
K7N0X7,K7LQV0,0
I1LH11,I1JMZ7,0
C6SW43,A0A0R0HSH0,0
I1LRB0,I1K5B6,0
A0A0R0INQ5,I1MNV2,0
I1LGI1,A0A0R0JJI0,0
I1KQ68,I1LFD2,0
I1LIH7,K7N129,0
I1KJL3,A0A0R0GFM7,0
I1LXH0,I1MQC8,0
I1MVG5,I1LH18,0
C6TBJ1,A0A0R0KWT5,0
I1L1N3,C6SX83,0
C6T4Z6,I1K2I1,0
K7LGW1,I1JMH3,0
A0A0R0GZZ6,K7M846,0
A0A0R0FSY2,A0A0R0GS25,0
A0A0R0FEI0,K7K8Y9,0
K7K2H1,I1KFL5,0
I1NBQ2,I1N761,0
A0A0R0JS60,A0A0R0FM97,0
I1KHJ6,I1MZV0,0
I1LIH7,K7MNN5,0
I1L215,C6SZ70,0
I1N8P5,I1MPJ4,0
C6SYR1,A0A0R0EKI7,0
I1MZ32,I1JD07,0
I1MSC6,I1L3P5,0
I1L215,I1M3W1,0
I1KBQ5,A0A0R0GG06,0
K7LZZ5,I1MNU2,0
I1KUT8,K7M592,0
I1KZW4,I1MEQ6,0
I1K628,A0A0R0ESZ8,0
I1M7C7,I1K9J7,0
A0A0R0KCV3,K7LHS7,0
K7M1G4,I1K146,0
K7KEV0,I1MPJ4,0
C6T0U3,I1KZ09,0
C6TD73,A0A0R0GG06,0
I1M7B9,A0A0R4J5C5,0
I1KBQ5,I1LGD6,0
I1LPJ3,I1M3W1,0
I1MNE4,K7KAB4,0
I1LPI3,C6T065,0
I1K912,I1LLS4,0
I1JU70,C6T5R4,0
K7K3W5,I1LY15,0
I1JNK6,I1JRV0,0
I1M273,K7KES1,0
I1LA00,I1KEC8,0
C6T883,A0A0R4J4C5,0
A0A0R0F077,K7M6R4,0
I1NGD2,I1KJD2,0
K7MH53,A0A0R0FER5,0
I1LMQ5,K7M592,0
I1N056,I1MC28,0
I1KFI5,C6TJM4,0
I1M0C2,I1N761,0
K7LJF6,A0A0R0L7U5,0
A0A0R0FEI0,I1JRJ3,0
A0A0R0GC27,C6TBL4,0
I1LUF0,K7KW44,0
C6SYE0,K7LTR0,0
A0A0R0JES0,A0A0R0JSJ9,0
K7M787,I1LHS8,0
M1FIU8,I1LR48,0
C6T3K0,I1M269,0
I1LFW0,A0A0R0EKI7,0
C6T883,I1K115,0
I1LS70,A0A0R0L5Q1,0
K7LHR2,C6SZG1,0
A0A0R0H9H8,I1NAJ5,0
I1M3Q8,K7LNG6,0
I1KEG8,A0A0R0FB78,0
I1LMQ5,I1MRI5,0
A0A0R0FEN9,I1MPJ4,0
A0A0R0JZD5,I1MEF5,0
I1JS66,I1JUQ6,0
A0A0R0L098,M1FN34,0
I1MM64,I1JUQ0,0
I1JG98,M1FN34,0
I1N7K6,I1JAH7,0
C6TBJ1,K7KES1,0
A0A0R0HSJ1,I1LR48,0
I1LG61,I1LW00,0
A0A368UHM1,I1J9I1,0
I1JY87,I1LEC4,0
O48901,I1NCF6,0
C6TAW8,K7KTS8,0
I1M0S4,I1K3X9,0
K7KDM1,I1K970,0
I1KV60,A0A0R0GAQ8,0
I1KKD9,I1LPW2,0
I1N4X7,I1M998,0
C6T2Y4,K7KW44,0
K7K2H1,A0A0R0L4P0,0
I1JVN0,A0A0R0ESZ8,0
I1KHL4,K7M6R4,0
I1JYG7,C6TNW3,0
I1KEY6,A0A0R0E934,0
I1N3M5,I1LW00,0
A0A368UHG0,I1J4B5,0
I1K5H2,I1MNS7,0
A0A0R0JZD5,K7N1T9,0
I1N4X7,I1JK31,0
I1JW21,A0A0R0JBL2,0
I1L8L5,K7LTR0,0
A0A0R0KFE8,K7N0V8,0
I1KQG0,K7KWE4,0
A0A0R0EWX9,I1LPW2,0
I1K328,I1LLS8,0
C6SWA0,K7MFE5,0
K7LWN2,K7KWE4,0
I1LVX2,I1KPE7,0
A0A0R0L115,K7LTR0,0
I1LUI7,I1MLF1,0
I1LC01,I1JHJ0,0
K7LWN2,K7K318,0
I1KRD4,I1MW51,0
K7MD28,I1N8M8,0
I1LY25,A0A0R4J426,0
K7LIW2,I1LH27,0
I1MLZ0,A0A0R0FZM4,0
I1LAR7,I1M1W3,0
C6TKW2,I1LHS8,0
I1MGB0,I1MNU1,0
K7LQ96,K7KNC5,0
K7L8H2,A0A0R0GFL3,0
C6SZL0,I1N780,0
K7K3W5,K7M6R4,0
I1KIB3,A0A0R0HSA0,0
I1KBM7,A0A0R0H141,0
I1K3P0,I1MF50,0
A0A0R0K5D9,C6TN69,0
C6SZM2,I1KZ09,0
I1KH45,I1JRJ3,0
A0A0R0KNS7,K7KH93,0
C6TE07,I1JHJ0,0
A0A0R0EI44,A0A0R0EG78,0
A0A0R0HSJ1,C6TNW3,0
K7LA18,I1N7F4,0
C6TAW8,I1K467,0
I1KPQ8,K7KH93,0
C6TKG0,A0A0R0FB78,0
I1LM73,A0A0R0KWL0,0
K7LJF6,I1M1D5,0
A0A0R0IAV3,I1MJJ9,0
I1MFH3,I1LM96,0
I1MSD9,A0A0R0ESZ8,0
I1N954,K7M841,0
K7KIU3,K7MXE0,0
I1KQE8,K7K894,0
I1JML1,I1LG13,0
I1KJL3,K7KES1,0
K7LDR8,A0A0R4J4H3,0
I1K3U2,I1K5K7,0
K7N0U1,C6SYE1,0
I1L1S1,K7MM40,0
A0A0R0KJP6,A0A0R0GUR9,0
K7MNC0,K7KWE4,0
A0A368UHM1,I1JMH3,0
C6SZM2,A1YZE0,0
I1J9J7,A0A0R0GWH6,0
I1JYG6,I1KHJ4,0
H2D4C3,I1KAR1,0
C6SY25,A0A0R4J2Q5,0
I1JML1,K7MNP5,0
A0A0R0L7S1,A0A0R0L4P0,0
A0A0R0KCY1,I1MEF5,0
I1LH11,I1MF50,0
I1LRE4,K7KQZ8,0
I1M7C1,C6TJM4,0
I1N5E8,I1JK31,0
I1KVL0,A0A0R0L828,0
A0A0R0KJP6,A0A0R0GAQ8,0
K7KTT9,K7LLV5,0
A0A0R0KCY1,I1M1D5,0
I1LP18,K7KK74,0
I1KAJ2,I1MNV2,0
C6TBQ2,A0A0R0GBB6,0
C6SYF3,K7MXH5,0
H2D4C3,I1NAF6,0
I1K4U3,I1J8C9,0
I1MEF8,A0A0R4J4D0,0
I1LRB0,I1ML11,0
I1NBE9,I1KH38,0
I1K2U0,K7LQV0,0
I1LP56,I1J8C9,0
I1LRB0,I1KD82,0
I1K3P0,I1JA95,0
I1MM89,I1LLS8,0
I1N056,I1KHJ4,0
K7KTT9,K7LFD7,0
C6T0U3,I1JMK4,0
I1KBM7,I1K146,0
I1N0F1,K7MRF5,0
I1JFN0,I1MEQ6,0
K7KDM1,I1JD36,0
I1N6Z0,K7N1T9,0
I1KHJ6,I1M3W1,0
C6SZL0,A0A0R0FEN3,0
C6TFN5,I1MEQ6,0
K7M1G4,Q43463,0
I1LLA9,I1M269,0
K7MST2,I1JE09,0
I1KGZ6,K7KW44,0
I1N0U4,I1NCV4,0
A0A0R0HDM5,I1LG13,0
K7KDA5,A0A0R0EUJ0,0
I1KJH7,C6SW04,0
I1MBA2,I1NJ53,0
A0A0R0LFT0,A0A0R4J4C3,0
A0A0R0KR16,I1LHS8,0
K7MZP6,K7LY43,0
I1JKS2,I1K1W8,0
I1L8G3,I1K3X9,0
A0A0R4J3R4,A0A0R0ENB3,0
Q2PMT2,A0A0R0GG06,0
I1K2J5,C6SWS6,0
K7N0U1,A0A0R0HV63,0
I1J7A8,K7KQZ8,0
I1MP46,A0A0R0FZM4,0
K7MMG1,I1K115,0
I1MHH7,A0A0R0GWH6,0
I1JW64,K7M466,0
K7K1Z2,A0A0R0JJK0,0
K7KEV0,A0A0R0GUR9,0
I1K2Z9,A0A0R0HCS6,0
I1N1Y6,A0A0R0JJI0,0
A0A0R0L2U1,I1MQC8,0
I1JUI1,A0A0R0HCS6,0
I1L5H8,C6TCH4,0
K7KTT9,A0A0R0FER5,0
C6TEP1,K7K8Y9,0
A0A0R0GE56,K7M4E0,0
I1M3Q3,I1LPW2,0
K7LA18,K7M6J1,0
I1JDP3,K7KH93,0
I1JT28,I1L9K4,0
K7LKS0,K7MYK9,0
I1M757,A0A0R0EKI7,0
I1JL13,K7KVK2,0
I1KX98,K7L9M2,0
C6TMM7,K7LQV0,0
K7LSH9,K7N0V8,0
I1N0R5,I1NG45,0
I1MUC0,K7K8K7,0
K7MI53,K7LSJ2,0
K7LWI3,K7M849,0
A0A0R0K6F4,K7KES3,0
C6T7N2,I1LW00,0
A0A0R0HSV1,I1J8C9,0
K7L8H2,I1MPJ4,0
I1JVU8,I1KD82,0
I1JY87,I1JB64,0
A0A0R0G5V6,A0A0R0HV63,0
K7KDX2,K7K318,0
C6T7N2,K7N5K2,0
I1MY72,K7KJB2,0
I1KCX1,A0A0R4J4C3,0
C6T567,I1KM19,0
C6TK75,K7LK09,0
I1KQC7,I1KQE3,0
I1N7K6,K7MMD7,0
I1KS36,I1K6E7,0
C6SXM9,I1JHJ0,0
A0A0R0ET54,K7KWE4,0
K7MNC0,C6T4V3,0
I1NF54,K7M6Z2,0
I1MWF0,A0A0R0KE62,0
K7MMR3,K7M6J1,0
I1K2Z9,A0A0R0HSH0,0
A0A0R0GNH6,A0A0R0FER5,0
I1KVL0,A0A0R0JJK0,0
C6TG99,A0A0R0IZY4,0
I1LR08,I1J8W6,0
A0A0R0KE73,K7LHS7,0
A0A0R0FJF0,I1NJ53,0
K7LZZ5,I1K6E7,0
C6TBJ1,A0A0R0FXD4,0
K7M4N3,I1NIE5,0
K7K1Z2,I1MZV0,0
K7KDM1,I1NIE5,0
I1KVX9,C6T5U0,0
I1KHJ6,A0A0R0GJV8,0
I1L1N3,A0A0R0JQJ0,0
I1N7K6,K7MRF5,0
I1KLE1,A0A0R0JJI0,0
I1JRA0,A0A0R0GUR9,0
I1NGQ5,A0A0R0IF42,0
C6TAF0,I1JYT2,0
C6TCW7,K7KK74,0
A0A0R0L4N1,I1LIU7,0
A0A0R0EYA9,A0A0R0K7U0,0
I1KMP8,I1NJ53,0
I1LGB7,I1KCY5,0
K7KEV0,I1LFD2,0
K7M2D8,K7MM40,0
A0A0R0KXY9,C6SW04,0
A0A0R0ERF9,I1K6E7,0
I1M9T4,I1M225,0
A0A0R0JYB5,A0A0R0EJV2,0
I1KBL4,I1KZK2,0
I1N0W9,I1KUS2,0
C6TLT3,K7LK09,0
I1K7J4,I1K5K7,0
I1KQP3,C6T4V3,0
I1M4P0,I1L9K4,0
I1KUT8,I1LM96,0
A0A0R0KTM7,C6SYE1,0
I1K3P0,C6T0A0,0
I1MY72,I1LR48,0
I1N4X7,C6TGA9,0
I1KFU0,I1KVC1,0
I1N9S5,I1M277,0
I1JFF6,K7MC85,0
C6SZL0,I1KQE3,0
I1MYV4,A0A0R0JBV0,0
K7L9V3,I1KSD0,0
I1LPD3,I1K642,0
I1KC19,I1MRP6,0
I1K0C4,C6TIQ7,0
A0A0R0H296,A0A0R0K6I2,0
C6T2Y4,I1KJF2,0
K7KFV5,C6T5R4,0
A0A0R0JES0,K7K318,0
C5NTE7,I1K642,0
I1NDG6,I1KMS8,0
I1KYD6,I1KJD2,0
I1MBW8,A0A0R0L0E7,0
I1K3P0,K7LHS7,0
I1LKU1,A0A0R0G7I0,0
A0A0R0GBL8,K7MYK9,0
I1KZJ7,A0A0R0K7U0,0
I1LHY4,K7LSG2,0
I1JIP5,I1K6E7,0
I1K725,A0A0R0JBV0,0
I1M0N9,I1M225,0
I1M3Q3,A0A0R0IZY4,0
C6TD73,K7LQV0,0
I1KY58,K7LLV5,0
A0A0R0LFT0,I1MVC6,0
A0A0R0EJE2,K7LIE3,0
K7LDR8,I1N5D5,0
I1K650,I1JHJ0,0
I1L1L2,A0A0R0IT62,0
K7KP67,M1FN34,0
I1KRF9,C6TIK0,0
I1MLZ0,K7K8K7,0
I1KKD9,I1LHS8,0
A5Z2K3,K7K8Y9,0
I1KY58,K7K8Y9,0
I1MLN7,I1KH38,0
I1KRD4,K7MQG6,0
I1J553,I1K1W8,0
I1NDC0,C6SZQ0,0
I1KHL4,A0A0R4J5K6,0
C6SWI9,K7MFE5,0
I1LGQ1,K7M466,0
I1LDY7,A0A0R0FGT9,0
I1KMP8,C6TNW3,0
I1K2J5,I1MLJ0,0
I1NDG6,I1MQC8,0
I1J5B0,K7M864,0
I1K7N0,K7MNN5,0
Q2TFP1,A0A0R0GJV8,0
K7K553,A0A0R0FZM4,0
I1LIK8,A0A0R0FEN3,0
I1M4P0,I1K467,0
K7MAP3,A0A0R0KVY6,0
I1K7N0,I1JM18,0
I1N7K6,K7LFD7,0
A0A0R0JYB5,A0A0R0GAQ8,0
K7M142,K7KFY5,0
I1NC77,A0A0R0JRI8,0
I1MRS5,I1L171,0
I1MNE4,K7LTB2,0
K7M787,I1KYL4,0
A0A0R0GYG1,A0A0R0L828,0
C6TKG0,I1JUQ6,0
C6SZ22,C6SYE1,0
C6T084,I1M5B6,0
C6T507,K7MMD7,0
I1MC39,A0A0R0FM97,0
A0A0R0F7J9,I1MPJ4,0
A0A0R0GE84,K7KJB2,0
C6T2H2,I1KCY5,0
A0A0R0GBL8,C6TD23,0
I1MFH3,I1LHS8,0
C6SVV7,K7LLV5,0
I1LRB0,K7L9M2,0
I1LUF0,I1L3P5,0
I1LM73,I1KZ09,0
I1KEG8,A0A0R0EG78,0
I1LDU4,I1K6E7,0
Q2TFP1,I1J4B5,0
I1N0U4,K7K8Y9,0
A0A0R0IAV3,C6SYW6,0
I1MBM5,A0A0R0JT51,0
A0A0R0ERF9,C6TN69,0
I1LPJ3,I1M269,0
I1KS88,I1JD52,0
I1MNM3,C6TK73,0
A0A0R0LB39,A0A0R0HSH0,0
K7K415,I1JC65,0
C6SWA0,A0A0R0GUR9,0
I1NGL5,K7MXE0,0
I1NGD2,I1KM19,0
C6SYA3,I1M1D5,0
I1JTE4,I1KAD1,0
I1KYS6,I1JA95,0
A0A0R0I0B9,A0A0R0GS25,0
I1MYX8,I1LUE0,0
A0A0R0GRI6,I1MEQ6,0
K7LW22,K7KNC5,0
K7K415,A0A0R0EUJ0,0
I1MFH3,I1KLS1,0
A0A0R0GJ85,A0A0R0GJV8,0
K7LWC5,K7M466,0
A0A0R0I1I4,A0A0R0ENB3,0
A0A0R0GC27,I1LIT1,0
A0A0R0L372,I1M998,0
A0A0R0JS60,I1MSN3,0
I1LIK8,A0A0R4J4C5,0
I1JY67,C6TIK0,0
I1MYX8,K7KK74,0
I1NF12,A0A0R0GPH9,0
I1N1Y6,I1L9K4,0
K7KPJ4,K7LY43,0
A0A0R0FYN8,K7N5K2,0
I1N9E1,A0A0R0HV63,0
C6TL77,I1MU00,0
I1MK36,I1MNU2,0
I1L219,I1JC65,0
P09755,A0A0R0HSA0,0
C6T9S5,K7M864,0
A0A0R0INQ5,I1LY15,0
I1NDG6,M1FN34,0
I1LPZ2,K7MM40,0
I1KQC7,I1MF50,0
K7KTT9,C6SYE1,0
K7K676,I1KH38,0
A0A0R0E3E6,K7L2R0,0
I1K2U0,A0A0R0GAQ8,0
C6T1P2,A0A0R0EDS9,0
H2D4C3,K7KES1,0
A0A0R4J3Y6,K7LNG6,0
I1L3P6,A0A0R0FM97,0
I1K5H2,A0A0R0G7I0,0
A0A0R0H7N0,C6TK73,0
Q2PMU2,A0A0R0K7U0,0
A0A0R4J3R4,I1LH18,0
I1KUT8,K7M9T4,0
A0A0R0FQN0,C6SYW6,0
A0A0R0JYY8,K7M864,0
K7KDM1,A0A0R0JJI0,0
I1NHI4,I1JK31,0
I1MRY0,C6SYE1,0
I1LZW4,I1M5B6,0
I1KBL4,I1JAH7,0
I1N8Q6,A0A0R0L0E7,0
C5NTE7,Q2PMR3,0
I1MZ47,A0A0R0E934,0
K7KDM1,A0A0R0ENB3,0
C6SYF3,K7MXE0,0
A0A0R0L4N1,A0A0R0K6I2,0
I1JWF0,I1MW51,0
A0A0R0H9H8,I1NCF6,0
I1NGD2,K7LCS7,0
A0A0R0JJK8,A0A0R0IT62,0
I1J7A8,I1KQE3,0
C6SZL0,I1KSL6,0
I1KJW4,I1MW51,0
I1KBQ5,K7L6N7,0
A0A0R0JS60,A0A0R0HSA0,0
M1FIU8,I1JRV0,0
A0A368UHC3,I1LEC4,0
K7KEV0,A0A0R0FJR0,0
I1J6B5,K7M9T4,0
K7M2D8,I1K2I1,0
I1NHI4,I1JYT2,0
K7M1G4,C6SZQ0,0
I1JG98,I1LGD6,0
I1L8H7,K7M849,0
I1K650,M1FN34,0
I1JUR7,K7M6J1,0
I1LDY7,A0A0R4J2Y1,0
A0A0R0JYB5,P17093,0
K7K415,A0A0R0EWR2,0
I1MC26,A0A0R0L7U5,0
I1KPQ8,I1M269,0
I1JWF0,I1KEC8,0
I1JTW0,I1KLS1,0
I1LPI3,I1MGG7,0
I1N1X8,K7N1L5,0
I1L8S1,A0A0R0JRI8,0
K7K3W5,I1KZY8,0
I1M0C2,K7MNP5,0
I1K3U2,A0A0R0EYS5,0
K7MRX6,I1L2H4,0
I1NJ79,A0A0R4J488,0
I1K5H2,I1JE09,0
A0A0R0FKK9,K7KES3,0
I1JIW3,C6TIK0,0
A0A0R0K6F4,K7N1T9,0
I1LP18,I1LII4,0
A0A0R0L8Y1,C6T065,0
K7LJF6,A0A0R4J2Q5,0
A0A0R0FEI0,K7L6N7,0
A0A0R0JYY8,A0A0R0ENB3,0
I1LIK8,I1K6E7,0
I1JG98,I1KAD1,0
C6T8L7,K7MYK9,0
I1KX98,C6TGA9,0
I1MBR7,K7K4C7,0
I1LFQ4,I1KZ09,0
I1JXB4,C6TBL4,0
I1LH11,I1KSD0,0
I1M757,A0A0R4J5K6,0
I1N6Z0,I1K467,0
I1J870,I1KMS8,0
K7K9E1,I1NCF8,0
I1MY43,I1LM96,0
C6SZM2,I1KFL5,0
A0A0R0FX70,K7KTS8,0
C6T7N2,C6SZG1,0
I1N7K6,I1M1W3,0
K7M5I5,A0A0R0JBL2,0
I1JHC2,I1KSL6,0
A0A0R0F077,C6TIQ7,0
A0A0R0G2B9,I1K1W8,0
C6TFN5,I1JD07,0
I1LDU4,A0A0R0JQJ0,0
I1N0U4,I1KSL6,0
I1LAR7,I1LEC4,0
I1M4P0,A0A0R0EWR2,0
P09755,I1NCV4,0
I1N439,I1KCY5,0
I1MNE4,C6TGZ1,0
A0A0R0GC27,K7LK09,0
I1JE93,I1NIE5,0
I1K5J5,K7MFZ6,0
A0A0R4J354,I1LIU7,0
I1K8C1,K7K8Y9,0
I1KCN1,I1MNU1,0
I1NJ79,I1LL05,0
I1K725,I1KPE7,0
I1JIP5,A0A0R0JT51,0
I1N1V6,I1KXK6,0
I1MLK3,I1KQE3,0
K7KDA5,K7L2D7,0
A0A0R4J3N1,A0A0R0FB78,0
I1K3P0,I1K146,0
I1JUI1,K7M6J1,0
A0A0R4J2K3,A0A0R0EJV2,0
K7LKS0,C6TJM4,0
I1LJA4,A0A0R0FM97,0
I1N1Y6,I1NCV4,0
A0A0R0ERF9,K7KNC5,0
K7KTT9,A0A0R0FM97,0
I1LJ94,A0A0R0GS25,0
I1LXH0,C6TFX5,0
I1L8G3,A0A0R0JJK0,0
A0A0R0FX70,A0A0R0JSJ9,0
I1MRS5,I1KEC8,0
I1LJ94,I1MW74,0
I1KGN6,K7K8K7,0
K7K415,I1KEC8,0
A0A0R0L4N1,I1JM18,0
C6SZY0,A0A0R0FJR0,0
C6SWI3,A0A0R0KPE1,0
I1JXQ3,A0A0R0KE62,0
A0A0R0FYN8,A0A0R0HSH0,0
I1JFS9,I1K5K7,0
C6SZM9,I1KZ09,0
K7LSH9,C6T4V3,0
I1MK96,K7LQV0,0
I1MLN7,K7LK09,0
K7MCD1,I1NC50,0
I1MSC6,I1LM96,0
I1KNN1,C6T4V3,0
I1L8L5,A0A0R0GS25,0
I1LPZ2,I1LUL2,0
C6SW69,I1LR48,0
I1MY33,A0A0R0JYX3,0
I1LFQ4,A0A0R0JSJ9,0
K7LIW2,A0A0R0KE62,0
I1MWF0,I1L9K4,0
A0A0R0KXY9,I1J547,0
I1LPZ2,I1KZY8,0
I1JRL7,I1LIT1,0
K7LJF6,I1N761,0
A0A0R0LA89,I1LLS8,0
I1KX98,I1MNU1,0
C6SYE0,K7KVK2,0
K7LVE4,I1K5K7,0
C6TG99,K7MQG6,0
I1KJW4,K7L6K2,0
K7M097,I1MEF5,0
C6TKC3,I1JD36,0
I1LJI8,I1J9I1,0
A0A0R0EWX9,I1JYT2,0
K7MH53,K7L9M2,0
I1N0U4,A0A0R0KVY6,0
K7K676,I1JHJ0,0
A0A0R0IAV3,I1JVX3,0
A0A0R0JB42,K7K8Y9,0
I1MNE4,A0A0R4J4C5,0
I1MSD9,K7K8Y9,0
C6SYF3,I1JMZ7,0
C6TNX5,I1MZV4,0
K7L3K3,I1MLJ0,0
I1KVL0,I1MGG7,0
I1LJ94,A0A0R0JTV5,0
A0A0R0IHF9,K7N5K2,0
K7MZP6,I1MQC8,0
A0A0R0F077,C6SX83,0
K7LHR2,A0A0R0L828,0
I1JNB0,I1K115,0
C6SWL3,I1MTV9,0
I1NBC2,C6TJM4,0
A0A0R0JB42,A0A0R0L5Q1,0
I1MDC4,I1L171,0
I1LJ93,A0A0R0FZM4,0
K7M5I5,I1J8W6,0
K7K415,C6T0A0,0
I1N0W9,I1MLF1,0
A0A0R0KTM7,I1LLS4,0
K7KCG5,A0A0R0E934,0
I1K620,A0A0R0KVY6,0
C6SY81,A0A0R0EDS9,0
I1LRB0,I1LIU7,0
I1N6N9,A0A0R0FER5,0
K7KFV5,K7M6Z2,0
A0A0R0FSS2,I1KMS8,0
I1JQR6,I1LGD6,0
I1LLA9,A0A0R0FGT9,0
I1M5E2,C6SYE1,0
I1L219,A0A0R0IZY4,0
I1LMP2,K7MMD7,0
K7KIU3,I1JV03,0
A0A0R0EFE2,I1JFW6,0
I1LMW7,I1JB64,0
C6T2Z2,A0A0R0GFL3,0
K7LUF9,A0A0R0FGT9,0
A0A0R0GC27,K7MXH5,0
A0A0R0FX70,K7M6Z2,0
I1L250,I1K5B6,0
I1KHL6,K7N5K2,0
P48513,A1YZE0,0
I1N056,K7K8K7,0
I1JUJ8,K7LY43,0
I1JMZ4,K7LLV5,0
K7MH53,A0A0R0JJI0,0
K7M787,K7M849,0
I1M100,I1MNS7,0
I1M3V1,K7M841,0
K7MST2,I1MLF1,0
I1KBQ5,K7M846,0
I1L8G3,K7M849,0
I1LA00,I1LR48,0
H2D4C3,C6T2G5,0
I1M0N9,I1KAR1,0
I1KS88,K7LQV0,0
A0A0R0F2Z4,A0A0R0IR73,0
I1K328,A0A0R0JBV0,0
I1JNV3,C6SW04,0
I1NBE9,K7L939,0
I1LUF0,I1M225,0
I1MV96,I1MNS7,0
I1LKQ4,I1JE09,0
I1JMZ3,C6SYW6,0
I1N3M5,A0A0R0FX75,0
A0A0R0L098,K7L2R0,0
A0A368UHE3,A0A0R0KPE1,0
C6SYE0,K7KK86,0
I1N8Q6,I1MLF1,0
I1MM64,I1JC65,0
K7KE09,I1KZY8,0
A0A0R0FJF0,A1YZE0,0
A0A0R0IHF9,C6TJM4,0
C6SVU4,K7KWE4,0
K7LA18,K7KK86,0
C6SYE0,K7KAB4,0
A0A0R0F0T6,A0A0R4J2Q5,0
I1L6W0,I1KJD2,0
K7LQ96,K7MXE0,0
K7KZ42,I1LIA8,0
C6TKB2,I1LY15,0
I1KJW4,A0A0R0KVY6,0
I1KHJ6,C6TIQ7,0
I1JI73,I1JRJ3,0
K7KVG4,I1KH38,0
A0A0R0E907,C6TD23,0
I1L5H8,I1NAJ5,0
I1KZJ7,A0A0R0HV63,0
K7LGW1,A0A0R0L5Q1,0
A0A0R0I0B9,K7M849,0
I1MBR7,K7LSG2,0
I1JE83,A0A0R4J5C5,0
I1JY67,I1N761,0
K7KDA5,I1LPK5,0
I1JT85,A0A0R0IR73,0
I1J9W0,K7N1L5,0
K7L8H2,A0A0R0IR73,0
I1JXB4,A0A0R0JQJ0,0
I1LCX3,K7KAB4,0
I1NGL5,I1J4B5,0
K7KGE9,A0A0R0EUJ0,0
I1K096,I1M269,0
I1LPZ3,C6SZ70,0
K7MNC0,C6T5R4,0
I1MBR7,K7M6I1,0
A0A0R0EWX9,A0A0R0FJR0,0
I1KJH7,A0A0R0KE62,0
K7MST2,K7LTR0,0
C6SW43,I1MLF1,0
I1KC19,A0A0R0HCS6,0
K7K1Z2,I1J8C9,0
K7KVG4,I1KZK2,0
I1L412,I1JA95,0
Q2TFP1,A0A0R0HSH0,0
I1K620,C6T065,0
A0A0R0ERF9,K7KK74,0
K7LUF9,I1MRP6,0
C6T8L7,A0A0R0L828,0
A0A0R0FEI0,I1LL05,0
I1MVK7,I1L332,0
A0A0R0FYN8,K7KTS8,0
I1MNV4,I1NCF8,0
I1NF12,I1MLJ0,0
I1K725,K7KFY5,0
I1JG98,I1LG13,0
K7K1Z2,O22518,0
I1KP31,I1KZ09,0
I1JL13,I1MF50,0
I1LDY7,I1JYT2,0
C6SWG4,I1KMS8,0
A0A0R0IGP2,K7L2R0,0
I1KPT1,I1MU00,0
A0A0R0FNM4,M1FN34,0
I1LUL7,A0A0R0JT51,0
I1K2J5,A0A0R0GG06,0
A0A0R4J354,A0A0R4J4C3,0
K7LGW1,A0A0R0HSA0,0
A0A0R0KTM7,I1MRI5,0
C6TBJ1,K7KNC5,0
I1JWF0,K7K8K7,0
I1MGB0,I1MNV2,0
I1N4X7,A0A0R0FB78,0
A0A0R0F0T6,I1NCF8,0
I1L653,I1M5B6,0
I1K4D7,I1KCY5,0
O48548,I1K3X9,0
I1MBM5,C6SW04,0
A0A0R0IAV3,I1KH38,0
I1LP56,I1LLK1,0
I1LRB0,I1M277,0
I1L1L2,I1KCY5,0
P09755,K7L939,0
K7K676,A0A0R0IZY4,0
A0A0R0G5A8,I1MVC6,0
C6TNL5,I1KJD2,0
I1MNV4,I1K9J7,0
I1L9A1,K7L2D7,0
K7LSH9,I1LGD6,0
I1LC20,I1LPJ8,0
A0A0R0HHZ3,C6TNW3,0
I1JVN0,A0A0R0EYS5,0
I1JR41,I1NG45,0
C6TL77,I1LL05,0
I1JYG7,I1LLS4,0
A0A0R0LB39,A0A0R0HCS6,0
C6TE07,K7LK09,0
I1L1N3,K7LNG6,0
A0A0R0HSV1,I1MC28,0
K7L1B9,A0A0R0G7I0,0
A0A0R0K0L0,K7LSJ2,0
I1LJ94,C6T5U0,0
I1MY72,C6SX83,0
O48548,C6T5R4,0
I1M4P0,I1MW74,0
C6T3G1,I1MZV0,0
A0A0R0KFE8,I1LIU7,0
C6T5Z0,I1JV03,0
I1JKP1,K7KES1,0
C6T2Z2,I1N780,0
I1L0M6,I1MTV9,0
K7KLF0,K7LSJ2,0
I1LYN0,I1KZ09,0
K7MMR4,I1JE09,0
A0A368UH03,I1LUL2,0
A0A0R0G6V6,C6TBL4,0
Q2PMU2,C6TGZ1,0
I1MY33,C6SZQ0,0
I1MM89,A0A0R0GPH9,0
I1JV48,A0A0R0K6I2,0
A0A0R0GC27,I1M5B6,0
I1LJI8,A0A0R0JBV0,0
I1MZ47,C6TJM4,0
A0A0R0H8M3,I1LVN3,0
K7M787,I1LWZ0,0
Q2PMU2,A0A0R0EYS5,0
I1KH45,I1KTI0,0
I1NF54,A0A0R0JBV0,0
I1LIH7,K7N1T9,0
C6TBJ1,I1K4R8,0
I1JE93,O22518,0
I1K8C1,I1K115,0
I1JBJ2,I1NJ53,0
K7KLF0,A0A0R4J5C5,0
I1L8G3,A0A0R0F214,0
C6SZ22,I1MW74,0
I1LYN0,I1K6E7,0
I1M6L1,K7N5K2,0
I1LR08,I1JMZ7,0
C6TMM7,I1JHJ0,0
I1LM73,C6SYW6,0
I1NFU9,A0A0R0IF42,0
I1JTW0,I1N898,0
I1JYG6,I1JAH7,0
K7M5I5,I1MNV2,0
K7MNC0,I1K467,0
C6TLT3,A0A0R0GFH3,0
I1LR08,I1LH18,0
I1JVP4,Q2PMR3,0
I1LSM6,I1MTV9,0
I1LPZ3,A0A0R0FGT9,0
I1N1X8,A0A0R0IT62,0
I1NGD2,A0A0R0FGT9,0
K7MGQ3,A0A0R0ESZ8,0
I1LJA4,I1LH18,0
C6SVF8,I1K215,0
I1LZW4,I1L9K4,0
A0A0R0GNH6,I1JV03,0
K7M5I5,I1MZV4,0
I1M7C7,I1MZV0,0
K7MI53,I1NG45,0
I1MRS5,M1FN34,0
I1MTH0,I1MJJ9,0
A0A0R0H7N0,I1KTI0,0
I1K725,I1KJD2,0
I1MVK7,I1K9J7,0
K7MC09,A0A0R0FTI5,0
K7MXS9,A0A0R0EYS5,0
C6SWZ1,K7MXE0,0
I1LPI3,K7M6I1,0
C6TKB2,I1LM96,0
I1NDG6,I1LFD2,0
I1JUJ6,K7KFY5,0
I1N7K6,A0A0R0HV63,0
C6T1P2,C6SZG1,0
I1MV96,K7MNP5,0
C6TEP1,A0A0R0HCS6,0
C6TMM7,A0A0R0GWH6,0
I1JY67,I1NJ53,0
C6TKC3,I1M1W3,0
A0A0R0H296,I1MK72,0
C6SWM1,A0A0R0L0E7,0
I1LY25,I1JV03,0
K7KKB2,O22518,0
I1NGD2,K7LY43,0
C6T530,I1L332,0
A0A0R0FSS2,A0A0R0H141,0
I1K9P1,K7KES1,0
I1JWH5,K7KH93,0
I1LJI8,C6SW04,0
K7N3F6,I1NCV4,0
A0A0R0J7J3,I1M1D5,0
C6SWI9,A0A0R0IR73,0
C6SVR8,I1LWZ0,0
I1LJ93,I1MGG7,0
K7KKB2,K7KES3,0
A0A0R0I8Z5,C6T5R4,0
C6TKC3,K7KH93,0
A0A368UJ64,A0A0R0JTV5,0
I1NHI4,K7M6I1,0
Q2PMU2,I1M5B6,0
I1LPZ2,K7MXH5,0
I1LH11,C6TBL4,0
I1KH45,I1K3X9,0
I1NF54,I1L7G4,0
O48548,A0A0R0K6I2,0
I1LH11,I1MRI5,0
K7KLI7,I1K5B6,0
C6TBN8,A0A0R0K7U0,0
A0A0R0L2U1,A0A0R0FM97,0
A0A0R0FQN0,I1JD07,0
I1LRE4,I1JB64,0
C6T9S5,I1JB64,0
I1KVX9,K7M4E0,0
I1JFN0,O22518,0
I1NIJ9,C6TJ17,0
I1MEF8,I1M3W1,0
I1KMS4,K7L939,0
I1MNM3,I1NCV4,0
C6TLT3,I1MSN3,0
I1LJ94,K7M466,0
A0A0R4J4C8,K7LSJ2,0
K7N3F6,A0A0R0FM97,0
I1LZ09,K7M846,0
I1MBM5,A0A0R0HSH0,0
I1L478,A0A0R0K6I2,0
I1JT85,I1MEF5,0
I1J6B5,I1KTI0,0
I1KBQ5,A0A0R0HV63,0
A0A0R0G5V6,I1MRI5,0
A0A0R0ESI3,C6T5R4,0
K7MC09,I1K642,0
A0A0R0G2B9,K7MMD7,0
C6TKG0,C6TIK0,0
K7MC09,I1K5B6,0
A0A0R0KXY9,K7M6J1,0
I1LPC3,A0A0R0K6I2,0
I1LP18,A0A0R0H141,0
I1JUJ8,I1KYL4,0
I1J5U5,I1MW74,0
I1M0N9,I1KLS1,0
I1J8V4,I1MNU2,0
C6SWD4,I1MGG7,0
I1K7N0,I1LIU7,0
I1LYG4,K7KWE4,0
K7L395,I1LII4,0
C6SZG8,K7LLV5,0
I1L215,C6TBL4,0
Q2PMT2,K7LFD7,0
I1JE38,I1K970,0
I1MEZ1,A0A0R4J5C5,0
K7LRU2,I1L171,0
K7KP66,K7LCS7,0
K7K676,K7N145,0
C6TLT3,I1K467,0
K7KE09,I1LLK1,0
K7KTT9,K7M849,0
I1MBA2,I1JB64,0
K7L9V3,K7L9M2,0
I1MNV4,K7M6Z2,0
A0A0R0F0T6,I1LEC4,0
A0A0R0LB39,C6T2G5,0
I1MNM3,K7LNG6,0
I1K5H2,A0A0R0FGT9,0
I1LLA9,I1KJF2,0
I1N954,I1M998,0
I1N0F1,I1KZK2,0
I1KHL6,I1MZV0,0
A0A0R0IGP2,I1NAJ5,0
I1KEG8,A0A0R0KVY6,0
C6TG99,K7M6J1,0
K7LQ96,K7M6R4,0
K7LDR8,K7MNP5,0
I1JE83,K7LTB2,0
P48513,C6T2G5,0
I1KHJ6,A0A0R0K6I2,0
I1N5E8,A0A0R0JBL2,0
K7K9E1,A0A0R0KPE1,0
I1JY67,I1MSN3,0
I1LPD3,I1LPJ8,0
I1LZM7,A0A0R0GPH9,0
C6TBJ1,I1K2I1,0
C6TMM7,K7L2D7,0
A0A0R0HDM5,I1MRI5,0
I1KTD4,K7KES3,0
I1K9B8,I1LIU7,0
I1NF54,A0A0R0K7U0,0
I1KTS9,K7K4C7,0
C6SW69,I1LLS4,0
A0A0R4J3R4,I1JA95,0
I1JMZ3,I1JFW6,0
I1KNN1,A0A0R0FER5,0
I1N8M4,I1LR48,0
I1MDC4,A0A0R0GJV8,0
I1N3M5,A0A0R0KWT5,0
I1JAG0,C6TNW3,0
I1JFN0,A0A0R0GUR9,0
I1JUJ6,I1LPW2,0
K7KPJ4,I1K9J7,0
I1LCX3,A0A0R0FTI5,0
I1MTZ8,K7KJB2,0
A0A0R0FEN9,K7MM40,0
I1JP52,K7KVK2,0
I1JUJ6,I1LUE0,0
I1KRF9,I1L3P5,0
K7MMF4,I1MGG7,0
I1KD09,A0A0R0JJI0,0
I1LM73,K7M466,0
K7LGW1,I1JFW6,0
I1N6Z0,I1K1W8,0
A0A0R0F2G6,I1KUS2,0
A0A0R0HSV1,A0A0R0JJK0,0
I1J4E1,C6SZ70,0
C6TEP1,A0A0R0GUR9,0
I1KIB3,A0A0R4J384,0
A0A0R0K0L0,C6TK73,0
K7KLI7,I1KUB2,0
I1JR41,C6T5R4,0
I1MQB5,A0A0R0EKI7,0
I1KVX9,K7KFY5,0
K7KZ42,C6TK73,0
K7K2H1,K7LHS7,0
I1K3U2,A0A0R0IT62,0
I1JV48,I1MK72,0
A0A0R4J2W3,I1LWZ0,0
I1MVG5,I1JM18,0
A0A0R0KNS7,A0A0R0GJV8,0
K7LGW1,I1JD52,0
I1LFQ4,I1M998,0
I1JNV3,I1KSL6,0
I1MLH9,K7MFZ6,0
I1MNE4,I1KZK2,0
I1J5U5,K7M4E0,0
A0A0R0IHF9,K7K4C7,0
I1KDB2,C6SYW6,0
I1NBQ2,A0A0R0HCS6,0
A0A0R0I8Z5,K7L6K2,0
I1LM73,I1LM96,0
I1K5H2,I1KJF2,0
I1N0W9,I1NAF6,0
I1MBA2,A0A0R0GFL3,0
C6TL77,I1JRU7,0
I1KQ68,K7MM40,0
C6T5Z0,A0A0R0EYS5,0
C6T507,A0A0R0GWH6,0
I1N0U4,I1M3W1,0
I1L8G3,K7N0V8,0
I1JIJ4,A0A0R0FEN3,0
I1M7C1,I1JMH3,0
C6SVH9,I1LPJ8,0
C6T567,K7N1L5,0
I1LIR4,K7MNN5,0
C6T567,I1LUL2,0
K7M2D8,I1J8W6,0
I1JUR7,I1J9I1,0
I1LXH0,A0A0R0KWT5,0
I1MWF0,K7L4N7,0
K7KDM1,K7LTB2,0
I1NIE7,I1MW74,0
C6SZ22,I1ML11,0
I1LJ94,I1M1D5,0
I1LGI1,I1KMS8,0
K7MMR4,I1JRU7,0
I1LPD3,A0A0R0EKI7,0
A0A0R0K0L0,K7MXH5,0
A0A0R4J2N2,I1K5K7,0
I1MTZ8,I1JC65,0
A0A368UHG0,I1LLS4,0
C6TNX5,K7MMD7,0
I1LRB0,I1LUL2,0
I1KQ68,I1LLS8,0
C6SYE0,I1MNU1,0
K7KLF0,I1MEQ6,0
K7KE09,A0A0R0IF42,0
I1MNV4,I1MC28,0
C6T2Y4,C6TN69,0
A0A0R0H2V0,K7L939,0
I1N5E8,I1KH38,0
K7LSH9,A0A0R0IT62,0
I1KJT5,I1KZ09,0
Q2PMU0,I1MZV0,0
I1KCN1,A0A0R0EDS9,0
C6T1E6,I1JD07,0
I1KVS3,K7MNP5,0
K7KP66,C6TBL4,0
I1KQE2,A0A0R0JBV0,0
C6SWG4,I1KSL6,0
A0A0R0FQN0,A0A0R0L4P0,0
I1K2J5,I1J8W6,0
K7KTT9,C6TGZ1,0
I1MEN1,I1N8M8,0
A0A0R0F0T6,I1JM18,0
I1K912,A0A0R0HCS6,0
A0A0R0EU45,I1KZK2,0
I1KTL9,I1LPW2,0
K7MCH3,C6TN69,0
I1JIP5,A0A0R0JRI8,0
I1MVG5,I1J547,0
I1K912,K7N1T9,0
I1KV60,I1LHS8,0
I1K5G1,A0A0R0K0K3,0
A0A0R0FX70,I1JD36,0
I1NGD2,I1K146,0
A0A0R0GNH6,O22518,0
I1MUN3,A0A0R0KWL0,0
I1MVE9,I1MNU2,0
A0A0R0J7J3,A0A0R0EG78,0
I1K9P1,I1KH38,0
I1M5E2,I1MNS7,0
A0A0R0GBL8,C6SWS6,0
A0A0R0I1I4,K7KAB4,0
A0A0R0KTM7,A0A0R0ESZ8,0
A0A0R0FEN9,I1NG45,0
I1M0C2,A1YZE0,0
A0A0R0JKU3,K7MYK9,0
C6T3K0,I1JAH7,0
I1MUN3,I1MRP6,0
I1JNK6,I1K6E7,0
K7LTQ1,A0A0R0GBB6,0
C6T2L5,C6T4V3,0
I1MIE5,A0A0R0HV63,0
A0A0R0G5A8,I1LLS8,0
C6SWI9,C6TK73,0
C6TL77,I1NIE5,0
A0A0R0EZ39,I1L7G4,0
I1JUJ6,C6SWS6,0
K7KIU3,I1JRJ3,0
K7N0X7,K7LK09,0
C6SWI3,A0A0R0GPH9,0
A0A0R0JKU3,A0A0R0FZM4,0
A0A0R0G6V6,K7N129,0
I1K8N0,I1MEQ6,0
A0A0R0E3E6,I1K2I1,0
K7N3F6,I1L332,0
I1L5H8,A0A0R4J5C5,0
I1JIJ4,I1JA95,0
A0A0R0H7N0,A0A0R0FJR0,0
I1KZW4,I1LL05,0
I1MRY0,I1KEC8,0
C6T8R7,I1LGD6,0
K7MS88,I1K146,0
A0A368UJ64,I1NCF6,0
I1LPZ3,A0A0R0KWL0,0
I1J870,K7MM40,0
I1LIR4,I1JK31,0
I1KCN1,K7K318,0
I1MHA4,K7K4C7,0
I1MWF0,I1N898,0
I1JV48,A0A0R4J4C5,0
I1M0C2,A0A0R0JRI8,0
C6T3I8,I1NCF8,0
A0A0R0H9H8,M1FN34,0
A5Z2K3,C6SX83,0
I1KXI7,I1MU00,0
I1KGN6,I1L3P5,0
C6T5Z0,I1KH38,0
C6T0U3,I1K467,0
I1M0N9,I1NG45,0
I1LS70,K7M864,0
I1KPT1,I1K2I1,0
I1KJT5,C6SX83,0
A0A0R0EWX9,C6TNW3,0
I1J9J7,I1N8M8,0
I1LXH0,C6TN69,0
I1JY67,A0A0R0EWR2,0
K7M4N3,I1MC28,0
I1KFU0,A0A0R0FGT9,0
A0A0R4J2N2,A0A0R0HV63,0
K7MAP3,I1KHJ4,0
I1MY43,K7L9M2,0
C6T2Z2,A0A0R0L5Q1,0
K7KZ42,K7M592,0
I1N9I5,K7M9T4,0
I1MQD0,I1NG45,0
C6SWL3,K7N1L5,0
A0A0R0L2U1,I1K9J7,0
C6SWA0,A0A0R4J384,0
A0A0R0FNM4,I1KUS2,0
C6SWZ1,I1JE09,0
I1J6B5,A1YZE0,0
A0A0R0HSV1,I1LFD2,0
I1L9A1,K7KK74,0
I1N0W9,I1KSD0,0
A0A0R0G342,I1M225,0
I1M0S4,M1FN34,0
I1N0U4,A0A0R4J5K6,0
K7KEV0,K7KWE4,0
K7LJF6,I1KD82,0
I1KRZ2,I1KAD1,0
I1M0S4,K7KJB2,0
I1JDR2,K7K8Y9,0
I1KJT5,I1JHJ0,0
I1K328,K7N0V8,0
I1JDR2,K7KW44,0
I1JFN0,I1NAF6,0
I1KHL6,C6SWS6,0
I1N439,I1N898,0
I1N0W9,K7LK09,0
K7LJV1,A0A0R0K6I2,0
I1KS36,I1LH27,0
I1L1N3,C6T5U0,0
K7KYE0,I1KFL5,0
I1K912,I1MJJ9,0
I1LKU1,K7M849,0
K7LQ96,I1LHS8,0
A0A368UHG0,A0A0R0IF42,0
I1JUI1,I1KSD0,0
I1J7A8,I1LUE0,0
I1N8M4,I1J9I1,0
A0A0R0FEI0,K7LHS7,0
A0A0R0KCV3,K7M6J1,0
I1MU29,K7LIE3,0
I1NBE9,A0A0R0JQJ0,0
I1MFH3,A0A0R0K7U0,0
I1JW21,C6SYE1,0
I1KZJ7,I1KUS2,0
A0A0R0HHZ3,I1LPJ8,0
A0A0R0JJK8,I1MF50,0
I1MQD0,K7N0V8,0
I1JWH5,I1KZ09,0
A0A0R4J2N2,M1FN34,0
I1NJ79,I1JMK4,0
I1LRE4,K7N5K2,0
A0A0R0JH35,I1J9I1,0
K7LHR2,K7KW44,0
A0A0R0IHF9,C6T065,0
K7KDX2,I1LXQ3,0
A0A0R0HSJ1,I1JV03,0
I1KYF8,K7N5K2,0
A0A0R0JH35,I1LHS8,0
K7LKS0,I1LG13,0
K7L1B9,K7LY43,0
K7MAP3,I1LLS4,0
I1KIB3,I1JVX3,0
I1JXB4,A0A0R0IF42,0
I1M7C1,I1K467,0
I1JR41,I1MW74,0
A0A0R0G5V6,I1J8W6,0
K7K1Z2,A0A0R0GBB6,0
I1L250,A0A0R4J4H3,0
I1KHY2,Q2PMR3,0
I1K628,C6SZ70,0
K7MMR4,I1LUL2,0
K7MC09,K7M6J1,0
I1K328,I1J4B5,0
I1KBM7,I1L171,0
K7KIU3,I1LH27,0
I1N6N9,I1L9K4,0
C6SZ22,I1KH38,0
K7L240,I1J4B5,0
I1LY25,I1KFL5,0
I1M7C7,I1L7G4,0
I1JY87,I1JMK4,0
K7K415,C6TGZ1,0
I1M3U2,A0A0R4J4C3,0
I1NF54,K7KH93,0
I1LG61,K7LQV0,0
I1N8Q6,I1K146,0
I1KVX9,A0A0R0FEN3,0
K7K676,I1KJF2,0
I1KCN1,I1KAR1,0
I1NBC2,I1KVC1,0
I1JHC2,A0A0R0KE62,0
I1L412,A0A0R0GFL3,0
I1MTZ8,K7MC85,0
I1JFF6,I1K5K7,0
A0A0R0J2L9,I1LY15,0
I1KZJ7,A0A0R0JRI8,0
K7N5D4,A0A0R4J384,0
I1JMZ3,A0A0R0EG78,0
I1KTD4,A0A0R0JYX3,0
I1N6N9,I1K146,0
K7K2H1,I1N8M8,0
I1LDA7,A0A0R0EUJ0,0
I1N056,K7KW44,0
C6TAW8,I1LEC4,0
A0A0R0K6F4,C6TCH4,0
I1JS66,K7KWE4,0
K7K553,A0A0R0EKI7,0
K7K3W5,I1LVN3,0
I1L653,K7LCS7,0
I1M7B9,C6TJM4,0
I1LPI3,I1MRP6,0
I1KHL4,I1K4R8,0
C6SVH9,I1MLF1,0
I1LYG4,K7MFE5,0
I1J9J7,I1LY15,0
I1KB26,A0A0R0KWL0,0
I1KBL4,C6T0A0,0
I1MY43,A0A0R0GFM7,0
A0A0R0FYN8,K7LTR0,0
K7MXS9,I1JHJ0,0
I1KCN1,K7LSG2,0
K7KVG4,I1JMZ7,0
I1KUP5,I1JMZ7,0
I1K0C4,I1LM96,0
I1J6B5,A0A0R0G7I0,0
A0A0R0ERF9,K7L6N7,0
I1JMZ4,K7M466,0
I1KQG7,A0A0R0EUJ0,0
I1LP18,I1LUE0,0
A0A0R0KCV3,I1K215,0
I1KTD4,A0A0R0H141,0
C6TBJ1,I1JV03,0
I1KS36,I1K146,0
I1JRL7,A0A0R4J2Y1,0
A0A0R0J2L9,K7MXE0,0
A0A0R0K5X4,C6SZQ0,0
A0A0R0KTM7,I1KD82,0
I1JY87,K7N5K2,0
C6TK75,I1MEQ6,0
I1JVN0,K7KES1,0
A0A0R0JYY8,A0A0R0JBV0,0
A0A0R0GJ85,C6TK73,0
A0A0R0K5D9,K7M6R4,0
C6SW43,I1J547,0
I1KV60,I1NAF6,0
P46279,I1KZ09,0
C6T0E4,I1M998,0
K7L8H2,I1M225,0
I1M9T4,A0A0R0JTV5,0
I1K5G1,I1LIA8,0
A0A0R0INQ5,I1L9K4,0
A0A0R4J3Y6,I1M1D5,0
I1JMZ3,K7KW44,0
A0A0R0FJF0,K7KK74,0
A0A0R0K5X4,I1JC65,0
A0A0R0KFE8,A0A0R0GBB6,0
I1K9B8,I1LLS8,0
A0A0R0J2L9,I1LH18,0
I1JCY0,A0A0R0FGT9,0
C6TNL5,A0A0R0EKI7,0
I1L1S1,A0A0R0KPE1,0
A0A0R0J7J3,I1LXQ3,0
C6SWZ1,K7K8Y9,0
K7MCH3,I1KSD0,0
I1MKM3,I1K642,0
I1KZI6,I1JC65,0
I1KQB9,I1KSL6,0
I1KKD9,A0A0R0GWH6,0
I1JE83,I1N898,0
I1JW21,I1JRU7,0
K7M787,A0A0R0L5Q1,0
I1KYF8,K7L6K2,0
K7LLK0,A0A0R0FGT9,0
K7MGQ3,A0A0R0JBL2,0
I1LKQ4,K7K8Y9,0
I1KHL6,K7K8K7,0
A0A0R0FEN9,A1YZE0,0
C6T4Z6,A0A0R4J2Q5,0
I1LRB0,A0A0R0GG06,0
A0A0R0GJ85,A0A0R0HSA0,0
A0A0R0KNS7,K7KVK2,0
I1LC01,A0A0R0EJV2,0
I1LJ94,I1K115,0
I1NBE9,I1MRI5,0
I1KYF8,I1LPK5,0
I1LPZ3,I1K4R8,0
C6SZM2,I1LH27,0
A0A0R0H296,I1N7F4,0
I1L8L5,K7MC85,0
I1K2Z9,A0A0R0EYS5,0
I1L690,A0A0R0JTV5,0
A0A0R4J3D2,I1NAF6,0
I1JTE4,I1JD07,0
I1KJ56,I1NCV4,0
I1JWF0,I1MNU1,0
A0A0R0FYN8,I1JV03,0
I1LKQ4,K7LSJ2,0
I1JML1,C6TCH4,0
I1KQP3,K7K4C7,0
I1JUR7,I1MC28,0
A0A368UJ64,I1J4B5,0
I1L3P6,A0A0R0K7U0,0
I1MNV4,I1MLJ0,0
A0A368UHM1,C6T065,0
I1LMP2,K7LQV0,0
I1K725,K7LTR0,0
C6SW43,I1MF50,0
A0A0R0EJE2,I1LEC4,0
I1N0I7,I1KXK6,0
A0A368UHG0,I1K115,0
K7MWR1,I1NG45,0
I1JHN5,K7MGQ2,0
K7N0U1,K7MNN5,0
K7M4N3,I1KM19,0
I1NH73,A0A0R0JJI0,0
I1KMP8,I1MF50,0
K7M5W5,K7L2R0,0
I1K7J4,I1K146,0
I1JWF0,A0A0R0E934,0
I1KYD6,K7M466,0
I1JUT9,C6T0A0,0
I1M7V7,A0A0R0K7U0,0
I1MUN3,A0A0R0JYX3,0
A0A0R0I1I4,A0A0R0K7U0,0
A0A0R0F0T6,I1KUB2,0
I1JIW3,A0A0R0EWR2,0
C6T8L7,C6TGZ1,0
A0A0R0GE84,I1JK31,0
I1JFN0,P17093,0
I1JG98,C6SZ70,0
I1MLZ0,I1JV03,0
I1KIY3,A0A0R4J488,0
A0A0R4J3Y6,I1M225,0
A0A0R0GE56,I1MEQ6,0
C6TMM7,K7MM40,0
I1LMW7,K7LLV5,0
I1LPI3,I1MC28,0
I1JUR7,K7M592,0
I1N9S5,I1LR48,0
Q2PMQ9,K7L4N7,0
K7L3K3,A0A0R0GFL3,0
I1KEG8,I1K4R8,0
A0A0R0G5A8,K7M846,0
I1NF54,K7MYK9,0
I1JVU8,A0A0R0EWR2,0
K7M5T0,I1JK31,0
C6T9S5,A0A0R0GG06,0
I1N8M4,A0A0R0GS25,0
I1KR80,I1NJ53,0
I1LHR1,A0A0R0EG78,0
I1MJM9,I1LH18,0
C6T2L5,I1LPJ8,0
C6SWZ1,A0A0R0K6I2,0
A0A0R0L115,I1KAD1,0
I1N9S5,I1N5D5,0
I1MNM3,I1L9K4,0
K7N0U1,I1KFL5,0
I1MVK7,A0A0R0L5Q1,0
I1MTH0,I1JUQ6,0
K7MVB9,K7N0V8,0
I1N6N9,C6T4V3,0
K7KNJ6,I1MU00,0
A0A0R0G3G4,I1MC28,0
I1KZW4,I1KEC8,0
I1L8H7,A0A0R0FZM4,0
A0A0R0EFE2,I1K6E7,0
I1MUQ7,A0A0R0HCS6,0
K7LQ96,K7LK09,0
I1KPQ8,I1KFL5,0
A0A0R0GNH6,I1MW51,0
I1K3U2,I1JRV0,0
I1L0M6,I1JAH7,0
K7KTT9,I1LLS8,0
I1N0I7,K7K318,0
I1KFI5,A0A0R0L4P0,0
I1MLH9,K7LCS7,0
C6T2Y4,I1K5B6,0
K7KLF0,I1JMZ7,0
K7LLK0,I1JD52,0
C6T0U3,K7LK09,0
K7MI53,A0A0R4J488,0
I1LKQ4,I1MVC6,0
I1JML1,I1NCV4,0
I1J9W0,C6T5R4,0
I1LMP2,I1JAH7,0
A0A0R0JJ98,I1JUQ0,0
I1LPI3,K7MC85,0
O48548,I1JD52,0
A0A0R0KJP6,K7KJB2,0
A0A0R0ET54,A0A0R0H141,0
Q2PMT2,I1NG45,0
I1JW21,I1KFL5,0
I1N1X8,I1JRV0,0
I1JBJ2,I1JRU7,0
I1MEZ1,A0A0R0GWH6,0
C6SZG8,I1LG13,0
C6TFR5,A0A0R0GWH6,0
I1M9T4,K7KQZ8,0
C6T2H2,C6TN69,0
A0A0R0FEN9,I1JUQ0,0
K7MVB9,I1K9J7,0
I1KUT8,I1MGG7,0
I1J4E1,I1JA95,0
K7KNJ6,K7L2R0,0
K7LWN2,K7N1T9,0
A0A0R0GRI6,I1K5B6,0
K7K794,K7N5K2,0
C6SVR8,I1LH27,0
I1N439,I1MEQ6,0
I1M2R5,A0A0R0K7U0,0
C6TNL5,A0A0R0G7I0,0
I1JW21,C6TD23,0
A0A0R0ESI3,I1LR48,0
A0A0R0FKK9,A0A0R4J488,0
I1KS88,I1LPK5,0
A0A0R0HHZ3,C6TJM4,0
C6TKG0,A0A0R0HSH0,0
I1MLN7,K7MXE0,0
I1K5K3,A0A0R4J426,0
K7MCH3,I1JD36,0
I1MT74,I1LW00,0
I1JBJ2,I1MVC6,0
C6TKL8,A0A0R0GUR9,0
A0A0R0L7S1,K7KW44,0
K7MMR4,K7LTR0,0
I1KRF9,A0A0R0GFL3,0
K7KKB2,K7MGQ2,0
C6TNX5,K7M6I1,0
I1L1N3,A0A0R0F214,0
K7L3P2,A0A0R0GAQ8,0
I1MK96,A0A0R0GG06,0
I1MTX9,A0A0R0FJR0,0
A0A0R0L4N1,K7LSG2,0
A0A0R0IAV3,C6TN69,0
K7KEV0,I1KEC8,0
I1N0W9,I1J4B5,0
A0A0R0H9H8,K7KNC5,0
I1KHL4,K7K4C7,0
K7M787,I1KAD1,0
C6T084,I1L9K4,0
A0A0R0FEN9,C6TK73,0
K7MI53,I1MC28,0
C6SVH9,A0A0R0JYX3,0
I1LM73,A0A0R0GFL3,0
O48901,I1K115,0
I1MYX8,A0A0R0EUJ0,0
K7LXT7,I1J4B5,0
C6T5Z0,K7K8Y9,0
I1K5K3,I1JC65,0
K7MGQ3,I1K4R8,0
I1JDH6,I1MLF1,0
C6TAF0,A0A0R0L828,0
I1KHL6,I1K115,0
I1JFN0,C6TK73,0
I1M7V7,A0A0R0EUJ0,0
C6SWG4,I1M277,0
I1KRZ2,I1NAJ5,0
C6T7N2,K7KWE4,0
I1JFS9,K7MGQ2,0
C5NTE7,I1KCY5,0
I1M100,I1LIU7,0
A0A0R0H2V0,I1M5B6,0
I1KS20,I1KFL5,0
I1KGI6,K7L6N7,0
I1NGD2,I1ML11,0
C6T083,K7MMD7,0
C6TKC3,C6T0A0,0
I1K2U0,A0A0R0KVY6,0
I1MK96,I1KAD1,0
A0A0R0G6V6,C6T2G5,0
K7LW22,K7KK86,0
K7M787,C6TIK0,0
I1M3Q3,A0A0R0L0E7,0
H2D4C3,K7MRF5,0
C6TKC3,I1NAJ5,0
I1LQ02,I1KXK6,0
I1K5J5,K7LIE3,0
I1N4X7,C6TD23,0
I1LMW7,I1MLJ0,0
I1KCX1,K7L7W0,0
K7K676,K7M841,0
I1N4X7,I1LR48,0
I1MDC4,I1N7F4,0
I1KVL0,I1LWZ0,0
I1JW64,K7LHS7,0
K7MPL4,A0A0R0FZM4,0
K7L9V3,I1LLS8,0
K7LQ96,K7L2R0,0
A0A0R0G342,K7LIE3,0
I1MJ97,K7M841,0
I1LZ09,K7MM40,0
I1L5H8,A0A0R0JSJ9,0
I1KGU0,I1LEC4,0
A0A0R0INQ5,C6TIK0,0
I1LYQ9,I1LUE0,0
I1MBM5,A0A0R0FXD4,0
I1L5Z7,A0A0R0GBB6,0
K7N0X7,I1KXK6,0
C6TMM7,I1KYL4,0
K7LA18,A0A0R0JJI0,0
I1N954,A0A0R0G7B5,0
I1NF54,A0A0R0L828,0
P46279,I1KJF2,0
I1N056,K7M841,0
I1M9F7,K7LFD7,0
K7LWN2,I1MJJ9,0
I1LC20,A0A0R0IZY4,0
I1KEY6,I1MLF1,0
C6SYQ2,C6TCH4,0
K7MMF4,I1JM18,0
I1MUC0,Q2PMR3,0
K7M5W5,A0A0R0GPH9,0
K7LUF9,A0A0R0IR73,0
I1K5L7,A0A0R4J4D0,0
I1LHY4,I1LM96,0
I1LIM0,K7MMD7,0
I1MFH3,I1LVN3,0
I1MTZ8,A0A0R0HSH0,0
I1JY87,K7MXE0,0
A0A0R0JLD5,A0A0R0G7I0,0
A0A0R0JH35,A0A0R4J2Y1,0
I1KGU0,A0A0R0ENB3,0
A0A0R4J2W3,A0A0R0EWR2,0
A0A0R0KE73,A0A0R0JSJ9,0
I1MTX9,K7L6N7,0
I1N9E1,I1MRP6,0
C6T084,I1MGG7,0
M1FN39,I1KAD1,0
I1NF12,C6T065,0
I1KQ68,I1KUS2,0
I1K5J5,K7MFE5,0
I1M0C2,I1LWZ0,0
C6SVV7,I1JUQ6,0
I1LYU9,I1LW00,0
I1KC19,I1MEQ6,0
A0A0R0L2U1,A0A0R0FTI5,0
I1MK36,A0A0R0GFH3,0
C6T3I8,A0A0R0HSA0,0
A0A0R0INQ5,C6T5R4,0
K7MWR1,K7N1L5,0
A0A0R0EWX9,Q2PMR3,0
I1KQE2,I1LLS8,0
I1JS66,I1JV03,0
I1LM73,I1LPK5,0
I1KH45,A0A0R0L4P0,0
I1J6B5,K7M592,0
I1KTD4,I1LIA8,0
I1LIM0,A0A0R0GBB6,0
C6TGR3,A0A0R4J4C3,0
C6SWM1,I1KSD0,0
I1LIK8,A0A0R0K6I2,0
K7L3P2,I1JAH7,0
I1JBJ2,K7MGQ2,0
I1MZ47,A0A0R0IZY4,0
I1K9P1,I1LH27,0
I1MV96,I1MC28,0
I1JXB4,K7M6Z2,0
I1LJA4,I1LL05,0
I1KS20,K7LTR0,0
I1KHL6,M1FN34,0
K7L3P2,A0A0R0F214,0
A0A0R4J3N1,I1MJJ9,0
C6T7N2,A0A0R4J2Q5,0
C6TKW2,I1KUS2,0
I1KD09,I1LIU7,0
I1KPA1,A0A0R0IT62,0
A0A0R0KNS7,C6SYE1,0
K7K3W5,C6TIQ7,0
A0A0R0EI44,I1KJF2,0
K7MI53,K7MM40,0
A0A0R0GG96,A0A0R4J4C3,0
I1KC19,I1KLS1,0
C6T567,K7LY43,0
I1J5B0,A0A0R4J4H3,0
I1LRB0,A0A0R0FGT9,0
I1M0S4,I1LR48,0
I1KJ56,I1MEF5,0
I1MC26,C6SZG1,0
I1M3Q8,A0A0R0KWT5,0
C6SVF8,A0A0R0KWL0,0
C6TNX5,I1KAR1,0
C6TNX5,I1KSL6,0
A5Z2K3,I1KD82,0
I1JE83,I1M1D5,0
K7M5W5,I1NCV4,0
A0A0R0GE56,I1NCF6,0
I1J8W9,K7L2R0,0
I1MT74,I1JUQ0,0
C6TL77,A0A0R0K6I2,0
K7MPL4,K7M6R4,0
A0A0R0FYN8,K7KK86,0
C6TG91,I1LWZ0,0
C6SWZ1,I1MRI5,0
A0A0R0JJK8,K7KES1,0
A0A0R0E907,A0A0R0JQJ0,0
K7MC09,C6TNW3,0
I1LJW2,K7KQZ8,0
I1K911,C6T2G5,0
C6SXJ9,I1JA95,0
I1M4P0,K7MM40,0
I1MC39,A0A0R0JRI8,0
I1LP56,C6T0A0,0
A0A0R0HDM5,K7KES3,0
I1NBC2,I1LPJ8,0
A0A0R0JB42,A0A0R0L4P0,0
I1MNU7,I1LEC4,0
K7KIU3,Q43463,0
C6SYA3,I1JMZ7,0
I1K5L7,K7LY43,0
I1K7N0,A0A0R0L828,0
I1JE93,I1NJ53,0
K7KLI7,K7MXH5,0
I1JDP3,A0A0R0JBV0,0
K7LGW1,I1N898,0
K7MH53,K7L2D7,0
K7MZ38,K7L7W0,0
I1MM64,I1LPJ8,0
A0A0R0FQN0,K7M6Z2,0
I1JNB0,K7M6J1,0
I1MYV4,I1MEQ6,0
I1J9W0,A0A0R0GBB6,0
K7M4N3,A0A0R0GFM7,0
A0A0R0FX70,K7LIE3,0
I1K2U0,A0A0R0F214,0
C6T0E4,K7LTR0,0
I1LP18,A0A0R0FER5,0
C6SWA0,I1K9J7,0
K7MGQ3,A0A0R0EUJ0,0
I1MTX9,A0A0R0JRI8,0
I1KRZ2,I1N761,0
I1L219,I1K4R8,0
I1LGI1,A0A0R0G7I0,0
C6SYR1,A0A0R0KVY6,0
I1JHN5,I1MLJ0,0
A0A0R0JLD5,I1LII4,0
I1JS66,C6T0A0,0
A0A368UHG0,K7KWE4,0
I1LSM6,I1LUE0,0
I1N7K6,A0A0R0FGT9,0
C6SXM9,K7M6I1,0
I1NDC0,A0A0R4J2Q5,0
I1J4E1,K7KVK2,0
I1NCS8,I1KAR1,0
I1LWR7,I1NCF6,0
I1LAR7,I1K970,0
A0A0R0KCY1,K7KQZ8,0
I1LBV2,A0A0R0HCS6,0
A0A0R0J7J3,I1JMZ7,0
K7MMG1,I1LUL2,0
I1KB25,I1K467,0
I1M3Q3,I1LPJ8,0
I1JRL7,I1MEQ6,0
I1K911,I1KUB2,0
I1K2J5,I1KZY8,0
I1LJ94,K7M849,0
I1K7N0,I1MTV9,0
I1LZM7,A0A0R0JTV5,0
I1NHQ1,K7MFZ6,0
K7L9V3,A0A0R0GS25,0
I1MSC6,A0A0R0JBL2,0
K7KDX2,A0A0R4J4C3,0
A0A0R0EWX9,A0A0R0KPE1,0
I1KGN6,K7N129,0
K7KKB2,I1MGG7,0
I1M6L1,A0A0R0L7U5,0
I1L6W0,A0A0R0JSJ9,0
C6T5Z0,A0A0R0FER5,0
C6TCW7,K7M849,0
A0A0R0JES0,A0A0R0HCS6,0
I1LY25,I1MNS7,0
A0A0R0KR16,K7N145,0
I1M3V1,I1LL05,0
I1NJ79,I1M269,0
I1N9E1,K7L9M2,0
K7LHR2,K7M6Z2,0
A0A0R0JH35,I1JMK4,0
I1KJW4,I1MNU2,0
I1MZ32,K7M6R4,0
K7LLK0,I1KZY8,0
I1K9B8,A0A0R0FXD4,0
I1KHL4,K7LCS7,0
I1MWF0,I1MZV0,0
I1MY43,A0A0R0EJV2,0
I1K650,C6SZG1,0
A0A0R0FYN8,I1MK72,0
I1KD09,I1KJF2,0
I1MSD9,A0A0R0EYS5,0
I1J553,I1KAD1,0
I1LP56,K7K8K7,0
A0A0R0H9H8,I1KCY5,0
I1KCN1,A0A0R0EWR2,0
I1KHL4,I1MZV4,0
C6SZY0,K7MMD7,0
K7KGJ8,I1JD36,0
I1M4P0,K7N1L5,0
I1NGD2,A0A0R4J4C3,0
I1MNK0,K7KQZ8,0
A0A0R0ESI3,A0A0R4J4C5,0
I1JU70,I1LIT1,0
I1MRS5,I1MQC8,0
C6TKL8,K7M849,0
K7LTQ1,K7KVK2,0
I1KMS4,I1JC65,0
K7KP67,I1NAF6,0
K7M4N3,I1LG13,0
Q2TFP1,I1LH18,0
Q2PMU2,A0A0R0FJR0,0
I1LA00,I1KAD1,0
C6SYR1,A0A0R0L828,0
I1K3U2,A0A0R0E934,0
I1KUT8,I1LPW2,0
K7MPL4,A0A0R0FX75,0
K7K415,K7LFD7,0
A0A0R0H7N0,I1K6E7,0
I1LPZ3,I1LUE0,0
C6T426,K7LQV0,0
I1L8G3,M1FN34,0
I1KHY2,A0A0R0H141,0
I1KJL3,I1JD36,0
I1L5Z7,K7LQV0,0
P07506,I1MVC6,0
A0A0R0F7J9,K7K4C7,0
I1LRE4,K7L6N7,0
K7M5W5,I1JD36,0
I1LJA4,K7L6N7,0
I1KH45,K7L2D7,0
I1N9E1,I1LPK5,0
A0A0R0G3G4,I1KJD2,0
I1LGI1,I1K115,0
I1KCN1,I1JB64,0
C6TKG0,I1K642,0
I1K9P1,I1LLS4,0
I1JDP3,A0A0R0EG78,0
I1LCX3,I1J547,0
A0A0R0FNM4,I1J8C9,0
K7MGK0,I1KEC8,0
I1KP31,I1KVC1,0
I1M7V7,K7KFY5,0
C6T2H2,I1JM18,0
A0A0R0L2U1,C6SYE1,0
I1JWF0,I1M277,0
I1M757,K7K894,0
I1JNV3,I1NIE5,0
K7LLK0,I1M277,0
I1LFQ4,I1KSL6,0
A0A0R0EFE2,I1JE09,0
I1KS88,I1NAF6,0
K7L8H2,C6TD23,0
K7MAP3,I1M1D5,0
K7KCG5,A0A0R0JSJ9,0
A0A0R0FX46,I1KYL4,0
I1NFU9,K7KFY5,0
I1LIM0,I1M3W1,0
I1L5H8,I1J4B5,0
I1JAG0,A0A0R0EKI7,0
A0A0R0L8Y1,K7MM40,0
I1LUL7,I1M1D5,0
K7LXT7,I1JUQ6,0
A0A0R0K5D9,K7MYK9,0
A0A0R0I8Z5,K7LLV5,0
A0A0R0HN81,C6TJM4,0
A0A0R0J7J3,I1MNU1,0
I1N0R5,K7LQV0,0
A0A0R0JH35,A0A0R0JQJ0,0
A0A0R0IAV3,C6T065,0
A0A0R0JYB5,I1LUL2,0
I1LGB1,I1KFL5,0
I1M6L1,C6T4V3,0
A0A0R0F077,I1K2I1,0
C6T2Y4,I1K970,0
K7KCG5,A0A0R0KE62,0
I1KLE1,A0A0R0KPE1,0
C6SXF5,I1M5B6,0
K7MGK0,I1NC50,0
I1M7B9,K7M6Z2,0
A0A0R0GE56,A0A0R0EDS9,0
I1NHI4,A0A0R0ESZ8,0
C6SYE0,I1LY15,0
K7MMF4,A0A0R0IT62,0
A0A0R0KH89,I1KJD2,0
Q2PMU0,P62302,0
I1LXH0,A0A0R0FX75,0
I1KPA1,A0A0R0GG06,0
I1LKQ4,C6T5U0,0
I1L1L2,I1LH27,0
I1LG61,M1FN34,0
I1JCY0,I1JYT2,0
I1K8C1,A0A0R0L7U5,0
I1J8V4,I1LH27,0
I1NCS8,A0A0R0HSA0,0
I1LYU9,A0A0R0FER5,0
I1KS88,C6TGZ1,0
I1KRZ2,I1MLF1,0
I1MNE4,I1K9J7,0
K7LZZ5,K7MNP5,0
I1JG98,I1L2H4,0
A0A0R0G6V6,I1J547,0
I1LMQ5,I1NCV4,0
A0A0R0JYY8,A0A0R0K7U0,0
I1NF12,A0A0R0G7I0,0
A0A0R0F2Z4,I1J8W6,0
I1MTX9,I1J8C9,0
K7MI53,A0A0R0KVY6,0
A0A0R0JJ98,A0A0R4J488,0
A0A368UHM1,I1LW00,0
K7K415,I1NG45,0
I1L250,K7MGQ2,0
A0A0R0J7J3,A0A0R0G7B5,0
I1N9S5,A0A0R0G7B5,0
I1MBR7,I1NG45,0
A0A0R4J3N1,I1MRI5,0
I1K628,K7KFY5,0
I1JBJ2,I1MRI5,0
I1JIJ4,A0A0R0IZY4,0
I1N9S5,A0A0R0KE62,0
A0A0R0FX70,I1MNS7,0
I1JZC3,I1NAJ5,0
A0A368UHE3,I1LIT1,0
I1LP18,A0A0R0GUR9,0
A0A0R0GCF5,A0A0R0JYX3,0
I1LG61,I1MNV2,0
I1MY33,I1LL05,0
I1JNB0,I1LIU7,0
A0A0R0J7Q5,A0A0R0EKI7,0
I1MGG3,I1JUQ6,0
K7L3K3,I1MU00,0
I1JDH6,I1JMZ7,0
I1KS36,I1LIT1,0
P46279,I1NCF6,0
K7L1B9,C6T065,0
A0A0R0IGP2,I1M5B6,0
K7LWC5,I1KUS2,0
C6T084,K7KQZ8,0
I1LZM7,C6T2G5,0
I1K5K3,C6T2G5,0
K7KTT9,M1FN34,0
C6T5Z0,A0A0R0IT62,0
K7K553,C6SW04,0
C6TBQ2,C6SX83,0
K7LWC5,C6SW04,0
I1MNV4,I1NIE5,0
I1MEF8,A0A0R4J4C5,0
I1M2R5,A0A0R0KWL0,0
I1MYX8,I1NAF6,0
I1MEF8,K7N1T9,0
C6SWA0,A0A0R4J2Y1,0
I1NDC0,I1JB64,0
I1K2J5,K7KVK2,0
I1JXB4,I1KH38,0
A0A0R0FQN0,C6TD23,0
K7KLF0,A0A0R0IF42,0
I1N1X8,A0A0R0HSH0,0
I1JMZ3,I1NCF6,0
K7MTC4,C6TIK0,0
K7N5D4,A0A0R0IF42,0
I1KHL6,I1MNV2,0
I1M7V7,I1K970,0
I1MIE5,C6TGA9,0
I1L1N3,I1LH27,0
K7LTQ1,I1JRV0,0
A0A0R0KCY1,I1N898,0
C6SWG4,K7LIE3,0
I1KRF9,A0A0R4J2Q5,0
C6SZG8,I1KTI0,0
I1KS20,A0A0R0K6I2,0
I1LRB0,I1LR48,0
I1MUQ7,C6SZG1,0
K7L1B9,O22518,0
A0A0R4J2W3,I1L7G4,0
A0A0R0I0B9,A1YZE0,0
I1LFQ4,I1LIU7,0
I1JP52,I1M3W1,0
I1J8W9,K7MYK9,0
I1K9B8,I1N761,0
K7MXD1,K7KWE4,0
A0A0R0KH89,I1KLS1,0
I1JR41,K7M6I1,0
K7LKS0,I1LHS8,0
I1LPJ3,K7LIE3,0
I1MY33,K7MGQ2,0
I1LSM6,A0A0R0KWL0,0
I1MSD9,I1KEC8,0
I1LIR4,I1K4R8,0
C6T8R7,C6SW04,0
A0A0R0KCY1,I1KH38,0
I1JTE4,I1K4R8,0
I1MV96,A1YZE0,0
A0A0R0L098,A0A0R4J4D0,0
I1JBJ2,A0A0R4J5K6,0
I1LYN0,A0A0R4J5K6,0
C6SW43,K7MXH5,0
A0A0R0E907,I1LWZ0,0
I1JDH6,K7MNN5,0
I1LC20,A0A0R0GPH9,0
I1N9I5,I1JFW6,0
I1KJT5,K7MXE0,0
I1L4B6,I1K642,0
K7LZZ5,I1NCV4,0
A0A0R0GJ85,A0A0R0FXD4,0
A0A0R0I1I4,K7MNN5,0
I1LCX3,O22518,0
I1LJI8,A0A0R0FTI5,0
K7MCH3,I1LM96,0
I1MNU7,I1MZV4,0
K7KE09,I1KHJ4,0
I1MBR7,I1LIT1,0
I1M6L1,A0A0R0JRI8,0
I1LQ02,I1LLS8,0
I1L1S1,I1LLS4,0
I1L9A1,A0A0R0FXD4,0
C6TKW2,C6TFX5,0
A0A368UJ64,A0A0R0F214,0
K7K553,I1KUS2,0
A0A0R0GBL8,I1JM18,0
C6SXF5,A0A0R0GFL3,0
I1JS58,A0A0R0EDS9,0
K7MZP6,I1LPK5,0
I1JR41,I1MNV2,0
I1K5G1,I1KXK6,0
I1LJ93,I1LPJ8,0
I1KHY2,K7M6I1,0
Q2PMT2,A0A0R4J4H3,0
I1JAG0,O22518,0
I1MT74,I1K970,0
A0A0R0EJE2,K7KTS8,0
I1K9B8,K7M4E0,0
I1MYV4,I1LII4,0
I1MLZ0,I1KAD1,0
C6SXM9,I1MRI5,0
I1KHL6,I1KYL4,0
K7MMF4,I1MLF1,0
A0A0R0E907,K7MM40,0
K7MVB9,C6SZG1,0
K7M4N3,A0A0R0IF42,0
I1JRA0,I1NCF8,0
A0A0R0F2G6,K7KK86,0
K7N0X7,K7MC85,0
I1LGI1,A0A0R0EYS5,0
I1LRB0,K7N1T9,0
I1KVS3,I1L7G4,0
C6F117,I1K1W8,0
I1JUR7,I1JD36,0
K7KLF0,I1MEF5,0
K7LQ96,A0A0R0JT51,0
I1MIE5,A0A0R0GFH3,0
K7KDM1,C6TJM4,0
I1KEG8,C6T065,0
I1KHL4,I1KUS2,0
A0A0R0K5D9,A0A0R0GS25,0
I1L215,K7K4C7,0
I1MY72,A0A0R0EWR2,0
A0A0R0FQN0,K7MGQ2,0
I1JCY0,K7N129,0
A0A368UHE3,A0A0R0HV63,0
A0A0R0GNH6,I1LM96,0
I1KZJ7,I1MW51,0
A0A0R4J3Y6,I1MEF5,0
A0A0R0KNE1,I1N5D5,0
I1LUL7,I1JRJ3,0
I1KJL3,A0A0R0FXD4,0
I1LSM6,K7LSG2,0
I1KNN1,A0A0R0G7B5,0
A0A0R0KNE1,A0A0R0EG78,0
I1LJW2,A0A0R0FXD4,0
I1L690,K7KWE4,0
I1LFW0,I1MU00,0
I1JBJ2,I1KXK6,0
A0A0R0H9H8,K7KTS8,0
I1KQG0,K7MTL2,0
A0A0R0KE73,I1JRU7,0
I1M6L1,K7M6R4,0
I1KJ98,I1KPE7,0
I1MKM3,A0A0R0K6I2,0
I1LYQ9,A0A0R0KWL0,0
O48548,I1KZK2,0
I1N056,K7L7W0,0
K7MMR4,A0A0R0GPH9,0
K7LQ96,I1KZK2,0
I1LFQ4,I1LW00,0
A0A0R0JZD5,I1NG45,0
I1JXQ3,K7LFD7,0
I1J7A8,I1MU00,0
I1LM73,I1MSN3,0
I1JXB4,I1MPJ4,0
A0A0R4J2N2,C6SZG1,0
I1JTE4,K7LIE3,0
C6TFR5,I1MNV2,0
M1FN39,K7MMD7,0
K7K9E1,A0A0R4J488,0
C6SVR8,K7MYK9,0
M1FN39,I1JE09,0
A0A0R0H7N0,A0A0R0L7U5,0
I1N8Q6,I1K4R8,0
A0A0R0GBL8,A0A0R0EDS9,0
I1JE38,A0A0R0GS25,0
I1KQE2,I1LLS4,0
C6SXJ9,I1MNU1,0
I1KUP5,I1LH27,0
A0A0R0K5D9,I1LL05,0
I1N8M4,I1K9J7,0
I1K3P0,A0A0R4J2Q5,0
I1LKQ4,K7M9T4,0
I1KZW4,A0A0R0FTI5,0
I1MWF0,I1JE09,0
I1K0C4,A0A0R0GUR9,0
K7L395,C6SYW6,0
C6TG81,C6SZG1,0
I1MJ97,K7MM40,0
I1L478,A0A0R4J5K6,0
C6TBN8,I1MF50,0
I1KBB6,I1LXQ3,0
A0A0R0GG96,A0A0R0G7B5,0
I1L8G3,C6SYE1,0
I1N0R5,K7MRF5,0
H2D4C3,A0A0R4J2Q5,0
C6TK75,A0A0R0L7U5,0
I1LZT5,I1KPE7,0
C6T567,K7L6N7,0
I1MEF8,I1M998,0
I1M5E2,C6TCH4,0
I1KXI7,I1KUB2,0
I1JTW0,I1KHJ4,0
K7LVE4,A0A0R4J488,0
I1LUF0,I1MNS7,0
I1M0S4,I1JFW6,0
I1K4U3,K7M4E0,0
A0A0R0KCV3,A0A0R0L0E7,0
I1KVX9,K7N145,0
I1KS88,A0A0R0K6I2,0
K7KPJ4,A0A0R0F214,0
I1LIR4,A0A0R0E934,0
I1KB25,I1LH27,0
I1MLH9,K7MNN5,0
A0A0R0K5D9,A0A0R0FB78,0
A0A0R0HSJ1,I1LPW2,0
K7K9E1,I1MNV2,0
A0A0R0IHF9,I1KUS2,0
C5NTE7,K7M6I1,0
I1KBM7,A0A0R0GWH6,0
I1L478,A0A0R0HCS6,0
A0A0R0FEI0,K7MNN5,0
A0A0R0K5X4,A0A0R0EKI7,0
I1MVE9,K7K318,0
I1MUQ7,I1L171,0
I1L3P6,I1KAR1,0
I1JW64,I1JM18,0
I1L1L2,A0A0R0GAQ8,0
A0A0R0LA89,A0A0R0FM97,0
I1JFN0,I1MPJ4,0
K7MVB9,K7L6K2,0
A0A0R4J389,C6SYE1,0
I1L3P6,K7KK86,0
I1KGI6,K7K894,0
I1KB26,K7K318,0
I1KRD4,I1KAD1,0
I1JXB4,I1MC28,0
I1K650,I1K146,0
I1MHA4,I1LR48,0
A0A0R0KFE8,A0A0R0HV63,0
K7LVE4,I1LL05,0
I1L8L5,K7KVK2,0
I1J8W9,I1J9I1,0
I1JNV3,I1NAF6,0
C6T3I8,A0A0R0ENB3,0
K7L240,C6SZ70,0
I1MZ47,I1MRI5,0
I1JHN5,A0A0R0JBL2,0
P48513,K7N145,0
I1JNV3,C6TJM4,0
K7MAP3,I1LWZ0,0
I1J870,A0A0R0EG78,0
I1LIH7,A0A0R0G7B5,0
C6SWI9,I1KYL4,0
C6TKC3,I1KSD0,0
I1NFU9,I1K146,0
A0A0R0HIA6,A0A0R0K6I2,0
I1KBQ5,I1JC65,0
A0A0R0E3E6,A0A0R0H141,0
I1L5Z7,K7M6Z2,0
I1KQ68,A0A0R4J5K6,0
A0A0R0F077,K7K8Y9,0
I1MY72,I1KPE7,0
I1KB26,A0A0R0F214,0
K7MD28,K7KNC5,0
K7MGK0,I1KUS2,0
C6T8R7,A0A0R0GS25,0
A0A0R0GE84,A0A0R0FER5,0
C6SYE0,I1JUQ6,0
I1LUF0,I1KSL6,0
I1KNN1,I1K146,0
I1K5H2,I1N8M8,0
K7LRU2,A0A0R0JT51,0
C6TKL8,I1LUE0,0
K7M142,K7KW44,0
K7KDM1,K7M592,0
I1NDG6,I1KVC1,0
I1KHY2,K7LTR0,0
I1KTD4,K7M849,0
I1JMZ3,I1MNV2,0
I1L8H7,A0A0R0F214,0
I1LFW0,I1M5B6,0
C6SZ22,A0A0R4J426,0
C6T2Z2,C6TIK0,0
I1JCY0,K7M466,0
I1MBM5,I1KVC1,0
A0A0R0H9H8,I1NAF6,0
I1MUN3,I1K115,0
I1JAF7,A0A0R0GAQ8,0
I1N9E1,K7M592,0
A0A0R0JJ98,I1KSL6,0
A0A0R0JJ98,I1MEQ6,0
I1JHN5,I1LVN3,0
I1KFI5,O22518,0
I1KCH6,A0A0R0KE62,0
I1MQD0,I1LLS8,0
A0A0R0ESI3,I1MEF5,0
I1MGB0,A0A0R0FER5,0
A0A0R0GYG1,K7LLV5,0
A0A368UHG0,I1LPJ8,0
C6SVB5,I1LIA8,0
A0A0R0EYA9,K7KJB2,0
I1LZM7,I1L332,0
I1LJ94,I1J9I1,0
I1KHY2,C6SX83,0
C6TGR3,K7LSJ2,0
C6T1E6,K7KK86,0
A0A0R0HXE9,I1L9K4,0
I1NH73,I1M998,0
C6TKB2,I1LH27,0
A0A0R0J2L9,I1NC50,0
I1M100,Q43463,0
K7KGE9,I1JMZ7,0
I1KJH7,I1JYT2,0
C6SZM2,A0A0R0KE62,0
I1M2R5,K7MFZ6,0
I1LFQ4,I1K3X9,0
I1LRE4,A0A0R4J4D0,0
I1NBQ2,A0A0R0IR73,0
K7M1G4,I1JUQ0,0
K7MPL4,I1LW00,0
I1JY87,C6TBL4,0
C6T968,I1N898,0
I1JKP1,K7KK86,0
K7MTC4,I1JRV0,0
C6TNL5,I1LEC4,0
I1KJW4,I1JYT2,0
I1NIJ9,K7LQV0,0
K7K3W5,K7M9T4,0
I1KB26,I1N5D5,0
I1MBM5,I1KZ09,0
C6TNX5,K7KES3,0
I1N1Y6,I1KH38,0
I1M7C1,I1LGD6,0
C6SZM2,P17093,0
I1N0F1,K7MQG6,0
K7KDX2,K7LLV5,0
K7LWN2,I1NCV4,0
I1KPU4,K7KJB2,0
I1N6N9,A0A0R0EYS5,0
I1MY72,I1LH18,0
A0A0R0IHF9,C6SZG1,0
I1KEY6,I1K215,0
I1JDR2,C6TJM4,0
A0A0R0KTM7,C6SZG1,0
I1MNV4,A0A0R0HSH0,0
I1JHN5,A0A0R0EJV2,0
I1KVL0,A0A0R0GFL3,0
I1MC26,I1LFD2,0
I1KXI7,I1LPW2,0
I1LMP2,I1LLS8,0
C6SWA0,A0A0R0G7B5,0
A0A0R0GBL8,I1KUB2,0
I1JL13,K7L2D7,0
C6TG81,I1LY15,0
I1MYX8,I1LM96,0
I1NDC0,K7MNP5,0
A0A0R0KE73,K7L2R0,0
I1KQP3,K7LLV5,0
A0A0R0L7S1,A0A0R0K0K3,0
I1MY33,K7M864,0
C6T0E4,I1L332,0
I1MLN7,I1KUB2,0
K7M787,C6TBL4,0
I1KCX1,A0A0R0E934,0
I1JZC3,I1KPE7,0
C6TKW2,A0A0R4J488,0
K7LJV1,C6TN69,0
I1MVE9,I1KJF2,0
P46279,C6T5U0,0
C6SY81,I1N761,0
A0A0R0FSY2,K7M849,0
I1KUT8,C6SYW6,0
K7KNJ6,I1MW51,0
I1KQB9,I1KAD1,0
A0A0R0IHF9,I1N8M8,0
K7LIW2,I1KUS2,0
I1L215,I1MNU2,0
I1JNK6,I1L3P5,0
I1NBE9,I1ML11,0
I1KQB9,Q43463,0
A0A0R0FX46,I1N780,0
K7L9V3,I1JUQ0,0
I1JKS2,C6TCH4,0
I1LYG4,I1MPJ4,0
I1JVP4,A0A0R0GFM7,0
I1N6Z0,I1LWZ0,0
A0A0R0L115,I1K4R8,0
C6SYR1,I1MNV2,0
A0A0R0GJ85,K7KK86,0
I1KH45,K7M6Z2,0
K7L240,I1MNU1,0
A0A0R0GRI6,I1ML11,0
I1KRF9,K7MM40,0
I1MVE9,A0A0R0JJI0,0
K7LRU2,K7KTS8,0
I1LR08,I1K5K7,0
I1KCX1,I1L2H4,0
I1KZJ7,A0A0R0F214,0
C6SY81,K7LY43,0
O48901,O22518,0
K7KLF0,I1LGD6,0
I1KQC7,I1NJ53,0
C6TG91,C6SZG1,0
I1LFQ4,I1MNS7,0
A0A0R0JB42,I1K146,0
I1N9S5,I1K9J7,0
I1MTH0,K7N129,0
I1MY33,K7LQV0,0
I1LH11,K7N5K2,0
I1MXT2,K7K8K7,0
I1N9I5,K7LNG6,0
I1MT74,I1JD36,0
I1LY25,I1MEQ6,0
I1NIE7,Q2PMR3,0
A0A0R0L098,I1MW74,0
I1L1S1,I1K215,0
A0A0R0H8M3,K7M6J1,0
K7KEV0,I1KZK2,0
K7LKS0,K7L7W0,0
A0A0R0K6F4,I1JYT2,0
K7K9E1,K7M849,0
I1NIJ9,I1LG13,0
A0A0R0GJ85,I1K2I1,0
I1LSM6,I1KAD1,0
I1KVL0,I1M5B6,0
K7MVB9,I1NAJ5,0
I1L0M6,I1L332,0
K7K676,C6TJM4,0
I1M3Q3,O22518,0
I1KBM7,I1JVX3,0
I1KC19,K7L4N7,0
I1JS58,C6SX83,0
A0A0R0LFT0,I1NG45,0
K7MGK0,I1MC28,0
A0A0R0JYB5,I1LR48,0
I1LLA9,K7LSG2,0
I1NF12,K7MNP5,0
I1LZM7,K7M4E0,0
C6TAW8,I1K970,0
I1L524,A0A0R0HCS6,0
C6TD73,A0A0R0HV63,0
C6SWM1,A0A0R0G7I0,0
Q2PMT2,I1JC65,0
I1JW64,A0A0R0HV63,0
I1NGD2,K7M6J1,0
I1JIP5,K7L7W0,0
K7L240,A0A0R4J5C5,0
K7LA18,K7L6K2,0
A0A0R0L7S1,I1LEC4,0
I1JDH6,K7M6I1,0
I1KVX9,K7LSG2,0
A0A0R0KJP6,I1KEC8,0
K7L240,K7MMD7,0
K7KZ42,A0A0R0JJI0,0
C6TGR3,I1L171,0
A0A0R4J389,I1JUQ0,0
K7LVE4,C6TGZ1,0
A0A0R0JZD5,I1M269,0
I1MBR7,A0A0R0JJI0,0
I1LIH7,I1KZ09,0
I1M4Y9,A0A0R4J2Q5,0
A0A0R0FX46,K7M849,0
I1KQP3,A0A0R0GPH9,0
A0A368UH03,K7LSJ2,0
C6TAW8,I1LPJ8,0
I1KMP8,A0A0R0GJV8,0
I1K620,I1MC28,0
I1MNK0,I1M998,0
A0A0R0H296,I1MQC8,0
A0A0R0IHF9,K7KNC5,0
I1M0N9,C6T4V3,0
K7MXD1,I1L7G4,0
I1K620,K7M466,0
I1KIY3,I1KFL5,0
I1KVX9,I1L2H4,0
I1LBV2,I1K642,0
I1LDA7,I1MU00,0
C6TG99,I1JM18,0
K7KE09,I1MSN3,0
K7KP66,K7N0V8,0
A0A0R4J3R4,I1KUB2,0
I1MNK0,A0A0R0GJV8,0
K7K2H1,C6SZQ0,0
K7KP66,A0A0R0FTI5,0
I1K2Z9,I1K215,0
I1KMS4,K7LK09,0
I1LC20,C6SYW6,0
I1K2U0,A0A0R0FB78,0
I1KB25,I1MZV4,0
I1JFF6,K7N129,0
K7LEG0,K7MFZ6,0
I1NBE9,I1NIE5,0
I1MBA2,I1LIA8,0
I1JDH6,K7N0V8,0
I1LFW0,I1K970,0
I1MGB0,K7LTB2,0
I1MC26,I1KYL4,0
C6T530,K7N1L5,0
I1KAJ2,K7L2D7,0
K7MCD1,I1LGD6,0
C6TG81,I1JRU7,0
I1N8Y6,A0A0R0FTI5,0
I1JR41,A0A0R0L5Q1,0
I1K7J4,A0A0R0GFM7,0
I1JNK6,A0A0R0ENB3,0
A0A0R0JG07,K7L7W0,0
I1KQB9,A0A0R0JRI8,0
K7LRU2,I1KYL4,0
I1KTL9,A0A0R0KWT5,0
I1JAF7,K7LSG2,0
I1J5B0,A0A0R0FTI5,0
K7M1G4,C6TBL4,0
A0A0R0GE56,K7KQZ8,0
I1MBR7,I1JVX3,0
I1J5B0,I1K115,0
I1JUR7,I1LFD2,0
A0A0R0I8Z5,K7K894,0
I1JNB0,I1LIT1,0
K7LTQ1,I1JUQ0,0
I1JM69,K7KAB4,0
C6TNX5,C6T4V3,0
A0A0R0KE73,I1KXK6,0
C6TG91,A0A0R0EJV2,0
I1KQB9,I1JHJ0,0
I1LWR7,I1KJF2,0
I1KEY6,I1LUE0,0
I1J870,A0A0R0JJK0,0
I1M7V7,I1K6E7,0
I1LYQ9,K7MYK9,0
I1KZW4,K7LSJ2,0
A0A0R0HIA6,I1KUS2,0
I1MNU7,I1M1D5,0
I1MEF8,I1JYT2,0
I1KRD4,C6TJ17,0
I1KLS4,I1LIU7,0
I1JIJ4,A0A0R0K7U0,0
A0A0R0H8M3,C6TIK0,0
I1JAF7,K7LIE3,0
I1LJW2,I1KYL4,0
C6SW69,I1JMH3,0
I1MHS1,I1KXK6,0
C6TAF0,I1N7F4,0
K7KZ42,I1MNS7,0
I1KQ68,I1LM96,0
I1NF12,A0A0R4J4D0,0
I1MM64,I1JRV0,0
K7LXT7,K7MNP5,0
I1MQD0,A0A0R4J4C5,0
I1LIS4,I1KAD1,0
C6SYR1,K7KK86,0
I1JUR7,I1MSN3,0
I1N0U4,I1LUL2,0
I1NBE9,A0A0R0GBB6,0
C6SZY0,I1KHJ4,0
K7M5W5,A0A0R0ESZ8,0
I1JIW3,I1LH18,0
I1N0R5,I1LIU7,0
A0A0R0JG07,I1JMH3,0
K7LGW1,I1L332,0
I1LM73,K7L939,0
A0A0R4J3Y6,C6TFX5,0
K7MZ38,I1MEQ6,0
I1JV48,I1LW00,0
K7KYY0,K7N5K2,0
K7K3W5,I1KD82,0
I1MLH9,A0A0R0JTV5,0
I1L3P6,I1J547,0
I1N954,I1K146,0
C6F117,A0A0R0EJV2,0
I1J5Q1,K7LLV5,0
I1MBR7,K7N1T9,0
I1JFS9,I1MNU1,0
K7LXT7,K7LLV5,0
I1JNB0,I1MNV2,0
A5Z2K3,I1M998,0
I1NCS8,I1LVN3,0
I1J8V4,I1KH38,0
K7LIW2,C6SYE1,0
I1MYV4,A0A0R0EJV2,0
I1KNN1,K7N5K2,0
I1NFU9,I1JFW6,0
K7KVG4,K7LTB2,0
C6SYQ2,A0A0R0FEN3,0
I1MY33,I1MVC6,0
I1JVP4,I1J8C9,0
I1N9E1,I1JM18,0
I1MU29,A0A0R0FGT9,0
A0A0R0FQN0,I1MTV9,0
I1JHC2,I1LHS8,0
I1LYU9,I1JMK4,0
I1JKP1,C6TGA9,0
A0A0R0J2L9,I1MNS7,0
I1LAR7,A0A0R4J5C5,0
K7KLF0,I1JMK4,0
I1K9P1,K7LCS7,0
A0A0R0L2U1,I1LPJ8,0
C6SZG8,C6T5R4,0
I1N954,I1J547,0
K7MMG1,A0A0R0JJK0,0
I1K911,I1JK31,0
I1KEG8,K7MQG6,0
I1N6N9,K7M592,0
A0A0R0L7S1,A0A0R0FEN3,0
A0A0R0FEN9,K7KWE4,0
C6SWD4,I1KYL4,0
I1JR41,I1M3W1,0
K7MPL4,O22518,0
A0A0R0H8M3,I1KTI0,0
K7M4N3,I1NCF6,0
A0A0R0L8Y1,I1MNV2,0
I1KTD4,A0A0R0IZY4,0
C6SYF3,I1LH27,0
I1JAG0,I1JD52,0
I1NHI4,A1YZE0,0
I1NH73,C6TJM4,0
I1L8L5,I1K215,0
I1LKQ4,I1J4B5,0
I1KXG2,K7LK09,0
K7M4N3,I1JMK4,0
K7LTQ1,I1KJD2,0
C6T7N2,I1MQC8,0
I1LGB7,A0A0R0H141,0
P46279,A0A0R0ENB3,0
I1MV96,I1KD82,0
I1M9F7,K7M841,0
I1L6W0,K7LLV5,0
I1K3U2,I1LWZ0,0
I1MV96,A0A0R0FXD4,0
I1MC26,K7M592,0
I1NHI4,I1K146,0
I1KGI6,K7MFE5,0
K7LIW2,A0A0R0FX75,0
I1KVS3,I1N5D5,0
I1J6B5,I1M1W3,0
I1MQD0,I1L3P5,0
I1LDA7,A0A0R0JRI8,0
C6T1E6,A0A0R0KVY6,0
A0A0R0KE73,C6T4V3,0
I1JZC3,I1MNU1,0
A0A0R0HSV1,I1MQC8,0
C6TKL8,I1MNU2,0
I1MV96,A0A0R0EDS9,0
K7MD28,A0A0R0FER5,0
A0A0R0G5V6,I1LH18,0
I1M4P0,A0A0R0JBV0,0
A0A0R0FKK9,I1MZV4,0
I1LIK8,K7M849,0
I1K7J4,K7M849,0
I1JDH6,K7KFY5,0
I1KRD4,C6T5U0,0
I1JCY0,I1JB64,0
I1JRL7,I1N8M8,0
I1KS36,K7MXE0,0
I1K7J4,I1LY15,0
I1MBR7,I1K970,0
I1MWP7,K7L2D7,0
I1KGN6,I1L2H4,0
A0A0R0KCV3,I1KYL4,0
K7KGC2,A1YZE0,0
K7LHR2,A0A0R0JT51,0
A0A0R4J4C8,K7N1L5,0
K7KKB2,I1JD52,0
I1L250,K7K318,0
K7LWN2,A0A0R0FZM4,0
A0A0R0F2Z4,C6TGZ1,0
I1J4E1,I1MEF5,0
C6T083,I1LW00,0
C6T883,I1KHJ4,0
A0A368UHG0,C6T5U0,0
I1JRL7,A0A0R0G7B5,0
I1JUI1,A0A0R0EWR2,0
A0A0R0G5V6,I1KHJ4,0
K7MVB9,K7KK86,0
I1JWH5,I1JUQ0,0
I1LP56,A0A0R0JBL2,0
A0A0R0HN81,I1LGD6,0
K7MNC0,A0A0R4J2Q5,0
I1M7C7,A0A0R0EWR2,0
I1NGQ5,I1MC28,0
C6TKB2,K7M6J1,0
K7K3W5,K7MGQ2,0
K7LWC5,A0A0R0JBL2,0
A0A0R0HIA6,K7MQG6,0
I1JML1,K7M846,0
I1J6B5,I1N7F4,0
A0A0R0J7J3,A0A0R0FGT9,0
I1M3V1,C6TFX5,0
K7KE09,A0A0R0JQJ0,0
C6SXF5,I1NCF6,0
C6T567,A0A0R4J2Y1,0
K7MXS9,I1JE09,0
K7K794,I1LIA8,0
K7MNC0,I1KAR1,0
I1LS70,I1J4B5,0
I1KQE2,I1LLK1,0
I1JAG0,C6SYW6,0
K7MRX6,I1MJJ9,0
M1FN39,I1LEC4,0
C6SWL3,K7M846,0
C6T9S5,I1NCF6,0
I1L215,A0A0R0KVY6,0
I1KZJ7,K7MXE0,0
I1JFN0,K7KES3,0
A0A0R0ESI3,K7L2R0,0
A0A0R0JKU3,I1NCF8,0
K7KVG4,I1LUL2,0
C6T3I8,C6TK73,0
A0A0R0EI44,I1KEC8,0
K7MCH3,I1LL05,0
A0A0R0EYA9,A0A0R4J488,0
I1KJH7,I1KSL6,0
I1J9W0,K7LLV5,0
I1MJM9,K7KES1,0
A0A0R0ESI3,I1J547,0
I1MDC4,I1M998,0
I1N0R5,K7L2R0,0
I1JIW3,I1N898,0
I1M757,I1LIU7,0
I1JTW0,I1MRI5,0
I1LIS4,K7LLV5,0
I1JS58,K7LSJ2,0
I1L653,I1J8W6,0
I1J5U5,I1M5B6,0
A0A0R0K6F4,I1LL05,0
A0A0R0H9H8,K7M466,0
I1J4E1,I1JRV0,0
I1MNK0,A0A0R0GUR9,0
A0A0R4J3Y6,I1KD82,0
I1L1N3,K7MQG6,0
I1KR80,K7M592,0
I1JS58,I1J9I1,0
A0A0R0JJK8,K7MYK9,0
I1MT74,I1JMH3,0
A0A0R0FEI0,I1JRV0,0
K7KDA5,I1LUE0,0
I1LYG4,I1N761,0
I1MRS5,A0A0R0EKI7,0
K7MPL4,I1M277,0
C6TLV6,C6T4V3,0
A0A0R0L115,I1JB64,0
A0A0R0LB39,C6T5U0,0
K7LW22,K7KK74,0
I1LP56,I1MW74,0
I1NHQ1,A0A0R0L828,0
C6T426,I1LG13,0
A0A0R0EZ39,I1J4B5,0
A0A0R0I8Z5,I1LUE0,0
K7LIW2,A0A0R0K6I2,0
I1MLZ0,K7MTL2,0
K7KYE0,A0A0R0GS25,0
K7LRU2,A0A0R0FM97,0
K7MNC0,I1N5D5,0
I1NC77,I1K5K7,0
A0A0R0F077,I1LHS8,0
A0A0R4J2K3,I1K2I1,0
K7L3K3,I1KZK2,0
I1KBB6,I1L2H4,0
C6TG91,A0A0R0JTV5,0
I1L6W0,K7LTR0,0
K7LW22,A0A0R0L828,0
C6T3I8,I1L332,0
C6SY99,K7L4N7,0
I1JZC3,I1KZ09,0
K7L9V3,I1MC28,0
K7LHR2,K7MFE5,0
I1K8N0,K7LHS7,0
C6SY99,C6SYW6,0
C6T2L5,I1L9K4,0
A0A0R0E907,K7MXE0,0
I1LD74,C6TGZ1,0
I1LGB7,A0A0R0GBB6,0
A0A0R0J7J3,I1JK31,0
I1JDP3,I1JV03,0
I1JZC3,I1M1W3,0
K7L3P2,I1MRI5,0
A0A0R0IGP2,I1MW74,0
I1M7C7,I1JB64,0
I1M9T4,I1MQC8,0
I1M3Q3,I1M3W1,0
Q2PMU0,I1LLK1,0
Q2PMT2,K7N145,0
I1JUI1,I1MW74,0
A0A0R0JYY8,A0A0R0FTI5,0
I1KZJ7,A0A0R4J5K6,0
C6TBJ1,I1KZ09,0
I1LJA4,A0A0R4J384,0
I1MTZ8,I1MC28,0
I1JG98,I1LXQ3,0
C6SXM9,K7L4N7,0
I1KAJ2,I1L171,0
I1MHS1,K7MNP5,0
K7L240,C6TD23,0
K7M787,C6TGZ1,0
K7L8H2,K7K8Y9,0
C6T3K0,K7KK74,0
K7LJF6,I1N780,0
I1JW64,I1LH18,0
C6SY99,I1JMK4,0
I1KCN1,K7KWE4,0
I1N0F1,A1YZE0,0
A0A0R0GE84,K7L2D7,0
I1N9I5,I1KH38,0
I1KPU4,A0A0R0FXD4,0
I1MBW8,I1MSN3,0
K7LLK0,A0A0R0EUJ0,0
I1JZC3,A0A0R0H141,0
C6SVH9,C6TJ17,0
I1MRY0,K7MGQ2,0
K7KKB2,A0A0R4J4H3,0
K7K9E1,I1MZV4,0
I1K2U0,C6TD23,0
I1KNN1,A0A0R4J4C5,0
P09755,I1M1W3,0
I1JE93,A0A0R4J4D0,0
I1NH98,P62302,0
I1JWH5,I1LIU7,0
K7MC09,A0A0R4J5K6,0
Q2PMQ9,I1KZY8,0
I1L1L2,I1NG45,0
I1M7V7,I1L171,0
I1L6W0,A0A0R0G7B5,0
I1L8S1,K7KH93,0
C6T0E4,A0A0R0EDS9,0
A0A0R0HHZ3,I1LLK1,0
C6SZ22,K7L9M2,0
A0A0R0KH89,I1MPJ4,0
I1MVK7,I1KZY8,0
A0A0R0K0L0,I1KSD0,0
P48513,I1LPK5,0
I1NH98,I1KPE7,0
I1M717,K7LQV0,0
I1JV48,A0A0R0FX75,0
I1L215,I1LM96,0
I1N0F1,K7LSJ2,0
A0A0R0EZ39,I1LM96,0
C6SVR8,I1JMH3,0
I1M9T4,I1JYT2,0
K7KZ42,K7MNP5,0
I1M3Q8,I1JD36,0
A0A0R0KH89,A0A0R0E934,0
C6T084,I1MPJ4,0
C6TKG0,A0A0R0FX75,0
A0A0R0FYN8,I1NIE5,0
A0A0R0H296,I1KD82,0
C6F117,I1KZY8,0
I1MNV4,I1KPE7,0
A0A0R0FJF0,K7M6Z2,0
K7MD28,I1KAD1,0
K7KVG4,A0A0R0L5Q1,0
I1KXG2,K7M592,0
A0A0R0JZD5,I1KH38,0
C6SWI3,K7L2D7,0
C6T2L5,I1KM19,0
K7MAP3,I1LL05,0
I1JXB4,I1LUL2,0
I1LJI8,A0A0R0FEN3,0
I1L5Z7,I1LHS8,0
K7M1G4,I1LPW2,0
I1LYN0,I1MNU1,0
Q2TFP1,A0A0R0GFL3,0
I1KJT5,I1KM19,0
C6TNL5,I1LPW2,0
I1LMQ5,I1M998,0
A0A0R0L4N1,I1LIT1,0
I1MY33,I1JUQ0,0
I1K5L7,I1JUQ0,0
A0A0R0JB42,C6TJM4,0
K7L240,I1LL05,0
I1LP56,K7M864,0
K7MS88,A1YZE0,0
C6T2Y4,K7K8K7,0
I1MEF8,K7KAB4,0
I1J5B0,I1LIT1,0
I1K911,K7LTB2,0
I1LMW7,K7M6J1,0
A0A0R0HHZ3,A0A0R0HSH0,0
I1MEZ1,A0A0R0ESZ8,0
A0A0R4J3Y6,A0A0R0JJI0,0
I1LP18,K7LLV5,0
K7K415,I1JVX3,0
K7N5D4,K7K8Y9,0
I1LC20,I1KMS8,0
C6T083,I1M998,0
K7KIU3,A0A0R0KWT5,0
I1KP31,C6TCH4,0
A0A0R0K5X4,I1K467,0
A0A0R0FEN9,K7MC85,0
A0A0R0F7J9,C6TN69,0
K7KP66,K7M6Z2,0
I1MLK3,A0A0R0EYS5,0
A0A0R0HHZ3,A0A0R0JBV0,0
C6TG91,I1J9I1,0
I1KJH7,K7MM40,0
C6TKL8,I1NG45,0
I1MNK0,A0A0R4J2Q5,0
I1LFQ4,I1LH18,0
C6T3I8,A0A0R0JSJ9,0
I1KBB6,K7LSG2,0
I1NDG6,A0A0R4J4H3,0
I1MT74,A0A0R4J488,0
I1MZ47,I1J4B5,0
K7MI53,I1LLS4,0
A0A0R0EFE2,K7M6Z2,0
I1K5H2,A0A0R0KWT5,0
I1K628,I1MRP6,0
A0A0R0FX70,K7M9T4,0
I1MT74,I1JRV0,0
C6SZG8,I1K970,0
I1MDC4,K7L2D7,0
A0A0R0ESI3,I1JRJ3,0
I1L8H7,K7LK09,0
I1LPC3,A0A0R0HV63,0
I1LIR4,A0A0R0KWL0,0
I1J8W9,K7KES3,0
K7KEV0,I1J4B5,0
I1KQE8,C6TIQ7,0
I1LZM7,I1JRU7,0
A0A0R0F2G6,K7KTS8,0
C6SZL0,I1KJD2,0
C6SW69,K7MTL2,0
I1N1X8,K7M4E0,0
I1LFQ4,I1K146,0
I1LRE4,K7MQG6,0
A0A0R0GJ85,C6TFX5,0
I1MV96,I1JE09,0
I1L8L5,I1LPW2,0
I1KPQ8,I1K3X9,0
C6SYR1,A0A0R0EUJ0,0
C6SVU4,A0A0R0JQJ0,0
I1JFS9,A0A0R0JYX3,0
K7MGQ3,I1LFD2,0
I1MXT2,I1JRV0,0
Q2PMT2,A0A0R0IF42,0
I1LZM7,A0A0R0FTI5,0
I1MXT2,C6TN69,0
I1NIE7,I1LL05,0
I1MY33,A0A0R4J5K6,0
A0A0R0EZ39,A0A0R0L0E7,0
P46279,K7K8K7,0
A0A0R0GE84,I1N780,0
I1J9J7,A0A0R0HSA0,0
I1K3P0,A0A0R4J5B7,0
I1JXB4,I1JV03,0
K7LWN2,I1LWZ0,0
I1K8N0,A1YZE0,0
I1NDC0,A0A0R0ESZ8,0
M1FIU8,C6SYE1,0
I1MNE4,I1JE09,0
I1LGB7,I1KZK2,0
I1KCX1,I1NG45,0
C6SZM9,I1LLK1,0
I1MTX9,I1N780,0
A0A0R0LFT0,I1N780,0
I1KQB9,A0A0R0GJV8,0
I1JAF7,K7LY43,0
A0A0R0EWX9,I1NCV4,0
I1JMZ4,I1L171,0
K7MI53,A0A0R4J5K6,0
C6SYA3,A0A0R0IF42,0
K7LLK0,I1KSD0,0
I1MM64,I1MNV2,0
C6T3I8,I1LLS4,0
I1MVE9,I1N5D5,0
C6T2H2,A0A0R0FGT9,0
A0A0R0HDM5,K7N1L5,0
I1MLH9,A0A0R0KWT5,0
I1L8H7,K7N5K2,0
I1KJH7,I1KAD1,0
I1KBQ5,C6TD23,0
I1JML1,I1J547,0
I1N0I7,A0A0R0IF42,0
K7LQ96,I1LIA8,0
I1KPT1,I1KLS1,0
I1JMZ3,I1JUQ0,0
I1J5Q1,C6SYW6,0
K7LJF6,A0A0R0JTV5,0
I1M0C3,I1J547,0
C6TC92,I1KEC8,0
I1LMP2,I1MLF1,0
I1LIM0,C6T0A0,0
I1LHR1,I1N8M8,0
K7N0U1,I1LLK1,0
I1KB25,I1M225,0
I1LDA7,K7MMD7,0
I1LG61,I1LY15,0
I1KYF8,C6SZ70,0
I1J553,K7MMD7,0
I1NGQ5,A0A0R0EG78,0
I1KBM7,A0A0R0IT62,0
I1LFQ4,I1MLF1,0
I1MSD9,K7K4C7,0
I1JFN0,C6TD23,0
A0A0R0FX46,C6SZG1,0
C6T5Z0,C6T5U0,0
A0A0R4J3R4,K7N5K2,0
I1LUF0,I1KTI0,0
I1KTL9,I1KUB2,0
C6TNX5,K7LNG6,0
K7MXS9,A0A0R0FM97,0
K7KIU3,A0A0R0HSA0,0
I1MNK0,K7MYK9,0
I1KXI7,A0A0R0FTI5,0
I1JHN5,I1K3X9,0
I1MK96,A0A0R0L5Q1,0
I1KQP3,I1MNS7,0
C6SWM1,A0A0R0JYX3,0
A0A0R0ET54,K7M841,0
I1M9F7,C6SZG1,0
A0A0R4J2K3,A0A0R0JTV5,0
I1J8V4,I1LGD6,0
I1J553,C6TIQ7,0
C6T968,I1K1W8,0
I1LIH7,K7LY43,0
K7MZP6,C6TBL4,0
A0A0R0KXY9,K7MRF5,0
I1M0C2,K7LLV5,0
I1LZT5,A0A0R0HV63,0
A0A0R4J3N1,A1YZE0,0
A0A0R0FSY2,A0A0R0F214,0
K7MTC4,A0A0R0ENB3,0
K7MZP6,K7LFD7,0
C6F117,I1N780,0
K7MTC4,I1JD07,0
I1KV60,I1NC50,0
I1N7K6,C6SZG1,0
A0A0R0EU45,A0A0R4J4H3,0
I1MEZ1,K7LTR0,0
I1LWR7,K7LHS7,0
A0A368UJ64,I1KM19,0
C6SZL0,C6SWS6,0
I1MTZ8,I1KCY5,0
I1LZ09,I1K4R8,0
I1JDH6,K7M9T4,0
K7M2D8,K7M841,0
I1KDB2,K7LCS7,0
I1N0I7,C6TD23,0
C5NTE7,A0A0R0HV63,0
K7MPL4,A0A0R0GBB6,0
I1MLK3,A0A0R0FM97,0
A0A0R0KH89,I1NC50,0
I1LZT5,A0A0R4J384,0
K7K2H1,I1LPJ8,0
A0A0R4J3Y6,I1K9J7,0
I1MYX8,K7MXH5,0
I1MLK3,I1NCF6,0
C6T968,K7MC85,0
I1LVX2,K7MTL2,0
A0A0R0JJK8,K7M4E0,0
K7LEG0,K7MXH5,0
A0A0R0H2V0,I1M225,0
C6T0E4,K7L2R0,0
I1KQP3,A0A0R0IR73,0
K7LLK0,I1MU00,0
I1L5H8,C6T5U0,0
I1MNE4,I1MRI5,0
I1MWF0,C6T2G5,0
A0A0R0GJ85,K7N1T9,0
K7LIW2,A0A0R0GJV8,0
I1JI73,I1LLS8,0
I1JCY0,K7MXH5,0
I1LG61,I1JD52,0
I1JVU8,I1LHS8,0
K7M9K9,C6TN69,0
A0A0R0KH89,I1JRJ3,0
A0A0R0H9H8,A0A0R0JJK0,0
A0A0R0FX70,K7M466,0
I1NBC2,A0A0R0GS25,0
I1K5L7,C6TN69,0
I1K725,A0A0R0L0E7,0
K7MGQ3,I1LEC4,0
I1LPZ2,O22518,0
I1N439,I1KSD0,0
I1JIW3,K7MC85,0
I1LDY7,K7LSG2,0
I1MLN7,I1K146,0
A0A0R4J3R4,I1KFL5,0
A0A0R0E907,K7M846,0
C6T083,I1LIT1,0
I1MFH3,I1K4R8,0
I1K2U0,I1KMS8,0
I1K2U0,I1LH18,0
I1JHN5,K7KES3,0
I1K5L7,I1KHJ4,0
A0A0R0KE73,I1KJF2,0
A0A0R0J7Q5,I1MW51,0
I1MHS1,A0A0R0F214,0
C6T3G1,I1L2H4,0
I1L1S1,Q2PMR3,0
I1JE83,C6TJ17,0
I1KCX1,I1LIA8,0
I1JXQ3,I1N7F4,0
I1LIH7,I1LLS8,0
I1KQE2,K7KK86,0
I1L8G3,I1LPK5,0
I1N9S5,I1JB64,0
I1K3U2,A0A0R0GFL3,0
I1M100,I1MZV0,0
I1KZI6,I1KM19,0
I1JYG7,K7KVK2,0
C6SWA0,A0A0R0FJR0,0
A0A0R0ERF9,A0A0R0FXD4,0
C6SW69,I1KMS8,0
C6TGR3,K7KFY5,0
I1KGU0,A0A0R4J384,0
K7L3K3,I1MJJ9,0
I1JFS9,K7KNC5,0
K7MMR3,I1NC50,0
I1M757,I1NC50,0
K7KEV0,A0A0R0HV63,0
I1J9J7,I1KAR1,0
I1KQP3,I1KCY5,0
A0A0R0FSS2,I1KZK2,0
I1KMS4,I1LPW2,0
I1KLS4,I1JC65,0
K7MZP6,K7M466,0
I1K096,K7MFE5,0
A0A0R0L098,I1K146,0
C6F117,I1LVN3,0
K7KP67,I1K3X9,0
A0A0R0H7N0,K7KWE4,0
I1M3Q8,I1N761,0
I1KDB2,I1LL05,0
A0A0R0EWX9,A0A0R0JSJ9,0
I1NFU9,P62302,0
K7L240,I1LUL2,0
I1JNK6,I1K467,0
I1KVS3,K7KTS8,0
I1JR41,I1M998,0
I1MKM3,A0A0R0GFL3,0
I1MWP7,A0A0R0L828,0
I1MQD0,A0A0R0GBB6,0
C6SWM1,A0A0R0FTI5,0
A0A0R0JLD5,A0A0R0JRI8,0
K7MRX6,C6TJM4,0
A0A0R0JG07,I1JB64,0
I1KCB7,I1MLF1,0
I1JAF7,I1LHS8,0
I1LD74,I1K4R8,0
A0A0R0GBL8,I1KZ09,0
I1JXB4,I1NAF6,0
I1JDP3,I1MZV0,0
I1LGI1,K7LNG6,0
C6TE07,A0A0R0JQJ0,0
I1N954,I1M277,0
I1LDY7,A0A0R0HSA0,0
K7N0U1,I1LUL2,0
I1K4U3,I1K467,0
I1LFW0,C6SZG1,0
I1JG98,A0A0R0FEN3,0
I1JS66,I1KAD1,0
K7KLI7,I1J9I1,0
C6T3G1,K7M466,0
I1LCX3,C6T5R4,0
I1L653,I1LY15,0
I1KEG8,K7LLV5,0
I1MVE9,K7KES1,0
C6SWA0,C6SW04,0
C6SWM1,A0A0R0FB78,0
I1JVP4,I1L171,0
I1LR08,A0A0R4J426,0
K7M5I5,A0A0R0JTV5,0
I1MUN3,K7MNP5,0
K7MRX6,A0A0R0FZM4,0
I1J7A8,A0A0R0KWL0,0
A0A0R0K6F4,K7MM40,0
I1KFU0,I1K2I1,0
C6SW69,A0A0R0KWT5,0
I1KKD9,A0A0R0EDS9,0
I1N6N9,K7LNG6,0
I1J5Q1,K7M9T4,0
I1LDY7,C6T0A0,0
I1JDP3,K7LNG6,0
I1JUI1,K7KW44,0
A0A0R0KH89,A0A0R0EDS9,0
I1MNK0,I1LLK1,0
I1NDG6,A0A0R0GUR9,0
I1K5K3,I1KEC8,0
I1JY67,A0A0R0JT51,0
A0A0R0E907,I1KPE7,0
I1JWH5,I1J547,0
K7L395,K7MGQ2,0
I1NBE9,K7MFE5,0
I1J553,I1JRV0,0
C6T2Z2,A0A0R0K7U0,0
I1JY67,I1JA95,0
I1N954,I1MQC8,0
I1K3U2,I1LLS4,0
I1JV48,I1JC65,0
I1K3U2,K7N129,0
I1LR08,K7MM40,0
I1JHN5,K7KNC5,0
I1N3M5,I1KZK2,0
I1M3Q3,I1MRP6,0
K7N0X7,C6SZQ0,0
I1L3P6,I1KCY5,0
C6T084,I1KZY8,0
A0A0R0IGP2,C6SYE1,0
I1LJW2,I1MRP6,0
A0A0R0EU45,I1K5B6,0
C6TAF0,A0A0R4J4D0,0
I1KHL4,I1KJD2,0
I1LYU9,A0A0R0EWR2,0
A0A0R0ESI3,K7L7W0,0
I1JHC2,K7L2D7,0
I1M4Y9,I1KCY5,0
K7K794,K7L939,0
I1L250,A0A0R0GBB6,0
I1KVX9,A0A0R0EYS5,0
I1KVS3,K7L7W0,0
I1LC20,I1KXK6,0
C6TE07,A0A0R0L0E7,0
A0A0R0JKU3,I1KPE7,0
I1M7V7,K7LTR0,0
K7L9V3,A0A0R0JRI8,0
A0A0R0FSS2,A0A0R0KE62,0
I1J8W9,I1KH38,0
I1JYG7,I1LPW2,0
I1MJ97,I1JC65,0
I1KCN1,K7MFE5,0
I1MJM9,I1L2H4,0
I1J7S6,K7L7W0,0
K7L1D3,A0A0R0JSJ9,0
O48548,I1NG45,0
A5Z2K3,I1JMH3,0
I1MBA2,I1K467,0
Q2PMQ9,A0A0R0HCS6,0
I1K5K3,I1KD82,0
K7K3W5,A0A0R0GS25,0
C6T083,I1JA95,0
I1JNV3,I1LG13,0
P09755,I1KHJ4,0
I1KU09,I1NAF6,0
K7MZ38,K7KVK2,0
I1K8C1,I1LIU7,0
I1MNU7,A0A0R0JJK0,0
K7KCG5,I1JVX3,0
I1M0N9,I1J4B5,0
C6SVB5,K7MYK9,0
I1KGI6,K7LTR0,0
I1JDR2,I1JD52,0
I1KQP3,I1L9K4,0
A0A0R0H8M3,K7LTB2,0
I1LPC3,I1NJ53,0
I1KCX1,C6TCH4,0
I1KRD4,K7M6R4,0
I1KZW4,I1KZ09,0
K7KZ42,C6T065,0
K7KCG5,K7KES3,0
A0A0R0GYG1,I1N780,0
O48901,I1J8W6,0
I1JM69,A0A0R0JBL2,0
K7M1G4,I1K115,0
I1MEN1,I1LW00,0
C6TAF0,A0A0R0IR73,0
I1LUI7,I1JK31,0
K7K415,I1MNS7,0
K7LGW1,I1LVN3,0
M1FIU8,K7LNG6,0
C6TLT3,I1JYT2,0
C6T8L7,I1M998,0
A0A0R0HSJ1,C6TK73,0
C6TLT3,I1M225,0
I1NGL5,I1JHJ0,0
A0A0R0F2G6,I1KJD2,0
A0A368UH03,C6TJM4,0
K7MI53,I1LPK5,0
A0A0R0ET54,A0A0R0G7B5,0
C6SWA0,I1J547,0
I1N9I5,I1MU00,0
A0A0R0L098,I1NCV4,0
I1M3U2,K7KES1,0
A0A0R0G2B9,K7KK74,0
C6TMM7,I1K115,0
C6SWG4,K7N129,0
I1J7A8,K7MFE5,0
I1K096,I1MQC8,0
I1KB26,I1LLK1,0
I1JFS9,I1MW74,0
A0A0R0HDM5,I1NCV4,0
A0A0R0G5V6,A0A0R0FJR0,0
I1J9W0,A0A0R4J426,0
I1JCY0,I1MJJ9,0
C6SZG8,A0A0R0FGT9,0
I1MIE5,A0A0R0L0E7,0
C6SZY0,A0A0R0GFH3,0
I1KKD9,C6T5R4,0
I1M7B9,I1J8C9,0
K7LJV1,I1KLS1,0
I1LJW2,I1LLS8,0
I1MNK0,K7MXE0,0
Q2TFP1,A0A0R0EG78,0
A0A368UHE3,K7K8Y9,0
A0A0R0GYG1,I1NIE5,0
I1L4B6,I1N5D5,0
K7MZP6,K7K8Y9,0
K7KLI7,K7L2D7,0
A0A0R0FQN0,K7KK74,0
I1M757,I1JD36,0
I1M717,I1MZV0,0
C6T7N2,K7LSJ2,0
A0A0R0KR16,I1MNU1,0
I1LD74,A0A0R4J4C5,0
K7LQ96,K7MYK9,0
C6T1E6,I1MRI5,0
I1MEF8,C6T5U0,0
A0A0R0L4N1,A0A0R0KE62,0
A0A0R0KFE8,A0A0R0KWT5,0
I1M4P0,C6TIK0,0
C5NTE7,K7LIE3,0
A0A0R0ET54,I1MK72,0
K7LVE4,I1MLJ0,0
C6T2L5,A0A0R4J488,0
I1L1S1,I1KXK6,0
I1MLK3,A0A0R0JBL2,0
I1JAF7,I1LY15,0
I1LFQ4,K7M6R4,0
K7M2D8,A0A0R0L7U5,0
I1JY87,A0A0R0JQJ0,0
I1KBQ5,K7LTB2,0
C6SYE0,I1NG45,0
I1MHH7,I1N7F4,0
I1M3Q3,K7MTL2,0
C6SYA3,K7M6J1,0
I1M2R5,I1LIT1,0
I1KGN6,I1MNV2,0
I1K5G1,A0A0R0IT62,0
K7MPL4,I1MW51,0
I1LJ93,C6T4V3,0
K7K553,A0A0R0KVY6,0
I1MM64,K7N145,0
K7KYY0,I1KSL6,0
I1K7N0,A0A0R0GPH9,0
K7MZP6,A0A0R0FX75,0
K7MNC0,K7LK09,0
I1JXQ3,I1LFD2,0
C6TKW2,K7LTB2,0
K7MXD1,I1MQC8,0
K7L9V3,A0A0R0F214,0
A0A0R0ERF9,A0A0R0KVY6,0
K7KLI7,K7L6K2,0
C6TL77,I1M277,0
I1MKM3,K7KES3,0
K7N0X7,A0A0R4J5C5,0
I1LBV2,I1JRU7,0
I1JNB0,I1KZ09,0
I1LYG4,A0A0R0HSH0,0
I1JVU8,I1JHJ0,0
I1LPC3,K7MC85,0
I1JI73,A0A0R0HSH0,0
A0A0R0JZD5,K7MYK9,0
I1M0N9,A0A0R4J488,0
A0A0R0I1I4,I1JMK4,0
I1MXT2,A0A0R0FTI5,0
A0A0R4J4C8,I1M5B6,0
I1LC01,K7K4C7,0
I1M7C1,I1JHJ0,0
I1KX98,I1KJD2,0
I1JL13,K7KTS8,0
I1LGB1,K7KFY5,0
A0A0R0J2L9,I1LLK1,0
A0A368UHC3,A0A0R0FEN3,0
I1M7C7,K7L6N7,0
I1KZJ7,A0A0R0FM97,0
C6T868,K7K318,0
I1JTE4,I1M3W1,0
I1KVL0,K7LY43,0
I1NFU9,C6SZG1,0
I1LCX3,I1JUQ6,0
I1MRY0,A0A0R0KVY6,0
A0A0R4J3R4,I1K115,0
I1N1V6,I1ML11,0
A0A0R0ESI3,K7K894,0
I1MKM3,A0A0R0JSJ9,0
K7KP66,I1LXQ3,0
A0A0R0K5D9,K7K8K7,0
I1MC26,A0A0R0HV63,0
A0A0R0JES0,I1LWZ0,0
C6T2Y4,I1N8M8,0
I1LDU4,I1LG13,0
I1KJW4,A0A0R0EWR2,0
I1KKD9,C6T5U0,0
C6T7N2,C6SYW6,0
I1MNV4,I1N8M8,0
I1K911,I1KUS2,0
I1KJH7,I1JE09,0
A0A0R0G3G4,I1MNS7,0
I1J8W9,K7KFY5,0
I1J7S6,C6SZ70,0
I1KGU0,I1K1W8,0
A0A0R0KCV3,K7M9T4,0
I1LJ94,K7MQG6,0
A0A0R0FEI0,I1JYT2,0
I1MQB5,C6T5R4,0
I1MJM9,I1L9K4,0
I1JUT9,A0A0R0FB78,0
I1LAR7,Q43463,0
I1KZI6,I1K467,0
I1LPC3,A0A0R4J2Q5,0
K7MXS9,I1L7G4,0
H2D4C3,I1K215,0
C6T968,I1MRI5,0
K7M787,A0A0R0FM97,0
I1KBQ5,I1N5D5,0
I1M0N9,P62302,0
C6TLV6,I1K5B6,0
A0A0R0KCY1,A0A0R0JJK0,0
C6SZM2,K7KTS8,0
K7N3F6,K7M9T4,0
I1N8P5,I1K1W8,0
A0A0R0GBL8,K7LTR0,0
K7LA18,C6SX83,0
I1LIH7,A0A0R0HV63,0
I1M9F7,K7N0V8,0
I1LGI1,A0A0R0EKI7,0
I1NGL5,I1J547,0
K7MMR3,I1MK72,0
I1JTE4,I1MGG7,0
I1LKQ4,I1LPW2,0
I1JMZ4,C6TN69,0
I1LZW4,I1JM18,0
C6SZ22,I1MLF1,0
A0A0R0K6F4,A0A0R0GBB6,0
Q2TFP1,A0A0R0KVY6,0
I1L9A1,C6TD23,0
C6SW69,A0A0R0EG78,0
I1KIY3,K7L2R0,0
C6SW69,A0A0R0FER5,0
I1NGL5,A0A0R0K6I2,0
I1N9I5,I1JA95,0
I1MNK0,I1MF50,0
K7MH53,I1KVC1,0
C6SZM2,I1KUB2,0
K7KGC2,I1LH27,0
A0A0R0FSY2,A0A0R0HSH0,0
I1KLE1,I1K1W8,0
C6T567,A0A0R4J4C3,0
K7LZZ5,K7N145,0
I1KGZ6,I1LEC4,0
I1JNB0,A0A0R0GG06,0
I1LDU4,I1N780,0
I1M4Y9,A0A0R0KVY6,0
I1MDC4,I1KZK2,0
I1KPQ8,A0A0R0JBL2,0
I1KR80,I1M269,0
I1J8V4,I1K115,0
A0A0R0FQN0,K7LIE3,0
K7K415,I1N5D5,0
K7LW22,I1LFD2,0
I1LKU1,A0A0R0HSH0,0
I1KFI5,K7MRF5,0
A0A0R4J389,I1JFW6,0
I1KGU0,K7M4E0,0
A0A0R0HSV1,I1KTI0,0
K7KDA5,A0A0R0FM97,0
C6TEP1,A0A0R0GJV8,0
C6SY81,K7N5K2,0
K7LDR8,Q43463,0
I1N6N9,K7N129,0
A0A0R0GE56,C6TK73,0
K7MVB9,I1JMH3,0
I1JUI1,I1L9K4,0
I1LP56,C6TK73,0
I1JNV3,A0A0R0KWL0,0
I1KEG8,I1JFW6,0
I1K328,I1M998,0
C6TKW2,A0A0R0HV63,0
I1JE93,I1KXK6,0
I1MSD9,I1LUE0,0
C6SWI3,K7M846,0
I1JM69,C6T5R4,0
I1KJT5,K7M846,0
A0A0R0ESI3,I1LW00,0
I1JXQ3,I1M998,0
I1JUJ6,I1MTV9,0
I1MWP7,K7LTR0,0
I1JS66,I1MSN3,0
I1K7N0,I1JD52,0
I1MHS1,A0A0R0GJV8,0
I1KH45,I1NCF6,0
A0A0R0KCV3,A0A0R0JBL2,0
K7M787,I1JM18,0
I1NH73,I1MNU2,0
I1LKQ4,A0A0R0EYS5,0
I1KXI7,I1NC50,0
I1KQ68,K7K4C7,0
K7MNC0,K7N1L5,0
C6SVR8,I1MF50,0
K7MMF4,C6TCH4,0
I1M0S4,A0A0R0H141,0
I1JXQ3,K7LTB2,0
K7M142,C6SYW6,0
I1KXG2,I1JRJ3,0
I1JNB0,I1JAH7,0
A0A0R0EYA9,I1LY15,0
C6T530,I1KEC8,0
I1KYD6,I1M1W3,0
I1KHL6,I1MEF5,0
K7L1B9,I1JA95,0
I1JRL7,C6SW04,0
C6TAF0,I1MNU2,0
C6T1P2,I1LFD2,0
K7KDX2,I1MW74,0
I1MXT2,K7LQV0,0
I1K650,A0A0R0EG78,0
I1K9B8,K7KAB4,0
K7K415,A0A0R0K7U0,0
I1N9I5,A0A0R0JQJ0,0
K7LEG0,I1K3X9,0
I1M7C7,I1LII4,0
C6SY99,K7M6I1,0
I1MNM3,P62302,0
I1L690,A0A0R0HCS6,0
Q2PMQ9,I1KCY5,0
P07506,K7MRF5,0
Q2PMQ9,A0A0R0FX75,0
C6SWD4,I1N5D5,0
I1JVU8,K7LTR0,0
A0A0R0K5D9,A0A0R4J488,0
A0A0R0JYY8,A0A0R0FZM4,0
I1M4Y9,A0A0R0L7U5,0
I1KJ98,C6SX83,0
K7MZP6,C6SZ70,0
I1M7V7,K7KK86,0
A0A0R0EU45,I1L171,0
I1KCH6,K7KK86,0
I1MSC6,K7L939,0
I1JE38,I1LG13,0
I1KNN1,A0A0R0L828,0
I1N8Q6,K7M6J1,0
A0A0R0KCY1,A0A0R0KE62,0
C6T2L5,O22518,0
I1K2Z9,C6SYE1,0
C6TKW2,A0A0R4J5K6,0
C6SVB5,Q43463,0
A0A0R0I8Z5,K7M849,0
I1MGG3,I1KLS1,0
C6TKW2,I1M998,0
I1LJ93,A0A0R0GAQ8,0
C6SYE0,I1LH27,0
K7LHR2,K7LK09,0
I1MBM5,I1MVC6,0
I1M273,I1NG45,0
I1NH98,A0A0R4J384,0
I1KQG0,I1MTV9,0
I1K4U3,I1KTI0,0
I1LGQ1,A0A0R0ENB3,0
I1KZW4,K7N1L5,0
K7KTT9,I1KLS1,0
I1KKD9,I1L2H4,0
K7K553,I1L2H4,0
I1N4X7,I1M3W1,0
I1KYF8,I1KAD1,0
A0A0R0GNH6,I1MZV4,0
I1MV96,I1MEF5,0
I1JNB0,I1KPE7,0
I1JZC3,A0A0R0FXD4,0
I1MLZ0,A0A0R0GJV8,0
C6TAF0,A0A0R0KVY6,0
I1KUT8,I1LXQ3,0
I1MVG5,I1NCV4,0
I1JKS2,K7LHS7,0
K7LSH9,I1K4R8,0
I1M4P0,A0A0R0K6I2,0
I1KHL6,K7MTL2,0
K7KP66,I1K9J7,0
C6SWA0,I1KJF2,0
I1NHI4,I1N898,0
A0A0R0FX70,A0A0R0JRI8,0
I1JM69,A0A0R0KVY6,0
A0A0R0KH89,K7MMD7,0
A0A0R0L4N1,A0A0R0GJV8,0
I1KJ98,I1N5D5,0
I1KQE2,I1K146,0
K7MMR4,I1KZ09,0
C6SW43,I1N7F4,0
C6T084,K7MXH5,0
I1JE38,K7M6I1,0
C6T968,A0A0R4J4D0,0
I1KKD9,I1MPJ4,0
A0A0R4J3R4,C6TK73,0
I1JM69,K7KTS8,0
I1NGQ5,I1MNS7,0
I1L1L2,C6T5R4,0
M1FN39,I1MNS7,0
I1JML1,A0A0R0GBB6,0
K7MWR1,A0A0R0KWT5,0
I1M4Y9,A0A0R0K0K3,0
A0A0R0I0B9,I1JMH3,0
I1LZT5,K7LNG6,0
I1L478,I1K642,0
I1M3Q8,A0A0R0EJV2,0
A0A0R0FEN9,K7LNG6,0
I1KGI6,K7M841,0
A0A0R0K0L0,K7MRF5,0
K7MXD1,Q43463,0
C6TBN8,K7MTL2,0
I1K4D7,A0A0R0FM97,0
C6SXP5,C6SYE1,0
I1JS66,I1JRV0,0
K7K8U8,A0A0R0IZY4,0
I1KPT1,I1JMZ7,0
I1LP18,I1MK72,0
I1LZM7,I1KZK2,0
I1K096,A0A0R4J5C5,0
C6SWD4,I1KPE7,0
I1LY25,I1J8C9,0
I1LS70,A0A0R0JJK0,0
C6SW69,I1KEC8,0
I1KS36,A0A0R0JBV0,0
K7LZZ5,I1KLS1,0
K7K8U8,I1K5K7,0
K7LIW2,I1MNU2,0
I1J5U5,I1LUL2,0
I1MUQ7,A0A0R0KPE1,0
I1L1N3,C6T4V3,0
I1LYG4,K7L939,0
I1MEN1,C6TGZ1,0
A0A0R4J354,A0A0R0FX75,0
I1LRB0,I1KQE3,0
C6SY99,I1LIA8,0
C6TLT3,K7M4E0,0
K7KVG4,O22518,0
I1JNK6,I1MRI5,0
I1MK36,I1JMK4,0
C6T3I8,A0A0R0L4P0,0
A0A0R0FQN0,C6T065,0
I1MEF8,K7M849,0
I1K5L7,I1LPK5,0
I1JR41,I1JUQ6,0
C6T507,A0A0R4J2Y1,0
I1KNN1,I1MW51,0
I1MBM5,I1LM96,0
A0A0R0H8M3,K7MRF5,0
K7L8H2,I1N8M8,0
I1MC26,C6TNW3,0
I1JS66,I1KPE7,0
C6TK75,A0A0R4J5C5,0
A0A0R0HSV1,I1KD82,0
I1LYQ9,I1KUB2,0
A0A0R0KE73,K7M6I1,0
A0A0R0I8Z5,A0A0R0FZM4,0
C6SWI9,I1K2I1,0
I1KS36,K7M6Z2,0
A0A0R0FYN8,I1KTI0,0
A0A0R0FX70,I1L3P5,0
I1M2R5,A0A0R0JQJ0,0
A0A0R0J7Q5,A0A0R0F214,0
I1MEZ1,A0A0R0EDS9,0
I1JUR7,I1K970,0
K7KLF0,I1K215,0
C6T5Z0,I1JRV0,0
K7MCH3,A0A0R0JBV0,0
A0A0R0J2L9,K7MMD7,0
I1LDY7,K7L6K2,0
I1LPD3,I1L9K4,0
C6T868,I1KM19,0
I1MY33,A0A0R0EKI7,0
I1J6B5,K7L2D7,0
I1MKM3,K7KFY5,0
I1LFW0,K7MYK9,0
I1MKM3,I1N7F4,0
A0A0R0KCV3,A0A0R0G7B5,0
A0A0R0K0L0,C6TD23,0
I1K5K3,K7MNP5,0
C6TKG0,K7LY43,0
A0A0R0EFE2,I1LUE0,0
C6SVU4,I1LUE0,0
A0A0R0J7J3,A0A0R0JQJ0,0
I1KYS6,A0A0R0FJR0,0
I1JR41,K7KW44,0
M1FN39,K7L6N7,0
I1KTS9,I1LFD2,0
C6SVR8,I1LPW2,0
I1NF54,C6SYW6,0
I1JHN5,K7LCS7,0
C6T0U3,K7K4C7,0
I1M5E2,A0A0R0JQJ0,0
A0A0R0L8Y1,K7KFY5,0
I1KJW4,A0A0R0ENB3,0
A0A0R0FEN9,A0A0R4J426,0
I1KHL6,I1M1W3,0
I1M0S4,I1MLJ0,0
I1M5E2,I1K2I1,0
K7L3P2,K7L6K2,0
I1MEZ1,I1NIE5,0
I1J553,I1KHJ4,0
A0A0R0L115,I1MF50,0
I1LR08,I1J9I1,0
I1J7S6,I1NAJ5,0
K7LLK0,I1MRP6,0
I1KVX9,K7KAB4,0
K7KP66,A0A0R0KPE1,0
I1KGU0,K7MMD7,0
K7LDR8,I1JE09,0
K7KDA5,A0A0R0FXD4,0
A0A0R0F7J9,K7LNG6,0
I1N954,K7N1L5,0
I1LJ94,I1NJ53,0
K7N0X7,I1NCV4,0
I1KS36,I1MEF5,0
I1K2Z9,I1L2H4,0
I1JXQ3,I1LLS8,0
K7K2H1,I1MK72,0
A0A0R0KE73,I1MW74,0
A0A0R0G5A8,K7N1L5,0
I1LPD3,I1K1W8,0
I1KIY3,K7MFE5,0
I1KYD6,I1N5D5,0
A0A0R0GJ85,K7MC85,0
K7K2H1,I1JD07,0
K7KP66,K7K4C7,0
K7KE09,I1LLS4,0
I1N439,I1KXK6,0
I1J9J7,A0A0R0IF42,0
I1MLZ0,K7L939,0
K7KE09,K7LFD7,0
I1K0C4,I1MSN3,0
I1MXT2,I1MQC8,0
I1J870,A0A0R0IT62,0
C5NTE7,I1KPE7,0
A0A0R0GCF5,I1JRV0,0
I1K328,A0A0R0KPE1,0
I1JXQ3,A0A0R0JJK0,0
P09755,A0A0R0KWL0,0
I1JXB4,I1LUE0,0
I1L215,A0A0R4J4C5,0
I1M9T4,A0A0R0H141,0
A0A0R0JG07,I1MPJ4,0
I1JW64,I1N898,0
I1M3Q3,I1MEF5,0
I1KU09,I1MLF1,0
A0A0R0J7Q5,I1MZV0,0
H2D4C3,A0A0R4J384,0
I1N5E8,I1KSD0,0
A0A0R0EU45,A0A0R0L4P0,0
I1MZ47,I1KXK6,0
I1MNV4,A0A0R0IF42,0
K7LEG0,I1NCV4,0
I1LDU4,I1KAR1,0
A0A0R0ERF9,A0A0R0EJV2,0
I1LZM7,I1JV03,0
C6TNX5,A0A0R0JJK0,0
K7LWN2,I1K9J7,0
I1JUR7,A0A0R0JBV0,0
C6T1P2,I1L7G4,0
I1MLK3,K7MRF5,0
I1L250,C6TBL4,0
K7MVB9,I1LVN3,0
I1LZW4,A0A0R0FEN3,0
A0A0R0KFE8,I1LLS4,0
I1LJ93,K7LY43,0
I1LKQ4,C6T5R4,0
A0A0R0JG07,I1LVN3,0
I1MP46,I1JD52,0
A0A0R0K5D9,K7N5K2,0
I1KQG0,I1LXQ3,0
I1K5K3,A0A0R0EYS5,0
I1LIH7,I1LPW2,0
I1K3P0,A0A0R0IF42,0
I1KCN1,A0A0R0L0E7,0
C6T968,I1JMZ7,0
A0A0R0JLD5,I1KHJ4,0
I1KS20,I1KTI0,0
I1L219,P62302,0
A0A0R0GBL8,I1KSL6,0
I1LVX2,A0A0R0JQJ0,0
A0A0R0FSS2,K7LNG6,0
K7LJV1,A0A0R0JRI8,0
A0A0R0I8Z5,I1KUS2,0
A0A0R4J354,I1MPJ4,0
I1J8V4,A0A0R0JT51,0
I1LGI1,I1K3X9,0
K7K794,A0A0R0F214,0
I1KTS9,A0A0R0FER5,0
K7LTQ1,I1MVC6,0
I1K620,K7K4C7,0
C6T3G1,K7K894,0
I1LPD3,I1JRU7,0
K7N0X7,I1MNU1,0
A0A0R0GZZ6,I1JMK4,0
A0A0R0I0B9,I1JV03,0
A0A0R0GJ85,O22518,0
C6T0E4,I1N761,0
A0A0R0EWX9,I1JC65,0
I1JUJ8,I1NCF8,0
A0A0R0K5D9,I1KVC1,0
I1J553,I1LLS8,0
I1KYS6,A0A0R0ESZ8,0
I1MVK7,K7LTB2,0
I1KHY2,I1ML11,0
A0A0R0JYB5,I1MEQ6,0
I1MHH7,I1JB64,0
I1L5H8,K7L939,0
I1MYV4,I1MRP6,0
I1KMP8,I1KMS8,0
I1LJI8,I1LH27,0
A0A0R0H7N0,I1KD82,0
I1J8V4,I1LIU7,0
A0A0R0K0L0,I1LEC4,0
C6TG99,I1NCF8,0
A0A0R0FSY2,A0A0R0KPE1,0
K7LHR2,I1MNV2,0
I1LVX2,K7L4N7,0
I1JAF7,I1JUQ6,0
I1LIM0,C6SYW6,0
K7KP66,A0A0R0KVY6,0
I1MZ47,I1NAF6,0
I1N1Y6,K7KH93,0
I1LD74,I1JMK4,0
I1NFU9,C6TIQ7,0
A0A0R0G3G4,I1KEC8,0
C6SVH9,A0A0R4J4D0,0
A0A0R0K0L0,A0A0R0EUJ0,0
A0A0R4J354,I1MW74,0
I1MTZ8,A0A0R0GWH6,0
I1JDH6,K7L2D7,0
K7KVG4,C6TGZ1,0
I1NFS4,I1KZ09,0
C6T084,I1LIU7,0
K7MS88,I1J9I1,0
I1MQD0,A0A0R0GUR9,0
I1NBC2,I1JD52,0
I1L690,I1MGG7,0
I1MC39,I1JMZ7,0
A0A0R0GRI6,K7M849,0
A0A0R0F2G6,K7LIE3,0
C6SVU4,K7L9M2,0
C6TG81,I1N898,0
A0A0R0FX46,I1L3P5,0
I1NGL5,I1KZK2,0
K7KLF0,I1KQE3,0
I1LPC3,I1LH18,0
I1MVG5,K7LHS7,0
C6T8L7,I1LIA8,0
C6SY99,I1JVX3,0
C6T0U3,I1M269,0
I1N4X7,A0A0R0FZM4,0
I1JDH6,K7K4C7,0
K7LGW1,K7MYK9,0
C6TAF0,I1J9I1,0
I1LIS4,C6TD23,0
I1KMS4,I1K4R8,0
I1KUT8,I1MZV4,0
C6SYA3,A0A0R0KWT5,0
I1LGQ1,A0A0R0JT51,0
K7MAP3,I1KH38,0
I1KH45,A0A0R0L5Q1,0
A0A0R0H9H8,I1LPJ8,0
A0A0R0KFE8,A1YZE0,0
I1MLZ0,I1KLS1,0
I1J7A8,I1L7G4,0
I1L8S1,I1LWZ0,0
K7L240,I1NCV4,0
I1KRF9,I1MLF1,0
I1MIE5,C6TIQ7,0
A0A0R0LA89,A0A0R0IZY4,0
C6TKZ4,A0A0R4J488,0
K7MMR3,K7MNP5,0
A0A0R0LA89,A0A0R4J5C5,0
I1NC77,C6SZ70,0
I1MHH7,K7LQV0,0
I1KGZ6,A0A0R0GWH6,0
I1KBB6,K7L939,0
I1N0W9,I1JYT2,0
I1LPI3,K7LY43,0
I1KDB2,C6SW04,0
I1KD09,K7MM40,0
I1LY25,C6SW04,0
I1KGI6,A0A0R0HSH0,0
I1N7K6,A0A0R4J4C5,0
I1KCX1,I1K2I1,0
I1K912,A0A0R0G7B5,0
A0A0R0LB39,K7M6Z2,0
K7MMR3,I1N8M8,0
I1MXT2,I1ML11,0
I1KQG7,I1M269,0
C6T2Z2,I1MRI5,0
I1M273,A0A0R4J488,0
K7KDM1,A0A0R0HCS6,0
C6T507,K7M846,0
A0A0R4J4C8,P62302,0
I1NH73,C6SW04,0
A0A0R0FSS2,A0A0R0FJR0,0
I1KKD9,K7LQV0,0
K7MMR3,A0A0R4J426,0
I1MNV4,C6T5U0,0
I1K912,K7L4N7,0
I1JHN5,I1MQC8,0
I1LZM7,C6TGZ1,0
I1KMS4,I1JA95,0
Q2PMT2,I1KHJ4,0
A0A0R0ESI3,I1K2I1,0
A0A0R0L8Y1,K7MQG6,0
I1K725,I1LL05,0
I1M7C1,I1N898,0
A0A0R0ET54,A0A0R0JYX3,0
I1JHN5,I1M5B6,0
K7K553,I1JUQ6,0
I1M3Q3,C6TGZ1,0
C6T2Z2,A0A0R0IT62,0
I1JM69,K7KK86,0
I1KPT1,C6SZ70,0
I1KS36,K7K318,0
I1LGI1,A0A0R0KWL0,0
I1LGQ1,M1FN34,0
K7KGJ8,I1JYT2,0
I1K8C1,A0A0R4J384,0
I1JM69,I1KHJ4,0
A0A0R0GE56,C6SX83,0
A0A368UHM1,I1JD52,0
I1JCY0,A0A0R0JJI0,0
I1JM69,K7MNN5,0
I1KD09,A0A0R0L5Q1,0
K7MXS9,I1KHJ4,0
A0A0R0H2V0,K7K894,0
I1LC20,K7M6Z2,0
A0A0R0IHF9,K7M841,0
A0A0R0EFE2,A0A0R0FTI5,0
I1KHL6,I1KTI0,0
A0A0R0F2G6,Q43463,0
A0A0R0LB39,K7MTL2,0
I1KD09,I1KYL4,0
I1MK96,C6T5R4,0
I1LC20,K7M6I1,0
I1LGI1,K7KJB2,0
I1LFW0,I1M277,0
I1JY67,I1LIU7,0
K7LHR2,A0A0R4J4C3,0
A0A0R0J2L9,C6TFX5,0
I1JE83,I1K146,0
C6T1P2,A0A0R0L4P0,0
I1MHH7,K7M846,0
I1MKM3,I1JMH3,0
A0A0R0F2G6,K7L939,0
A0A0R0H2V0,K7LLV5,0
I1KUT8,K7KES3,0
I1LIR4,I1MK72,0
A0A0R0K6F4,I1K115,0
A0A0R0H9H8,A0A0R0IT62,0
I1M3Q3,A0A0R4J5K6,0
K7M4N3,I1K467,0
I1MNK0,I1NCV4,0
I1NBE9,A0A0R4J5K6,0
I1KP31,I1LR48,0
I1LC01,K7KES1,0
A0A0R0ESI3,I1KJF2,0
I1MWF0,I1KJF2,0
I1KHY2,K7LFD7,0
I1KJL3,P62302,0
I1JRA0,A0A0R0GFH3,0
I1LY25,K7LNG6,0
A0A0R0H9H8,I1JRJ3,0
Q2PMS6,A0A0R4J4C3,0
A0A0R4J3Y6,I1MJJ9,0
C6T2L5,I1K115,0
C6TBQ2,K7K8Y9,0
Q2PMS6,A0A0R4J5B7,0
I1M4Y9,I1NCV4,0
I1MC39,I1JVX3,0
I1MTZ8,I1MNU2,0
I1JY87,A0A0R0FEN3,0
A0A0R0L7S1,I1MRI5,0
I1LYQ9,A0A0R0ESZ8,0
C6T1E6,K7MYK9,0
I1MEN1,I1ML11,0
C6SY25,A0A0R0E934,0
I1KVL0,A0A0R0EKI7,0
I1L5Z7,I1MGG7,0
I1LG61,A0A0R4J426,0
K7MC09,I1LIA8,0
K7M787,A0A0R0L0E7,0
I1LUF0,A0A0R0FXD4,0
I1LZW4,C6TGA9,0
A0A0R0ESI3,I1KYL4,0
I1KJ56,K7LY43,0
I1N439,A0A0R4J5B7,0
I1KDB2,I1KZY8,0
I1KTD4,I1LXQ3,0
I1KMP8,I1M225,0
A0A0R0G5A8,I1LUL2,0
I1LUL7,I1M277,0
I1JUJ8,C6SZ70,0
A0A0R0K5D9,I1KZK2,0
K7KGJ8,A0A0R0JTV5,0
A0A0R4J4C8,K7LTR0,0
I1LYU9,I1JB64,0
C6TBJ1,A0A0R0JRI8,0
I1M0N9,I1J547,0
I1K5K3,I1L171,0
K7M5W5,K7KES1,0
A0A0R0H2V0,A0A0R0L5Q1,0
I1LPI3,A0A0R0JSJ9,0
I1LPJ3,A0A0R0GUR9,0
I1KJH7,A0A0R0JYX3,0
C6SWI9,A0A0R0F214,0
I1M7C7,A0A0R4J5C5,0
A0A0R0JYY8,C6T5R4,0
C6TMM7,I1LUE0,0
C6T883,I1KAR1,0
C6SYQ2,A0A0R4J2Q5,0
C6SZM2,I1KZY8,0
C6SVR8,C6SX83,0
I1J5U5,K7KNC5,0
I1JFF6,A0A0R0HSA0,0
A0A0R0JES0,C6T065,0
K7MZP6,I1KXK6,0
A0A0R0LFT0,K7MNN5,0
A0A0R0LB39,I1K9J7,0
I1MK96,K7M9T4,0
I1JYG6,C6TN69,0
C6T0U3,A0A0R0FXD4,0
K7LGW1,A0A0R0JYX3,0
I1J8W9,I1LG13,0
I1J870,I1NJ53,0
I1LGB1,A0A0R0HSH0,0
C6TBJ1,A0A0R0F214,0
I1J9W0,K7MNP5,0
I1KX98,I1LLS8,0
I1LIM0,K7M6Z2,0
I1MBM5,I1L3P5,0
I1KXI7,A0A0R0GBB6,0
I1LH11,A0A0R0HCS6,0
K7MC09,I1NAJ5,0
C6T0U3,I1JK31,0
K7N5D4,I1JB64,0
A0A0R4J2N2,I1K215,0
C6SVU4,C6T4V3,0
K7M5T0,K7N5K2,0
I1JFF6,I1LGD6,0
O48901,A0A0R4J426,0
A0A0R0FNM4,I1LG13,0
I1KUT8,K7KNC5,0
K7LWN2,I1J9I1,0
I1K328,K7K8K7,0
I1KYS6,A0A0R0HSH0,0
Q2PMU2,I1JD52,0
Q2PMU2,A0A0R0FGT9,0
C6SZL0,A0A0R0EJV2,0
K7LLK0,A0A0R0EKI7,0
K7MD28,I1NAF6,0
I1K5L7,K7KJB2,0
K7KNJ6,K7LSJ2,0
I1N1V6,A0A0R0GS25,0
C6T530,A0A0R0GJV8,0
I1JWH5,A0A0R0GBB6,0
K7KGE9,C6TJM4,0
K7LDR8,I1KLS1,0
I1MYX8,A0A0R0JTV5,0
C6SYF3,K7K894,0
I1MLK3,I1MC28,0
I1M4P0,I1JUQ6,0
M1FIU8,I1L171,0
C6T8R7,C6TJM4,0
I1MBR7,K7LQV0,0
I1L8G3,A0A0R0G7I0,0
K7KPJ4,A0A0R0FTI5,0
K7LRU2,A0A0R4J4D0,0
A0A0R0HSJ1,A0A0R0G7B5,0
I1JIJ4,K7M6R4,0
K7K794,A0A0R0FXD4,0
A0A0R0F7J9,I1J8W6,0
C6TK75,I1J9I1,0
I1JHC2,I1KHJ4,0
K7KP66,A0A0R4J5K6,0
P07506,A0A0R0FZM4,0
A0A0R0LFT0,C6TCH4,0
I1MEZ1,I1LM96,0
C6T968,A0A0R0GS25,0
I1KPA1,A0A0R0K0K3,0
A0A0R0L372,K7M849,0
I1J8V4,C6SZ70,0
A0A0R0GBL8,I1JUQ6,0
K7M2D8,I1JVX3,0
I1MRS5,K7LK09,0
A0A0R4J2K3,I1MU00,0
I1LZW4,C6SZ70,0
I1KHJ6,A0A0R0EUJ0,0
K7L3P2,I1MC28,0
I1NC77,I1MLJ0,0
I1LD74,I1LH27,0
I1M717,A0A0R0JBL2,0
I1NBC2,K7KQZ8,0
I1JU70,A0A0R0KWL0,0
I1K7N0,I1J8C9,0
I1MY72,I1MNU2,0
I1MNE4,I1JUQ6,0
A0A368UJ64,K7MFZ6,0
A0A0R0L8Y1,I1NC50,0
C6SZM9,A0A0R0K6I2,0
I1KQC7,A0A0R4J4C3,0
K7K8U8,K7MQG6,0
I1LHR1,A0A0R0HSA0,0
I1JS58,I1M225,0
I1MJ97,A0A0R0JBV0,0
I1JY67,I1L171,0
A0A0R0FX46,A0A0R0IT62,0
C6SVH9,C6SZ70,0
I1N0I7,I1KLS1,0
I1M0N9,K7M841,0
I1KHY2,K7N1T9,0
A0A0R0EI44,K7L7W0,0
I1MM64,A0A0R0L4P0,0
I1MM89,I1KMS8,0
M1FN39,I1N898,0
I1JUT9,I1MPJ4,0
C6T968,I1NIE5,0
I1KH45,A0A0R0L7U5,0
A0A0R0GCF5,K7MC85,0
I1NDG6,A0A0R0FTI5,0
K7KLF0,A0A0R0KWL0,0
I1LKU1,A0A0R0IF42,0
K7LJF6,I1NIE5,0
K7MNC0,K7K318,0
I1JP52,I1JVX3,0
I1JRL7,A0A0R4J2Q5,0
I1M717,K7MXH5,0
A0A368UH03,I1JAH7,0
K7KTT9,O22518,0
A0A0R0K5D9,I1LIU7,0
I1K5J5,I1LH18,0
A0A0R0GG96,K7LCS7,0
K7MCH3,I1MSN3,0
C6SXM9,I1MVC6,0
I1JMZ4,I1N780,0
P48513,I1JM18,0
I1JMZ3,I1MNU1,0
I1JAF7,I1J547,0
I1JY87,K7LK09,0
I1M4P0,I1JD07,0
K7KGE9,A0A0R0KVY6,0
A0A0R4J2N2,I1MVC6,0
I1LIK8,I1KFL5,0
K7KGE9,I1N5D5,0
I1LZT5,I1LW00,0
K7N3F6,K7N145,0
I1M2R5,C6TGA9,0
I1LA00,K7LNG6,0
I1MEN1,A0A0R0GAQ8,0
K7L240,I1MEQ6,0
A0A0R0H7N0,A0A0R4J4C5,0
I1KCX1,K7K894,0
I1KBL4,I1MQC8,0
K7LWI3,K7L2R0,0
I1J553,A0A0R0GBB6,0
I1JAG0,P17093,0
I1KS36,I1KLS1,0
I1K2Z9,I1LWZ0,0
I1LMQ5,A0A0R0GFH3,0
K7N3F6,I1LHS8,0
A0A0R0EFE2,I1JD07,0
K7KP67,I1MZV4,0
K7KIU3,I1M998,0
K7LUF9,I1MTV9,0
A0A0R0GNH6,I1KZY8,0
I1L6W0,I1MGG7,0
I1KQE8,A0A0R0KE62,0
I1L653,I1NCV4,0
I1N1Y6,I1JAH7,0
I1N0R5,I1MLJ0,0
I1LQ02,K7MNN5,0
C6TD73,C6SZQ0,0
I1LHY4,K7M592,0
A0A0R0ERF9,I1K5K7,0
I1N0U4,I1MK72,0
I1MUQ7,I1MJJ9,0
I1KJW4,A0A0R0IT62,0
A0A0R0GJ85,A0A0R0FGT9,0
A0A0R0JYY8,A0A0R0JQJ0,0
I1K628,I1N780,0
I1JVP4,I1KSL6,0
A0A0R0LFT0,I1LG13,0
I1NGQ5,A0A0R0H141,0
I1LJ94,K7MRF5,0
A0A0R0KE73,I1LUL2,0
K7LTQ1,I1JAH7,0
I1N8P5,I1KHJ4,0
I1NIJ9,I1K5B6,0
I1JY67,K7KNC5,0
I1JT28,I1LIU7,0
A0A0R4J389,K7MFE5,0
C6SW43,K7KVK2,0
I1N0R5,K7N5K2,0
I1MRS5,K7K4C7,0
A0A0R0FSY2,K7KAB4,0
I1J6B5,A0A0R0L5Q1,0
I1MWF0,A0A0R0IR73,0
I1JHC2,I1JA95,0
I1MSC6,I1KUS2,0
K7M5I5,K7KK86,0
I1LFW0,A0A0R0G7I0,0
I1K2J5,A0A0R0GFH3,0
C6T7N2,A0A0R0EDS9,0
I1LDA7,I1LIU7,0
A0A0R0GRI6,I1LEC4,0
C6T1E6,I1MNU1,0
I1M7C7,A0A0R0EYS5,0
I1JS66,I1J547,0
A0A0R0JES0,I1JK31,0
I1K7J4,I1MGG7,0
I1LVX2,I1K2I1,0
K7MD28,P62302,0
C6TCW7,K7L7W0,0
K7LA18,I1JMZ7,0
I1KRF9,K7KES3,0
I1N4X7,A0A0R0GAQ8,0
C6T9S5,I1MRI5,0
I1K2Z9,A0A0R0E934,0
I1K9B8,A0A0R0FEN3,0
K7N0X7,I1JRJ3,0
I1MWF0,I1K4R8,0
I1KCB7,K7N5K2,0
I1K9B8,K7MFZ6,0
K7MMR4,C6T5U0,0
I1MM64,I1NAJ5,0
C6TKZ4,I1MJJ9,0
K7LXT7,A0A0R0FEN3,0
P07506,I1MQC8,0
I1KLE1,A0A0R0KWL0,0
A0A0R0JZD5,A0A0R0KE62,0
Q2PMU0,A0A0R0EYS5,0
I1N9I5,K7LFD7,0
A0A0R4J3D2,A0A0R0JYX3,0
C5NTE7,I1JA95,0
I1M0C2,A0A0R0KE62,0
K7LTQ1,C6TJ17,0
A0A0R0JES0,I1KUB2,0
K7M5I5,A0A0R0GJV8,0
K7MZ38,C6SZ70,0
C6TKW2,I1L9K4,0
I1KQB9,K7KTS8,0
I1KBM7,Q2PMR3,0
C6T5Z0,I1MVC6,0
C6SYQ2,I1K2I1,0
I1KLS4,I1MNU2,0
I1JT28,K7MFE5,0
I1MHH7,A0A0R0FER5,0
I1MEF8,A0A0R0JT51,0
C6F117,I1M5B6,0
C6T9S5,I1MTV9,0
I1JML1,A0A0R4J4H3,0
C6SWD4,I1LGD6,0
I1JU70,A0A0R0FJR0,0
A0A0R0F0T6,A0A0R0EKI7,0
I1LJ93,I1MC28,0
I1LMQ5,I1JMK4,0
I1MXT2,C6TNW3,0
I1MWF0,C6SX83,0
A0A0R0GRI6,I1KAR1,0
I1MDC4,I1K467,0
K7KVG4,I1KAR1,0
I1KEG8,I1JD52,0
A0A0R0H7N0,K7L2D7,0
C6TLT3,K7LHS7,0
P09755,I1JYT2,0
I1KB26,K7LHS7,0
K7MD28,I1K5B6,0
I1L478,C6T2G5,0
H2D4C3,I1LUL2,0
I1MC26,A0A0R0KWL0,0
I1MY43,A0A0R0K0K3,0
I1LZM7,K7M6J1,0
K7M5I5,I1JC65,0
K7L9V3,Q43463,0
C6T3I8,K7M841,0
A0A0R4J3R4,I1JYT2,0
K7KDM1,I1NAJ5,0
I1KBL4,A0A0R0L828,0
C6T530,A0A0R0L5Q1,0
I1LAR7,K7M6R4,0
I1N3M5,I1KM19,0
I1KGN6,C6TGA9,0
I1LDY7,A0A0R4J4H3,0
I1M7C1,C6TIQ7,0
K7L9V3,K7MYK9,0
I1KJ56,I1M269,0
I1JDH6,I1K5K7,0
K7KPJ4,K7KVK2,0
C6T8R7,A0A0R0FXD4,0
A0A0R0KXY9,A0A0R0EUJ0,0
I1JNV3,C6SZ70,0
C6T2Y4,I1NCF6,0
K7MPL4,C6SWS6,0
K7KKB2,I1M998,0
K7MGQ3,I1KJF2,0
K7LA18,I1L9K4,0
K7LDR8,I1LGD6,0
I1JHC2,I1JUQ6,0
I1LJI8,I1KJD2,0
I1LGB7,I1K9J7,0
I1KZI6,A0A0R0GJV8,0
Q2PMU0,I1K4R8,0
C6T8R7,I1M277,0
C6TNL5,K7LY43,0
C6T3I8,I1LHS8,0
I1KS20,A0A0R0KE62,0
A0A0R4J3Y6,K7KQZ8,0
K7L395,I1N7F4,0
I1KQC7,I1MRP6,0
K7KLI7,I1K2I1,0
I1MHS1,K7LCS7,0
Q2PMU0,I1M225,0
Q2PMQ9,C6TNW3,0
I1K0C4,I1MEQ6,0
C6TD73,C6TFX5,0
I1LDA7,I1MLF1,0
K7L3P2,I1K970,0
I1JMZ3,A0A0R0F214,0
I1MEN1,K7LIE3,0
I1L215,I1MLF1,0
I1JUJ8,A0A0R0GUR9,0
I1KQE2,A0A0R0JSJ9,0
A0A0R0GJ85,C6TBL4,0
I1KUP5,K7L9M2,0
I1MNK0,I1M269,0
I1L6W0,C6SW04,0
I1JNV3,K7L2D7,0
I1JAF7,I1K3X9,0
I1K5G1,K7KES1,0
I1L3P6,K7KFY5,0
A0A0R0KR16,I1N5D5,0
K7KY63,I1LII4,0
K7L1B9,I1JMH3,0
I1MNV4,I1KMS8,0
A0A0R0KXY9,A0A0R0IZY4,0
I1KTD4,C6TIQ7,0
I1N0I7,A0A0R0IR73,0
M1FN39,K7MNP5,0
I1N0W9,A0A0R0GUR9,0
I1LRE4,I1LIA8,0
I1KS36,I1KM19,0
I1NJ79,K7MMD7,0
A0A0R0G342,K7N1L5,0
C6TEP1,I1KHJ4,0
C6T8L7,C6T065,0
I1NBQ2,C6TGA9,0
A0A0R0J2L9,K7M9T4,0
I1MTX9,I1MNU2,0
A0A0R0FYN8,A0A0R0JBL2,0
I1KS88,I1JM18,0
I1NGL5,I1JB64,0
K7KGJ8,I1MZV4,0
I1MC26,I1MNS7,0
A0A0R0EU45,I1JRU7,0
I1LMW7,K7K894,0
A5Z2K3,K7M841,0
I1L8L5,A0A0R0L828,0
I1K4U3,K7L6K2,0
A0A0R0FKK9,Q2PMR3,0
I1KJH7,A0A0R0EDS9,0
C6TAF0,I1KHJ4,0
I1JZC3,C6T2G5,0
I1M3Q8,C6TIK0,0
I1N6N9,I1LLS4,0
A0A0R0EJE2,I1MTV9,0
A0A0R0K5X4,I1K6E7,0
K7MH53,I1LLS8,0
I1J5Q1,I1KLS1,0
I1N0U4,K7LHS7,0
P07506,I1JMK4,0
I1NIJ9,A0A0R0EUJ0,0
I1KMS4,I1MF50,0
I1JKS2,I1JB64,0
A5Z2K3,K7LTR0,0
C6T868,C6SYE1,0
A0A0R0JS60,A0A0R0GJV8,0
I1LD74,I1LL05,0
I1L5H8,C6T2G5,0
I1K5K3,I1NCF6,0
A0A0R0GRI6,I1KUS2,0
I1JKS2,I1JD52,0
I1KRZ2,K7K8Y9,0
I1K5H2,A0A0R0KE62,0
C6T530,I1N761,0
A0A0R0F0T6,I1K5K7,0
I1JV48,K7KES1,0
A0A0R0LA89,K7LNG6,0
I1LJ94,C6TJ17,0
I1L1L2,I1KSL6,0
I1JE38,I1LXQ3,0
A0A0R0GBL8,C6SYE1,0
I1JUJ6,I1LIT1,0
I1MLZ0,I1MQC8,0
I1K7N0,A0A0R0GG06,0
O48548,A0A0R4J384,0
I1JL13,I1LUL2,0
I1LPZ3,I1MRP6,0
C6T084,I1LG13,0
I1LRB0,A0A0R0GWH6,0
A0A0R0FX70,K7MFZ6,0
I1KLS4,I1L3P5,0
C6TGR3,I1N7F4,0
C6T1P2,A0A0R0EG78,0
I1MIE5,I1MRI5,0
A0A0R0GC27,K7LQV0,0
I1JKP1,K7LSJ2,0
I1K2J5,I1MRP6,0
C6TFN5,I1MK72,0
C6TKC3,I1LLS4,0
K7KDM1,A0A0R0FM97,0
I1MUC0,K7M9T4,0
I1MNV4,K7MRF5,0
A0A0R0EU45,C6TGA9,0
I1KUT8,I1LIT1,0
I1J8V4,I1MRP6,0
I1N0I7,K7M592,0
A0A0R0KE73,I1J8C9,0
I1MUQ7,A0A0R4J4H3,0
A0A0R0H2V0,A0A0R0IT62,0
K7MMF4,K7LIE3,0
I1MRS5,K7LY43,0
M1FN39,I1M5B6,0
I1MQB5,I1K642,0
A0A0R0EZ39,K7LIE3,0
I1KQB9,A1YZE0,0
I1LJ93,I1LFD2,0
C6SYA3,I1MLF1,0
I1KBQ5,I1J8W6,0
K7LDR8,I1K9J7,0
C6TFR5,I1K4R8,0
K7K553,A0A0R4J5K6,0
K7LXT7,A0A0R0FER5,0
I1MK36,A0A0R0EUJ0,0
I1JI73,A0A0R0FTI5,0
K7MAP3,K7LIE3,0
I1KP31,I1NIE5,0
I1NIE7,A0A0R0FGT9,0
A0A0R0JH35,I1JB64,0
A0A0R0G6V6,A0A0R4J488,0
I1MRS5,I1M5B6,0
C6SVB5,K7M9T4,0
I1NCS8,K7M6Z2,0
K7K3W5,M1FN34,0
I1KU09,I1KQE3,0
C6TCW7,I1N780,0
I1KQ68,I1KAR1,0
I1N954,K7L4N7,0
I1L215,I1MW51,0
I1KKD9,A0A0R0IF42,0
C6T084,I1MNS7,0
I1M7C1,M1FN34,0
I1MWF0,K7KAB4,0
A0A0R0G5V6,C6TJM4,0
A0A0R0L8Y1,A0A0R4J4C5,0
I1JAG0,C6SZQ0,0
I1L6W0,C6SX83,0
I1KBQ5,I1M998,0
I1MRS5,A0A0R0IF42,0
A0A0R0LB39,I1JAH7,0
I1LBV2,K7KK74,0
I1MTZ8,K7LQV0,0
C6TLV6,I1MW51,0
K7MCD1,K7M4E0,0
K7KYY0,K7L7W0,0
I1KPA1,I1KJD2,0
A0A0R4J3Y6,A0A0R0HSA0,0
I1MXT2,K7MRF5,0
I1L412,A0A0R0JT51,0
K7K8U8,A0A0R0JBL2,0
I1MGB0,I1LM96,0
A0A0R0FNM4,A0A0R0FGT9,0
K7MAP3,I1MQC8,0
I1LSM6,I1MZV4,0
I1MJ97,I1KM19,0
I1J8V4,I1L3P5,0
I1JW21,C6SX83,0
I1MK36,I1KMS8,0
I1J8W9,A0A0R4J4C3,0
A0A0R0KCV3,I1LII4,0
K7M4N3,I1MLJ0,0
C6SWI3,I1N8M8,0
C6TKL8,A0A0R0KVY6,0
I1M2R5,K7M841,0
K7MD28,I1M5B6,0
C6SW69,K7KH93,0
I1KHJ6,C6TIK0,0
I1NF12,K7LSG2,0
C6T8L7,I1MNU2,0
K7KE09,I1KFL5,0
K7LWN2,A0A0R0FEN3,0
K7LHR2,C6SZ70,0
C6T567,A0A0R0KVY6,0
K7MVB9,I1K215,0
I1N6Z0,I1JAH7,0
I1JS58,I1MNU1,0
A0A0R0KR16,I1J547,0
C6TKG0,K7K8K7,0
I1NGQ5,I1JRJ3,0
I1N0R5,K7M6R4,0
I1KJ56,I1LGD6,0
I1MK96,I1M225,0
A0A0R0ET54,I1KAR1,0
C6SYE0,A0A0R0EWR2,0
I1J7S6,K7KVK2,0
I1N9S5,K7LTB2,0
I1NDC0,I1LL05,0
K7MC09,I1N5D5,0
I1LPJ3,C6T5U0,0
C6T2Z2,I1LH18,0
I1LKU1,A0A0R0EDS9,0
I1KJL3,I1K115,0
I1KQE2,K7LTR0,0
A0A0R0HSJ1,A0A0R0FTI5,0
K7LWC5,A0A0R0L5Q1,0
I1KYS6,I1J8C9,0
I1LPD3,C6T0A0,0
I1KPT1,I1MNU2,0
I1M273,I1MF50,0
I1JFS9,I1LIT1,0
C6SWG4,I1LY15,0
C6TAW8,A0A0R0ESZ8,0
I1N8Y6,I1LEC4,0
I1JMZ4,C6TBL4,0
K7LJF6,A0A0R0JRI8,0
I1LMQ5,I1LWZ0,0
I1MSC6,K7LQV0,0
I1LJI8,A0A0R0IT62,0
K7LWI3,I1J9I1,0
I1N0W9,I1LII4,0
I1MWF0,A0A0R0HSA0,0
C6T507,I1L9K4,0
I1KX98,A0A0R0JBV0,0
I1N6N9,I1ML11,0
K7L3P2,K7LY43,0
I1J8W9,I1J8C9,0
I1KJ98,I1J9I1,0
K7K2H1,A0A0R0EJV2,0
C6T2H2,I1LUL2,0
I1L1N3,A0A0R0FB78,0
I1KQE8,I1LLS4,0
K7KZ42,K7MNN5,0
I1MTZ8,C6TNW3,0
K7KDM1,I1KLS1,0
C6T507,A0A0R0KPE1,0
A0A0R0L115,I1LG13,0
I1NF12,I1KTI0,0
C6T2Z2,A0A0R0FER5,0
C6SYQ2,C6SX83,0
C6TG99,I1JC65,0
I1NH98,K7K318,0
I1KUT8,I1N761,0
K7KDA5,K7L2R0,0
A0A0R4J2N2,A0A0R0G7B5,0
A0A0R0GE56,K7KVK2,0
A0A0R0KTM7,C6T5R4,0
C6SZY0,A0A0R0JTV5,0
C6TD73,C6TN69,0
K7MCD1,I1KH38,0
K7M142,I1M3W1,0
I1M0C2,A0A0R0FX75,0
C6SVH9,A0A0R0K6I2,0
C6F117,A0A0R0EUJ0,0
C6T507,I1MVC6,0
I1LPJ3,I1LHS8,0
A0A0R0JZD5,I1NCF8,0
C6TE07,I1JA95,0
K7KEV0,I1MZV4,0
O48548,I1KJD2,0
I1LYQ9,I1MTV9,0
A0A0R0KFE8,I1K467,0
A0A0R0FX46,I1LWZ0,0
I1JXB4,A0A0R0H141,0
A0A0R0JJ98,P62302,0
I1JUJ6,C6SZG1,0
A0A0R0EYA9,A0A0R0GJV8,0
A0A0R0J2L9,A0A0R0HCS6,0
I1JTW0,I1KD82,0
I1KC19,I1L2H4,0
A0A0R0L2U1,A0A0R0HSA0,0
I1J5B0,C6SX83,0
I1LJ93,I1L7G4,0
I1LH11,I1L7G4,0
A0A0R0H8M3,K7N145,0
I1KX98,K7L6K2,0
I1K5H2,A0A0R0GPH9,0
I1KYD6,I1KFL5,0
A0A0R0KNS7,I1KUS2,0
I1K3P0,I1LHS8,0
P09755,I1L332,0
C6TKW2,A0A0R0JRI8,0
A0A0R0JES0,I1K146,0
A0A0R0K5D9,I1M1D5,0
I1JM69,K7N0V8,0
I1J7A8,C6TNW3,0
C6T3I8,I1KHJ4,0
A0A0R4J3D2,I1L171,0
I1K2J5,I1NG45,0
A0A0R0H9H8,K7LHS7,0
C6T968,C6T0A0,0
A0A0R0GNH6,I1NJ53,0
I1MM64,I1KH38,0
C6TMM7,I1KAD1,0
I1JVN0,I1K5B6,0
A0A0R0GCF5,K7KW44,0
I1LMW7,K7M846,0
A0A0R0F077,I1JRV0,0
A0A0R0EU45,A0A0R0G7B5,0
K7M1G4,A0A0R0GG06,0
I1KJT5,A0A0R4J2Y1,0
I1JTW0,A0A0R0L5Q1,0
I1KFI5,I1MLJ0,0
A0A0R0L372,I1LLS4,0
C6T8R7,I1MNV2,0
K7KP67,A0A0R0JQJ0,0
A0A0R0J7J3,K7KNC5,0
I1K628,I1J547,0
I1K650,K7M592,0
K7K794,A0A0R0JQJ0,0
I1JW64,A0A0R0KWT5,0
K7N5D4,A0A0R0K7U0,0
I1L653,C6SW04,0
A0A0R0GE56,I1L3P5,0
I1LA00,K7MMD7,0
I1JCY0,A0A0R0JRI8,0
I1MK36,I1J8C9,0
I1JE83,K7KAB4,0
I1KGN6,K7KAB4,0
I1K5J5,K7KK86,0
C6TL77,I1MW74,0
I1N6Z0,A0A0R0FEN3,0
I1L524,I1LH27,0
A0A0R0KXY9,I1LL05,0
Q2PMS6,A0A0R0G7B5,0
I1MM64,K7KAB4,0
A0A0R0JKU3,A0A0R0FX75,0
K7LRU2,A0A0R0IZY4,0
A0A0R0L115,I1K215,0
I1JV48,A0A0R0GWH6,0
I1KRF9,I1KHJ4,0
I1JTW0,I1LPJ8,0
A0A0R0KNS7,K7L2D7,0
I1LZT5,I1KM19,0
K7LRU2,K7L9M2,0
I1KYF8,I1K642,0
K7M4N3,I1K5B6,0
A0A0R0G342,A0A0R0EYS5,0
I1N8P5,I1KXK6,0
I1KHJ6,I1MEF5,0
I1MZ47,A0A0R0ESZ8,0
I1KJH7,I1J8W6,0
I1NJ79,K7K318,0
I1MUQ7,I1MVC6,0
C6SW43,I1KVC1,0
A0A0R0JS60,A0A0R0ESZ8,0
K7N3F6,A0A0R0FXD4,0
I1MJ97,I1KH38,0
I1LUF0,K7LSJ2,0
I1M0C2,I1KJF2,0
I1MSD9,A0A0R0JRI8,0
K7LQ96,C6TBL4,0
I1K725,A0A0R0IZY4,0
I1KGN6,I1KUB2,0
A0A0R0E907,C6T065,0
C6T968,I1JMK4,0
I1LPC3,A0A0R4J426,0
I1LDU4,A0A0R0FTI5,0
I1L250,K7M4E0,0
I1MC26,I1JMK4,0
I1KVX9,A0A0R0EG78,0
I1MUQ7,I1MEQ6,0
I1JDH6,I1LUL2,0
A0A0R0I8Z5,A0A0R0HV63,0
I1LPC3,I1MC28,0
A0A0R0JLD5,I1LIT1,0
K7MMR4,C6TN69,0
I1K5J5,I1KZ09,0
A0A368UHM1,K7LQV0,0
K7M5T0,A0A0R0FER5,0
I1L5H8,I1KSL6,0
I1K628,C6T2G5,0
I1MTH0,I1LM96,0
K7KLI7,A0A0R0FX75,0
I1M757,I1MLF1,0
I1L1S1,I1KM19,0
I1JM69,A0A0R4J2Y1,0
I1N056,I1KYL4,0
I1N1X8,C6SYE1,0
A0A0R0FKK9,K7K8Y9,0
I1N8Q6,I1KZ09,0
K7LSH9,I1LFD2,0
A0A0R0FNV7,I1KCY5,0
I1L412,I1MW51,0
A0A0R0J2L9,I1JV03,0
I1KQB9,A0A0R0JJK0,0
I1KYF8,K7L2R0,0
I1LMW7,A0A0R0GPH9,0
A0A0R0HIA6,I1NIE5,0
I1JIP5,A0A0R0H141,0
I1NGQ5,K7L6N7,0
I1JFF6,K7M846,0
K7K2H1,K7MXE0,0
I1JMT0,K7MNN5,0
K7KTT9,I1MVC6,0
A0A0R0KXY9,A0A0R0L4P0,0
C6SWG4,A0A0R0G7B5,0
I1L8G3,I1JRJ3,0
A0A0R0JLD5,A0A0R0JSJ9,0
A0A0R0KJP6,A0A0R0G7B5,0
I1N1Y6,I1L3P5,0
A0A0R4J2W3,K7KH93,0
I1M0C3,I1JD52,0
K7LSH9,K7KWE4,0
I1JYG7,C6TJM4,0
I1J9W0,A0A0R0FER5,0
A0A0R0I1I4,I1LUE0,0
I1K620,K7LY43,0
C6TCW7,I1KVC1,0
I1N954,I1M1D5,0
K7KNJ6,I1L9K4,0
I1MLH9,I1NCF8,0
I1N1X8,A0A0R0L828,0
K7K2H1,A0A0R0IT62,0
A0A0R0KTM7,I1KJD2,0
C6SWD4,K7LFD7,0
K7KVG4,A0A0R0GS25,0
C6TKW2,I1L2H4,0
C6T507,A0A0R4J384,0
I1MSD9,I1KYL4,0
I1N0R5,A0A0R0GPH9,0
K7MZP6,I1JD52,0
A0A0R0FX46,C6TCH4,0
A0A0R4J3N1,I1LLS8,0
I1NIJ9,I1KYL4,0
A0A0R0F0T6,A0A0R0IR73,0
C6TC92,I1MZV4,0
I1JE93,I1JD07,0
I1M7V7,I1KM19,0
K7LQ96,I1MLF1,0
K7L240,C6TJM4,0
I1KRF9,I1KLS1,0
K7L9V3,K7L7W0,0
A0A0R0K5D9,A0A0R0IR73,0
K7L395,I1NIE5,0
I1J9J7,I1KH38,0
I1KCH6,I1JAH7,0
C6SYQ2,A0A0R4J5C5,0
C6T0E4,I1M3W1,0
A0A0R0GJ85,I1L332,0
I1KXI7,K7L7W0,0
C6SY25,A0A0R0L828,0
I1JFS9,K7N145,0
I1KLS4,I1MC28,0
I1JKS2,P17093,0
K7MS88,A0A0R0G7B5,0
C6TAF0,C6TJM4,0
I1JVN0,A0A0R4J2Y1,0
C6TAF0,A0A0R0KPE1,0
I1KY58,I1NCF6,0
A0A0R0K5X4,A0A0R0K7U0,0
I1JUI1,K7MTL2,0
I1JNV3,A0A0R0JJK0,0
I1NIJ9,K7LSG2,0
I1LPI3,I1J9I1,0
I1MVE9,I1LH27,0
C6SYR1,C6TCH4,0
K7L9V3,K7K318,0
A0A0R0JYY8,I1KYL4,0
C6SXF5,I1KZ09,0
K7LVE4,I1JV03,0
K7N5D4,K7M6R4,0
A0A0R0KJP6,C6TIQ7,0
I1JTE4,I1JYT2,0
I1M4P0,A0A0R4J5B7,0
I1MK96,I1M5B6,0
K7MZ38,I1LLK1,0
K7N0X7,A0A0R0GJV8,0
I1N9E1,C6TCH4,0
K7MVB9,I1MTV9,0
I1LPI3,I1LVN3,0
I1NHQ1,A0A0R0K7U0,0
K7M9K9,I1JK31,0
I1JMZ3,I1N898,0
I1MVG5,I1MLF1,0
I1N8Y6,C6T065,0
I1K3P0,K7MFZ6,0
C6TC92,C6SW04,0
A0A0R0GBL8,I1NAF6,0
K7MST2,A0A0R0H141,0
I1LAR7,A0A0R0KVY6,0
I1KUP5,I1LHS8,0
K7KE09,C6TJM4,0
A0A0R0L8Y1,C6SZ70,0
I1MRS5,K7L4N7,0
A0A0R0H8M3,K7K4C7,0
I1JIP5,I1L7G4,0
A0A0R0L2U1,Q2PMR3,0
K7L395,C6SZG1,0
C6T567,C6SZ70,0
I1KUT8,I1LUE0,0
Q2PMU2,I1JM18,0
C6TD73,I1LWZ0,0
A0A0R0HXE9,K7KJB2,0
I1JIJ4,C6TFX5,0
C6T3K0,I1LLS4,0
I1LHR1,A0A0R0HV63,0
I1NIE7,C6TFX5,0
I1MGG3,I1LII4,0
I1M4Y9,I1K6E7,0
I1LH11,I1LR48,0
A5Z2K3,I1NCF6,0
K7KVG4,K7KNC5,0
I1JIW3,I1JUQ0,0
A0A0R0EI44,K7LY43,0
K7LTQ1,I1MF50,0
I1KTD4,K7L7W0,0
K7M5I5,I1KH38,0
A0A0R0L7S1,I1MW51,0
C6SXM9,A0A0R0GFM7,0
A0A0R0JJ98,K7MXH5,0
I1LYG4,I1MTV9,0
K7M142,I1KD82,0
I1JUR7,O22518,0
I1MGG3,A0A0R0JBL2,0
C6TNX5,I1KXK6,0
I1K0C4,A0A0R0GBB6,0
C6T4Z6,A0A0R0H141,0
Q2PMU2,K7LFD7,0
I1KMS4,A0A0R4J5C5,0
I1KFU0,I1K5B6,0
I1JP52,I1LH27,0
K7LWN2,K7M592,0
K7KYE0,K7M6R4,0
K7KNJ6,I1MLJ0,0
A0A0R0F0T6,K7L4N7,0
C6T7N2,K7KNC5,0
O48548,C6TJ17,0
K7LLK0,K7MGQ2,0
A0A0R0FJF0,K7MYK9,0
I1NGL5,A0A0R0EUJ0,0
I1KPT1,I1K970,0
I1JE38,A0A0R0FM97,0
I1L8G3,A0A0R0GS25,0
I1MQB5,I1MNU2,0
I1M7V7,A0A0R0FM97,0
I1LD74,A0A0R0JJK0,0
I1LJ93,C6T5R4,0
I1JXQ3,I1MLF1,0
I1KJW4,A0A0R0H141,0
K7LEG0,I1LGD6,0
I1JKP1,K7KWE4,0
I1L653,I1J547,0
I1JL13,I1N898,0
K7MD28,I1JUQ6,0
A0A0R0JZD5,K7N145,0
C6TLT3,K7MXH5,0
K7KPJ4,K7K4C7,0
I1N8M4,I1NCF8,0
I1K5J5,I1NCF8,0
A0A0R0J7Q5,K7KJB2,0
I1JUJ8,I1L332,0
I1M6L1,I1LXQ3,0
C6SXJ9,K7K8K7,0
I1M3Q3,A0A0R0L828,0
A0A0R4J3Y6,A0A0R0GG06,0
C6TGR3,K7MC85,0
I1L8G3,I1K6E7,0
I1KLE1,K7MFZ6,0
I1LGB7,C6TD23,0
K7KNJ6,A0A0R0JSJ9,0
A0A0R0EWX9,I1JM18,0
I1NBC2,A0A0R0H141,0
I1JUT9,I1MEQ6,0
I1JXQ3,C6SZQ0,0
I1LPZ2,I1MQC8,0
I1KDB2,K7L6K2,0
I1L1N3,A0A0R0EYS5,0
I1K911,I1MLJ0,0
I1M3V1,A0A0R0HSA0,0
I1JUJ6,I1LWZ0,0
I1KVS3,K7M6I1,0
P09755,A0A0R0KVY6,0
I1L524,C6T0A0,0
K7K3W5,I1JK31,0
A0A0R0L098,A0A0R0G7I0,0
K7MMG1,I1J8W6,0
I1KFI5,I1LPJ8,0
I1J9W0,I1LW00,0
I1KHJ6,A0A0R0E934,0
C6SYF3,K7N129,0
I1J553,I1MNU2,0
I1KPA1,A0A0R4J4H3,0
I1L1S1,A0A0R4J5K6,0
A0A0R4J389,K7M846,0
I1JXB4,I1KJD2,0
A0A0R0G5V6,I1LXQ3,0
I1N1Y6,I1MEQ6,0
A0A0R0J7J3,C6T2G5,0
Q2PMU2,K7LQV0,0
K7N5D4,A0A0R0FZM4,0
A0A0R0FKK9,K7N129,0
C6TKZ4,K7M846,0
A0A0R0IHF9,A0A0R0K7U0,0
A0A0R0K5D9,I1MEQ6,0
A0A0R0JYB5,K7LLV5,0
I1KUT8,I1JFW6,0
I1N954,K7MYK9,0
I1M3V1,K7L7W0,0
I1KB26,I1LII4,0
A0A0R4J2K3,I1JD52,0
I1MNU7,M1FN34,0
I1LGQ1,A0A0R0H141,0
I1LDY7,K7M849,0
I1LIR4,K7L939,0
I1N056,I1NAJ5,0
I1MZ47,C6SZQ0,0
I1L653,A0A0R0FJR0,0
Q2PMU0,A0A0R0L4P0,0
I1KV60,C6TJ17,0
K7MH53,I1JK31,0
I1KYF8,I1NAJ5,0
I1KIB3,I1MW51,0
I1K912,I1LIU7,0
I1LJA4,C6SZG1,0
I1MBR7,K7LHS7,0
I1N8Y6,I1K4R8,0
K7KY63,I1JRV0,0
C6SZ22,A0A0R0FX75,0
I1KYS6,A0A0R0F214,0
I1KJ56,K7MC85,0
I1JKP1,I1JMK4,0
O48901,K7M6R4,0
I1KYS6,I1LHS8,0
I1KBB6,I1KUB2,0
C6SVH9,K7LFD7,0
I1KIB3,A0A0R0GG06,0
I1M100,I1JRV0,0
I1M9T4,A0A0R0KVY6,0
I1JT28,K7KAB4,0
K7N5D4,C6SYW6,0
A0A0R0ERF9,K7M592,0
I1KHY2,A0A0R0GS25,0
K7M787,I1JC65,0
A0A0R0FNV7,K7LTR0,0
I1LDY7,I1KUB2,0
I1MSC6,K7LFD7,0
K7M787,K7LLV5,0
K7M097,I1JYT2,0
I1MVG5,A0A0R0K7U0,0
C6T968,K7MQG6,0
K7M9K9,I1JV03,0
P09755,I1NCF6,0
K7K415,K7LIE3,0
I1MNK0,I1JVX3,0
I1N954,I1KJD2,0
A0A0R0GBL8,I1MRI5,0
I1MM89,I1KCY5,0
A0A0R0FX46,K7L2R0,0
C6SWI9,Q43463,0
I1KUP5,K7M4E0,0
I1MZ32,I1K467,0
A0A0R0GJ85,A0A0R0FEN3,0
I1MP46,I1J8C9,0
I1JDR2,K7MYK9,0
I1N9E1,A0A0R4J4H3,0
A0A0R0FSS2,A0A0R0L4P0,0
A0A0R0KJP6,K7N129,0
I1MHS1,K7K894,0
K7L3K3,C6TJM4,0
I1N9I5,K7L6N7,0
I1LD74,C6SZQ0,0
I1MP46,A0A0R0FXD4,0
A0A0R0F077,K7KTS8,0
I1K8N0,I1K4R8,0
K7MXS9,I1K3X9,0
I1M7V7,I1LLS8,0
K7MMR3,A0A0R0FB78,0
I1NF12,A0A0R0JQJ0,0
C6SYR1,A0A0R4J2Q5,0
I1JI73,I1K9J7,0
K7MXD1,A0A0R0EDS9,0
P46279,K7L6N7,0
A0A0R0KCV3,C6T5R4,0
I1JAF7,A0A0R4J4C3,0
A0A0R0HSJ1,I1JUQ6,0
I1J553,K7MGQ2,0
I1JMZ3,I1LXQ3,0
Q2PMQ9,K7MXH5,0
C6SYR1,K7KVK2,0
A0A0R0JJ98,I1K5B6,0
C6SYR1,I1LH27,0
K7LVE4,C6SX83,0
I1LY25,I1KM19,0
I1JFN0,C6SZG1,0
A0A0R0GRI6,A0A0R4J426,0
A0A0R0EFE2,I1LFD2,0
I1LD74,I1MRP6,0
I1KQB9,I1LW00,0
I1MNU7,C6TBL4,0
K7LDR8,I1K970,0
K7M2D8,K7LHS7,0
A0A0R0F0T6,K7MFE5,0
I1K2U0,I1LFD2,0
I1KIB3,I1LFD2,0
I1KPU4,A0A0R0KVY6,0
K7KDA5,K7MTL2,0
A0A0R0G6V6,A0A0R0EKI7,0
I1MLH9,C6SZ70,0
A0A0R0GJ85,A0A0R0K6I2,0
K7LW22,I1MNS7,0
M1FIU8,A0A0R0JYX3,0
C6TNX5,K7KNC5,0
I1LJA4,K7M864,0
I1LYG4,A0A0R0JQJ0,0
I1N1X8,K7MRF5,0
K7MAP3,I1JM18,0
I1KXG2,A0A0R0EUJ0,0
C6SY25,K7M4E0,0
I1JM69,C6T0A0,0
I1MV96,K7LIE3,0
I1KP31,K7L9M2,0
A0A0R0FX46,K7MXH5,0
A0A0R4J3N1,I1M5B6,0
I1LRH8,A0A0R0HV63,0
C6T2Z2,C6TJM4,0
I1KGN6,K7LCS7,0
I1N1Y6,I1LUL2,0
K7L1D3,I1KPE7,0
I1NC77,A0A0R0L7U5,0
A0A0R0KE73,I1M5B6,0
I1KYS6,I1KEC8,0
I1M717,I1K9J7,0
K7MZP6,C6TIK0,0
C6SW69,I1NJ53,0
K7MMR4,C6TGA9,0
A0A0R0G2B9,I1M225,0
I1KQE2,K7MFE5,0
A0A0R0GE56,I1M5B6,0
A0A0R0G342,A0A0R4J4D0,0
I1M3V1,I1NCV4,0
A0A0R0JZD5,I1MTV9,0
I1JDR2,I1KTI0,0
I1L250,A0A0R0IZY4,0
I1JMT0,K7KFY5,0
I1LVX2,A0A0R0IR73,0
I1KVX9,I1KAR1,0
I1LAR7,K7MXH5,0
I1L8H7,A0A0R0K0K3,0
I1MSD9,I1K9J7,0
C6TFR5,K7KJB2,0
P09755,K7M846,0
I1KB25,I1MVC6,0
I1LJW2,I1LEC4,0
K7KGC2,K7MQG6,0
C6SYR1,I1JYT2,0
A0A0R0LFT0,K7M864,0
I1LFQ4,A0A0R0HCS6,0
I1K5G1,C6TNW3,0
I1M3Q3,I1MC28,0
K7LRU2,A0A0R0FGT9,0
I1JDR2,I1JAH7,0
I1MC39,I1KAR1,0
I1K5L7,I1LLS8,0
I1MBM5,I1M998,0
K7LJF6,A0A0R0EDS9,0
I1MT74,C6SZ70,0
I1LPC3,K7L2D7,0
K7MI53,K7LLV5,0
A0A0R0FNV7,I1K146,0
I1JUJ8,I1N761,0
K7KCG5,A0A0R4J2Y1,0
I1LMQ5,I1MSN3,0
I1LIR4,I1NCF6,0
C6T2L5,K7MXE0,0
C6TKZ4,I1J547,0
A0A0R0IHF9,I1N5D5,0
A0A0R0KE73,I1LPW2,0
I1JKP1,A0A0R4J2Y1,0
I1LFW0,I1K215,0
I1MXT2,A0A0R4J4C3,0
I1KBQ5,A0A0R0IT62,0
I1MC26,I1MEQ6,0
I1L5H8,I1NCF6,0
C6SZY0,A0A0R0JQJ0,0
A0A0R0F2Z4,I1KYL4,0
A0A0R0KCY1,K7M592,0
K7KTT9,A0A0R0L828,0
K7K794,K7MRF5,0
I1L8L5,C6SZG1,0
I1KPT1,A0A0R0KWT5,0
A0A0R0KR16,I1K970,0
I1LIS4,C6T5R4,0
C6TE07,I1KMS8,0
I1K2J5,I1MQC8,0
I1MBR7,A0A0R4J426,0
I1KPU4,I1LH18,0
I1KH45,I1KSL6,0
A0A0R0L8Y1,I1L3P5,0
I1MNE4,C6SWS6,0
I1KCB7,A0A0R0GWH6,0
I1KCH6,A0A0R0EG78,0
I1KGN6,K7LQV0,0
I1LMQ5,K7M4E0,0
I1KZJ7,I1M1W3,0
I1N0I7,A0A0R0GWH6,0
I1KCN1,I1MLJ0,0
Q2PMU0,I1MNU2,0
A0A0R0GG96,I1NJ53,0
I1MUC0,I1LLK1,0
I1LPI3,I1LHS8,0
C6T2L5,A0A0R0GFH3,0
C6T567,Q43463,0
I1NGL5,I1NCV4,0
A0A0R0L372,K7M6Z2,0
I1NH98,I1LWZ0,0
I1NGQ5,A0A0R0GFL3,0
K7MPL4,A0A0R4J426,0
I1MVE9,I1LW00,0
C6F117,K7LFD7,0
I1LH11,I1LEC4,0
C6TD73,K7K894,0
A0A0R0J7Q5,I1LH27,0
A0A0R0H8M3,K7L6N7,0
I1JT28,I1JHJ0,0
I1JW64,C6TGZ1,0
I1M757,I1JUQ0,0
I1JML1,I1LLS8,0
I1MU29,K7L2R0,0
C6SZ22,I1NG45,0
I1LIK8,C6T4V3,0
I1M7C7,K7M4E0,0
I1N4X7,I1LLK1,0
A0A0R0I1I4,K7M6R4,0
I1JT85,A0A0R0KPE1,0
K7MZ38,K7K8Y9,0
I1L219,I1JAH7,0
C6T567,K7K318,0
I1M5E2,I1LLS8,0
I1KZI6,I1M998,0
I1KCX1,I1J9I1,0
I1MDC4,A0A0R0EJV2,0
A0A0R0K6F4,I1LII4,0
K7MS88,I1LGD6,0
K7MZ38,I1LIU7,0
A0A0R0FEI0,I1JAH7,0
I1KS88,I1KAD1,0
K7KYY0,C6T065,0
I1NIJ9,K7N0V8,0
I1L5H8,K7KTS8,0
C6SXM9,K7KES1,0
A0A0R4J354,I1KSL6,0
I1LZT5,K7KH93,0
I1K628,I1K642,0
I1K7N0,I1M225,0
I1JQR6,I1KJF2,0
C6TC92,I1MVC6,0
I1KGN6,K7N145,0
I1KJ56,I1MEQ6,0
I1JFF6,I1L332,0
C6T8L7,I1K5B6,0
A0A0R4J2N2,I1L332,0
I1NGD2,A0A0R0FJR0,0
I1JAF7,K7L6K2,0
A0A0R0I8Z5,I1NAJ5,0
C6TLT3,C6TGA9,0
I1LBV2,C6TGZ1,0
K7KLF0,C6T5U0,0
I1KRF9,K7M4E0,0
A0A0R0FEI0,I1KXK6,0
I1LC01,I1NJ53,0
K7MTC4,A0A0R0FB78,0
K7MVB9,A0A0R4J384,0
K7K676,I1MNS7,0
I1LFW0,I1JM18,0
I1J4E1,K7MTL2,0
I1KHY2,I1LGD6,0
I1MTX9,I1L171,0
A0A0R0JZD5,I1LY15,0
A0A0R0JG07,K7MFE5,0
A0A0R0JB42,A0A0R0GWH6,0
A0A368UJ64,I1JMK4,0
I1LP56,A0A0R0JRI8,0
I1LQ02,K7KK86,0
A0A0R0FEN9,K7L2D7,0
A0A0R0G3G4,A0A0R0GJV8,0
C6SXJ9,I1LEC4,0
I1KVX9,A0A0R0JBV0,0
I1K628,A0A0R4J2Y1,0
K7LUF9,C6TD23,0
P46279,I1JMZ7,0
I1LIM0,K7LSG2,0
A0A0R0GE56,K7M6J1,0
I1J8V4,K7LTB2,0
I1MLN7,A0A0R0K7U0,0
K7M5W5,I1KZ09,0
C6T2Y4,A0A0R0KE62,0
I1J7S6,I1KFL5,0
I1KP31,I1JD52,0
I1KQG7,I1KAD1,0
K7M787,A0A0R0FGT9,0
A0A0R0FJF0,I1M277,0
I1LMW7,I1MW74,0
A0A0R0JLD5,K7MM40,0
I1NGQ5,A0A0R0L0E7,0
C6TLT3,A0A0R0GG06,0
K7LEG0,K7M4E0,0
A0A0R0KJP6,I1K215,0
I1LAR7,C6TN69,0
I1KRF9,I1LL05,0
I1J5U5,I1MNV2,0
I1JUR7,K7KNC5,0
I1MM64,K7M6J1,0
C6SVF8,I1KQE3,0
K7MZP6,I1K642,0
I1J5B0,K7LTB2,0
I1N0I7,K7M6I1,0
I1K8N0,I1MEF5,0
I1MY72,I1LIA8,0
I1KFI5,I1LLS4,0
A0A0R0GBL8,I1LHS8,0
C6SXM9,K7KK74,0
I1JS58,A0A0R0G7B5,0
I1MP46,A0A0R0JTV5,0
I1JQR6,I1KYL4,0
I1KCX1,I1ML11,0
I1JW21,I1LII4,0
I1MZ47,K7LTR0,0
I1LIH7,I1JMK4,0
I1N6N9,I1MRP6,0
C6SW43,K7MRF5,0
I1M5E2,K7LSJ2,0
I1KXG2,A0A0R0EKI7,0
K7MCD1,I1K9J7,0
I1MY43,A0A0R0KVY6,0
K7KLI7,I1LUE0,0
I1JVP4,A0A0R4J426,0
K7KLI7,K7LFD7,0
I1N9E1,I1MW51,0
A0A0R0HIA6,I1MTV9,0
C6TNL5,I1JMZ7,0
I1KYS6,I1N7F4,0
M1FIU8,I1KEC8,0
A0A0R0FNV7,K7MFZ6,0
K7M142,I1JHJ0,0
C6SVR8,A0A0R0L5Q1,0
I1JE38,A0A0R0IZY4,0
I1J8W9,I1K5B6,0
A0A0R0GE84,A0A0R0FX75,0
I1M7B9,A0A0R0EKI7,0
I1LDY7,K7KJB2,0
I1KJ98,A0A0R0HCS6,0
C6T0U3,A0A0R0FER5,0
I1KZW4,A0A0R0EJV2,0
I1MXT2,K7MFE5,0
I1JW21,K7KES1,0
C6TKL8,Q2PMR3,0
C6SZL0,I1KAR1,0
A0A0R4J354,I1NCF8,0
K7K553,K7LIE3,0
I1JYG7,A0A0R0L0E7,0
I1M3Q3,I1L3P5,0
I1M2R5,I1KMS8,0
A0A0R0FX46,A0A0R0ESZ8,0
C6T2L5,I1KUS2,0
I1MBM5,I1MPJ4,0
I1M717,I1LWZ0,0
I1LQ02,I1JV03,0
I1KB25,I1JAH7,0
I1K328,I1MLF1,0
I1JNV3,I1K9J7,0
A0A0R0FX70,I1M1D5,0
I1MBW8,I1MNU2,0
A0A0R0JH35,K7KJB2,0
C6TKZ4,A0A0R0HSH0,0
C6TGR3,I1KM19,0
C6TLT3,I1LWZ0,0
I1LRB0,I1MEQ6,0
I1L1N3,K7M592,0
I1MUQ7,I1MSN3,0
A0A0R0GRI6,I1JUQ0,0
I1KEY6,K7MNN5,0
K7MD28,K7LY43,0
I1KS88,I1LH18,0
I1LDU4,I1JAH7,0
I1MEN1,I1MC28,0
K7KYY0,I1MQC8,0
K7MPL4,A0A0R4J4C3,0
I1LDY7,I1KUS2,0
I1M7V7,A0A0R0G7B5,0
I1N0W9,K7L9M2,0
K7L8H2,I1L7G4,0
Q2PMU0,A0A0R0GFH3,0
K7LEG0,I1M3W1,0
C6SZY0,A0A0R0L0E7,0
C6T2L5,I1L332,0
A0A0R0JYY8,A0A0R0JYX3,0
I1KYS6,I1KAR1,0
H2D4C3,I1LL05,0
I1MEN1,I1LPJ8,0
I1K9B8,A0A0R4J4C5,0
I1MLK3,I1KTI0,0
K7L9V3,I1LM96,0
I1NGL5,K7M9T4,0
I1KCB7,K7LNG6,0
I1JKP1,I1KXK6,0
I1LIR4,A0A0R0HV63,0
I1MNK0,K7LY43,0
I1M3Q3,I1JVX3,0
K7LUF9,K7M6J1,0
I1N9E1,I1MZV4,0
A0A0R0GCF5,I1M225,0
I1JFF6,I1LLK1,0
A0A0R0L7S1,I1KZY8,0
A0A0R0LB39,O22518,0
I1JXB4,I1LPW2,0
I1NFS4,I1MZV0,0
I1KTL9,A0A0R0F214,0
I1MRY0,K7MFE5,0
C6T426,P62302,0
K7KDX2,I1L171,0
A0A0R0IAV3,A0A0R0L5Q1,0
A0A0R0EWX9,K7M841,0
K7MTC4,A0A0R0FZM4,0
K7KLF0,I1K2I1,0
I1JW21,K7MRF5,0
K7MMR3,I1J547,0
A0A0R0KE73,A0A0R4J2Y1,0
I1KJH7,A0A0R0JQJ0,0
A0A0R0GZZ6,A0A0R0EG78,0
I1K0C4,A0A0R0EJV2,0
I1NIE7,A0A0R0K0K3,0
I1L653,I1KSL6,0
A0A0R0FNV7,I1KEC8,0
I1MSD9,I1MPJ4,0
A0A0R0HDM5,K7M864,0
C6TG99,I1LH27,0
A0A0R4J3N1,I1MF50,0
I1MEF8,C6TN69,0
K7LW22,I1M3W1,0
I1M100,I1J8C9,0
K7N0U1,C6T065,0
I1LKQ4,K7L6K2,0
A0A0R0LFT0,I1JUQ6,0
A0A0R4J3D2,I1KUS2,0
K7KTT9,I1L3P5,0
I1MU29,I1N898,0
I1LGQ1,I1LH27,0
I1MVG5,I1JE09,0
I1M5E2,I1JB64,0
I1MVE9,A0A0R4J2Q5,0
I1JHN5,K7N1T9,0
I1L219,I1K2I1,0
I1JVP4,K7KK74,0
I1MSD9,A0A0R0HSA0,0
A0A0R0K6F4,I1JD36,0
I1M9T4,C6TCH4,0
I1KBQ5,K7LHS7,0
C6T883,I1MNU2,0
A0A0R0JKU3,I1JE09,0
A0A0R0G5A8,A0A0R0JBV0,0
I1M0C2,K7KH93,0
I1KQE8,A0A0R4J4H3,0
I1JDP3,A0A0R0H141,0
I1LS70,I1KCY5,0
I1LM73,A0A0R0L828,0
I1N9I5,I1L2H4,0
K7KGJ8,I1JA95,0
I1JCY0,I1NC50,0
C6SVB5,K7M6J1,0
I1MDC4,A0A0R0FXD4,0
I1JE38,I1MF50,0
K7KKB2,I1LY15,0
A0A0R4J3N1,I1MRP6,0
A0A0R0FNV7,I1JA95,0
I1J7A8,A0A0R0FJR0,0
I1JFN0,I1JHJ0,0
I1M7C1,P17093,0
A0A0R0KNS7,A0A0R0F214,0
K7MAP3,I1LLS8,0
A0A0R0FSY2,K7L7W0,0
I1KB26,I1J4B5,0
P07506,K7L2D7,0
I1MM89,A0A0R0EWR2,0
C6T7N2,A0A0R0IF42,0
I1LDU4,K7KES1,0
C6T507,A0A0R0L828,0
I1KZI6,I1L2H4,0
C6TE07,A0A0R0GS25,0
I1JKS2,A0A0R0E934,0
I1JV48,A0A0R0GFM7,0
K7LDR8,A0A0R0GBB6,0
I1KMP8,A0A0R0GAQ8,0
I1MZ47,I1LH18,0
O48548,C6TGZ1,0
I1LPZ2,I1LLS8,0
I1MK36,C6TIQ7,0
I1L1L2,I1KAR1,0
K7MCD1,Q43463,0
I1KY58,A0A0R0GWH6,0
I1KB25,I1KAR1,0
I1KVS3,I1JAH7,0
C6T3G1,I1MRP6,0
I1MC39,A0A0R0K0K3,0
K7L1D3,K7LLV5,0
I1J8W9,I1NIE5,0
I1L215,A0A0R0EUJ0,0
I1KZW4,K7N0V8,0
A0A368UHE3,C6SZG1,0
I1KBQ5,K7MXE0,0
I1J553,A0A0R0FGT9,0
I1LPJ3,A0A0R0GJV8,0
I1LZT5,K7LCS7,0
A0A0R0F2G6,K7L7W0,0
I1M3Q8,I1MNU1,0
I1K725,C6TFX5,0
C6F117,I1KAD1,0
C6TAF0,K7K4C7,0
I1MTZ8,A0A0R0FXD4,0
K7MCH3,A0A0R0GBB6,0
C6TNX5,I1K6E7,0
K7KCG5,C6TIK0,0
I1KGU0,A0A0R0GBB6,0
C6SY81,I1N780,0
I1L690,K7M592,0
I1LGQ1,I1K2I1,0
I1JVN0,A0A0R0JBL2,0
C6SVH9,C6SZQ0,0
I1JMZ3,I1JRV0,0
A0A0R0L115,I1L9K4,0
A0A0R0JJK8,C6T065,0
I1N0F1,C6TK73,0
K7MRX6,K7L6N7,0
C6SVB5,A0A0R0FXD4,0
I1NBC2,K7M846,0
I1JL13,I1K5K7,0
I1MRS5,I1LII4,0
C6SYQ2,I1MVC6,0
C6T084,I1JE09,0
K7K415,K7MNN5,0
I1J8W9,I1KM19,0
I1MY72,A0A0R0FGT9,0
C6TL77,Q2PMR3,0
I1MVG5,I1KZY8,0
A0A0R0J2L9,I1MZV0,0
I1LCX3,K7M6Z2,0
A0A368UH03,K7KJB2,0
I1KPU4,I1KEC8,0
K7LKS0,A0A0R0F214,0
I1KZI6,C6TJM4,0
A0A0R0G6V6,K7KVK2,0
I1LUL7,I1K467,0
I1LZT5,I1MRI5,0
I1KIB3,C6TK73,0
I1MRS5,A0A0R0F214,0
C6SZL0,I1KHJ4,0
I1LGI1,I1JRU7,0
I1MYX8,I1JM18,0
I1KPT1,A0A0R0FB78,0
K7KLF0,K7KK86,0
I1KLS4,I1KSL6,0
K7M142,K7MNP5,0
K7KFV5,I1KZY8,0
I1KEG8,I1MZV4,0
I1LP56,I1MVC6,0
A0A0R0FNM4,I1KH38,0
I1L8H7,A0A0R0L0E7,0
C6TGR3,I1JV03,0
K7K9E1,K7KFY5,0
I1L412,I1K3X9,0
I1LUI7,A0A0R0L0E7,0
C6T3K0,A0A0R0G7B5,0
I1JFS9,K7KES3,0
I1LGI1,A0A0R0E934,0
O48548,A0A0R0JJK0,0
I1N7K6,A0A0R0G7I0,0
O48901,K7LLV5,0
I1LHR1,K7K8K7,0
C6T2Z2,C6TN69,0
C6T0E4,A0A0R0JQJ0,0
I1K2Z9,A0A0R0FER5,0
I1LZM7,A0A0R0GFL3,0
I1KZJ7,A0A0R0EYS5,0
K7LXT7,I1MEQ6,0
I1KCN1,K7KES1,0
I1M7V7,I1LG13,0
A0A0R0GYG1,I1JMK4,0
I1JMT0,K7LSG2,0
I1M0C3,I1M5B6,0
I1KD09,A0A0R4J4H3,0
I1L1S1,I1J8W6,0
I1KUP5,P17093,0
I1K725,A0A0R0IR73,0
I1K8N0,A0A0R0EDS9,0
I1MTH0,C6TNW3,0
A0A0R0GE84,C6TJM4,0
C6T0E4,A0A0R0FEN3,0
A0A0R0LA89,K7MYK9,0
I1MLZ0,A0A0R0G7I0,0
I1L219,K7KH93,0
I1KLE1,I1KZY8,0
A0A0R0G2B9,A0A0R0IF42,0
K7MRX6,A0A0R0EYS5,0
I1LP18,I1L3P5,0
K7L8H2,A0A0R0GS25,0
K7LQ96,A0A0R0GS25,0
I1KYS6,A0A0R0EYS5,0
C6T5Z0,A0A0R0GWH6,0
I1JR41,A0A0R0G7I0,0
A0A0R0F0T6,I1N761,0
K7K676,A0A0R0EDS9,0
I1J9W0,I1MSN3,0
I1NDC0,K7K8Y9,0
I1LHY4,A0A0R0K7U0,0
I1NBE9,A0A0R4J2Q5,0
A0A0R0EWX9,I1KXK6,0
C6SWI9,A0A0R0L0E7,0
K7LDR8,K7L6K2,0
I1L690,A0A0R0E934,0
I1LM73,I1LVN3,0
A0A0R0FQN0,K7M4E0,0
A0A0R0FKK9,I1KTI0,0
C6T968,C6TCH4,0
I1MZ47,A0A0R0GWH6,0
I1MZ32,C6SWS6,0
C6SYE0,K7MNP5,0
A0A0R0IAV3,I1LIT1,0
A0A0R0KNE1,I1K642,0
I1MM64,K7MRF5,0
A0A0R0KCY1,A0A0R0IZY4,0
I1MYX8,I1L332,0
K7N3F6,I1LUE0,0
O48548,K7MGQ2,0
I1NF12,A0A0R0HV63,0
I1LKQ4,A0A0R0HSH0,0
I1MV96,I1L332,0
I1K2J5,Q2PMR3,0
I1L8S1,K7LQV0,0
A0A0R0H2V0,I1MLF1,0
H2D4C3,I1KJD2,0
A0A0R0G5A8,I1JUQ6,0
K7MAP3,K7MNP5,0
H2D4C3,I1JB64,0
I1N1V6,K7KES1,0
A0A0R0KCV3,A0A0R0HSH0,0
A0A0R0JLD5,I1MSN3,0
C6SVH9,P17093,0
A0A0R0ERF9,I1NCF8,0
I1JMT0,A0A0R0ENB3,0
C6T5Z0,K7N1L5,0
C6SW43,I1KSL6,0
I1LIM0,I1JHJ0,0
K7LJF6,I1MVC6,0
A0A0R0L372,I1JYT2,0
K7KY63,I1M1D5,0
I1JFS9,K7M6R4,0
K7LWI3,K7MXE0,0
A0A0R0L7S1,A0A0R0G7B5,0
A0A0R0KR16,I1LPJ8,0
P09755,I1MZV4,0
A0A0R0H7N0,I1NCF8,0
I1N4X7,A0A0R0K6I2,0
I1MNM3,I1M5B6,0
K7MMR3,C6TJ17,0
K7N0X7,A0A0R4J5B7,0
I1LPI3,A0A0R0FGT9,0
I1JUT9,K7K8K7,0
A5Z2K3,A0A0R0FJR0,0
I1N8P5,K7LHS7,0
K7MCD1,K7KTS8,0
I1JYG6,K7KVK2,0
A0A0R0FNM4,K7KWE4,0
I1N3M5,I1LUE0,0
M1FN39,I1KZK2,0
I1NHI4,C6T0A0,0
A0A0R4J3Y6,K7N5K2,0
I1K4U3,A0A0R0EUJ0,0
C6TFR5,I1LUE0,0
I1J9W0,K7L7W0,0
I1LY25,A0A0R0ENB3,0
A0A0R0G5A8,I1JYT2,0
K7LQ96,I1LEC4,0
I1KEG8,I1NCF6,0
I1KJ98,A0A0R0G7B5,0
I1JIW3,K7M846,0
I1LKQ4,A0A0R0FGT9,0
A0A0R0G5V6,K7K318,0
I1M757,I1K9J7,0
I1KJ56,I1KEC8,0
A0A0R0F2Z4,K7L9M2,0
I1M0S4,I1JMZ7,0
K7KGC2,C6TD23,0
K7L3K3,I1L332,0
A0A0R0FJF0,I1M3W1,0
I1LG61,I1MNS7,0
I1LP18,I1KJF2,0
I1NCS8,K7LCS7,0
I1LP56,I1JA95,0
K7LTQ1,K7LY43,0
C6SXM9,A0A0R4J5C5,0
I1KFU0,K7LIE3,0
C6SXM9,A0A0R4J4C3,0
I1MTH0,C6TIK0,0
I1N8Q6,A0A0R0GFM7,0
I1LKQ4,I1JK31,0
I1JFF6,A0A0R0EKI7,0
I1JYG6,A0A0R4J426,0
I1MTX9,A0A0R0L0E7,0
A0A0R0KCY1,K7L4N7,0
K7KGJ8,A0A0R0GFH3,0
A0A0R0KE73,I1ML11,0
I1MM89,K7KW44,0
I1LYQ9,K7KW44,0
I1L8S1,I1NJ53,0
A0A0R4J354,C6SZQ0,0
I1N1V6,I1LUE0,0
I1N6Z0,I1K5B6,0
A0A0R0GE84,K7K318,0
I1KPU4,A0A0R0GUR9,0
M1FIU8,I1J9I1,0
C6SZG8,I1LH18,0
I1MRY0,I1KJD2,0
I1JAG0,C6TFX5,0
A0A0R0FEI0,I1MQC8,0
A0A0R0LFT0,I1KEC8,0
I1MEF8,A0A0R0GWH6,0
I1LGQ1,A0A0R0GAQ8,0
I1JAF7,I1K115,0
A0A0R0G5A8,I1MNS7,0
I1KUP5,M1FN34,0
I1JQR6,A0A0R4J5K6,0
I1LRE4,I1MLJ0,0
A0A0R0F2Z4,I1J4B5,0
I1NH73,K7K8Y9,0
I1J9J7,K7MXH5,0
A0A368UH03,I1MU00,0
I1K5J5,K7KTS8,0
K7KPJ4,K7MM40,0
K7LQ96,A0A0R0K7U0,0
K7KCG5,I1JHJ0,0
I1JRL7,I1KAR1,0
I1M7V7,I1NCF8,0
I1LHY4,K7N129,0
I1LS70,I1M998,0
I1KMS4,I1KYL4,0
K7MXD1,K7N129,0
I1MWP7,A0A0R4J5C5,0
P46279,A0A0R0GWH6,0
I1MLK3,A0A0R0FGT9,0
I1KJ98,A0A0R0EDS9,0
C6T9S5,A0A0R0KWT5,0
I1LH11,A0A0R0G7B5,0
A0A0R0E907,K7M6Z2,0
I1LUF0,I1LR48,0
I1MM64,I1J4B5,0
I1LG61,A0A0R0JBV0,0
I1MSC6,I1MRP6,0
A0A0R0FSS2,I1KZ09,0
I1L8L5,A0A0R0JBL2,0
I1J5B0,I1NAF6,0
I1LRE4,I1JRV0,0
C6TKG0,I1MJJ9,0
I1LM73,K7K8K7,0
I1KS20,A0A0R4J488,0
Q2PMU0,I1KH38,0
I1LGB1,I1N7F4,0
I1MK36,K7LTB2,0
I1MY33,A0A0R0L5Q1,0
C6T3G1,I1MTV9,0
I1M100,I1JUQ6,0
I1JFF6,A0A0R0L7U5,0
I1MBR7,K7L6N7,0
A0A0R0KR16,K7MFZ6,0
K7M5I5,A0A0R0F214,0
A0A0R0GE56,A0A0R0JYX3,0
C6SWZ1,K7KNC5,0
I1JKS2,A0A0R4J2Y1,0
I1JXQ3,I1KLS1,0
C6SWA0,A0A0R0FM97,0
I1LUF0,C6TJM4,0
A0A0R0HN81,I1MGG7,0
K7KP67,I1K467,0
C6TKG0,I1MNU2,0
C6SZM2,I1KJD2,0
I1JHC2,I1K3X9,0
I1LYQ9,A0A0R0ENB3,0
I1MC26,I1K642,0
I1KUP5,I1K970,0
C6TNL5,K7MXH5,0
I1KU09,I1LPK5,0
I1L4B6,K7MC85,0
I1J8W9,I1N761,0
I1L6W0,I1J547,0
I1JT85,K7MFZ6,0
K7MMG1,I1L7G4,0
A0A0R0H9H8,I1JAH7,0
C6SVF8,A0A0R4J426,0
A0A0R0HN81,K7LLV5,0
I1KY58,A0A0R4J488,0
I1KRZ2,C6TGZ1,0
A0A0R0KJP6,K7L4N7,0
I1LGB1,K7KWE4,0
I1K0C4,I1LR48,0
C6SZM9,A0A0R0GBB6,0
I1KBM7,I1J547,0
I1J7A8,C6TCH4,0
I1N0R5,I1K2I1,0
I1JS58,C6T5R4,0
K7L3K3,I1KQE3,0
I1J7S6,K7M6R4,0
I1JVP4,I1N761,0
I1K725,I1LPJ8,0
I1MBA2,A0A0R0JRI8,0
A0A0R0H8M3,I1KJD2,0
I1K9P1,A0A0R0GBB6,0
I1J7A8,A0A0R0JQJ0,0
I1KPA1,K7N1T9,0
A0A0R0LB39,A0A0R0GG06,0
K7LKS0,C6T5R4,0
I1LCX3,K7L4N7,0
I1JUR7,C6TK73,0
K7MS88,K7MGQ2,0
A0A0R0GE84,A0A0R0GUR9,0
C6TKZ4,K7MC85,0
I1KNN1,C6SZG1,0
A0A0R0KE73,A0A0R0FM97,0
I1KIY3,A0A0R0HV63,0
I1LA00,I1K6E7,0
A0A0R0K6F4,C6SYW6,0
A0A0R0LB39,I1N7F4,0
C6TKL8,C6SW04,0
A0A0R0H8M3,I1J547,0
I1KVS3,A0A0R0HSA0,0
I1LPZ3,I1K467,0
I1JI73,C6T0A0,0
I1LGI1,I1MEF5,0
K7K415,I1LLK1,0
I1M273,A0A0R0GJV8,0
C6T9S5,I1MEQ6,0
I1LP18,K7LY43,0
I1LPD3,A0A0R0GG06,0
A5Z2K3,A0A0R0JQJ0,0
I1JYG6,I1JVX3,0
I1KUT8,K7L2D7,0
C6SZM9,K7L7W0,0
A0A0R0L7S1,I1K4R8,0
A0A0R0KXY9,I1JD36,0
I1KJL3,I1LG13,0
M1FIU8,K7M4E0,0
I1MU29,I1L3P5,0
I1KXI7,I1J547,0
I1L4B6,I1KSL6,0
I1N0F1,I1KJF2,0
I1JIW3,I1K115,0
I1KMP8,I1KAR1,0
I1JKP1,A0A0R0L7U5,0
I1JNK6,I1JUQ6,0
C6SXF5,A0A0R0JRI8,0
A0A0R0GYG1,C6TN69,0
K7M9K9,C6TBL4,0
O48548,K7KWE4,0
I1LY25,K7M846,0
I1LDU4,I1MNS7,0
I1KGU0,I1N7F4,0
A0A0R0LB39,K7N145,0
I1M3Q3,I1JB64,0
I1KVX9,I1NCF8,0
I1LGB1,I1MK72,0
I1M2R5,A0A0R0HCS6,0
C6T2Y4,I1MNV2,0
A0A0R0IAV3,K7K4C7,0
A0A0R0IGP2,I1MU00,0
C6TKW2,I1KLS1,0
I1LYG4,A0A0R0JSJ9,0
I1LJW2,I1K6E7,0
I1MT74,C6SW04,0
I1JVN0,A0A0R0EG78,0
I1L5H8,C6SZG1,0
I1MZ32,A0A0R0G7I0,0
A0A0R0J7J3,A0A0R0FEN3,0
I1KQC7,I1MGG7,0
C6SXM9,I1JE09,0
I1KBL4,K7KH93,0
I1JE38,C6TK73,0
C6TL77,I1LIT1,0
A0A0R0GYG1,C6TGZ1,0
K7KKB2,I1MEF5,0
I1KP31,I1LIU7,0
I1J870,K7LTB2,0
I1LJA4,I1MNU2,0
A0A0R4J389,I1JD36,0
I1M100,K7K318,0
I1KJL3,I1LII4,0
A0A0R0G342,I1MTV9,0
I1MQB5,K7KAB4,0
I1LUI7,I1LLS8,0
M1FIU8,I1N7F4,0
C6TGR3,K7KQZ8,0
C6SZM2,K7M849,0
A0A0R0IHF9,K7MTL2,0
I1KZI6,K7KJB2,0
I1N1Y6,A0A0R0GAQ8,0
I1KPQ8,I1N780,0
K7MZP6,K7M841,0
I1JMZ4,C6TK73,0
K7L1D3,K7KW44,0
I1JMT0,I1KZK2,0
I1L9A1,K7LSG2,0
I1MDC4,A0A0R0EYS5,0
I1N954,I1NAJ5,0
A0A368UHG0,K7K8Y9,0
I1MLH9,A0A0R0HCS6,0
I1LM73,I1JHJ0,0
I1KRD4,I1K5K7,0
K7MWR1,K7LQV0,0
K7LJV1,K7MYK9,0
I1LVX2,I1MVC6,0
I1JUJ6,I1MEQ6,0
I1M273,K7LSJ2,0
I1NIE7,I1KQE3,0
I1KS20,A0A0R0ENB3,0
I1MY43,I1JMK4,0
C6T3G1,I1N7F4,0
C6T426,I1LFD2,0
C6T426,C6SYW6,0
I1KCB7,A0A0R0IT62,0
K7KY63,I1NCV4,0
I1MGB0,I1LIT1,0
I1K9P1,A0A0R0FGT9,0
C6TFN5,K7LQV0,0
A0A0R0L4N1,A0A0R0JJK0,0
A0A0R0FQN0,C6TNW3,0
K7L395,I1LW00,0
C6T5Z0,A0A0R0JJI0,0
A0A0R0JLD5,K7LTB2,0
C6TKG0,I1LM96,0
I1MIE5,K7N129,0
K7KTT9,A0A0R4J488,0
I1LFW0,K7M9T4,0
C6SY81,I1J4B5,0
I1NBC2,I1KYL4,0
K7MPL4,K7K318,0
I1LM73,K7K4C7,0
I1L4B6,K7M592,0
I1JNB0,A0A0R0JQJ0,0
C6T2Y4,K7KFY5,0
A0A0R0G5V6,A0A0R0GS25,0
A0A0R0F2Z4,C6TGA9,0
I1NBE9,K7KWE4,0
I1LPZ2,I1MNV2,0
I1MK36,K7MC85,0
A0A0R0JYB5,A0A0R0FXD4,0
I1L8L5,A0A0R0FGT9,0
A0A0R0L8Y1,I1KLS1,0
A0A0R0HXE9,I1NAJ5,0
A0A0R0F0T6,I1LUE0,0
A0A368UHE3,C6TD23,0
A0A0R0L8Y1,I1M1D5,0
K7KTT9,I1MSN3,0
I1M4P0,I1MNU2,0
K7KGJ8,K7K894,0
K7M4N3,I1K215,0
I1K0C4,I1MNV2,0
I1L215,K7MXE0,0
I1NF12,K7MNN5,0
C6T968,A0A0R0K0K3,0
A0A0R0HSJ1,A0A0R0L828,0
I1MGB0,K7LIE3,0
I1KIB3,A0A0R0ESZ8,0
I1N6Z0,I1JD07,0
K7MZ38,I1KD82,0
A0A0R0H9H8,I1JMH3,0
I1NIJ9,I1MZV4,0
I1KTD4,I1M998,0
I1LG61,A0A0R0JYX3,0
I1M4Y9,I1LUL2,0
I1NH73,I1MC28,0
I1KS88,I1KPE7,0
A0A0R0GYG1,I1MK72,0
I1MFH3,I1KMS8,0
K7K553,C6TJ17,0
K7M5I5,A0A0R4J5K6,0
I1L8L5,K7M849,0
C6TBN8,A0A0R0GPH9,0
C6SW69,K7LK09,0
I1L0M6,C6TGA9,0
C6T883,I1LLS4,0
I1JKP1,A0A0R0IR73,0
C6SW69,K7LIE3,0
H2D4C3,K7MXH5,0
I1JS58,A0A0R0JQJ0,0
I1MUN3,A0A0R0FXD4,0
I1KPU4,K7L9M2,0
I1MRS5,A0A0R0JBV0,0
K7MCH3,K7LSG2,0
K7LJF6,K7L939,0
I1JE93,A0A0R0GJV8,0
I1N9I5,A0A0R0EJV2,0
I1M717,A0A0R0GS25,0
I1LZ09,I1KFL5,0
K7MNC0,A0A0R0KVY6,0
I1NH98,I1KQE3,0
I1K7J4,C6TFX5,0
I1N9S5,A0A0R0IT62,0
A0A0R0L4N1,K7M6Z2,0
A0A0R0GE84,I1N5D5,0
I1KJW4,K7LSJ2,0
K7M1G4,I1JRU7,0
I1KDB2,I1KMS8,0
I1KYS6,C6TCH4,0
I1JFN0,I1MGG7,0
I1NF54,I1JRV0,0
K7L1B9,C6TK73,0
I1M7C1,K7L6N7,0
A0A0R0EYA9,C6TIQ7,0
I1K2U0,I1N8M8,0
I1KIY3,I1LR48,0
K7MH53,I1KSL6,0
I1JUT9,I1LY15,0
I1LFW0,I1KSL6,0
K7MMF4,A0A0R0FXD4,0
I1NIE7,I1N761,0
C6SVB5,K7N5K2,0
I1MGG3,I1LFD2,0
I1LRH8,K7L6N7,0
I1N4X7,I1LIU7,0
I1JUI1,I1JA95,0
A0A368UHG0,A0A0R0EUJ0,0
A0A0R0FJF0,C6T0A0,0
I1KZI6,K7L939,0
I1MYV4,I1JB64,0
I1KYD6,I1KSL6,0
K7LTQ1,I1JMH3,0
I1JY67,A0A0R0FER5,0
A0A0R0GYG1,I1KUS2,0
C6TD73,I1J8C9,0
K7N0U1,K7LHS7,0
I1M4Y9,I1KD82,0
A0A0R0FSY2,K7LY43,0
I1K4D7,A0A0R0GJV8,0
I1KGI6,A0A0R4J426,0
K7M5I5,I1JFW6,0
I1LJ94,A0A0R0GWH6,0
I1LKU1,I1K970,0
I1N8Q6,A0A0R0JTV5,0
I1K620,A0A0R0EYS5,0
I1KJ98,A0A0R4J2Q5,0
I1LFW0,A0A0R0GBB6,0
K7L3K3,I1JE09,0
I1LS70,A0A0R0FZM4,0
I1LWR7,A0A0R0FXD4,0
I1KBB6,A0A0R0KVY6,0
K7MS88,A0A0R0EYS5,0
K7KYY0,A0A0R0IZY4,0
I1KUP5,I1JA95,0
I1MM89,C6SX83,0
A0A0R0FSS2,I1K146,0
C6TBJ1,A0A0R0E934,0
C6F117,K7K4C7,0
I1JRA0,I1LUE0,0
C6TG99,I1LIT1,0
I1K2Z9,A0A0R0EJV2,0
K7MCH3,A0A0R0GPH9,0
K7MMR4,A0A0R0EDS9,0
C6T1P2,A0A0R0ENB3,0
I1LIR4,K7L2R0,0
C6T2Y4,I1JD36,0
H2D4C3,K7L6K2,0
A0A0R0JS60,I1M3W1,0
A0A0R0HSJ1,K7M592,0
A0A0R0L7S1,C6T4V3,0
I1N5E8,A0A0R0GS25,0
I1LDA7,I1KJF2,0
I1K2Z9,K7MRF5,0
K7KP66,I1K2I1,0
I1K5K3,I1JYT2,0
I1L4B6,I1JAH7,0
I1LJA4,I1M277,0
I1KYS6,I1KSL6,0
I1J6B5,I1JVX3,0
I1MHA4,K7M864,0
C6SWL3,K7KK86,0
I1KPA1,I1MPJ4,0
I1L1L2,I1K115,0
I1K912,K7MTL2,0
I1N0U4,K7M6J1,0
K7M787,K7LIE3,0
A0A0R0J2L9,I1KSL6,0
A0A0R0KCV3,I1MRI5,0
I1K4D7,C6T0A0,0
I1NFU9,I1JC65,0
I1NHQ1,A0A0R0GFM7,0
I1LPC3,A0A0R0EDS9,0
K7LW22,K7KES3,0
I1J7S6,I1KLS1,0
A0A0R0G5A8,I1MNV2,0
I1KZW4,I1K5B6,0
I1NHI4,K7MRF5,0
I1JE38,I1K6E7,0
I1KJT5,A0A0R4J2Q5,0
I1LC20,I1LLS4,0
A0A368UHE3,A0A0R0GWH6,0
K7KYE0,I1MNU1,0
K7LTQ1,K7L6K2,0
I1M0N9,O22518,0
A0A0R0GE56,A0A0R0F214,0
I1LP56,K7M592,0
I1MU29,A1YZE0,0
I1L4B6,C6TJM4,0
I1KB25,K7LNG6,0
K7M2D8,K7KK86,0
I1KUP5,I1L9K4,0
A0A0R0KE73,A0A0R0GG06,0
K7K2H1,K7LSG2,0
I1LSM6,I1LFD2,0
C6F117,I1M1W3,0
I1KP31,A0A0R0GAQ8,0
I1J7A8,I1JHJ0,0
A0A0R0I8Z5,K7K4C7,0
K7LA18,I1NJ53,0
C6SVU4,A0A0R0FTI5,0
C6T084,I1J8W6,0
A0A0R0INQ5,I1J9I1,0
A0A0R0K5X4,K7MC85,0
I1K3U2,I1MJJ9,0
I1N8Q6,A0A0R0FB78,0
I1JML1,I1KZY8,0
I1KZI6,I1JD52,0
I1KCN1,I1N7F4,0
I1JS58,A0A0R4J488,0
I1JFF6,I1JRU7,0
I1MP46,I1MLJ0,0
A0A0R0JLD5,A0A0R0IT62,0
A0A0R0EYA9,C6TFX5,0
A0A0R0KNE1,I1JRV0,0
I1K9P1,A0A0R0JT51,0
K7LSH9,K7LIE3,0
C6T4Z6,I1JUQ6,0
I1JVP4,I1LLS8,0
I1KQG0,I1L2H4,0
M1FN39,A0A0R0FXD4,0
I1MRS5,I1K5B6,0
M1FIU8,I1MRP6,0
I1K328,C6TCH4,0
I1LDU4,K7N1T9,0
A0A0R0HIA6,A0A0R0G7B5,0
A0A0R0KFE8,I1JVX3,0
C6TCW7,A0A0R4J2Q5,0
C6SWI9,I1N8M8,0
C6TAF0,K7MGQ2,0
Q2PMU2,I1LLS4,0
I1LGB1,I1KJF2,0
K7K2H1,I1KLS1,0
A0A0R0FKK9,A0A0R0JBL2,0
I1MHS1,K7MXH5,0
I1KBM7,A1YZE0,0
I1LYN0,K7M846,0
C6TD73,K7N0V8,0
I1NH73,A0A0R0IR73,0
C6T3K0,I1MEF5,0
A0A0R0K0L0,K7L9M2,0
A0A0R0EWX9,I1K2I1,0
I1NCS8,K7M4E0,0
A0A0R4J3N1,A0A0R0EDS9,0
Q2TFP1,K7LTB2,0
I1KH45,A0A0R4J5B7,0
A0A0R0G6V6,A0A0R0K7U0,0
I1L524,I1MNS7,0
I1JY67,K7MFZ6,0
I1KHJ6,C6SZQ0,0
I1LYU9,I1KMS8,0
C6SW43,A0A0R0L0E7,0
C6T426,I1JAH7,0
K7K3W5,C6SWS6,0
I1MNV4,I1K467,0
I1N056,P17093,0
I1MNM3,K7M849,0
C6SWZ1,I1MW51,0
C5NTE7,I1JYT2,0
A0A0R0ESI3,I1JA95,0
I1JKS2,I1MRP6,0
K7MGK0,A0A0R0L5Q1,0
I1MIE5,I1MEF5,0
A0A0R0L8Y1,A0A0R0L5Q1,0
A0A0R0EFE2,K7MNN5,0
I1LXH0,K7L2D7,0
K7K1Z2,I1KAR1,0
I1MVG5,I1L171,0
I1JTW0,I1JM18,0
I1JU70,A0A0R4J4C3,0
I1JXB4,I1L332,0
I1MSD9,K7KK74,0
K7KCG5,I1MNU2,0
I1JUI1,A0A0R0IT62,0
A0A0R4J3N1,I1KAD1,0
I1KZI6,K7LY43,0
I1N954,I1M269,0
A0A0R0EU45,A0A0R0HCS6,0
I1NJ79,K7MFZ6,0
I1LFW0,C6TK73,0
I1MYV4,I1M998,0
I1KGU0,I1MEQ6,0
I1JRL7,I1JK31,0
A0A0R0I8Z5,A0A0R0L7U5,0
I1JUR7,A0A0R0K0K3,0
I1M3Q8,I1MQC8,0
I1LZT5,A0A0R0FX75,0
I1MGB0,I1K215,0
I1MNU7,A0A0R0KE62,0
C6T426,I1KH38,0
I1MFH3,K7KQZ8,0
I1NGQ5,K7MC85,0
C6TE07,I1LPK5,0
A0A0R0ET54,A0A0R4J2Y1,0
I1L8H7,A0A0R0JT51,0
K7KYE0,A0A0R4J2Y1,0
A0A0R0J2L9,I1JYT2,0
K7MPL4,I1KUB2,0
I1L0M6,I1LH18,0
C6TCW7,I1LR48,0
I1JUJ6,A0A0R0IF42,0
C6SWI3,I1MSN3,0
I1MP46,I1MW74,0
I1MVK7,C6TNW3,0
A0A0R0FKK9,C6T4V3,0
I1J6B5,A0A0R0IF42,0
C6TKW2,I1KD82,0
I1M100,K7M841,0
K7MMG1,I1KYL4,0
A0A0R0GE56,C6T065,0
I1MC26,I1JFW6,0
I1MUN3,K7LQV0,0
C6T5Z0,I1KZY8,0
C6SYA3,K7KTS8,0
I1L3P6,K7N0V8,0
I1JMZ3,K7KFY5,0
I1KCX1,I1LIU7,0
Q2PMT2,I1N761,0
I1M717,K7N129,0
A0A0R0KCY1,A0A0R0JT51,0
I1JY87,A0A0R0EDS9,0
K7KKB2,I1KTI0,0
I1LLA9,A0A0R0HSA0,0
K7KP67,K7KK86,0
I1MNV4,I1M3W1,0
K7LQ96,I1MW74,0
C6T2L5,A0A0R0EWR2,0
I1MU29,I1JHJ0,0
K7K415,A0A0R0ENB3,0
I1KX98,A0A0R0L5Q1,0
I1LGQ1,I1MW51,0
I1N0F1,K7LHS7,0
K7KPJ4,I1KZK2,0
I1M4P0,A0A0R4J2Y1,0
I1MM64,K7N129,0
Q2TFP1,O22518,0
I1KB26,I1KMS8,0
Q2PMU0,I1KMS8,0
I1LIK8,K7M592,0
A0A0R0JH35,K7KAB4,0
I1KVS3,C6TJM4,0
I1LVX2,A0A0R0FB78,0
I1MVE9,I1KZ09,0
I1MLH9,C6TIK0,0
A0A0R0LFT0,I1JVX3,0
I1N0U4,I1JMH3,0
A0A0R0G6V6,I1KAD1,0
C6SZY0,I1MQC8,0
P48513,C6TJM4,0
I1MNV4,A0A0R0HV63,0
K7KFV5,I1K9J7,0
I1JS58,K7N0V8,0
I1LFW0,I1J8C9,0
I1LJA4,I1LIU7,0
K7MD28,I1LY15,0
I1N9S5,C6T065,0
K7L1D3,A0A0R0EWR2,0
A5Z2K3,A0A0R4J4D0,0
I1N954,C6TFX5,0
K7L1B9,K7M864,0
K7KDX2,A0A0R0IZY4,0
C6TKZ4,I1J8W6,0
C6TKC3,K7MMD7,0
A0A0R0INQ5,I1KSL6,0
C6SYR1,A0A0R0JBV0,0
C6SWZ1,I1K3X9,0
I1JTW0,K7KVK2,0
A0A0R0H9H8,K7N1T9,0
A0A0R0HSJ1,I1JMH3,0
I1NGL5,I1L2H4,0
A0A0R0H9H8,C6TJM4,0
A0A0R0L7S1,I1JUQ0,0
I1JL13,I1JE09,0
I1KTD4,A0A0R0HV63,0
A0A0R0GBL8,K7KW44,0
I1KLS4,A0A0R0L4P0,0
A0A0R0L115,I1NIE5,0
I1L250,A0A0R4J2Y1,0
I1LBV2,I1MNU1,0
A0A0R0JJ98,K7KJB2,0
I1MYX8,I1K5K7,0
I1JMZ3,A0A0R0HCS6,0
K7MTC4,K7K894,0
I1LCX3,I1LVN3,0
A0A0R0JKU3,A0A0R0GBB6,0
A0A0R0F0T6,I1M225,0
C6SWM1,I1L332,0
I1MHH7,C6TBL4,0
I1L1S1,K7L939,0
I1KJW4,A0A0R0EDS9,0
I1MRS5,I1M3W1,0
I1KC19,I1ML11,0
I1J9W0,A0A0R0GAQ8,0
I1JY87,I1JFW6,0
I1MZ47,I1LLK1,0
A0A0R0EJE2,I1JFW6,0
K7M787,I1MGG7,0
A0A0R0F7J9,A0A0R0KVY6,0
A0A0R0L7S1,Q43463,0
O48548,I1MEF5,0
I1K911,M1FN34,0
C6SY99,C6TBL4,0
C6T3G1,K7KQZ8,0
K7LHR2,I1KM19,0
I1MWF0,I1KQE3,0
I1J870,A1YZE0,0
A0A0R4J354,C6T2G5,0
I1LY25,I1M1W3,0
C6T0E4,I1LII4,0
I1L3P6,A0A0R0JBL2,0
I1MY33,C6SYW6,0
I1K328,A0A0R0GFL3,0
A0A0R0FKK9,I1K5K7,0
C6TG99,A0A0R0FEN3,0
I1JMZ3,C6T065,0
I1M0C2,A0A0R4J4H3,0
A0A0R0FSS2,K7KES3,0
A0A0R0IHF9,K7M849,0
A0A0R0L115,K7KQZ8,0
K7LW22,A0A0R0JBL2,0
I1KZI6,I1L7G4,0
A0A0R0G6V6,I1KUB2,0
I1M717,A0A0R0GJV8,0
I1MM64,I1MC28,0
I1KTL9,K7M6R4,0
I1JFN0,I1MRI5,0
A0A0R0I1I4,I1JA95,0
I1N954,K7L7W0,0
A0A0R0LFT0,K7KFY5,0
K7M5T0,C6SZG1,0
I1NFS4,K7LY43,0
I1KHJ6,I1ML11,0
I1MWP7,C6T2G5,0
I1LGB7,A0A0R0IZY4,0
C6SVU4,A0A0R0K7U0,0
I1LDY7,K7KES3,0
I1MNM3,I1LXQ3,0
K7KKB2,I1KUS2,0
I1JNK6,A0A0R0EG78,0
C6T0U3,I1JD36,0
I1LA00,I1M5B6,0
K7LLK0,I1K6E7,0
C6SWI3,K7L7W0,0
I1NC77,A0A0R0EYS5,0
I1MBA2,I1MW74,0
I1KGN6,I1KHJ4,0
I1JVU8,I1NAJ5,0
I1NGQ5,I1LLS8,0
I1JTE4,I1KZ09,0
C6T426,A0A0R0FZM4,0
C6TNL5,I1LH27,0
I1JP52,K7M466,0
I1JIJ4,C6TIQ7,0
I1KHY2,I1LII4,0
I1KUP5,I1KCY5,0
K7L8H2,I1K4R8,0
I1JT85,I1MNU2,0
I1KQE8,K7M6R4,0
I1JU70,C6TNW3,0
K7KPJ4,K7K8Y9,0
K7M2D8,I1JD07,0
I1JDR2,I1LL05,0
I1MXT2,K7L7W0,0
I1MNV4,I1JRV0,0
K7MPL4,A0A0R0JT51,0
A0A0R0L098,K7KFY5,0
A0A0R0G342,I1NC50,0
C6T426,I1LVN3,0
I1KQC7,A0A0R0GG06,0
C6T2L5,I1JHJ0,0
I1JMZ3,I1KTI0,0
A0A0R0LB39,C6TGZ1,0
I1JS58,I1M5B6,0
K7N0U1,I1LR48,0
I1KBL4,I1M269,0
K7KTT9,A0A0R0FTI5,0
I1LVX2,I1LM96,0
I1MK36,I1JRU7,0
I1KYS6,A0A0R0EWR2,0
I1MBA2,K7L939,0
I1K725,I1MRP6,0
I1KQE2,I1LH27,0
A0A0R0JYB5,I1N780,0
A0A0R0KCY1,I1JFW6,0
C6TG99,K7KFY5,0
I1KTS9,A0A0R0IT62,0
C6SY81,I1K1W8,0
I1KJW4,O22518,0
I1MIE5,I1KXK6,0
A0A0R0F2G6,A0A0R0HSA0,0
I1L215,K7MNP5,0
I1KQP3,C6TCH4,0
K7KVG4,A0A0R0JBV0,0
I1LYG4,I1NJ53,0
I1MBM5,C6T4V3,0
I1LSM6,I1MRI5,0
K7N3F6,C6TIQ7,0
K7MCD1,A0A0R0IR73,0
K7MNC0,I1MRP6,0
I1J553,K7MM40,0
C6F117,I1KD82,0
I1JU70,I1NIE5,0
I1KS36,I1LIA8,0
I1KPT1,I1M998,0
I1JWF0,A0A0R4J5C5,0
I1M273,I1K2I1,0
A0A0R0JJK8,I1LPJ8,0
I1LIK8,A0A0R4J2Y1,0
I1MVG5,I1J9I1,0
K7LQ96,A0A0R0JJK0,0
I1JRA0,I1MGG7,0
I1K9B8,A0A0R0JJK0,0
C6TGR3,A0A0R0KVY6,0
I1M0C2,K7K894,0
I1LBV2,A0A0R0GPH9,0
K7N3F6,K7KJB2,0
C6T9S5,A0A0R0F214,0
I1KVL0,K7KQZ8,0
I1NF12,K7M849,0
A0A0R0JG07,K7KW44,0
A0A0R0KCV3,Q43463,0
I1KGN6,K7M9T4,0
I1JAG0,I1K970,0
I1LMQ5,I1MTV9,0
I1JRA0,A0A0R0FZM4,0
K7MXD1,I1KZ09,0
A0A0R0JB42,K7MFE5,0
I1J6B5,C6TNW3,0
K7KTT9,I1LG13,0
C6TC92,I1MC28,0
I1JG98,K7M6J1,0
I1M7V7,I1MNS7,0
I1MLZ0,I1JRJ3,0
A0A0R0HIA6,I1K215,0
I1LLA9,I1K146,0
C6SXP5,I1KLS1,0
A0A0R0L372,C6T065,0
I1N5E8,C6TIK0,0
C6TFR5,I1J8C9,0
A0A0R0K0L0,A0A0R0JBV0,0
I1MHS1,C6T065,0
I1K9P1,M1FN34,0
K7KYY0,A0A0R4J4D0,0
I1KVL0,I1LIU7,0
I1KIB3,K7N0V8,0
I1KUT8,K7L939,0
C6SVH9,I1LM96,0
C6T4Z6,K7KK86,0
I1MLN7,I1JE09,0
K7KP67,I1MC28,0
I1N7K6,K7M864,0
I1K9P1,I1NIE5,0
I1MEZ1,I1M269,0
I1KMP8,I1JE09,0
I1LYG4,I1L3P5,0
C6T4Z6,K7MM40,0
I1JMZ3,A0A0R0GPH9,0
C6T5Z0,M1FN34,0
I1JFN0,A0A0R0EKI7,0
I1LY25,K7N1L5,0
I1JI73,I1N898,0
I1J9W0,I1L171,0
A0A0R0IHF9,K7LSG2,0
I1KCX1,I1K642,0
I1LIM0,I1MW51,0
I1N6Z0,I1MJJ9,0
A0A0R4J354,I1JMH3,0
A0A0R0F2Z4,I1N5D5,0
I1K628,I1M225,0
I1L3P6,I1JRV0,0
I1LH11,K7N1T9,0
I1LUF0,I1MZV0,0
I1LPC3,A0A0R0EKI7,0
I1LG61,A0A0R0IF42,0
I1N0W9,K7LY43,0
I1JM69,I1KMS8,0
I1KKD9,K7LCS7,0
C6SY99,A0A0R4J5C5,0
A0A0R0FSS2,I1M3W1,0
I1K096,I1ML11,0
I1JT85,I1K467,0
I1KC19,C6T5R4,0
C6SYQ2,K7N0V8,0
I1L8S1,K7K8K7,0
I1NDG6,I1M1W3,0
I1KMP8,I1LG13,0
I1K5J5,C6TFX5,0
I1K9B8,A0A0R0K7U0,0
C6TBQ2,I1KUB2,0
I1LYQ9,I1K4R8,0
I1M0C2,A0A0R0KWT5,0
I1LJ93,I1JD52,0
A0A0R0KTM7,I1MK72,0
I1KS20,K7KES3,0
I1MU29,A0A0R0EG78,0
I1K4U3,K7KK86,0
I1MBW8,I1KD82,0
A0A0R0GCF5,I1LPJ8,0
I1KJL3,C6TIQ7,0
I1KAJ2,I1JM18,0
A0A0R0ET54,C6TIQ7,0
I1KBQ5,I1MLF1,0
I1M3Q3,K7KFY5,0
I1JUT9,I1LFD2,0
I1MU29,I1M1D5,0
I1JXQ3,A0A0R0L7U5,0
I1MGB0,K7K8K7,0
A0A0R0FX46,C6TJ17,0
I1L653,I1KCY5,0
A0A0R0EU45,K7MRF5,0
I1LZ09,I1JHJ0,0
C6TC92,K7KES3,0
I1NIJ9,K7M849,0
C6TBQ2,K7LTR0,0
A0A0R0GNH6,A0A0R0K7U0,0
K7KLI7,A0A0R4J4C3,0
I1L215,A0A0R0EG78,0
I1JUI1,K7LSJ2,0
C6SWI9,A0A0R0JQJ0,0
I1J8V4,Q43463,0
I1LGQ1,A0A0R0GPH9,0
C6T2L5,A0A0R0GUR9,0
I1KTD4,I1MRI5,0
C6TG91,K7LTR0,0
C6T8L7,A0A0R0GPH9,0
I1KB26,K7L2R0,0
C6T8L7,I1LEC4,0
K7KEV0,I1LVN3,0
I1MK96,I1KUB2,0
A0A0R0H7N0,A0A0R0GPH9,0
K7KLI7,A0A0R0E934,0
A0A0R0ERF9,K7K4C7,0
I1KGU0,A0A0R0EKI7,0
C6TFN5,C6T065,0
I1M757,K7MXE0,0
I1J6B5,I1MRI5,0
K7L395,I1LUE0,0
I1LA00,I1JHJ0,0
I1NC77,I1M1W3,0
I1M7B9,A0A0R0GG06,0
I1KLE1,K7LY43,0
I1KHY2,I1NCF6,0
C6TNL5,I1L332,0
I1MVK7,I1JC65,0
I1LZW4,I1NAF6,0
K7MXS9,A0A0R0FX75,0
K7MVB9,A0A0R0IR73,0
C6T3I8,K7LSJ2,0
I1L3P6,I1LLK1,0
I1JUJ6,I1JD07,0
I1NIJ9,I1KSL6,0
I1MNU7,I1K1W8,0
A0A0R0LA89,I1NAJ5,0
A0A0R0I8Z5,K7L2D7,0
I1L5Z7,K7MXE0,0
K7MWR1,K7L9M2,0
I1KQC7,C6SX83,0
I1NDC0,K7L2D7,0
I1KB26,I1NAJ5,0
I1NJ79,I1JD52,0
I1JRL7,I1MLF1,0
C6SWI3,K7LY43,0
I1KHY2,K7KW44,0
I1LJA4,I1K115,0
I1KR80,C6SYE1,0
K7LA18,Q43463,0
C6T1P2,K7MQG6,0
I1JM69,A0A0R4J4D0,0
I1JFN0,C6TNW3,0
I1M273,I1KUB2,0
I1J8V4,K7L7W0,0
I1K3U2,I1MLJ0,0
K7L9V3,I1MW74,0
A0A0R0FYN8,I1K970,0
A0A0R0GZZ6,C6TJM4,0
K7KGE9,I1LIU7,0
A0A0R0L8Y1,K7N1T9,0
K7LGW1,A0A0R0FB78,0
I1K725,K7KQZ8,0
A0A0R0L4N1,A0A0R0GS25,0
A0A0R0G5V6,I1MLF1,0
A0A0R0JS60,A0A0R0EYS5,0
A0A0R4J2N2,I1N5D5,0
I1JVP4,I1LH27,0
I1MNM3,K7KVK2,0
A0A0R4J3Y6,A0A0R0IZY4,0
K7MTC4,I1KSD0,0
C6TMM7,I1LGD6,0
K7MI53,I1M269,0
I1KVS3,A0A0R0KWL0,0
I1LYU9,A0A0R4J5B7,0
I1JT85,K7KK74,0
C6SVB5,I1K642,0
I1KBM7,A0A0R0EUJ0,0
I1K2Z9,K7KWE4,0
C6SWM1,K7MFE5,0
C6T567,I1JRU7,0
A0A0R0KNE1,I1JMZ7,0
A0A0R0GBL8,I1JMK4,0
I1K911,A0A0R0KPE1,0
A0A0R0H7N0,I1KCY5,0
I1MEF8,A1YZE0,0
I1MU29,I1LWZ0,0
C6SXJ9,A0A0R0GS25,0
A0A0R0L372,O22518,0
I1KV60,I1MNU1,0
A0A0R0GZZ6,A0A0R0L5Q1,0
I1MHA4,A0A0R0IR73,0
C6TAW8,I1LPK5,0
A0A0R0FX46,A0A0R0H141,0
A0A0R0KJP6,I1KYL4,0
I1MM64,K7L9M2,0
C6T8R7,K7KWE4,0
I1L524,K7LFD7,0
K7MRX6,I1L171,0
I1MRY0,I1JUQ6,0
I1LPZ2,K7KES1,0
K7LHR2,I1LIU7,0
I1KDB2,I1JUQ0,0
A0A0R0F7J9,A0A0R0GG06,0
K7K1Z2,A0A0R4J426,0
I1L412,A0A0R0GWH6,0
I1LM73,I1KZK2,0
I1JW64,I1MLF1,0
A0A0R0LA89,C6TCH4,0
K7MD28,I1JV03,0
A0A0R0H9H8,I1M277,0
I1L690,I1K5B6,0
I1KQ68,K7LSJ2,0
I1KJL3,I1KEC8,0
I1KH45,A0A0R0EG78,0
I1N7K6,K7LNG6,0
I1LP56,K7L6K2,0
C6TG81,P17093,0
I1LPC3,I1MLF1,0
I1K5K3,A0A0R0H141,0
I1JT28,I1MZV4,0
C6T507,I1JM18,0
I1KMS4,I1LHS8,0
K7LW22,K7LY43,0
I1K4D7,C6SYE1,0
I1MTH0,K7KVK2,0
A0A0R0F7J9,C6TIQ7,0
C6SVR8,I1KJD2,0
K7KIU3,K7LSG2,0
I1M757,I1K970,0
I1JYG7,A0A0R0E934,0
I1J5B0,K7MXH5,0
A0A0R0E3E6,I1LLK1,0
I1N8Q6,I1NJ53,0
I1JUT9,K7LSG2,0
C6T507,A0A0R4J4D0,0
I1L412,I1N761,0
A0A0R0F7J9,I1KZK2,0
A0A0R0L115,I1JFW6,0
I1MM89,I1M1W3,0
I1KBQ5,A0A0R0IF42,0
P09755,A0A0R0GG06,0
I1LBV2,A0A0R4J4D0,0
C6T8R7,K7LSJ2,0
A0A0R0K6F4,I1K1W8,0
I1NDC0,A0A0R0JQJ0,0
I1LJ93,I1JFW6,0
I1L5Z7,A0A0R4J384,0
I1MVK7,K7MXH5,0
I1M9T4,I1N5D5,0
I1MK36,A0A0R0EG78,0
A0A0R0FEI0,A0A0R0FZM4,0
I1LXH0,I1KZK2,0
I1LYG4,I1KZK2,0
I1K4D7,I1NAJ5,0
C6SW43,I1JRU7,0
A0A0R0HXE9,I1KYL4,0
I1JDP3,I1JK31,0
A0A0R0JB42,A0A0R4J2Q5,0
I1N8P5,K7N5K2,0
I1JYG6,A0A0R0E934,0
I1MWP7,A0A0R4J384,0
I1NBC2,I1N780,0
C6SWA0,K7M9T4,0
C6SWM1,A0A0R0GFH3,0
A0A0R4J3D2,I1MGG7,0
I1N3M5,K7L7W0,0
I1K5J5,I1MSN3,0
I1NDG6,P62302,0
I1MBR7,C6T0A0,0
C6TNL5,A0A0R0GG06,0
I1MYX8,I1JE09,0
I1NHI4,A0A0R0FM97,0
A0A0R0HN81,I1K115,0
K7M4N3,A0A0R0L7U5,0
I1KJ98,A0A0R0HSA0,0
I1KQC7,I1KPE7,0
C6SWL3,K7N5K2,0
I1KPA1,K7MM40,0
I1K725,A0A0R0EKI7,0
K7MVB9,A0A0R0JJK0,0
I1MVE9,K7K894,0
K7KPJ4,I1JRU7,0
I1M0S4,I1MTV9,0
I1KS36,A0A0R0L0E7,0
C6SWA0,C6TD23,0
I1JRA0,A0A0R4J2Q5,0
K7N3F6,K7L939,0
C6T1P2,Q2PMR3,0
A0A0R0IAV3,A0A0R0G7B5,0
K7N3F6,K7K8Y9,0
I1KBB6,C6TJ17,0
I1LPZ2,A0A0R0HV63,0
C6SYR1,I1K115,0
I1LHY4,I1MPJ4,0
I1L8L5,I1KM19,0
I1MTX9,A0A0R4J4C3,0
I1N7K6,A0A0R4J4C3,0
M1FIU8,A0A0R0HSH0,0
A0A0R0J7Q5,I1LII4,0
I1N0I7,C6T5R4,0
I1J870,C6SW04,0
C6T8L7,C6T0A0,0
I1JFF6,K7KW44,0
I1KQE2,I1LII4,0
K7M4N3,A0A0R0G7I0,0
K7MMR4,C6T0A0,0
C6TMM7,K7MFZ6,0
K7N0X7,I1N898,0
A0A0R0F2G6,K7MNP5,0
I1M5E2,A0A0R0FJR0,0
K7K8U8,I1J9I1,0
K7KYE0,A0A0R0FEN3,0
I1KXI7,I1LL05,0
A0A368UHG0,K7KW44,0
A0A0R0KJP6,K7MMD7,0
A0A0R0KH89,K7N145,0
K7K794,K7LSJ2,0
K7MZ38,A0A0R0K7U0,0
K7KVG4,A0A0R0GBB6,0
I1KBL4,K7L2D7,0
A0A0R0FSY2,I1LEC4,0
I1KGN6,K7L6K2,0
I1NF54,A0A0R0GG06,0
I1KEG8,A0A0R0L828,0
Q2PMQ9,Q2PMR3,0
K7KGE9,A0A0R0L5Q1,0
I1JP52,I1M1D5,0
C6T507,A0A0R0JJK0,0
A0A0R0LFT0,A0A0R0JT51,0
I1KR80,Q43463,0
C6SXM9,I1JAH7,0
I1NF12,I1LH27,0
C6SWZ1,K7LIE3,0
I1LMP2,A0A0R0GPH9,0
I1N0I7,I1KFL5,0
I1LDA7,K7KES3,0
C6TL77,I1MGG7,0
I1KBM7,A0A0R0JBL2,0
I1KPQ8,I1LW00,0
I1MU29,I1M998,0
I1LFQ4,A0A0R0L4P0,0
I1JUI1,A0A0R0EYS5,0
K7MXD1,O22518,0
I1KCH6,K7MM40,0
A0A0R0HSJ1,K7LHS7,0
I1KBB6,I1NG45,0
I1K5G1,I1KZY8,0
I1LHR1,I1MZV4,0
A0A0R0IAV3,A0A0R0FGT9,0
I1KMS4,I1K970,0
I1LRH8,K7L2D7,0
I1KVS3,I1NIE5,0
I1K328,I1MNU1,0
I1MWP7,I1NAF6,0
I1NBE9,A0A0R0GFH3,0
K7MMR3,A0A0R0JTV5,0
K7KDA5,A0A0R4J4C5,0
C6SWM1,K7KVK2,0
I1JMZ3,I1K4R8,0
I1KJL3,K7N129,0
I1MTZ8,I1M998,0
I1JV48,A0A0R0KWT5,0
I1JI73,A0A0R0GUR9,0
I1MJ97,K7LLV5,0
I1KX98,C6TN69,0
I1KNN1,I1N780,0
I1L0M6,A0A0R0HSA0,0
I1KQP3,I1MU00,0
I1KZI6,I1K9J7,0
A0A0R0EFE2,I1KSD0,0
A0A0R0KH89,A0A0R0EJV2,0
C6SY25,I1MW51,0
I1M4P0,I1M269,0
I1KS88,A0A0R0EKI7,0
I1L8L5,K7N145,0
I1MV96,I1M1W3,0
I1LVX2,A0A0R0GUR9,0
I1LFW0,I1N898,0
K7LW22,K7MXE0,0
A0A0R0EZ39,A0A0R0KPE1,0
A0A0R0GYG1,K7M6Z2,0
A0A0R0G5A8,I1MU00,0
I1KH45,I1MVC6,0
I1KBB6,A0A0R0FGT9,0
I1MK36,K7M4E0,0
A0A0R0IHF9,C6TN69,0
I1N1V6,C6T5R4,0
I1K725,A0A0R0GJV8,0
A0A0R0GNH6,I1N8M8,0
C6TD73,I1MNS7,0
I1KYF8,C6TJM4,0
K7N5D4,I1MNS7,0
K7KLF0,I1MVC6,0
C6T2Z2,K7KK86,0
K7M2D8,I1M269,0
I1LGQ1,K7L9M2,0
I1MNE4,A0A0R0G7B5,0
C6T8L7,K7KJB2,0
I1JKP1,I1LLS8,0
C6TAF0,A0A0R0HSA0,0
K7MMF4,K7MFE5,0
I1JDR2,I1KSD0,0
I1KAJ2,A0A0R0IZY4,0
K7LVE4,K7MQG6,0
I1MLN7,K7M849,0
C6T4Z6,K7MFZ6,0
K7K794,I1KJD2,0
K7M9K9,A0A0R0JJI0,0
I1JBJ2,K7KK86,0
I1M3Q8,A0A0R0FM97,0
A0A368UJ64,I1KVC1,0
I1MGB0,K7KVK2,0
I1KY58,I1KVC1,0
A0A0R0EYA9,P17093,0
I1K7N0,I1LXQ3,0
K7L8H2,A0A0R0GG06,0
I1K2J5,K7K318,0
I1MV96,A0A0R0EG78,0
I1LRE4,I1LR48,0
I1JFN0,I1JD07,0
I1N954,A0A0R0HCS6,0
I1MLK3,C6SX83,0
K7K553,I1KVC1,0
I1MM64,I1LL05,0
I1K2J5,I1KXK6,0
C6T2Y4,A0A0R0K0K3,0
K7MMR3,K7M841,0
I1LAR7,K7L4N7,0
K7L1B9,A0A0R4J384,0
I1KVX9,A0A0R0FGT9,0
I1KUP5,Q2PMR3,0
I1LMW7,C6SZ70,0
I1MC26,I1NCV4,0
I1N4X7,I1KEC8,0
I1LGQ1,I1K3X9,0
C6T883,I1NCV4,0
A0A0R0J2L9,I1KZK2,0
I1LRH8,K7L4N7,0
I1KJH7,I1MZV0,0
I1N954,A0A0R0EJV2,0
K7MZP6,A0A0R4J488,0
I1LDA7,I1KUS2,0
I1L219,I1KUS2,0
C6TG81,K7M6J1,0
I1K5G1,I1LW00,0
I1L1L2,I1LUE0,0
K7KKB2,K7M864,0
I1N4X7,I1KH38,0
I1K620,K7KES1,0
I1MNM3,K7LIE3,0
I1MBW8,I1KYL4,0
A0A0R4J3D2,A0A0R0GFL3,0
I1LPC3,C6SZG1,0
I1L524,I1JC65,0
I1N9I5,I1MF50,0
I1KRD4,I1JB64,0
I1JNB0,I1J547,0
I1LJI8,I1KZ09,0
A0A0R0IGP2,C6TJ17,0
I1NBQ2,A0A0R0GFM7,0
A0A0R4J2K3,A0A0R0JYX3,0
K7KE09,C6SYW6,0
I1KMP8,I1KYL4,0
K7L1B9,I1MVC6,0
I1MQB5,K7M849,0
I1NCS8,A0A0R0FZM4,0
C6T7N2,K7K4C7,0
K7LDR8,K7LY43,0
I1MM64,I1KSD0,0
C6SZM2,I1J547,0
I1JRL7,A0A0R0FZM4,0
I1L3P6,C6T065,0
K7MGQ3,I1LR48,0
I1KYF8,C6T0A0,0
O48548,I1LM96,0
I1KIY3,A0A0R4J4D0,0
I1NIJ9,I1KCY5,0
H2D4C3,I1N898,0
I1M2R5,A0A0R0JT51,0
K7MMR4,I1K3X9,0
I1KZI6,I1LVN3,0
A0A0R0J7Q5,I1KQE3,0
I1LPD3,A0A0R0JYX3,0
I1MYV4,C6TFX5,0
I1LJI8,I1JB64,0
A0A0R0KTM7,I1MU00,0
I1MC26,K7L939,0
C6SXM9,K7LTB2,0
I1KFU0,A0A0R0JSJ9,0
I1JL13,I1JB64,0
I1JXB4,I1MW51,0
I1JV48,K7LY43,0
I1MEZ1,K7M466,0
Q2PMS6,I1LM96,0
I1K650,I1LH27,0
I1MC26,K7L7W0,0
C6SXP5,I1NG45,0
A0A0R0JZD5,A0A0R0KWT5,0
I1KQC7,I1NCF6,0
A0A0R0JZD5,I1LWZ0,0
C6T3K0,I1M1D5,0
I1LM73,A0A0R0L0E7,0
K7LXT7,A0A0R0L5Q1,0
A0A0R0H8M3,I1MJJ9,0
I1K4D7,I1NG45,0
I1JW21,A0A0R0FX75,0
A0A0R0EWX9,I1LY15,0
C6TMM7,K7K8Y9,0
I1K4U3,I1KZY8,0
I1MEN1,I1LG13,0
C6SXF5,C6TIK0,0
I1LAR7,A0A0R0JT51,0
A0A0R0EU45,I1JVX3,0
I1MT74,I1NCF6,0
C6SWZ1,I1K970,0
I1MDC4,K7KTS8,0
I1JRA0,A0A0R0H141,0
I1MGG3,P62302,0
I1J7S6,I1KM19,0
I1KTL9,C6TD23,0
K7M9K9,K7LK09,0
I1NC77,I1MZV0,0
C6TBN8,C6SYE1,0
A0A0R0HSJ1,K7M4E0,0
K7LUF9,K7MRF5,0
C6T2L5,I1K970,0
I1M0C3,C6TN69,0
A0A0R0FEN9,A0A0R0G7I0,0
A0A0R0I0B9,K7L2R0,0
I1LPC3,K7M9T4,0
I1M7C1,I1LIU7,0
I1LR08,K7MRF5,0
I1KB25,C6SZG1,0
I1NGL5,I1K6E7,0
I1K2Z9,I1KPE7,0
I1LIM0,I1MPJ4,0
I1KJ56,I1KCY5,0
I1LPJ3,I1JD07,0
C6SZM9,I1M269,0
I1KCH6,A0A0R4J4C5,0
A0A0R0JG07,A0A0R0ESZ8,0
C6TC92,K7M466,0
C6T9S5,A0A0R0KWL0,0
A5Z2K3,A0A0R4J488,0
Q2TFP1,A0A0R0GAQ8,0
I1M9F7,A0A0R0KWT5,0
I1KCH6,K7K318,0
I1K3U2,I1M1D5,0
I1LKQ4,A0A0R0G7B5,0
I1LFW0,A0A0R0FXD4,0
C6SZM9,K7M841,0
I1KEY6,I1MW51,0
A0A0R0HIA6,A0A0R0L0E7,0
I1KZW4,C6SYW6,0
I1N7K6,I1K115,0
I1MTX9,I1LHS8,0
I1JTE4,I1M998,0
I1JV48,C6TCH4,0
I1LAR7,A0A0R0H141,0
I1M7V7,I1KUB2,0
I1LS70,I1MNS7,0
A0A0R0FSY2,I1N898,0
I1KLS4,I1MEF5,0
A0A0R4J3D2,I1JC65,0
A0A368UHM1,A0A0R0FGT9,0
K7MMG1,K7L4N7,0
I1N3M5,K7M592,0
C6SW69,A0A0R0JQJ0,0
Q2PMU0,I1NC50,0
I1K3U2,I1K3X9,0
K7KDA5,C6SW04,0
C6TCW7,A0A0R4J426,0
A0A0R0LFT0,I1LIU7,0
I1MDC4,K7MRF5,0
A0A0R0L098,A0A0R0JYX3,0
A0A0R0FJF0,K7MXH5,0
I1MJ97,I1M277,0
A0A368UJ64,I1K5B6,0
I1JMZ3,I1MSN3,0
C6SXM9,A0A0R0HSH0,0
I1L653,C6T5R4,0
I1MHA4,I1MRI5,0
I1KBB6,A0A0R0KWL0,0
I1NFU9,A0A0R4J5B7,0
I1NHQ1,I1JMK4,0
I1LDY7,C6TIK0,0
I1KIY3,I1LPW2,0
A0A0R0FSS2,I1KXK6,0
I1N6N9,I1M225,0
I1M273,I1LWZ0,0
A0A0R0E907,I1LVN3,0
A0A0R0KCY1,I1NJ53,0
I1NBQ2,I1KZK2,0
I1MP46,I1K642,0
C6SVV7,A0A0R0ENB3,0
I1MKM3,I1N761,0
I1JE93,I1KYL4,0
I1MY33,A0A0R0IZY4,0
I1KP31,I1NAJ5,0
K7KY63,P17093,0
K7MST2,I1K1W8,0
I1MK36,A0A0R0ESZ8,0
I1NGD2,K7MNP5,0
A0A0R0JZD5,K7KVK2,0
C6TBQ2,K7K8K7,0
A0A0R0FNM4,I1N780,0
A0A0R0HDM5,K7KQZ8,0
C6T083,A0A0R4J2Q5,0
I1K8C1,I1J8C9,0
A0A0R0IGP2,C6T065,0
C6SW69,A0A0R0HV63,0
C6TBN8,I1J4B5,0
I1MQB5,I1J547,0
I1MTX9,P17093,0
I1JIW3,I1KSL6,0
I1JNB0,M1FN34,0
K7M9K9,K7K4C7,0
I1LPJ3,A0A0R4J5K6,0
I1N0W9,A0A0R0FTI5,0
I1MVE9,I1KUS2,0
K7LWC5,A1YZE0,0
I1LYQ9,I1NCF8,0
I1LWR7,C6SZQ0,0
C6SW69,K7MXH5,0
I1L8L5,C6TJ17,0
I1LP18,I1KEC8,0
I1KGZ6,I1LW00,0
C6TKB2,I1MF50,0
A0A0R0JB42,A0A0R0FB78,0
I1LKQ4,C6SWS6,0
I1JAG0,I1MRP6,0
I1JRL7,K7LQV0,0
I1M5E2,A0A0R0G7I0,0
I1LYU9,I1KM19,0
A0A0R0IHF9,I1MLJ0,0
I1LJA4,I1KD82,0
I1J5B0,K7K318,0
I1JE93,I1MRI5,0
K7MST2,I1NIE5,0
I1L1L2,K7KQZ8,0
I1M0N9,A0A0R4J5B7,0
I1K911,K7KJB2,0
I1JML1,I1KUB2,0
I1KPT1,K7L4N7,0
I1KVS3,P17093,0
I1KLE1,K7KVK2,0
I1KJ98,K7M846,0
K7KZ42,K7M6Z2,0
A0A0R0KTM7,I1LPW2,0
I1K0C4,K7MM40,0
K7MMG1,K7M9T4,0
C6TLV6,A0A0R0JJK0,0
Q2PMU2,A0A0R0EUJ0,0
C6SYF3,C6TJM4,0
K7K1Z2,K7MM40,0
C5NTE7,A0A0R4J2Q5,0
C6F117,I1JVX3,0
I1M0S4,I1L332,0
I1MNV4,I1LHS8,0
A0A0R0ET54,I1JK31,0
P09755,A0A0R0FER5,0
I1M0C2,A0A0R0JQJ0,0
A0A0R0F0T6,I1KM19,0
I1MZ47,I1LEC4,0
A0A0R0G342,I1KTI0,0
I1MLK3,I1KM19,0
C6TG91,K7MC85,0
I1JUR7,K7L939,0
K7KNJ6,I1N8M8,0
I1NIJ9,I1LLK1,0
K7MMR3,K7N0V8,0
I1MUC0,I1JK31,0
K7KE09,I1MF50,0
I1KAJ2,A0A0R0K7U0,0
I1KCX1,K7L2R0,0
I1JUJ8,A0A0R0IT62,0
I1MYV4,A0A0R0HSH0,0
I1JAG0,A0A0R0EJV2,0
A0A0R0F077,K7KES1,0
I1KV60,K7K8K7,0
I1K4U3,A0A0R0KPE1,0
I1MRY0,I1KAR1,0
A0A0R4J3N1,K7KES1,0
K7LGW1,K7MXH5,0
K7LWN2,K7KK86,0
K7KIU3,A0A0R0L4P0,0
I1MJM9,A0A0R0HCS6,0
I1KLE1,I1MQC8,0
A0A0R0HN81,C6SZG1,0
C6SVU4,C6TNW3,0
A0A0R0ET54,A0A0R4J5K6,0
I1LVX2,A0A0R0FM97,0
A0A0R0HSV1,A0A0R0FX75,0
I1JW64,K7K318,0
C6T4Z6,K7N129,0
K7K676,A0A0R0K0K3,0
I1M3U2,C6TIK0,0
I1NBC2,I1LPW2,0
A0A0R0FX70,I1LII4,0
A5Z2K3,I1LM96,0
I1MSC6,I1JVX3,0
I1LS70,I1MNU2,0
I1JTE4,A0A0R0K7U0,0
C6TKG0,K7M849,0
I1JUJ6,I1JYT2,0
I1NGD2,C6T5R4,0
A0A0R0E3E6,A0A0R0E934,0
I1J5B0,K7K894,0
C6F117,K7KH93,0
C6TD73,A0A0R0FZM4,0
A0A0R0HSV1,I1MEF5,0
I1NFU9,A0A0R0EKI7,0
A0A0R4J2N2,A0A0R0EWR2,0
A0A0R0JS60,I1ML11,0
I1JAF7,I1MW74,0
I1N5E8,I1JD36,0
C6SWD4,I1MNS7,0
C6SVB5,I1JK31,0
A0A0R0L098,I1LL05,0
I1MY43,A0A0R0EDS9,0
A0A0R0L2U1,C6SYW6,0
I1JVU8,A0A0R0K6I2,0
I1LIS4,K7L939,0
I1JWH5,C6T5R4,0
I1KRF9,I1KSD0,0
A0A0R4J2W3,Q43463,0
I1KVS3,C6SW04,0
I1LIM0,I1JM18,0
I1LUF0,I1J547,0
I1MIE5,I1LR48,0
A0A0R0EJE2,I1K2I1,0
I1NFU9,K7L6K2,0
I1JDH6,I1ML11,0
I1NCS8,A0A0R0ESZ8,0
I1M9T4,I1M1W3,0
I1J8V4,A0A0R0GG06,0
A0A0R0F2G6,K7M4E0,0
I1LGB1,I1KXK6,0
I1KCN1,I1K3X9,0
C6TL77,I1M1W3,0
I1LDY7,C6TN69,0
K7KZ42,I1MNU2,0
K7LLK0,C6SW04,0
I1MHA4,I1LIU7,0
A0A368UH03,I1KD82,0
K7LW22,I1KSD0,0
K7K676,I1MEQ6,0
I1L4B6,A0A0R4J4D0,0
C6TCW7,K7L6N7,0
I1KY58,I1JMK4,0
C6TBN8,K7N5K2,0
I1KBL4,C6TN69,0
I1J9W0,I1KSD0,0
I1MHS1,I1N8M8,0
I1KBB6,I1K970,0
A0A0R0FEI0,K7M4E0,0
A0A0R0KFE8,I1K642,0
A0A0R0IGP2,I1JD36,0
K7LSH9,I1KPE7,0
I1LPJ3,I1MNS7,0
I1K5H2,I1JD36,0
A0A0R0GNH6,I1KSL6,0
I1JMT0,K7MFE5,0
A0A0R0KTM7,K7MRF5,0
I1NBE9,I1M269,0
K7LDR8,I1KSD0,0
I1L3P6,A0A0R0K0K3,0
I1N7K6,I1L171,0
I1N3M5,I1NJ53,0
I1L8G3,C6SX83,0
I1KTL9,A0A0R4J5K6,0
I1N6N9,K7MTL2,0
I1MIE5,I1LIA8,0
C6T2L5,A0A0R4J2Y1,0
C6T0E4,I1KJD2,0
K7K553,K7LY43,0
I1JIJ4,A0A0R0JJK0,0
I1M3Q8,A0A0R4J5C5,0
I1JHN5,K7L939,0
I1N9E1,I1LG13,0
C6TKC3,I1JE09,0
I1NF54,I1K115,0
I1MT74,I1LM96,0
A0A0R0HHZ3,I1L9K4,0
A0A0R0GCF5,K7MQG6,0
I1JNK6,I1K4R8,0
I1MVE9,A0A0R0JT51,0
I1JNV3,C6TBL4,0
I1LIS4,I1KUS2,0
K7M5W5,K7L6K2,0
K7MPL4,Q2PMR3,0
I1JVU8,I1M1W3,0
K7KTT9,C6T065,0
K7MMG1,I1KCY5,0
I1KS88,C6T2G5,0
I1J8V4,I1JUQ6,0
I1M757,C6T0A0,0
K7MAP3,I1K2I1,0
I1K5K3,I1MPJ4,0
A0A0R0JS60,C6SZ70,0
C5NTE7,I1N5D5,0
A0A0R0FSY2,A0A0R0H141,0
A0A0R0FJF0,K7MGQ2,0
I1KX98,K7MTL2,0
K7MWR1,I1J547,0
C6T7N2,I1J547,0
A0A0R0F077,A0A0R0JRI8,0
A0A0R0K5X4,I1N761,0
I1M3V1,C6TK73,0
A0A0R0KE73,I1KFL5,0
I1LIH7,K7MRF5,0
I1MC26,I1MZV4,0
I1N4X7,K7LQV0,0
I1L690,A0A0R0EG78,0
A0A0R0HHZ3,A0A0R0L828,0
I1MU29,I1JVX3,0
I1L8L5,I1LLS8,0
I1LZM7,A0A0R0IR73,0
K7MAP3,I1KEC8,0
I1K725,I1L2H4,0
K7KYY0,A0A0R0EYS5,0
C6TBJ1,I1MU00,0
K7LTQ1,K7L7W0,0
A0A0R0KJP6,I1JK31,0
A0A0R0H7N0,I1JRV0,0
I1M4Y9,C6TIK0,0
I1MNU7,A0A0R0KWT5,0
C6TKC3,K7K318,0
I1MDC4,K7L6N7,0
K7MMG1,I1MU00,0
I1JR41,A0A0R0HCS6,0
I1KVX9,K7KQZ8,0
I1JIJ4,A0A0R0GJV8,0
O48548,I1JB64,0
C6SWM1,P62302,0
A0A0R0JS60,I1KHJ4,0
I1L5H8,I1JD52,0
I1LPC3,I1JA95,0
I1MY33,K7LK09,0
I1JE83,I1KEC8,0
I1JUI1,I1M269,0
K7L8H2,A0A0R0GPH9,0
A0A0R0GJ85,A0A0R0IZY4,0
I1NCS8,I1LUE0,0
A0A0R0H8M3,C6TNW3,0
K7K415,K7MM40,0
I1JRL7,C6T4V3,0
I1KFI5,I1JRV0,0
C6TLV6,I1MPJ4,0
A0A0R0KH89,I1LH27,0
I1JUT9,I1JK31,0
I1MNE4,I1JD52,0
C6T3I8,C6T5R4,0
I1JIJ4,A0A0R0GS25,0
I1KDB2,A0A0R0JYX3,0
I1M100,K7KTS8,0
I1L8G3,K7LNG6,0
A0A0R0F7J9,A0A0R4J488,0
I1NIE7,A0A0R0EKI7,0
C6SYF3,I1N780,0
A0A0R0I1I4,K7M6I1,0
K7KE09,I1MTV9,0
I1KQG0,K7KFY5,0
C6SVR8,K7L2D7,0
I1M0N9,A0A0R0L828,0
I1KPU4,I1KZK2,0
C6SYF3,K7MM40,0
C6TC92,K7N145,0
I1KTS9,I1LUL2,0
I1JFN0,C6SZ70,0
C6TFR5,A0A0R0E934,0
C6T567,A0A0R0JQJ0,0
I1LGQ1,I1M1W3,0
I1KHY2,I1N761,0
I1KYS6,C6T2G5,0
K7L8H2,K7KWE4,0
I1MNE4,K7MC85,0
I1JIW3,I1N7F4,0
K7KEV0,I1LH27,0
I1MTX9,A0A0R0GS25,0
I1KPA1,I1KUB2,0
I1LJ93,C6T065,0
I1LC01,A0A0R0GAQ8,0
I1J4E1,A0A0R0G7B5,0
I1MEN1,A0A0R0FB78,0
I1LM73,A0A0R0JRI8,0
A0A0R0KJP6,A1YZE0,0
P46279,I1LPW2,0
C6TKC3,C6TN69,0
A0A0R0EYA9,I1K115,0
I1KU09,I1MLJ0,0
I1MWF0,K7KK86,0
I1MWF0,I1KYL4,0
K7N0X7,I1M3W1,0
I1MGG3,A0A0R0HV63,0
I1MRY0,I1LH27,0
I1MNM3,K7KES1,0
I1MLK3,I1M3W1,0
K7K8U8,C6TN69,0
I1MEF8,A0A0R0FM97,0
A0A0R0INQ5,K7N145,0
I1K2J5,K7KNC5,0
I1L8L5,I1MW51,0
I1KHY2,I1JYT2,0
A0A368UHC3,A0A0R0FJR0,0
A0A0R0F2G6,I1KTI0,0
I1LY25,I1MLF1,0
A0A0R0HHZ3,A0A0R0FB78,0
I1N8M4,I1JK31,0
A5Z2K3,A0A0R0GUR9,0
I1LAR7,K7MYK9,0
I1K3U2,I1K1W8,0
I1LUI7,K7M9T4,0
I1N0R5,I1LEC4,0
A0A0R0JLD5,K7LTR0,0
K7KTT9,P17093,0
A0A0R0ET54,K7N5K2,0
I1N1Y6,I1MW51,0
I1JNK6,A0A0R0GFM7,0
I1JHC2,I1KUS2,0
K7MCD1,A0A0R0IT62,0
K7KYE0,O22518,0
C6TGR3,A0A0R0JYX3,0
K7LKS0,I1MC28,0
I1JP52,K7LTB2,0
I1NC77,K7M6R4,0
I1MUQ7,A0A0R0KVY6,0
I1K9B8,A0A0R0EYS5,0
I1LC01,I1N5D5,0
I1MC39,I1LFD2,0
I1JUI1,I1JM18,0
I1LUF0,A0A0R0FEN3,0
A0A0R0GE84,A0A0R0GG06,0
I1N9S5,A0A0R0FM97,0
C6SVH9,I1LPK5,0
I1JV48,C6TN69,0
C6TL77,C6T5R4,0
C5NTE7,I1J8C9,0
I1KEY6,I1ML11,0
I1NGL5,I1K115,0
I1KS36,I1K5K7,0
I1KCB7,I1L332,0
A0A0R0I0B9,I1KSD0,0
I1LYU9,A0A0R0L0E7,0
K7LRU2,A0A0R0EG78,0
A0A0R0I8Z5,A0A0R0ESZ8,0
I1JYG7,A0A0R0K0K3,0
A0A0R0G5V6,I1MTV9,0
I1KV60,I1LWZ0,0
A0A0R0G2B9,K7M6R4,0
I1M9T4,I1NIE5,0
I1N1V6,K7L2D7,0
I1KQE2,A0A0R0FTI5,0
K7K415,I1LPK5,0
K7MMR4,I1LLS4,0
K7MRX6,K7LNG6,0
A0A0R0H2V0,K7K4C7,0
I1NHQ1,K7M6Z2,0
I1N8P5,I1JRU7,0
A0A0R0F2G6,K7KNC5,0
A0A0R0HN81,K7M4E0,0
I1KPA1,I1MW74,0
C6TKB2,A0A0R4J2Y1,0
C6TAW8,I1K5K7,0
I1NFU9,I1NAJ5,0
I1KJL3,I1L3P5,0
I1LZW4,I1JMH3,0
K7N0X7,I1JA95,0
I1JKP1,I1M225,0
Q2PMU0,I1KJF2,0
A0A368UHM1,I1MRP6,0
I1NBQ2,K7K894,0
A0A0R0EZ39,A0A0R4J488,0
I1KMP8,A0A0R0GUR9,0
K7KVG4,A0A0R0L7U5,0
I1K4D7,I1JC65,0
I1LKU1,I1JV03,0
I1JAG0,K7LTB2,0
A0A0R0IGP2,I1K1W8,0
I1N954,I1KUS2,0
I1M100,C6TGZ1,0
I1N4X7,K7LCS7,0
K7MNC0,A0A0R0FB78,0
I1LHR1,A0A0R0IF42,0
I1K5K3,A0A0R0GS25,0
C6T7N2,A0A0R0FB78,0
A0A0R0G5V6,A0A0R0K0K3,0
I1KCX1,A0A0R4J5K6,0
I1K620,I1KQE3,0
I1MNK0,K7L6N7,0
I1LDA7,I1K9J7,0
I1JVU8,I1NCF6,0
I1MQD0,I1LIA8,0
C6TFN5,A0A0R0JBL2,0
I1N4X7,I1JVX3,0
I1MHA4,I1J8W6,0
A0A0R0LFT0,I1KJD2,0
A0A0R0JZD5,Q43463,0
I1KTD4,K7M841,0
I1MT74,I1MU00,0
K7KKB2,I1LGD6,0
I1M7V7,K7LIE3,0
K7MZ38,C6TGZ1,0
I1L8G3,I1JV03,0
C6SWD4,C6TGA9,0
A0A0R0I1I4,I1M1W3,0
K7K553,K7L2D7,0
I1L215,I1KHJ4,0
K7LXT7,K7KK74,0
I1KYD6,K7N145,0
I1JR41,I1LPW2,0
C6TC92,I1N780,0
A0A0R0L2U1,I1KFL5,0
A0A0R4J2N2,K7KAB4,0
I1KB26,I1MZV0,0
I1KVS3,I1KUS2,0
I1LZT5,A0A0R0JJI0,0
C6T530,K7L6N7,0
K7MD28,A1YZE0,0
I1J5U5,K7N1T9,0
I1KLS4,I1K642,0
K7KDX2,I1JAH7,0
A0A0R0JZD5,K7LCS7,0
C6T968,K7KK86,0
C6TCW7,I1KMS8,0
C6SWA0,K7M864,0
A0A0R0GE56,K7N5K2,0
I1L0M6,A0A0R0JJK0,0
A0A0R4J3Y6,K7K4C7,0
I1KQP3,A0A0R0K6I2,0
C6SYR1,I1JD36,0
I1JIP5,I1JC65,0
I1JU70,I1KZK2,0
A0A0R4J354,A0A0R0JJI0,0
I1M100,I1L2H4,0
I1JM69,I1MEQ6,0
A0A0R0GYG1,I1M5B6,0
I1K7N0,I1JMH3,0
A0A0R0I1I4,I1LXQ3,0
I1LM73,I1K5B6,0
C6TKW2,I1KSL6,0
A0A0R0JZD5,I1K3X9,0
I1M4Y9,I1MEQ6,0
A0A0R0HSV1,I1M269,0
K7KDA5,A0A0R0G7I0,0
I1KQB9,I1KFL5,0
C6SZ22,A0A0R0GFH3,0
A0A0R0K5D9,A0A0R0JJI0,0
I1N3M5,C6SW04,0
I1JMZ4,I1JUQ0,0
I1LIH7,I1JRU7,0
A0A0R0JYY8,I1LW00,0
C6TAF0,I1LEC4,0
K7LHR2,C6TJM4,0
I1K3U2,I1M3W1,0
K7M5I5,I1KPE7,0
I1NGQ5,I1K215,0
I1JRA0,I1KUS2,0
I1JM69,I1MNV2,0
I1N0I7,I1L9K4,0
I1MLN7,A0A0R0JSJ9,0
C6T3I8,A0A0R0JJK0,0
K7MNC0,I1M225,0
C6TK75,I1MLJ0,0
I1K8C1,I1ML11,0
I1N0R5,P62302,0
K7MZ38,A0A0R4J2Q5,0
A0A0R0JYY8,I1KVC1,0
I1LGB1,K7N1L5,0
K7KKB2,I1KXK6,0
I1JT85,C6TGA9,0
C6SZY0,K7KES3,0
I1JE83,I1NCF8,0
K7MMF4,A0A0R4J488,0
A0A0R0KTM7,K7L4N7,0
C6T426,I1KTI0,0
K7M097,A0A0R0HSA0,0
A0A0R0L4N1,I1MF50,0
I1N3M5,K7M4E0,0
I1MLN7,I1KUS2,0
I1LUF0,I1MTV9,0
K7LXT7,K7M6Z2,0
C6TCW7,A0A0R0JBL2,0
I1NDG6,C6SZ70,0
K7MXS9,A0A0R0GFL3,0
I1N0F1,I1L9K4,0
I1NGD2,I1J8C9,0
I1KBM7,I1JRU7,0
I1NIE7,A0A0R0FJR0,0
A0A0R0JZD5,I1K6E7,0
A0A0R0KXY9,I1MZV0,0
I1MTX9,I1JHJ0,0
I1KQP3,I1JMZ7,0
I1K096,I1LXQ3,0
K7LW22,I1MW51,0
I1N9I5,K7LIE3,0
I1JTE4,C6TN69,0
C6T8L7,I1LWZ0,0
C6SWA0,A0A0R0GPH9,0
C6SZM9,C6T5R4,0
I1LAR7,I1K5K7,0
C6TGR3,A0A0R0KWL0,0
A0A0R0KH89,I1LXQ3,0
I1KBB6,I1K4R8,0
I1NCS8,I1LPK5,0
A0A0R0HHZ3,I1MNV2,0
C6SYF3,I1JRV0,0
I1K3U2,I1J4B5,0
I1J9W0,K7LY43,0
I1KPT1,A0A0R0GPH9,0
I1N7K6,I1K146,0
I1J4E1,Q2PMR3,0
K7MXD1,K7MRF5,0
A0A0R0I8Z5,I1KSD0,0
I1N0W9,A0A0R0GFH3,0
I1L3P6,A0A0R0EUJ0,0
I1M3Q3,I1N7F4,0
C6SWI9,C6TGZ1,0
I1LVX2,K7LLV5,0
K7LTQ1,I1JA95,0
I1JV48,I1LXQ3,0
A0A0R0EJE2,K7L2R0,0
I1JG98,C6SYE1,0
A0A368UJ64,C6TCH4,0
K7M5I5,I1MQC8,0
I1LS70,C6TNW3,0
I1KJW4,I1K1W8,0
I1J8V4,I1KZK2,0
I1JRA0,K7N0V8,0
I1LXH0,I1MW74,0
I1LA00,K7KH93,0
I1N5E8,I1JC65,0
I1JUT9,K7KFY5,0
A0A0R0L115,I1MW51,0
I1LDA7,C6TD23,0
K7MGQ3,C6SZG1,0
K7KCG5,I1KUS2,0
K7MD28,I1MSN3,0
C6TFR5,I1M1W3,0
C6T0U3,I1LW00,0
C6SW69,A0A0R0EUJ0,0
I1KC19,A0A0R4J426,0
I1KBM7,A0A0R0G7B5,0
C6T8R7,K7KNC5,0
I1K912,I1KJF2,0
I1M9T4,I1JRV0,0
K7LGW1,K7K4C7,0
A0A368UJ64,I1KEC8,0
I1K7N0,A0A0R0KPE1,0
A0A0R0E907,A0A0R0KWL0,0
I1NJ79,K7KVK2,0
A0A368UJ64,A0A0R0JQJ0,0
I1J9W0,K7M592,0
C6T507,K7N1T9,0
I1LGB7,A0A0R0JBL2,0
K7KP66,C6T2G5,0
I1KEY6,A0A0R0GUR9,0
C6TBQ2,A0A0R0IR73,0
I1N9I5,A0A0R0FB78,0
I1K4U3,A0A0R0FZM4,0
K7LZZ5,K7K318,0
P07506,K7KWE4,0
I1JKP1,I1K6E7,0
I1NH73,P17093,0
A0A0R0G3G4,K7LQV0,0
I1M3U2,A0A0R0EUJ0,0
K7MNC0,I1J8C9,0
A0A0R0JES0,I1MC28,0
A0A0R0FNV7,A0A0R4J5K6,0
I1JWH5,K7LTB2,0
I1JKS2,K7KK74,0
I1KXI7,C6TNW3,0
I1MRY0,I1JVX3,0
I1L1N3,I1M1W3,0
A0A368UHM1,I1JK31,0
A0A0R0JJK8,I1KYL4,0
I1J5Q1,C6TD23,0
I1K7N0,K7LCS7,0
A0A0R0HSJ1,I1KMS8,0
I1JFN0,I1K1W8,0
I1JG98,K7KJB2,0
I1K2J5,K7M846,0
K7KP66,I1K970,0
A0A0R0JJK8,K7M846,0
I1LSM6,I1K9J7,0
I1KTL9,I1KUS2,0
K7L8H2,I1JD07,0
I1LJI8,I1KSD0,0
C6T883,I1LW00,0
C6TKW2,K7LNG6,0
I1M757,A0A0R0FEN3,0
I1LDY7,K7N129,0
I1JXQ3,K7LSG2,0
I1M9F7,A0A0R4J426,0
I1KXI7,I1M3W1,0
C6TK75,A0A0R0KPE1,0
C6SZM2,K7L7W0,0
I1JHC2,I1L3P5,0
I1JT28,I1NCF8,0
I1KEY6,I1KSD0,0
K7MI53,C6TFX5,0
I1LVX2,I1K5B6,0
I1NDC0,A0A0R0JJK0,0
I1LUL7,I1NJ53,0
C6SVU4,A0A0R0GPH9,0
I1MXT2,K7KJB2,0
A0A0R0G2B9,K7K4C7,0
A0A0R4J3N1,I1NJ53,0
A0A0R0JG07,I1JUQ6,0
C6SVH9,K7LY43,0
A0A0R0EI44,K7M6J1,0
I1MBR7,K7MRF5,0
C6SZG8,K7LSJ2,0
C6T8L7,I1M277,0
A0A368UHE3,I1KUB2,0
I1K3P0,K7M864,0
K7M5W5,A0A0R0G7I0,0
K7L1B9,C6TBL4,0
A0A0R0H8M3,K7LK09,0
I1M4P0,A0A0R0JYX3,0
I1MVK7,I1JD36,0
A0A0R0GJ85,C6TGA9,0
C6SVB5,A0A0R0F214,0
I1M757,I1KAD1,0
I1KTL9,A0A0R0EYS5,0
I1KQP3,K7L9M2,0
K7L395,K7N1L5,0
A0A0R0KFE8,A0A0R0KPE1,0
I1LUL7,A0A0R0H141,0
I1LHY4,C6TIK0,0
I1J7S6,I1MLJ0,0
I1KVL0,C6TIQ7,0
I1KQB9,I1NCV4,0
I1L1L2,I1LEC4,0
K7MNC0,A0A0R4J4H3,0
K7LZZ5,A0A0R0EKI7,0
K7MS88,A0A0R0E934,0
C6SWA0,I1JYT2,0
I1L219,K7L939,0
I1JQR6,K7M6I1,0
I1JP52,I1JA95,0
K7KYY0,I1L2H4,0
K7KP67,I1MLF1,0
C6SYE0,I1LG13,0
I1J4E1,A0A0R0GFM7,0
K7KYY0,I1M5B6,0
A0A0R0K0L0,K7K318,0
I1JW64,K7KVK2,0
A0A0R4J2N2,K7MGQ2,0
I1KPT1,A0A0R4J4C3,0
I1N9S5,I1LLS4,0
I1MK36,M1FN34,0
A0A0R0GYG1,I1MQC8,0
C6TKB2,I1LUE0,0
C6SWL3,C6TGA9,0
K7L1B9,I1K970,0
I1LFQ4,I1L171,0
I1JY67,I1MPJ4,0
I1K5H2,I1NCV4,0
P46279,A0A0R0FXD4,0
C6TNL5,I1KUB2,0
K7MTC4,I1L7G4,0
A0A0R0E907,K7KTS8,0
K7KIU3,I1KCY5,0
K7K676,I1KCY5,0
A0A0R0F2Z4,A0A0R0G7I0,0
C5NTE7,K7MM40,0
I1M0S4,K7M592,0
I1M0C3,K7M6Z2,0
I1KVX9,C6T0A0,0
I1KS88,I1KZK2,0
I1J9W0,K7N5K2,0
I1L8G3,I1N898,0
I1JM69,I1NAJ5,0
K7LWC5,Q2PMR3,0
I1K7J4,K7K8Y9,0
A0A0R0H296,A0A0R0EJV2,0
Q2TFP1,A0A0R0G7B5,0
I1N0I7,I1MNS7,0
C6SY81,I1ML11,0
I1MNE4,K7LK09,0
I1LGB1,I1LR48,0
A0A0R0GZZ6,K7N129,0
I1LIR4,A0A0R0IZY4,0
K7LA18,K7L939,0
I1JFN0,K7LSG2,0
I1KRZ2,A0A0R4J384,0
K7N5D4,I1LY15,0
K7K553,I1MGG7,0
C6SZY0,I1JD36,0
A0A0R0L372,A0A0R0HSA0,0
I1LHR1,I1L171,0
I1MJ97,I1MRI5,0
I1LZ09,I1NCV4,0
C6SY81,I1KMS8,0
I1LYN0,I1KJF2,0
C6F117,I1KMS8,0
K7KGJ8,A0A0R0IT62,0
I1N9E1,A0A0R4J426,0
I1K5J5,O22518,0
C6T7N2,K7LTB2,0
I1N1Y6,K7KK86,0
I1LWR7,A0A0R0IF42,0
K7LEG0,K7KQZ8,0
A0A0R0JLD5,K7LQV0,0
A0A0R0F2G6,I1J4B5,0
A0A0R0K6F4,I1K2I1,0
A0A0R0HIA6,K7KAB4,0
I1KYS6,A0A0R0JJI0,0
I1KMP8,K7MGQ2,0
A0A0R0JH35,I1MEF5,0
A0A0R0I1I4,C6SWS6,0
K7KP66,I1LUE0,0
A0A0R0JJK8,I1M277,0
A0A0R4J354,I1LG13,0
I1L8L5,A0A0R0KE62,0
I1JP52,A0A0R0L4P0,0
I1LMQ5,I1JMZ7,0
A0A0R0HHZ3,C6TGA9,0
K7M787,I1L332,0
I1N0W9,I1JVX3,0
A0A0R0HIA6,I1NG45,0
I1K5G1,C6T5U0,0
K7L3P2,K7LTB2,0
I1L250,I1KLS1,0
I1JUI1,I1KVC1,0
K7LRU2,O22518,0
I1KXI7,I1KSL6,0
I1MC39,I1NAJ5,0
A0A0R0GE84,K7MM40,0
A0A0R0L372,K7MTL2,0
I1LIM0,I1JE09,0
I1MGB0,A0A0R0GWH6,0
I1MBW8,I1NG45,0
I1KJ56,I1JRV0,0
C6T3I8,I1KQE3,0
I1JL13,I1MK72,0
I1KZW4,K7M4E0,0
C6TBJ1,I1JRJ3,0
I1KJH7,A0A0R0EWR2,0
I1JHC2,A0A0R0K6I2,0
A0A0R4J3R4,A0A0R0GG06,0
A0A0R0INQ5,I1K9J7,0
K7MH53,I1NAJ5,0
I1JDR2,I1LLK1,0
I1MUQ7,C6SWS6,0
K7MGQ3,I1MZV0,0
I1K5L7,I1JUQ6,0
A0A368UHM1,I1M3W1,0
I1KZI6,I1N5D5,0
I1LHR1,I1MLJ0,0
I1KC19,I1JD36,0
I1N954,I1MW74,0
K7N0U1,I1LHS8,0
I1KQ68,C6SZ70,0
C6T868,A0A0R4J5C5,0
A0A0R4J3D2,I1KZ09,0
I1LD74,K7N129,0
C6TLV6,A0A0R0EJV2,0
I1LXH0,I1JC65,0
I1KQC7,C6TJM4,0
I1KQE8,I1MPJ4,0
C6T3I8,K7MTL2,0
I1J8V4,C6TBL4,0
I1MHA4,C6SZ70,0
A0A0R0JJK8,A0A0R0GUR9,0
A0A0R0JLD5,A0A0R0GFH3,0
I1LSM6,K7L9M2,0
I1JNB0,I1JFW6,0
I1M7B9,I1JV03,0
I1N0F1,I1KCY5,0
C6T3G1,I1MZV4,0
C6T868,I1LW00,0
K7KEV0,I1KD82,0
A0A0R0JS60,K7LY43,0
I1JXQ3,K7MMD7,0
I1M0N9,I1L3P5,0
I1MK96,K7K318,0
C6TG99,I1NC50,0
I1JVP4,I1MSN3,0
I1N0R5,A0A0R0JT51,0
A0A0R0FX70,A0A0R0FER5,0
I1KB25,K7MXE0,0
A0A368UHM1,K7M841,0
I1K2U0,K7MXH5,0
K7KLI7,K7MNN5,0
A0A0R0G5V6,K7LSG2,0
I1K5H2,P62302,0
I1JVN0,A0A0R0GFH3,0
I1JNK6,A0A0R0JJK0,0
I1KPA1,C6SZQ0,0
K7MMF4,K7K4C7,0
I1KVX9,I1JRJ3,0
I1MBW8,O22518,0
K7KKB2,I1LG13,0
A0A0R0JB42,K7LY43,0
K7KP66,I1NAJ5,0
A0A0R0F7J9,I1LW00,0
I1KS88,K7M846,0
I1L5Z7,A0A0R0JJK0,0
I1K2Z9,A0A0R0JJI0,0
K7LEG0,K7KW44,0
I1KS88,A0A0R0JYX3,0
C6TKW2,K7LCS7,0
I1K0C4,A0A0R0FM97,0
I1JAF7,A0A0R0G7I0,0
I1KS36,Q43463,0
I1K5L7,K7M6Z2,0
I1M273,I1LM96,0
I1JS58,C6T5U0,0
A0A0R0HDM5,A1YZE0,0
K7MXS9,A0A0R4J4D0,0
I1JUJ8,I1KLS1,0
I1J553,A0A0R0FTI5,0
C6T7N2,I1LUE0,0
K7LUF9,A0A0R0IZY4,0
A0A0R0EU45,K7LHS7,0
I1L219,I1LPK5,0
K7LIW2,I1L171,0
I1JRA0,A0A0R0JBL2,0
I1LZM7,A0A0R0E934,0
C6T567,A0A0R0F214,0
I1M7C7,A0A0R0HSA0,0
I1KUT8,I1M277,0
I1MRS5,K7N0V8,0
I1K0C4,A0A0R0HCS6,0
K7LW22,I1MEF5,0
I1JUT9,I1K642,0
I1LJI8,I1LH18,0
I1KIB3,K7MNN5,0
I1KHL4,K7MFE5,0
I1L4B6,I1K146,0
I1KJL3,K7LHS7,0
I1M7C1,A0A0R0K6I2,0
K7N0X7,I1N7F4,0
K7KE09,I1N780,0
I1LYQ9,K7M6I1,0
K7KDA5,I1KLS1,0
C6TAW8,I1J8C9,0
I1N8P5,I1K5K7,0
A0A0R0JG07,A0A0R0L0E7,0
K7KDA5,I1M998,0
I1LPZ3,C6TFX5,0
K7KZ42,I1KJD2,0
C6SWD4,I1NJ53,0
A0A0R0L8Y1,A0A0R0GAQ8,0
A0A0R0EI44,A0A0R0FGT9,0
I1JFF6,K7LTR0,0
I1LP56,I1KTI0,0
A0A0R0L4N1,A0A0R0FB78,0
K7LDR8,I1KCY5,0
A0A0R0GCF5,A0A0R0FX75,0
A0A0R0GYG1,K7K8Y9,0
C6SVV7,I1K5B6,0
I1KHL6,I1M998,0
I1LJI8,C6TNW3,0
C6T426,A0A0R0EUJ0,0
I1KU09,I1MC28,0
A0A0R0JG07,A0A0R4J4C5,0
I1JV48,I1K642,0
I1L8S1,C6T4V3,0
C6SWD4,K7KAB4,0
A0A0R0JYB5,A0A0R4J5K6,0
I1LIS4,I1MJJ9,0
I1KHL4,I1KYL4,0
I1MWP7,K7N129,0
K7LWN2,I1NIE5,0
I1KVL0,A0A0R0GS25,0
I1NGL5,P17093,0
C6T3G1,I1LII4,0
I1LHY4,I1LUL2,0
I1LHR1,I1M225,0
I1LXH0,C6TK73,0
I1K4U3,K7MNP5,0
A0A0R0FX70,C6SX83,0
I1MEN1,I1K115,0
I1MJ97,K7KK86,0
K7LWN2,I1N761,0
I1KVL0,A0A0R4J384,0
I1MUQ7,I1KHJ4,0
I1LD74,I1MU00,0
I1KCX1,K7KJB2,0
I1KQ68,I1MLF1,0
C6SWI9,I1MNU2,0
I1K4U3,I1KSD0,0
K7K9E1,K7LTR0,0
I1JKP1,A0A0R0G7I0,0
A0A0R0KJP6,K7N0V8,0
K7N0X7,C6SX83,0
A0A0R0F7J9,A0A0R0FB78,0
I1NIE7,K7MM40,0
K7KFV5,I1JYT2,0
I1N954,K7MXH5,0
I1LZM7,I1KSL6,0
A0A0R0GBL8,I1NAJ5,0
I1NHQ1,I1LII4,0
A0A0R0EU45,K7KTS8,0
P46279,I1MRI5,0
C6SXP5,A0A0R0GFM7,0
I1KPU4,I1MTV9,0
I1NF54,I1KVC1,0
C6SZM2,A0A0R0FXD4,0
I1LJW2,I1K3X9,0
C6SYE0,K7M841,0
I1KLS4,C6T0A0,0
I1JUR7,I1LLS4,0
C6TLT3,A1YZE0,0
C6SY81,K7KAB4,0
I1L1N3,C6T2G5,0
I1KEY6,I1LIU7,0
I1K2J5,A0A0R0GS25,0
A0A0R0KH89,I1N5D5,0
I1JTE4,A0A0R0E934,0
I1JHC2,A0A0R0KPE1,0
I1MY33,I1KXK6,0
I1JIJ4,K7LNG6,0
I1J7A8,I1KAD1,0
I1M0N9,A0A0R0G7I0,0
I1KVS3,K7MTL2,0
I1J870,C6TCH4,0
C6T426,C6T065,0
C6T426,A0A0R0HSA0,0
I1NGL5,I1K3X9,0
I1L4B6,I1MNU2,0
I1JKP1,K7KVK2,0
K7M9K9,A0A0R0GS25,0
C6T7N2,K7N1T9,0
K7MCH3,I1JMH3,0
I1K0C4,I1LII4,0
I1L8L5,I1L171,0
I1L250,A0A0R4J5K6,0
I1LIM0,I1JMZ7,0
I1LDY7,C6SZ70,0
I1K8C1,I1LWZ0,0
A0A0R4J2W3,I1K3X9,0
K7KY63,I1KLS1,0
I1LJ93,A0A0R0FJR0,0
I1J7A8,K7MNP5,0
A0A0R0LFT0,I1JAH7,0
C6SVR8,K7N1T9,0
I1NGQ5,I1LL05,0
A0A368UHE3,I1J9I1,0
A0A0R0FEN9,I1JAH7,0
I1LHY4,I1MQC8,0
K7M2D8,I1KYL4,0
I1JAG0,I1L2H4,0
K7LLK0,I1LY15,0
I1KGN6,K7MM40,0
I1LZW4,K7KAB4,0
K7L1B9,K7LTR0,0
C6SY99,I1LIT1,0
I1N8P5,C6TCH4,0
C6SWI9,I1JB64,0
A0A0R0G5V6,I1JM18,0
C6SVR8,I1JVX3,0
I1N1V6,C6TCH4,0
K7LEG0,I1MGG7,0
I1KPQ8,K7MMD7,0
A0A0R0EJE2,A0A0R0JYX3,0
C6SXP5,A0A0R0KWT5,0
C6TLV6,I1MRI5,0
A0A0R0L372,I1K970,0
K7K676,A0A0R0EUJ0,0
I1KU09,I1MSN3,0
I1M3Q8,I1KLS1,0
I1L5Z7,K7K8Y9,0
A0A0R0LA89,A0A0R0FGT9,0
C6SYF3,A0A0R0GG06,0
I1JTW0,O22518,0
I1L8L5,K7KQZ8,0
A0A0R4J3N1,C6TGA9,0
I1LC01,I1J8C9,0
K7LGW1,I1MRP6,0
A0A0R0JH35,A0A0R0GG06,0
I1KJL3,I1MZV0,0
I1JWF0,I1JFW6,0
I1M0C3,I1K1W8,0
I1M0S4,A0A0R0FXD4,0
A0A0R0LA89,I1NCF6,0
I1KS36,I1MPJ4,0
I1KJ98,A0A0R0JJK0,0
I1MM89,I1KAR1,0
K7L3P2,I1LY15,0
K7K794,I1LPJ8,0
C6T0U3,A0A0R0IF42,0
C6SZM9,A0A0R0GJV8,0
I1MY43,A0A0R4J2Y1,0
I1LRB0,I1K6E7,0
K7MZP6,K7LTB2,0
A0A0R0J7Q5,K7LFD7,0
I1KGZ6,I1JHJ0,0
K7LXT7,P62302,0
I1LPC3,I1KVC1,0
I1K2Z9,K7KH93,0
C6T530,I1JMH3,0
A0A0R0F077,I1JUQ0,0
I1LGI1,I1LHS8,0
I1MM64,I1N898,0
I1KLE1,C6SX83,0
I1LJ93,K7MMD7,0
C6SXP5,I1L171,0
I1MZ32,A0A0R0GFH3,0
I1J870,I1NIE5,0
C5NTE7,I1JVX3,0
I1M6L1,K7K8Y9,0
I1MLK3,K7MXE0,0
I1KPA1,A0A0R0JT51,0
K7LQ96,K7MNN5,0
C6T8L7,K7L4N7,0
I1JVN0,A0A0R0FJR0,0
I1KQP3,K7KWE4,0
I1LVX2,I1JC65,0
K7KGC2,I1NCF8,0
I1LPZ2,I1JE09,0
A0A0R4J3R4,I1LLS8,0
I1L690,C6TCH4,0
A0A0R0K5D9,I1JMZ7,0
A0A0R0FNV7,I1JMZ7,0
I1KP31,K7N1T9,0
C6SWI9,K7M4E0,0
I1KQ68,A0A0R0EYS5,0
I1L215,A0A0R0FTI5,0
A0A0R0GRI6,I1KZK2,0
K7KVG4,A0A0R0FEN3,0
K7MXS9,K7KAB4,0
I1LKQ4,I1LLS4,0
I1N6Z0,K7KH93,0
A0A0R4J2W3,I1J9I1,0
I1NIJ9,K7MFE5,0
I1KS20,A0A0R0IZY4,0
I1KNN1,K7MRF5,0
I1LC01,A0A0R0KVY6,0
C6TG81,I1JMK4,0
K7MZP6,I1K1W8,0
I1KCX1,I1LUL2,0
I1LRE4,C6SYW6,0
I1MK96,K7KTS8,0
I1MLH9,K7L939,0
I1KBQ5,I1KLS1,0
C6TKG0,I1J8C9,0
I1LGB1,K7MNN5,0
I1LC01,K7LTB2,0
I1N7K6,I1JMK4,0
I1L653,A0A0R0GWH6,0
I1KD09,M1FN34,0
C6TMM7,I1MEQ6,0
K7K415,I1LY15,0
K7K553,A0A0R0EYS5,0
I1JFS9,K7KQZ8,0
I1M273,K7LIE3,0
I1KZI6,A0A0R0L7U5,0
I1MC39,K7MTL2,0
C6TE07,A0A0R0ENB3,0
C6SWD4,C6TFX5,0
A0A0R0HSV1,I1JK31,0
I1NF12,K7MQG6,0
I1KXG2,I1MC28,0
A0A0R0G5A8,I1L9K4,0
C6SYR1,K7KES3,0
I1MRY0,Q43463,0
K7MGQ3,I1LVN3,0
I1M0N9,A0A0R4J4C3,0
K7K415,A0A0R0L828,0
I1MHS1,I1LWZ0,0
I1K8N0,I1MW51,0
I1M9F7,I1N898,0
K7KPJ4,I1KAR1,0
K7LRU2,K7KES3,0
I1J553,I1N7F4,0
I1JNB0,I1KVC1,0
I1N8Q6,I1KPE7,0
I1N0I7,A0A0R0EYS5,0
I1LRH8,I1MNU2,0
I1KB26,C6TGZ1,0
I1JDH6,C6TIQ7,0
C6T567,K7MC85,0
K7M9K9,A0A0R0L7U5,0
I1JS58,I1MZV4,0
I1KMP8,I1MPJ4,0
C6SWZ1,K7LSG2,0
I1MZ47,C6T2G5,0
I1MTX9,I1LFD2,0
C6SWI3,A0A0R0HSH0,0
C6T968,I1MF50,0
I1JVP4,A0A0R0KVY6,0
I1J9W0,I1KAR1,0
A0A0R0JZD5,I1KUS2,0
I1KKD9,K7L2D7,0
C6SWA0,C6T4V3,0
I1LPI3,C6TJM4,0
I1MEZ1,A0A0R0HV63,0
I1K2J5,I1KM19,0
I1J5U5,A0A0R0GBB6,0
I1JW21,I1J4B5,0
I1LFW0,K7M466,0
I1K5L7,K7LTB2,0
A0A0R0I1I4,K7LIE3,0
I1LJ94,I1MSN3,0
C6SWI3,A0A0R4J5K6,0
C6T3K0,K7MC85,0
A0A0R0H296,A0A0R0EKI7,0
M1FIU8,A0A0R0KWT5,0
I1JCY0,I1KJF2,0
K7M5T0,K7KAB4,0
A0A0R0FEN9,K7KNC5,0
C6TNX5,I1MTV9,0
I1MVG5,K7LNG6,0
Q2PMT2,A0A0R0GBB6,0
C6SXF5,I1N898,0
K7LTQ1,I1M1W3,0
A0A0R0EU45,I1M225,0
C6F117,I1NG45,0
A0A0R0GBL8,I1KZK2,0
I1LDA7,I1JRU7,0
K7MI53,I1JVX3,0
I1KCH6,A0A0R0EUJ0,0
I1JS58,A0A0R0GFH3,0
I1KYD6,C6TIQ7,0
I1KZW4,I1KUS2,0
I1KJ56,I1KHJ4,0
C6SZ22,I1LEC4,0
I1KPT1,K7K4C7,0
K7L9V3,A0A0R0GFM7,0
I1LP18,K7M9T4,0
I1KYF8,A0A0R0G7B5,0
C6T2L5,I1MNU1,0
A0A0R0FKK9,K7MTL2,0
A0A0R0F2Z4,I1MSN3,0
C6T0U3,I1NJ53,0
I1MGG3,K7MM40,0
I1LXH0,K7LY43,0
I1LMW7,I1MNU1,0
K7LIW2,A0A0R0FZM4,0
I1K620,C6T2G5,0
I1MZ32,I1MNS7,0
I1JDH6,I1MZV0,0
A0A0R0FSS2,I1KH38,0
I1K5G1,A0A0R0F214,0
I1MUC0,A0A0R4J5K6,0
K7KYY0,I1LWZ0,0
I1N1Y6,K7KJB2,0
C6SXF5,I1MNS7,0
I1N5E8,I1MEF5,0
I1JUI1,I1MVC6,0
A0A0R0KR16,C6TCH4,0
I1LC20,I1JFW6,0
I1JMZ4,A0A0R0EKI7,0
I1JI73,K7L6K2,0
I1M3U2,I1M3W1,0
I1LLA9,K7M864,0
C6TFR5,K7LTR0,0
K7KY63,K7MXE0,0
K7KP66,I1LWZ0,0
A0A0R0LA89,K7L2D7,0
C6SWM1,I1K5K7,0
I1MUC0,A0A0R0EUJ0,0
I1LDY7,I1JMK4,0
C6SVH9,A0A0R0GUR9,0
I1MDC4,A0A0R4J5K6,0
I1JFF6,A0A0R0G7I0,0
I1KS36,A0A0R0FXD4,0
I1KIY3,C6SZQ0,0
I1LUI7,A0A0R0HCS6,0
I1M0S4,I1M225,0
I1JWF0,I1LFD2,0
I1JTW0,I1NAF6,0
K7KGC2,A0A0R0HSA0,0
I1JHN5,I1K2I1,0
I1KV60,A0A0R0FB78,0
K7L240,I1LIA8,0
I1NBQ2,I1MZV4,0
K7LWC5,I1LM96,0
A0A0R4J2W3,C6SYW6,0
I1LUL7,I1KAD1,0
K7MXS9,K7KW44,0
I1M3Q8,I1L171,0
A0A0R0EZ39,I1JVX3,0
I1JYG7,A0A0R4J2Y1,0
A0A0R0GYG1,I1LVN3,0
A0A0R0F2Z4,I1KXK6,0
A0A0R0FEI0,A0A0R0IF42,0
C6SWD4,I1KUS2,0
I1KJH7,C6T5U0,0
I1K725,I1K6E7,0
I1LYG4,I1KVC1,0
I1L8H7,I1M998,0
C6TKZ4,I1KJF2,0
I1MM64,A0A0R0HSH0,0
I1JDR2,A0A0R4J2Y1,0
A0A0R0FEN9,I1N5D5,0
I1LA00,I1K9J7,0
I1M9T4,I1KEC8,0
I1KJ98,K7L4N7,0
A0A0R0HSV1,I1KH38,0
I1LGB7,A0A0R0E934,0
I1KQ68,K7M466,0
A0A0R0F0T6,I1JD36,0
K7M5T0,A0A0R0E934,0
A0A0R0GNH6,K7L2D7,0
I1KQC7,K7KAB4,0
A0A0R0HDM5,K7MNN5,0
K7KFV5,A0A0R0KWL0,0
C6T1E6,K7LFD7,0
K7LW22,I1LHS8,0
K7M1G4,A0A0R0HSA0,0
I1JRA0,A0A0R0ENB3,0
I1JS66,A0A0R0KE62,0
I1LKQ4,A0A0R0L7U5,0
I1LPC3,A0A0R0K0K3,0
I1MYX8,K7MM40,0
A0A0R0E907,I1LXQ3,0
I1MP46,I1M1D5,0
A0A0R0I8Z5,I1NIE5,0
K7LSH9,A0A0R0HSA0,0
I1LUF0,I1MZV4,0
I1LG61,I1NG45,0
K7KLI7,A0A0R0JTV5,0
A0A0R0J2L9,I1MPJ4,0
A0A368UHE3,I1LUL2,0
I1MUN3,K7M841,0
I1N6Z0,A0A0R0L828,0
K7LHR2,I1N898,0
I1JG98,A0A0R0GFL3,0
K7KY63,C6TIQ7,0
I1M3Q3,K7M6R4,0
C6SVB5,C6TN69,0
I1JI73,A0A0R0IZY4,0
I1JIP5,I1MTV9,0
A0A0R0KTM7,K7M6Z2,0
A0A0R0KH89,A0A0R0ESZ8,0
C6SYR1,K7MTL2,0
I1N8Q6,I1K3X9,0
I1JM69,I1KSL6,0
C6TLV6,I1KUB2,0
Q2PMQ9,K7KTS8,0
I1M7V7,I1NAF6,0
I1K3U2,I1L3P5,0
I1LP18,A0A0R0K7U0,0
I1LY25,K7KJB2,0
I1LUI7,I1JA95,0
I1J5Q1,I1KQE3,0
A0A0R0HN81,I1KJF2,0
A0A0R0FYN8,I1N780,0
A0A368UHE3,A0A0R0JBL2,0
I1L5H8,I1MJJ9,0
A0A0R0F2G6,I1KSD0,0
Q2PMT2,A0A0R0HSA0,0
A0A0R0JJ98,K7MC85,0
K7MS88,A0A0R0JJI0,0
I1LGB1,K7MFZ6,0
I1LRB0,I1K467,0
I1KVS3,I1JRU7,0
A0A0R0FSS2,A0A0R0K7U0,0
K7LJF6,C6SYE1,0
A0A0R0HXE9,I1JD36,0
I1MSD9,I1KJD2,0
I1MZ32,I1M225,0
I1L215,K7L2R0,0
K7M5T0,C6TD23,0
I1L219,I1LW00,0
I1MP46,K7KW44,0
A0A0R0JH35,A0A0R4J4H3,0
I1LGI1,A0A0R4J4C3,0
A0A0R0FEI0,A0A0R4J4C5,0
I1MFH3,I1KUB2,0
A0A0R0KNE1,A0A0R0FB78,0
K7KE09,I1JD07,0
I1MHS1,A0A0R0JJI0,0
I1MNM3,A0A0R4J384,0
I1K7J4,I1LPW2,0
C6SW43,I1LII4,0
C6TG81,I1N780,0
K7M097,I1K2I1,0
O48901,K7KAB4,0
I1JMZ3,A0A0R0JBL2,0
A0A0R0GJ85,K7N1L5,0
Q2TFP1,A0A0R0GG06,0
A0A0R0H9H8,I1JK31,0
K7KEV0,I1JVX3,0
I1JNV3,K7M4E0,0
I1L1L2,K7KES3,0
P09755,I1LVN3,0
K7M097,I1LL05,0
I1K5G1,K7LLV5,0
K7LQ96,I1LFD2,0
I1L5H8,A0A0R4J5K6,0
A0A0R0J2L9,K7KTS8,0
M1FN39,I1K146,0
A0A0R0GZZ6,I1LIU7,0
I1L250,I1LLS4,0
I1MGB0,I1N7F4,0
I1JW21,I1K1W8,0
I1LIH7,I1MW74,0
K7M142,K7MGQ2,0
K7K2H1,I1MEQ6,0
I1MKM3,A0A0R4J4H3,0
A0A0R0F2G6,A0A0R0FXD4,0
C6T3K0,Q43463,0
I1N8Q6,A0A0R0JT51,0
I1MT74,C6TD23,0
I1LRH8,I1LM96,0
K7LTQ1,I1JFW6,0
I1JUI1,A0A0R0L4P0,0
I1NBE9,A0A0R0FXD4,0
I1MBM5,K7LTB2,0
K7MS88,A0A0R0GS25,0
I1KRF9,A0A0R0GS25,0
I1M717,I1K146,0
K7MH53,C6T065,0
I1MQB5,I1MPJ4,0
I1KJT5,I1KJF2,0
I1MTH0,I1LY15,0
A0A0R0HSJ1,C6TIK0,0
C6SVU4,I1MPJ4,0
I1LRE4,C6TFX5,0
K7LLK0,I1L171,0
A0A0R0I1I4,C6T4V3,0
I1MNM3,I1KZY8,0
A0A0R0KNS7,I1MU00,0
C6TGR3,I1KTI0,0
A0A0R4J4C8,I1JK31,0
C6SWG4,I1L3P5,0
I1M3Q3,I1JA95,0
I1LDU4,I1JC65,0
C6T530,I1LH18,0
K7KYY0,I1KM19,0
I1LS70,I1MSN3,0
I1K5K3,A0A0R0JT51,0
A0A0R0GZZ6,I1K5K7,0
K7MMR4,A0A0R0G7B5,0
I1KU09,A0A0R0HCS6,0
I1LRH8,I1M269,0
I1MDC4,K7M6I1,0
C6T4Z6,C6TGA9,0
I1JMZ3,K7KNC5,0
I1K8N0,A0A0R0JT51,0
I1MIE5,I1JAH7,0
A0A0R4J4C8,I1KXK6,0
I1MUQ7,A0A0R0IZY4,0
I1N7K6,I1J8C9,0
I1KCB7,C6SZ70,0
I1KZI6,A0A0R0GPH9,0
I1MGG3,A0A0R0FB78,0
A0A368UH03,I1LG13,0
C6TLV6,I1MGG7,0
C6TMM7,I1KUB2,0
I1KGI6,I1JRU7,0
A0A0R0I0B9,A0A0R0GG06,0
C6TD73,K7MFE5,0
A0A0R4J354,I1KZY8,0
K7LTQ1,A0A0R0GJV8,0
I1JW64,A0A0R4J2Y1,0
C6SVH9,I1KD82,0
I1M9T4,I1KUS2,0
A0A0R0KCY1,A0A0R0JTV5,0
A0A0R0KCV3,C6TJ17,0
I1N056,I1KPE7,0
I1LC20,I1L3P5,0
A0A0R0K5X4,C6SWS6,0
I1LMQ5,K7MTL2,0
I1J8V4,K7LNG6,0
C6TFR5,K7N145,0
I1JY67,K7KQZ8,0
A0A0R4J4C8,I1MW74,0
C6SXJ9,C6SW04,0
I1LSM6,K7N0V8,0
K7KLF0,A0A0R4J488,0
I1JMT0,I1KJF2,0
K7LKS0,I1MNU2,0
C6TLV6,A0A0R4J5C5,0
I1KBB6,A0A0R0FTI5,0
A0A0R0FNM4,I1NG45,0
I1JM69,A0A0R4J2Q5,0
A0A0R0L098,I1LLK1,0
C6T1P2,A0A0R0FX75,0
A0A0R0F0T6,I1M5B6,0
A0A0R4J354,I1LLS8,0
I1JDP3,A0A0R0HV63,0
A0A0R0LA89,A0A0R0EKI7,0
I1NGL5,I1NIE5,0
A0A0R0KCY1,I1K6E7,0
I1K0C4,I1JE09,0
I1MUN3,C6T4V3,0
I1KLE1,I1MVC6,0
I1K3U2,I1KSD0,0
C6SY25,K7KJB2,0
Q2PMU2,A0A0R0KPE1,0
I1LHY4,K7LCS7,0
C6SWL3,A0A0R4J426,0
I1JM69,K7L939,0
K7K1Z2,A0A0R4J4C3,0
I1MJ97,I1NG45,0
C6SY99,I1KJF2,0
I1LZT5,I1K215,0
I1JDR2,I1K146,0
I1JTE4,I1LPJ8,0
C6SYR1,C6SW04,0
A0A0R0IAV3,A0A0R0EJV2,0
I1KU09,I1JMH3,0
K7M4N3,Q43463,0
I1L5Z7,A0A0R0EYS5,0
A0A0R0GRI6,I1LH18,0
I1MNM3,A0A0R0IT62,0
I1NFS4,I1JUQ0,0
I1MQB5,I1LUL2,0
I1L0M6,K7KK74,0
I1NBQ2,I1K215,0
I1LSM6,I1MGG7,0
A0A0R0GZZ6,A0A0R0GJV8,0
I1JDP3,A0A0R0FZM4,0
A0A0R0JZD5,C6TBL4,0
K7L9V3,A1YZE0,0
K7MMR3,K7LSJ2,0
K7N5D4,K7N129,0
C6SYQ2,K7KK74,0
I1NH73,K7MXH5,0
I1LHY4,K7KW44,0
I1MM64,I1KTI0,0
C6TAF0,A0A0R0GUR9,0
I1JXB4,K7MQG6,0
I1MWP7,A0A0R0IF42,0
I1NIJ9,I1JMZ7,0
A0A0R0JS60,I1MRI5,0
I1JS66,K7M4E0,0
A0A0R0F2Z4,I1JRV0,0
A0A0R0KJP6,K7N1L5,0
I1KPQ8,K7LCS7,0
I1MNE4,C6SZ70,0
I1LM73,I1KEC8,0
I1LPD3,I1NIE5,0
I1L3P6,K7N1L5,0
A0A0R0KCV3,I1KMS8,0
I1KPT1,C6SYE1,0
I1LA00,O22518,0
I1NGL5,A0A0R0GBB6,0
A0A0R0JYB5,A0A0R0JT51,0
K7N3F6,A0A0R0GAQ8,0
K7MMR4,I1MGG7,0
K7N5D4,I1MNU2,0
I1KQE2,I1M277,0
K7MXD1,I1KH38,0
A0A0R0G5A8,I1MC28,0
I1LXH0,I1KM19,0
I1LGB1,I1KZY8,0
I1KLS4,K7MRF5,0
I1J7S6,I1KUS2,0
K7KGJ8,A0A0R4J384,0
I1JL13,I1LPK5,0
C6T426,I1LHS8,0
C6TE07,K7M849,0
A0A0R0JJK8,A0A0R4J384,0
C6T567,K7KQZ8,0
K7MRX6,I1J9I1,0
I1KB25,A0A0R0IT62,0
A0A0R4J3R4,C6TJM4,0
K7L3P2,C6TNW3,0
I1LG61,K7KK86,0
K7MH53,A0A0R0GAQ8,0
A0A0R0LFT0,A0A0R0JBL2,0
I1JMT0,K7KH93,0
I1LVX2,I1JD36,0
I1N8M4,I1K6E7,0
K7LJF6,I1LY15,0
A0A0R0FNM4,K7M6Z2,0
I1KXG2,A0A0R0JYX3,0
C6SWG4,K7L939,0
I1LPC3,C6SYW6,0
K7KNJ6,P62302,0
A0A0R0GBL8,I1L3P5,0
I1LHR1,A0A0R0G7I0,0
A0A0R0K5X4,I1MQC8,0
C6T3I8,K7KJB2,0
I1N0F1,K7K4C7,0
K7MZP6,I1LIU7,0
A0A0R0K5X4,K7KFY5,0
I1LSM6,C6TCH4,0
A5Z2K3,I1LPK5,0
A0A0R0FSY2,K7M846,0
I1KQB9,A0A0R0H141,0
I1KQE2,A0A0R0IR73,0
A0A0R0J2L9,A0A0R0JTV5,0
K7KDA5,K7N1L5,0
I1LWR7,A0A0R0H141,0
C6SXF5,A0A0R0KPE1,0
I1JQR6,C6TBL4,0
C6T883,I1K467,0
A0A0R0F0T6,A0A0R0JJI0,0
I1J553,I1MSN3,0
I1L1L2,A0A0R0GFH3,0
I1MYX8,I1LW00,0
I1KUP5,I1NJ53,0
I1K2Z9,I1M5B6,0
I1NFS4,C6T065,0
I1MVG5,A0A0R0JT51,0
I1LG61,C6TGZ1,0
A0A0R0H296,I1MNU2,0
I1JTE4,C6TCH4,0
I1K7N0,K7L6N7,0
I1JDP3,K7LTR0,0
A0A0R0FX70,C6TFX5,0
C6TKZ4,A0A0R0GPH9,0
Q2PMT2,I1KLS1,0
K7LJF6,A0A0R4J4C3,0
I1NHI4,C6TGA9,0
I1KBM7,A0A0R0FJR0,0
K7MPL4,I1MNU1,0
A0A0R0L8Y1,I1KJF2,0
I1K7J4,A0A0R0IF42,0
A0A0R0FX46,A0A0R0EKI7,0
K7LHR2,I1JYT2,0
I1LHR1,K7MXE0,0
I1KIY3,I1K215,0
I1KU09,I1JFW6,0
K7K676,P17093,0
I1JML1,I1N8M8,0
A0A0R0FSY2,I1KHJ4,0
I1JTW0,K7M864,0
K7MZP6,K7LSG2,0
I1LS70,A0A0R0EKI7,0
K7LW22,I1NIE5,0
A0A0R0H7N0,A0A0R4J4D0,0
I1JY87,A0A0R0E934,0
K7K3W5,K7KES3,0
I1KTL9,K7MC85,0
I1MNE4,I1J4B5,0
I1N0F1,K7LQV0,0
I1KGU0,K7MFZ6,0
I1JP52,I1JAH7,0
K7M2D8,I1KM19,0
A0A0R0FJF0,A0A0R0GWH6,0
I1LUL7,A0A0R0L828,0
K7M9K9,A0A0R0K0K3,0
A0A0R0IHF9,K7MMD7,0
I1L653,A0A0R0KWT5,0
A0A0R0G3G4,C6T4V3,0
C6SY81,A0A0R0FER5,0
I1KJL3,A0A0R0EJV2,0
I1M3V1,I1LPW2,0
I1LRH8,A0A0R0EYS5,0
A0A0R0LB39,I1NJ53,0
C6T567,A0A0R4J426,0
H2D4C3,K7K4C7,0
I1MUN3,I1JRV0,0
I1N1X8,A0A0R0FER5,0
K7LWC5,I1JE09,0
C6T5Z0,A0A0R0EJV2,0
I1JI73,I1KJF2,0
I1K912,I1JYT2,0
K7MMF4,I1JRV0,0
A0A0R0LB39,A0A0R0JT51,0
A0A0R0JYB5,I1JK31,0
K7KGE9,A0A0R0EJV2,0
I1JIW3,I1NCF6,0
I1L5H8,K7LY43,0
I1LP56,I1KAD1,0
P46279,I1L171,0
A0A0R0G6V6,A0A0R0JBV0,0
I1M4P0,A0A0R0GS25,0
C6TKZ4,I1MW74,0
K7MD28,C6T5U0,0
A0A0R0GE84,I1JA95,0
I1KU09,I1N898,0
I1LHY4,A0A0R0KPE1,0
I1N3M5,A0A0R0GUR9,0
I1LJA4,I1MSN3,0
I1KQ68,I1K642,0
C6TAF0,C6TCH4,0
I1LIR4,I1N761,0
I1KEG8,C6T5R4,0
I1NHQ1,A0A0R0L5Q1,0
I1N1Y6,A0A0R0HSA0,0
I1KCX1,A0A0R0HV63,0
I1LC20,A0A0R0JRI8,0
K7N5D4,K7L7W0,0
I1JVU8,I1KMS8,0
I1N4X7,K7N1T9,0
I1MNM3,K7KWE4,0
I1N8Y6,I1JD52,0
I1MNE4,A0A0R0HCS6,0
I1MNK0,I1JUQ0,0
C6T2Z2,C6SYW6,0
I1LXH0,K7LIE3,0
I1MEF8,I1N8M8,0
C6SYE0,M1FN34,0
I1K3U2,K7KH93,0
A0A0R0JYB5,I1JFW6,0
K7LRU2,I1N5D5,0
I1N0W9,A0A0R0GFL3,0
K7K676,C6TBL4,0
C6SVV7,K7MNN5,0
C6SXM9,I1KHJ4,0
K7LJF6,I1MRP6,0
A0A0R4J4C8,I1MLJ0,0
I1KTL9,K7K4C7,0
I1JFS9,I1M1D5,0
I1MEZ1,C6SYW6,0
K7LSH9,K7M6R4,0
I1JBJ2,I1MNS7,0
A0A0R4J354,A0A0R0IT62,0
I1KJL3,K7KAB4,0
I1KVS3,I1MC28,0
I1JRL7,I1LLS8,0
C6TC92,I1M1W3,0
I1M0S4,A0A0R4J384,0
C6SW43,A0A0R0HCS6,0
I1MLN7,K7M6I1,0
K7MH53,K7KJB2,0
I1JDR2,I1J8W6,0
K7M9K9,I1LPJ8,0
A0A0R0EFE2,K7LHS7,0
I1J553,I1JUQ6,0
I1MTX9,I1LGD6,0
I1LIK8,K7KVK2,0
C6SWM1,I1LPJ8,0
A0A0R0K0L0,I1K5B6,0
I1JHC2,A0A0R0JQJ0,0
K7LWC5,K7MC85,0
C6TC92,A0A0R0FB78,0
I1KBM7,K7MC85,0
C6TNX5,I1NCV4,0
I1MUQ7,A0A0R0L0E7,0
I1LUL7,I1K5B6,0
C6T567,I1KMS8,0
I1N0F1,I1MSN3,0
A0A0R0IAV3,C6SYE1,0
A0A0R0I0B9,A0A0R4J2Y1,0
I1MTZ8,I1M269,0
I1J9W0,A0A0R0GFM7,0
I1N8Q6,Q43463,0
K7MZP6,I1NCV4,0
K7K9E1,C6T4V3,0
I1MBW8,Q43463,0
K7LHR2,I1JVX3,0
I1KKD9,A0A0R0GPH9,0
I1JXQ3,A0A0R0GBB6,0
I1JT85,A1YZE0,0
I1LC01,K7KK74,0
A0A0R0GYG1,A0A0R4J426,0
I1N1Y6,I1JVX3,0
A0A0R0EJE2,A0A0R0EJV2,0
I1LJ94,I1KFL5,0
I1L8H7,K7M6J1,0
C6TKZ4,P62302,0
I1JW21,A0A0R4J4H3,0
I1NGQ5,I1KVC1,0
I1MK36,I1MPJ4,0
I1K650,A0A0R0GS25,0
A0A0R0HXE9,A0A0R4J4D0,0
I1KS20,I1KLS1,0
I1MJM9,K7N1L5,0
C6SXJ9,A0A0R0GPH9,0
A0A0R0JH35,I1MZV0,0
A0A0R0L4N1,K7N1L5,0
A0A0R0JS60,I1K6E7,0
I1LJA4,K7N1T9,0
I1NGD2,I1LW00,0
I1LG61,K7LHS7,0
I1NH73,K7LIE3,0
I1KVL0,I1NJ53,0
I1MEN1,I1KPE7,0
I1K2U0,I1LPK5,0
A0A0R0KE73,A0A0R0EWR2,0
A0A0R0GE84,C6SZ70,0
I1LMP2,I1JRV0,0
K7MNC0,K7LTB2,0
I1JAG0,A0A0R0FTI5,0
C6SVH9,I1M269,0
C6TKB2,A0A0R0JSJ9,0
I1LYQ9,K7KQZ8,0
P09755,A0A0R0GFL3,0
Q2PMU2,I1MW51,0
I1JBJ2,I1MNU2,0
I1MXT2,A0A0R0GUR9,0
I1M6L1,A0A0R0GFM7,0
I1KQG7,C6TFX5,0
I1JUJ8,I1K5B6,0
K7MGK0,C6TJ17,0
K7LQ96,K7MNP5,0
C6T2H2,A0A0R0GS25,0
I1KCH6,I1LL05,0
C6SYF3,I1LL05,0
I1K8C1,A0A0R0IR73,0
C6SWI3,I1KUB2,0
P09755,K7MFZ6,0
A0A0R0H8M3,I1NCF6,0
A0A0R0ESI3,K7KES1,0
I1KGZ6,I1JB64,0
A0A0R0FYN8,I1JMZ7,0
I1M0N9,I1L2H4,0
C6TKW2,K7MNN5,0
I1L5H8,K7KVK2,0
A0A0R0GBL8,I1KCY5,0
I1LC20,K7M4E0,0
K7MC09,K7L6N7,0
I1N0R5,I1MU00,0
I1LKU1,I1K115,0
A0A0R0FJF0,I1L7G4,0
K7MST2,I1KLS1,0
I1N1X8,I1KMS8,0
I1N1X8,K7MMD7,0
I1NFU9,A0A0R0G7B5,0
I1LKU1,K7L2R0,0
I1K7J4,A0A0R0F214,0
I1KZW4,I1KJD2,0
I1JAG0,C6SW04,0
I1LUI7,K7M864,0
A0A0R0F7J9,A0A0R0EYS5,0
I1KVL0,A0A0R4J4C3,0
A0A0R0JG07,I1L7G4,0
I1MZ32,K7KES3,0
I1MP46,I1K9J7,0
I1KJL3,K7LTB2,0
A0A0R0ERF9,A0A0R0GFH3,0
C6T0U3,A0A0R0K0K3,0
I1LDY7,I1LIU7,0
I1LMQ5,A0A0R0JRI8,0
K7KYE0,I1MNU2,0
A0A0R0F2Z4,I1N761,0
I1N5E8,I1K5K7,0
K7K553,K7KH93,0
K7LW22,I1JAH7,0
C6TKZ4,K7M4E0,0
I1JS58,I1ML11,0
I1LXH0,I1K3X9,0
I1LYG4,I1J8W6,0
A0A0R0HIA6,A0A0R4J2Q5,0
I1MSC6,I1NCV4,0
I1MNE4,I1JAH7,0
I1JWF0,I1LWZ0,0
K7MWR1,O22518,0
K7L1D3,K7MFZ6,0
K7KYY0,I1KYL4,0
I1KTD4,A0A0R4J4C3,0
I1K9B8,C6T5U0,0
C6SZG8,I1MK72,0
C6T883,I1MEQ6,0
I1JDH6,I1JRJ3,0
I1L1S1,I1ML11,0
I1KJH7,I1L2H4,0
I1M0C2,C6T5U0,0
I1M4Y9,K7LQV0,0
I1MY33,A0A0R0L0E7,0
C6SWA0,C6T0A0,0
A0A0R0J2L9,K7KK86,0
I1N8M4,A0A0R0EDS9,0
I1KPU4,I1KUB2,0
C6SWI3,A0A0R0JJI0,0
C6SVH9,P62302,0
I1JIP5,K7L2R0,0
A0A0R0L4N1,K7KES3,0
I1LG61,I1L332,0
C6TD73,I1K1W8,0
A0A0R0GE84,C6TIK0,0
C6TG81,A0A0R0KVY6,0
K7M097,K7L4N7,0
I1N1V6,I1MVC6,0
I1K096,M1FN34,0
I1M3U2,I1LHS8,0
K7KP66,C6T0A0,0
I1LC20,K7LSG2,0
I1KXG2,C6TJ17,0
I1M100,A0A0R0G7B5,0
C6F117,A0A0R4J4C5,0
A0A0R0E907,I1JD07,0
A0A0R0FKK9,K7MRF5,0
C6TAW8,I1JE09,0
I1JVU8,A0A0R0FEN3,0
I1MNM3,A0A0R0FGT9,0
A0A0R0KCY1,C6SZQ0,0
C6F117,K7L7W0,0
K7LWI3,I1MEQ6,0
I1JYG7,I1K3X9,0
K7LXT7,I1L332,0
I1NBE9,I1L171,0
I1JNV3,I1K1W8,0
I1JY67,I1L9K4,0
K7LWC5,A0A0R4J4D0,0
A0A0R0FSY2,K7M466,0
K7KP67,A0A0R0FZM4,0
A0A0R0KNS7,I1K5K7,0
Q2PMS6,A0A0R0FZM4,0
C6SW69,K7L939,0
I1N0R5,I1KCY5,0
I1L8S1,A0A0R0HCS6,0
K7LJV1,A0A0R0FJR0,0
I1MWF0,K7LSJ2,0
C6TAW8,A0A0R0GWH6,0
C6SWZ1,I1KCY5,0
I1MLN7,I1N8M8,0
I1M0C2,I1L9K4,0
I1LCX3,K7LSG2,0
I1JP52,I1KHJ4,0
K7MRX6,K7KFY5,0
I1MYV4,I1L9K4,0
K7LJF6,I1LIT1,0
I1MV96,I1N898,0
I1JI73,A0A0R4J2Q5,0
I1J5U5,I1K146,0
C6TKW2,K7KH93,0
A0A0R0KH89,I1KM19,0
I1N0U4,C6T5R4,0
K7KLI7,O22518,0
K7MXD1,I1LGD6,0
K7K8U8,A0A0R0GWH6,0
K7MMG1,I1ML11,0
I1KPT1,C6TNW3,0
K7LVE4,I1K467,0
I1KXI7,I1JAH7,0
C6T083,A0A0R0GBB6,0
I1LIR4,K7MGQ2,0
I1LUF0,A0A0R4J4C3,0
I1LJ93,I1JMH3,0
A0A0R0G342,K7MM40,0
I1KQG7,A0A0R0K0K3,0
C6T4Z6,C6TK73,0
K7MST2,C6TNW3,0
I1K650,I1MZV4,0
I1NBC2,A0A0R0EDS9,0
Q2PMQ9,A0A0R0JBL2,0
K7KTT9,I1M998,0
I1KXG2,I1M3W1,0
I1NDC0,I1MNS7,0
I1LMP2,I1MRI5,0
C6T083,K7K8K7,0
A0A0R0FNV7,A0A0R0IR73,0
K7MZP6,K7M6R4,0
A0A0R0H2V0,A0A0R0KWL0,0
I1MRY0,C6T4V3,0
A0A0R0KCV3,K7LQV0,0
I1MLN7,Q2PMR3,0
I1MRY0,A0A0R0GAQ8,0
I1L1N3,I1M3W1,0
K7KEV0,A0A0R4J2Y1,0
K7MS88,A0A0R0L5Q1,0
A0A0R0JYY8,K7K8Y9,0
A0A0R0EFE2,A0A0R0JT51,0
I1MM64,A0A0R0FTI5,0
C6TFR5,I1ML11,0
I1L250,K7MC85,0
I1KYF8,K7LSG2,0
I1K5J5,I1JMH3,0
I1JDR2,K7KWE4,0
K7LEG0,I1MRI5,0
I1LBV2,I1KTI0,0
I1M3Q8,I1LEC4,0
K7LWC5,I1LII4,0
I1MUC0,A0A0R0HCS6,0
K7LQ96,I1MZV4,0
A0A0R4J354,A0A0R4J2Y1,0
I1KEG8,I1K3X9,0
C6TK75,I1MPJ4,0
I1LA00,I1KTI0,0
C6T2L5,K7N145,0
C6TG99,I1JB64,0
K7MAP3,K7K894,0
I1J870,I1KUS2,0
C6T3G1,I1NCF8,0
I1MGG3,K7MNP5,0
I1JMT0,I1KPE7,0
I1KQC7,A0A0R0GPH9,0
I1KCH6,I1KFL5,0
C6T3K0,I1KMS8,0
A0A0R0JB42,I1MSN3,0
I1K2Z9,A0A0R0FZM4,0
K7LZZ5,K7KK74,0
I1MVG5,K7N1T9,0
I1J5B0,I1KAD1,0
A0A0R0GC27,K7L7W0,0
I1KLS4,I1J4B5,0
I1MBR7,I1KMS8,0
I1JWH5,K7K894,0
I1KHL4,C6TJ17,0
I1JFS9,K7LSJ2,0
C6SWD4,K7MXE0,0
I1KUT8,C6T2G5,0
A0A0R0G342,I1K642,0
I1MWF0,I1JD36,0
I1L1N3,M1FN34,0
I1L412,I1JHJ0,0
K7LZZ5,I1LPW2,0
I1LR08,A0A0R0ESZ8,0
A0A0R0I8Z5,A0A0R0JRI8,0
Q2PMQ9,A0A0R4J2Y1,0
A0A0R0FX46,A0A0R0K0K3,0
I1M3U2,K7N145,0
C6SZY0,I1LXQ3,0
I1N6N9,A0A0R0EJV2,0
K7KDX2,I1MQC8,0
I1NGD2,C6TN69,0
I1M100,A0A0R0GWH6,0
I1NGQ5,A0A0R0JBL2,0
C6SY25,A0A0R0IZY4,0
C6SWG4,C6SZG1,0
A0A0R4J354,K7K4C7,0
A0A0R0EU45,I1JYT2,0
I1KJ98,K7L9M2,0
C6T1P2,K7KQZ8,0
I1KQ68,I1N898,0
I1MY33,I1MC28,0
K7MCH3,I1JA95,0
P07506,I1LPJ8,0
C6T5Z0,I1JM18,0
I1LMW7,K7MTL2,0
I1MM64,I1K642,0
I1K4D7,K7LHS7,0
I1LRB0,A0A0R0IT62,0
I1LRB0,A0A0R4J426,0
A0A0R0LB39,I1KSL6,0
A0A0R0GG96,I1K115,0
A0A0R0JB42,I1MJJ9,0
A0A0R0FSY2,I1K9J7,0
I1KZJ7,I1LGD6,0
I1K5L7,I1KEC8,0
A0A0R0L115,I1KCY5,0
I1MRS5,I1L9K4,0
I1MVK7,I1NC50,0
I1JP52,K7KK86,0
A0A0R0JG07,I1JVX3,0
I1NBQ2,C6TD23,0
C6TKB2,I1KAD1,0
I1N9S5,I1JK31,0
K7LW22,K7KTS8,0
K7N0U1,I1LPJ8,0
I1KRD4,I1KCY5,0
I1KQE8,A0A0R0ESZ8,0
K7LGW1,A0A0R4J4C5,0
I1M273,I1K146,0
A0A0R0GE56,I1K146,0
C6SWM1,I1LW00,0
I1LJA4,I1NG45,0
I1N8Q6,I1KVC1,0
I1M3Q3,I1MNU1,0
I1L524,I1JAH7,0
C6SVV7,I1NG45,0
C6TBN8,K7KJB2,0
I1JDP3,I1KFL5,0
I1JDH6,I1M277,0
I1M2R5,K7MGQ2,0
I1JIP5,I1J8W6,0
C6TKL8,A0A0R0FXD4,0
C6TKG0,C6TK73,0
A0A0R0KCY1,I1MPJ4,0
I1K628,I1MQC8,0
K7N3F6,I1K3X9,0
I1L690,I1JV03,0
I1LRB0,I1MK72,0
I1LD74,A0A0R0KPE1,0
I1MK96,K7KH93,0
I1M0C3,M1FN34,0
I1M9T4,A0A0R0G7I0,0
C6TBQ2,A0A0R0JBV0,0
C6SVR8,C6SYE1,0
I1MLK3,A0A0R0IF42,0
I1LS70,A0A0R0KE62,0
I1KQB9,K7KH93,0
I1N1X8,I1NIE5,0
I1M6L1,K7MFE5,0
I1KXI7,K7LTB2,0
I1MLN7,I1MU00,0
I1JCY0,I1J8W6,0
K7LJV1,A0A0R0IT62,0
I1LH11,K7N1L5,0
I1K911,K7KAB4,0
I1K725,K7M849,0
C6TNL5,K7N0V8,0
I1N9S5,I1JD52,0
I1M2R5,A0A0R0IR73,0
A0A0R0F077,K7MFE5,0
I1MSC6,A0A0R0E934,0
I1MJ97,I1NAF6,0
I1K725,A0A0R0KWT5,0
A0A0R4J389,A0A0R0GBB6,0
I1JR41,A0A0R0FJR0,0
I1MQB5,I1LPK5,0
A0A0R0EWX9,A0A0R0FZM4,0
C6SYQ2,A0A0R4J4D0,0
I1J4E1,I1KYL4,0
I1KCX1,I1LLS8,0
K7M787,K7M6J1,0
C6T8L7,I1L7G4,0
K7KNJ6,A0A0R0GUR9,0
C6TFR5,A0A0R4J2Q5,0
I1KU09,K7L2D7,0
I1JMZ4,I1KPE7,0
A0A0R0JES0,K7LTB2,0
I1L8S1,I1ML11,0
K7L240,K7M6I1,0
I1K2Z9,K7KW44,0
I1JHN5,K7M849,0
I1KQE8,A0A0R0GFL3,0
K7KCG5,A0A0R0EG78,0
I1KXI7,I1KPE7,0
I1NH98,K7LLV5,0
I1LJ94,C6SZG1,0
I1NIE7,K7LNG6,0
I1NFS4,K7L9M2,0
I1M9F7,I1L2H4,0
I1MUQ7,C6TBL4,0
A0A0R0J7Q5,A0A0R0EWR2,0
K7MVB9,I1KJF2,0
C6TG99,A0A0R0GWH6,0
C6TL77,K7LSG2,0
I1JVU8,I1LIA8,0
I1MM64,K7L6K2,0
C6SXM9,I1MEF5,0
I1LPZ3,K7N145,0
I1L215,I1LY15,0
I1N1X8,I1MZV0,0
I1JTW0,A0A0R0JJI0,0
I1KC19,A0A0R0F214,0
A0A0R0JS60,C6T0A0,0
K7MST2,C6SYE1,0
A0A0R0JJK8,I1KH38,0
I1JY67,A0A0R0HV63,0
I1LVX2,A0A0R0GJV8,0
I1J7A8,I1JRV0,0
I1MTZ8,I1M5B6,0
I1JUJ8,P62302,0
C6TKB2,C6TCH4,0
I1M0N9,I1L332,0
K7LEG0,I1NJ53,0
I1KLS4,I1MW51,0
A0A368UJ64,I1N898,0
I1K912,A0A0R0GWH6,0
I1LWR7,A0A0R0EYS5,0
I1JWH5,A0A0R0HSH0,0
C6SW43,K7N1T9,0
I1K5L7,K7MRF5,0
I1JMZ4,I1KD82,0
I1LGB7,I1M998,0
I1JS58,I1LL05,0
A0A0R0JKU3,K7M6J1,0
A0A0R4J3D2,K7M841,0
K7M1G4,I1KM19,0
A0A0R0L7S1,I1LPK5,0
I1MNM3,K7MXH5,0
I1N0U4,I1KFL5,0
I1M7C7,A0A0R0FXD4,0
I1MQD0,K7N1T9,0
A0A0R0JB42,I1JRV0,0
I1KD09,I1MLF1,0
I1MRS5,K7M466,0
I1LG61,A0A0R0L0E7,0
A0A0R0GJ85,P17093,0
A0A0R0H7N0,C6T2G5,0
C6SWL3,A0A0R0EDS9,0
C6TKB2,K7N129,0
I1KHL6,I1MW51,0
K7MVB9,K7M4E0,0
I1M100,K7M6J1,0
I1KBQ5,K7N129,0
I1JWF0,K7LHS7,0
A0A0R0INQ5,I1NC50,0
I1N9I5,A0A0R0L0E7,0
I1KFU0,K7K8Y9,0
A0A0R0H296,I1N8M8,0
C6TBQ2,I1K5B6,0
I1KS20,A0A0R0GUR9,0
K7MCH3,I1JRV0,0
A0A0R0GYG1,K7L939,0
C6SYE0,C6TJM4,0
K7KFV5,A0A0R0GBB6,0
I1LIK8,I1LH18,0
I1L5H8,A0A0R0JBL2,0
I1MVK7,I1K3X9,0
I1JY67,A0A0R0EUJ0,0
I1KCX1,I1L171,0
I1NHQ1,I1JMZ7,0
I1JDR2,Q43463,0
K7MMG1,A0A0R0L4P0,0
I1NF12,I1L7G4,0
K7L1B9,K7MNN5,0
I1LCX3,K7M6I1,0
K7MI53,A0A0R0FEN3,0
I1NC77,A0A0R0KE62,0
I1L250,I1JAH7,0
C6TLT3,K7K8Y9,0
I1KS36,I1KEC8,0
K7KYY0,I1MEQ6,0
K7LIW2,C6TIQ7,0
I1JNV3,I1KZ09,0
A0A0R0FNV7,A0A0R0EYS5,0
A0A0R0GYG1,A0A0R4J488,0
I1KBB6,I1JRV0,0
A0A0R0GBL8,I1LEC4,0
I1LZM7,I1L7G4,0
I1JNB0,K7KVK2,0
K7KFV5,I1MSN3,0
I1M7C7,K7KES1,0
I1NH98,A0A0R0KVY6,0
I1KJT5,A0A0R0G7B5,0
C6T1E6,I1K642,0
C6T8R7,I1LH27,0
K7K415,I1KQE3,0
I1M0S4,I1LH18,0
M1FIU8,I1KUS2,0
I1N8Y6,I1KQE3,0
I1JY87,I1LVN3,0
I1NDC0,A0A0R0GS25,0
I1LYG4,K7KNC5,0
K7MZP6,A0A0R0IR73,0
K7LJV1,I1KVC1,0
I1LGB1,K7MQG6,0
I1MEF8,I1LPW2,0
I1JDH6,A0A0R0E934,0
I1LZW4,A0A0R0GFM7,0
I1KDB2,A1YZE0,0
I1KRF9,K7KVK2,0
I1JMZ4,A0A0R0KVY6,0
K7KYY0,A0A0R4J2Q5,0
I1K8N0,I1JV03,0
K7MZP6,A0A0R0JT51,0
I1JRL7,K7M592,0
A0A0R0H8M3,I1JUQ0,0
C6SVV7,I1K970,0
I1MK36,K7KNC5,0
A0A0R0FKK9,I1MTV9,0
I1NIE7,A0A0R0EDS9,0
I1JFS9,A0A0R0GFH3,0
I1LGB7,C6TIQ7,0
I1JVP4,A0A0R0FGT9,0
A0A0R0HXE9,A0A0R4J5K6,0
A0A0R0JJ98,I1KLS1,0
A0A0R0FNV7,I1NG45,0
K7MNC0,K7M466,0
C6TL77,I1K215,0
I1KXI7,I1KEC8,0
I1MY72,I1MW51,0
I1MBM5,A0A0R4J488,0
I1M0C3,I1LFD2,0
A0A0R0HHZ3,I1LVN3,0
I1N9I5,I1JRU7,0
I1KGI6,A0A0R4J5C5,0
I1NJ79,I1LXQ3,0
I1L8G3,A0A0R0JBL2,0
A0A0R0FSY2,I1MNV2,0
K7MPL4,I1MRP6,0
A0A0R0EZ39,A0A0R4J2Y1,0
I1L1N3,A0A0R0JRI8,0
A0A0R0IGP2,K7L4N7,0
A0A0R0EWX9,I1MVC6,0
I1N056,K7KJB2,0
A0A0R0EJE2,A0A0R0ENB3,0
C6TAF0,I1LPK5,0
K7KVG4,A0A0R4J4C3,0
I1K912,A0A0R4J4C3,0
C6SZM2,A0A0R0FEN3,0
I1L1S1,I1K3X9,0
A0A0R4J389,I1K642,0
K7N0X7,K7K8Y9,0
I1JFF6,I1JFW6,0
I1LKU1,I1KSD0,0
I1LQ02,I1LH27,0
A0A0R0H9H8,I1K970,0
K7KEV0,C6SW04,0
I1MWF0,A0A0R0JBV0,0
K7LJV1,A0A0R4J4C3,0
K7KDA5,K7L939,0
A0A0R4J4C8,K7M846,0
C6TBJ1,K7LHS7,0
I1KPU4,C6TFX5,0
A0A0R0L098,K7KES1,0
A0A0R0L372,A0A0R0IR73,0
I1MTX9,C6TNW3,0
I1LPI3,I1MRI5,0
A0A0R0FKK9,A0A0R0IR73,0
A0A0R0JJK8,A0A0R0FER5,0
C6SVV7,A0A0R0JRI8,0
I1K0C4,I1MNS7,0
I1KKD9,K7K318,0
C6SWI9,I1J4B5,0
C6SYR1,I1KZK2,0
I1LPZ3,I1MU00,0
Q2TFP1,C6TGA9,0
I1M6L1,A0A0R0EWR2,0
K7MCH3,C6SYW6,0
A0A0R0KCY1,A0A0R0JJI0,0
I1MVE9,I1K970,0
I1KAJ2,C6SW04,0
I1MVE9,K7M6J1,0
I1MU29,A0A0R0FER5,0
K7K1Z2,I1LUL2,0
K7MCH3,I1K467,0
I1JVU8,I1LPK5,0
I1M0N9,A0A0R0JT51,0
I1MNM3,I1JE09,0
I1KD09,I1KAR1,0
A0A0R0IHF9,A0A0R0K6I2,0
I1NF12,A0A0R0EWR2,0
I1J870,K7K8K7,0
A0A0R0K6F4,K7N129,0
A0A0R0H296,I1M1D5,0
I1M3V1,K7M846,0
A0A0R0J2L9,A0A0R0K0K3,0
K7KDA5,A0A0R0GJV8,0
I1N0I7,M1FN34,0
I1KH45,K7N129,0
I1JIJ4,A0A0R0GFM7,0
I1KVS3,A0A0R0GPH9,0
C6TKG0,I1LII4,0
K7L395,K7L9M2,0
I1J870,I1MEF5,0
A0A0R0JYB5,K7LK09,0
I1JCY0,I1N780,0
A0A0R0GC27,I1KJD2,0
I1MBA2,A0A0R0K0K3,0
I1KQE8,K7KFY5,0
I1L3P6,K7LSG2,0
I1KEY6,A1YZE0,0
I1L250,I1JD52,0
C6SY25,A0A0R0JBL2,0
A0A0R0LB39,C6TGA9,0
I1J870,C6TK73,0
A0A0R0IHF9,I1MNU1,0
K7K8U8,I1NC50,0
C6SZM9,I1JK31,0
I1LJW2,I1JRV0,0
I1MV96,I1JYT2,0
I1KKD9,A0A0R0GG06,0
K7MZP6,C6TIQ7,0
A0A0R0GZZ6,K7LK09,0
I1MQD0,C6TCH4,0
K7L240,A0A0R0L4P0,0
I1KB26,I1JK31,0
I1N0F1,K7N5K2,0
I1KBB6,I1N761,0
I1LFQ4,A0A0R0GFH3,0
I1N8M4,I1MTV9,0
I1KQG0,A0A0R0IF42,0
I1LR08,K7KES1,0
I1LPD3,A0A0R0FER5,0
K7KEV0,C6TN69,0
C6SWL3,I1LY15,0
I1NF54,I1MSN3,0
I1MEZ1,I1MLJ0,0
I1M757,K7K318,0
I1NH73,I1JD36,0
K7K8U8,I1MNV2,0
I1L1S1,C6TCH4,0
I1JT85,I1K642,0
I1N9E1,A0A0R0JQJ0,0
I1NBC2,I1NCF6,0
I1KGI6,I1L2H4,0
K7KDM1,K7KTS8,0
I1JR41,K7KK74,0
A0A0R0JLD5,I1LPW2,0
A0A0R0FNV7,C6SW04,0
K7MZP6,P17093,0
I1M0N9,K7M466,0
K7L1D3,I1K115,0
I1N0R5,I1KUS2,0
I1JTE4,A0A0R0L7U5,0
C6SWD4,A0A0R0EJV2,0
A0A0R0FX70,I1MW74,0
I1KH45,A0A0R0GBB6,0
I1KZW4,K7KQZ8,0
A0A0R0KCY1,I1MVC6,0
K7LUF9,I1N5D5,0
I1LPZ3,K7KQZ8,0
A0A0R0JKU3,I1MC28,0
A0A0R0KCV3,I1MLJ0,0
K7MZ38,K7K4C7,0
K7K9E1,C6TIQ7,0
Q2PMQ9,A0A0R0KWL0,0
I1MUN3,A0A0R0GPH9,0
I1LDA7,I1NCF6,0
I1JKS2,I1MTV9,0
A0A0R0KFE8,A0A0R4J4C5,0
I1KMS4,K7M849,0
A0A0R0L7S1,A0A0R0IZY4,0
C6SY99,K7MC85,0
I1LGB1,I1M277,0
K7KGC2,A0A0R0G7B5,0
K7LGW1,A1YZE0,0
I1MQD0,I1KUB2,0
C6T084,A0A0R0ENB3,0
P09755,K7M864,0
I1JAG0,I1J4B5,0
I1LY25,K7K4C7,0
A0A0R0L115,I1JUQ0,0
I1L5Z7,A0A0R0KPE1,0
O48548,A0A0R0FER5,0
I1M4Y9,C6TNW3,0
A0A0R0KH89,K7K318,0
I1LRB0,K7LTR0,0
A0A0R0EZ39,K7KES3,0
C6SWL3,K7MXE0,0
I1LJ93,I1MK72,0
I1MNK0,C6SWS6,0
A0A0R0KNS7,K7M6R4,0
A0A0R0G5V6,I1NCF8,0
I1MYV4,A0A0R0JBL2,0
A0A0R0GCF5,K7MMD7,0
K7KVG4,I1MVC6,0
A0A0R0H7N0,I1N761,0
K7LW22,I1LII4,0
C6TL77,I1K1W8,0
A0A368UHC3,A0A0R0GWH6,0
C6TKB2,I1KD82,0
A0A0R0IHF9,I1MW51,0
A0A0R0HSJ1,A0A0R0GBB6,0
K7MNC0,Q2PMR3,0
K7KKB2,A0A0R0FGT9,0
I1M5E2,K7M466,0
K7KDX2,K7MGQ2,0
I1MRS5,I1MLJ0,0
A0A0R0FX70,K7LTR0,0
I1J5B0,A0A0R0GS25,0
I1JE93,K7N0V8,0
I1KJW4,C6TFX5,0
I1N6N9,A0A0R0JRI8,0
I1JYG7,I1NJ53,0
I1LIR4,K7MNP5,0
A0A0R0L372,I1JRJ3,0
C6TAF0,K7K8K7,0
I1K4D7,K7KFY5,0
A0A0R0G3G4,K7MMD7,0
I1KHL6,A0A0R0K7U0,0
K7KGJ8,I1NJ53,0
I1K911,I1L7G4,0
A0A0R0FNM4,I1LWZ0,0
A0A0R0KH89,I1NAF6,0
I1K725,K7KK86,0
C6TC92,Q43463,0
C6SY25,I1MRP6,0
K7KGC2,I1JM18,0
I1N0U4,A0A0R0IZY4,0
K7N3F6,A0A0R4J5K6,0
A0A0R0EJE2,C6TNW3,0
I1MWP7,K7LQV0,0
A0A0R4J3N1,K7N1T9,0
P09755,A0A0R0JBV0,0
C6T567,K7MRF5,0
I1JUR7,C6TJ17,0
C6TAW8,I1J8W6,0
I1MY33,K7MXE0,0
I1K5H2,I1J9I1,0
I1J5B0,I1LUE0,0
A0A0R0K5X4,A0A0R0FZM4,0
C6SWZ1,I1JUQ0,0
K7MI53,K7M466,0
A0A0R0JKU3,A0A0R0JT51,0
K7KYY0,C6TGA9,0
I1NH73,A0A0R4J5B7,0
I1MV96,I1LFD2,0
I1LC01,C6TGA9,0
I1JYG6,A0A0R4J4C5,0
I1LC20,C6T0A0,0
I1K5L7,A0A0R0K0K3,0
I1LXH0,A0A0R4J384,0
I1MVE9,A0A0R0FZM4,0
I1K725,A0A0R4J4D0,0
A0A0R0FSY2,I1KTI0,0
I1K328,I1LWZ0,0
I1J5Q1,O22518,0
I1JG98,I1J547,0
C6T8R7,K7LCS7,0
A0A0R0KFE8,K7M6Z2,0
I1KYD6,I1LW00,0
C6T8L7,I1LL05,0
C6TFR5,K7L4N7,0
C6TFN5,K7M4E0,0
I1KRF9,I1JRU7,0
I1MUN3,I1K3X9,0
A0A0R0HSV1,C6TGZ1,0
I1JW21,I1KJF2,0
I1KBB6,I1NIE5,0
A0A0R4J4C8,I1LHS8,0
I1LPZ2,I1KZ09,0
I1MU29,K7M6Z2,0
I1K725,A0A0R0GWH6,0
I1NDC0,A0A0R0HV63,0
I1JUR7,I1JMK4,0
A0A0R0GBL8,I1LPK5,0
I1LJ94,K7M592,0
M1FN39,C6TJ17,0
I1K911,I1KSL6,0
A0A0R0GRI6,K7M841,0
I1K725,I1LY15,0
C6TD73,C6SWS6,0
I1N9I5,K7M846,0
I1L8G3,I1LLS8,0
I1KD09,A0A0R0EWR2,0
I1JE93,A0A0R0JJI0,0
I1MK96,A0A0R0EJV2,0
C6SYF3,I1MRP6,0
A0A0R0EI44,K7MTL2,0
A0A0R4J389,C6TJM4,0
I1LJ93,I1K467,0
I1MZ47,C6TJ17,0
C6SWL3,I1N8M8,0
K7MRX6,A0A0R4J4C5,0
K7MI53,I1KZY8,0
C6SWL3,A0A0R0K0K3,0
I1LRH8,K7K8Y9,0
A0A0R4J3N1,A0A0R4J488,0
K7MCD1,K7N1L5,0
A0A0R0G2B9,A0A0R0FB78,0
I1MGG3,A0A0R4J5B7,0
A0A0R0H2V0,C6TGZ1,0
I1MNE4,I1MZV0,0
C6SZM9,K7L6N7,0
I1LCX3,A0A0R0JTV5,0
I1MKM3,A0A0R0L4P0,0
I1MLN7,I1JFW6,0
C6SWZ1,I1MVC6,0
I1M4P0,I1KYL4,0
I1MGB0,C6SZ70,0
I1JW21,K7K894,0
K7K1Z2,K7KTS8,0
A0A0R0JZD5,K7MFZ6,0
I1LJ93,K7KK86,0
I1L5H8,K7M864,0
I1LPZ3,C6TK73,0
I1LRB0,I1K215,0
K7MRX6,A0A0R0GFH3,0
I1M273,I1LIA8,0
Q2PMS6,I1N898,0
A0A0R0KTM7,A0A0R4J4C3,0
I1L1L2,K7L6K2,0
I1N1Y6,I1LH18,0
I1JUI1,I1LIT1,0
A0A0R0F2G6,A0A0R4J5C5,0
I1KR80,K7MYK9,0
I1MLN7,A0A0R0IZY4,0
K7LXT7,K7M841,0
I1M9T4,I1KTI0,0
I1L8S1,K7MQG6,0
K7LDR8,A0A0R0EWR2,0
I1MJM9,K7L939,0
A5Z2K3,I1MRP6,0
I1JXB4,C6SYW6,0
A0A0R0E3E6,A0A0R0GFL3,0
K7MXS9,K7MNP5,0
I1KZI6,C6T065,0
I1JFF6,A0A0R0JSJ9,0
A0A0R0EU45,I1LFD2,0
C6SWA0,A0A0R0ESZ8,0
A0A0R0FQN0,A0A0R0H141,0
A0A0R0JZD5,I1K5B6,0
C6SYQ2,A0A0R0G7I0,0
C6TK75,A0A0R4J5K6,0
I1MT74,A0A0R0H141,0
K7LLK0,I1K9J7,0
A0A0R0FJF0,A0A0R0KVY6,0
C6TG81,A0A0R0JRI8,0
I1LA00,I1K215,0
A0A0R0JJ98,A0A0R0GG06,0
I1MIE5,I1K3X9,0
A0A0R0KNE1,I1LEC4,0
K7LTQ1,C6SYW6,0
I1LSM6,I1K5B6,0
I1N8P5,I1NC50,0
I1NJ79,I1LG13,0
I1JHC2,A0A0R0L7U5,0
I1MLK3,I1JC65,0
I1K912,I1KVC1,0
C6TBJ1,A0A0R0FJR0,0
K7MMG1,C6TNW3,0
I1K7N0,I1KMS8,0
I1JT85,A0A0R0FM97,0
A0A0R0KTM7,I1MVC6,0
I1K2U0,A0A0R4J5B7,0
K7K9E1,I1M1D5,0
I1NH73,I1NCF6,0
K7M9K9,I1K5B6,0
A0A0R0L8Y1,K7L2D7,0
I1KQG0,I1JC65,0
A0A0R0LA89,C6T2G5,0
K7KPJ4,I1LPJ8,0
A0A0R0FQN0,A0A0R0GFM7,0
A0A0R0JKU3,K7M9T4,0
I1KIY3,I1J4B5,0
A0A0R0IAV3,A0A0R0KE62,0
K7KGC2,I1KAD1,0
I1K0C4,I1JMK4,0
I1MJM9,A0A0R0JRI8,0
C6TKW2,I1KAD1,0
I1KPU4,K7MTL2,0
C6T3G1,K7M9T4,0
I1J6B5,I1JD52,0
I1KVX9,A0A0R4J5B7,0
I1LJA4,I1JD52,0
A0A0R0JB42,I1LM96,0
C6TFN5,I1LVN3,0
I1LIK8,A0A0R0H141,0
I1MZ47,I1MVC6,0
Q2PMS6,K7LTR0,0
I1LGB7,I1JV03,0
I1KFU0,K7MXH5,0
I1J870,I1L7G4,0
I1N9S5,I1NCF6,0
I1KBM7,K7M6J1,0
I1L8G3,K7M592,0
I1MTX9,I1JRJ3,0
I1MVE9,A0A0R0GBB6,0
K7K676,I1MF50,0
C6T2H2,C6T4V3,0
C6T3G1,I1MC28,0
I1JML1,I1JFW6,0
I1N954,I1LG13,0
I1K2U0,K7L939,0
I1K328,I1MQC8,0
K7KDM1,I1KUB2,0
I1NDC0,K7N1T9,0
I1LLA9,K7L6N7,0
I1KVS3,I1LIT1,0
C6T3G1,I1JUQ0,0
C6SY81,A0A0R0L4P0,0
C6TEP1,K7KAB4,0
M1FN39,K7K318,0
I1LG61,I1ML11,0
I1JIP5,I1K146,0
A0A0R0JZD5,I1JVX3,0
I1L250,I1JD07,0
I1JNB0,I1L2H4,0
I1JMT0,I1MC28,0
I1LY25,A0A0R0JSJ9,0
C6TG99,A0A0R0FTI5,0
I1L653,A0A0R0EWR2,0
K7MXS9,I1KJD2,0
I1KKD9,I1N898,0
I1MLN7,I1MNV2,0
K7LTQ1,K7MGQ2,0
I1KRD4,I1MGG7,0
K7MGQ3,K7KJB2,0
C6T3K0,C6TNW3,0
C6T7N2,A0A0R4J4C3,0
A0A0R0IAV3,A0A0R0FZM4,0
K7K553,I1K2I1,0
K7MMR3,A0A0R0KWL0,0
I1N056,A0A0R0GFM7,0
I1L250,C6SZ70,0
A0A0R0EI44,K7L4N7,0
A0A0R0ET54,K7KTS8,0
C6SZM2,K7MNP5,0
P48513,I1LIU7,0
I1K8C1,A0A0R0H141,0
C6SWZ1,I1LPK5,0
A0A0R0JJ98,I1KCY5,0
I1JBJ2,A0A0R0GJV8,0
I1MBM5,I1MNU2,0
A0A0R0L8Y1,A0A0R0G7B5,0
A0A0R4J4C8,I1N898,0
I1KDB2,A0A0R0GAQ8,0
K7MXD1,I1M1W3,0
I1MYV4,A0A0R4J2Y1,0
A0A0R0G2B9,I1JMH3,0
O48548,I1MTV9,0
I1N8Y6,A0A0R0KVY6,0
K7KEV0,A0A0R0FGT9,0
I1K5L7,I1LL05,0
A0A0R0FEI0,A0A0R0JT51,0
I1KY58,I1JRU7,0
H2D4C3,I1K970,0
A0A0R0IGP2,I1MTV9,0
A0A0R0KH89,C6SYE1,0
A0A0R0GC27,A0A0R0JBL2,0
I1K650,I1MF50,0
I1MGG3,K7MQG6,0
Q2PMU2,K7L6K2,0
K7N0X7,K7MFZ6,0
C6T868,K7KES3,0
I1MLN7,A0A0R0FER5,0
I1LQ02,I1LL05,0
K7KGE9,K7M6R4,0
I1L5H8,I1NIE5,0
K7LHR2,I1KZY8,0
C6SWA0,I1MZV0,0
A0A0R0I0B9,I1K215,0
K7MXD1,C6TN69,0
I1KJ56,K7L6K2,0
I1L5H8,C6SX83,0
I1KUP5,I1KSD0,0
K7MZP6,I1LII4,0
A0A0R4J354,A0A0R0EUJ0,0
A0A0R0HDM5,I1KCY5,0
P48513,I1JK31,0
I1MGG3,I1LR48,0
C6SWA0,I1L7G4,0
I1L215,A0A0R0L828,0
I1LKQ4,A0A0R0FER5,0
I1LC20,I1K4R8,0
C6TG99,I1N780,0
C6T2Z2,K7N145,0
I1LH11,I1KYL4,0
I1N8Q6,A0A0R0EJV2,0
K7LJF6,K7M864,0
I1M9T4,I1K146,0
C6T084,C6SW04,0
I1LJ94,K7N145,0
I1JS58,I1LH18,0
K7M9K9,C6SW04,0
K7MXD1,K7M592,0
I1MEF8,K7MRF5,0
I1JP52,A0A0R0GJV8,0
A0A0R0H7N0,I1N8M8,0
K7MC09,I1LLS4,0
I1MWF0,A0A0R0FTI5,0
C6TAF0,I1MU00,0
K7MC09,K7KVK2,0
A0A0R0F2G6,I1ML11,0
I1KFU0,A0A0R0FM97,0
K7KTT9,I1MF50,0
A0A0R0GYG1,I1KPE7,0
I1L5H8,A0A0R0G7I0,0
I1K911,A1YZE0,0
I1LRE4,C6SZG1,0
I1K9P1,C6T5R4,0
C6F117,C6TJ17,0
I1M0C3,I1KH38,0
A0A0R0FEN9,I1N780,0
I1NF54,A0A0R0G7I0,0
A5Z2K3,I1LXQ3,0
I1KC19,A0A0R0IF42,0
K7M5I5,K7MC85,0
I1M7V7,A0A0R0JRI8,0
M1FIU8,I1KPE7,0
K7K676,A0A0R0FXD4,0
K7KTT9,K7MM40,0
K7KYY0,I1MPJ4,0
I1KZJ7,I1JC65,0
A0A0R0FKK9,I1LH18,0
I1K5H2,A0A0R0EJV2,0
K7KFV5,C6TN69,0
I1N0U4,A0A0R0K0K3,0
K7MNC0,I1NCV4,0
A0A0R0FEN9,I1KZY8,0
A0A0R0G5A8,I1LXQ3,0
A0A0R0IAV3,K7M846,0
K7LGW1,K7LTR0,0
I1LP18,I1JMZ7,0
I1LIK8,A0A0R4J2Q5,0
I1NBQ2,K7N1L5,0
I1KAJ2,I1KJD2,0
I1KCX1,C6SYE1,0
C6TFN5,I1JUQ6,0
C6SYR1,I1LUL2,0
A0A0R0G342,I1J9I1,0
A0A0R0HDM5,I1LUE0,0
C6SXF5,I1K5K7,0
I1NH98,A0A0R0FJR0,0
I1KBQ5,C6TNW3,0
I1LJA4,A0A0R0GFM7,0
I1MRS5,I1N5D5,0
I1K8C1,K7LNG6,0
I1JW64,I1KMS8,0
I1JE38,A0A0R0G7B5,0
I1KH45,I1MU00,0
C6T0E4,I1J8C9,0
I1L1N3,K7LLV5,0
I1JIP5,C6T5R4,0
I1N0W9,I1JD52,0
I1KHL4,I1M1D5,0
I1JRL7,K7N1T9,0
I1K3P0,I1J547,0
K7M4N3,I1KLS1,0
K7KFV5,C6TNW3,0
I1MFH3,I1LPJ8,0
I1LJW2,I1KZK2,0
I1N8M4,A0A0R0JJI0,0
I1NF12,I1N8M8,0
C6TKG0,C6T4V3,0
I1M100,K7K8Y9,0
A0A0R0L7S1,I1KZ09,0
I1NBC2,I1L171,0
I1KGN6,I1K2I1,0
K7K794,A0A0R0JYX3,0
K7KTT9,K7MNP5,0
A0A0R0F7J9,I1M269,0
K7K1Z2,K7M846,0
I1JXQ3,I1N8M8,0
I1JVU8,I1JRU7,0
K7KLF0,I1LII4,0
I1NHQ1,P62302,0
A0A0R0KE73,A0A0R0IT62,0
O48901,K7MNP5,0
I1KPU4,I1MRI5,0
I1J7A8,A0A0R4J2Y1,0
I1N1Y6,A0A0R0FGT9,0
A0A0R0I8Z5,I1L9K4,0
I1LZM7,K7MFZ6,0
I1JNV3,I1KMS8,0
I1M0S4,K7K4C7,0
C6TKC3,I1LPW2,0
I1K4D7,A0A0R4J488,0
K7KP67,I1KSL6,0
I1MSC6,A0A0R0HV63,0
I1MRY0,I1K467,0
I1MXT2,I1LY15,0
I1KHJ6,I1NAF6,0
C6SWI3,K7LQV0,0
I1M100,I1L171,0
I1MJ97,A0A0R0GS25,0
I1NGD2,A0A0R0GS25,0
K7M5W5,A0A0R0GBB6,0
A0A0R0JH35,K7K894,0
K7M2D8,I1JMZ7,0
P48513,I1K642,0
K7K794,C6TIQ7,0
A0A0R0L7S1,I1JV03,0
C6SYQ2,I1LUE0,0
I1LJ94,I1JUQ0,0
I1MBW8,I1KZ09,0
C6T968,I1JUQ6,0
I1LC20,K7N129,0
C6T530,A0A0R0FX75,0
I1J8V4,A0A0R0KWL0,0
K7LWC5,K7LSG2,0
I1K912,A0A0R0FTI5,0
I1MNU7,K7KK74,0
K7KVG4,K7M841,0
I1KRF9,I1MC28,0
I1L8H7,A0A0R0JSJ9,0
I1N0W9,K7MM40,0
I1M757,A0A0R0KE62,0
I1LP56,K7N0V8,0
I1LGB1,K7KQZ8,0
A0A0R4J389,I1KZK2,0
I1NFS4,K7LTB2,0
I1K5J5,A0A0R0ENB3,0
A0A0R0I8Z5,A0A0R4J384,0
I1KBL4,C6T2G5,0
I1KYS6,K7LHS7,0
C6SZG8,I1MZV4,0
I1M3Q8,I1N5D5,0
K7KY63,K7K4C7,0
I1N1X8,K7M6I1,0
I1NC77,K7KES1,0
K7MS88,I1JUQ6,0
I1JV48,I1N8M8,0
I1J6B5,A0A0R0L4P0,0
K7K415,A0A0R0L5Q1,0
I1KBB6,I1J9I1,0
C6SYF3,A0A0R0KE62,0
C6TGR3,I1KPE7,0
I1J8V4,I1MTV9,0
I1KCN1,I1MLF1,0
I1N9I5,A0A0R0GFH3,0
I1KXI7,K7L4N7,0
K7L1B9,I1NG45,0
P09755,A0A0R4J426,0
M1FN39,I1JK31,0
A0A0R0KCV3,K7KWE4,0
I1LFW0,A0A0R0JT51,0
K7M4N3,K7MGQ2,0
C6T868,K7MRF5,0
I1LIH7,K7L6N7,0
K7KY63,A0A0R0GUR9,0
C6SWA0,I1JMZ7,0
I1KTD4,I1NIE5,0
A0A0R0H7N0,I1LIU7,0
C6TC92,I1K6E7,0
I1J9J7,C6TGA9,0
I1N3M5,I1M269,0
K7MTC4,A0A0R4J4C3,0
I1LDA7,A0A0R0G7B5,0
I1LFW0,I1JC65,0
I1KCN1,I1L171,0
A0A0R0EZ39,I1LIU7,0
K7KGC2,M1FN34,0
I1LLA9,I1JMK4,0
I1KYF8,A0A0R0GBB6,0
C6T083,A0A0R4J2Y1,0
I1JIJ4,K7KAB4,0
K7LXT7,K7M466,0
I1KPQ8,I1LPW2,0
I1JS58,A0A0R0K6I2,0
I1NH98,A0A0R0GUR9,0
C6T5Z0,A0A0R0F214,0
I1MK36,K7KAB4,0
C6SXF5,I1LGD6,0
I1JFN0,I1KZK2,0
I1NFS4,A0A0R0L4P0,0
K7L9V3,A0A0R0L0E7,0
I1N0U4,P17093,0
I1N0I7,A0A0R0EKI7,0
I1KHL6,C6SZG1,0
I1N4X7,K7KH93,0
C6SWI3,I1K215,0
Q2PMQ9,I1MW51,0
I1NF12,I1LGD6,0
I1K911,I1LR48,0
I1NHI4,K7K8Y9,0
A0A0R0E3E6,C6TBL4,0
K7MVB9,I1JA95,0
I1KVS3,I1LLK1,0
I1KVS3,I1MRI5,0
I1KBQ5,I1M269,0
I1JMZ3,I1MC28,0
K7LWC5,A0A0R0JRI8,0
K7MS88,A0A0R0KPE1,0
K7MGQ3,K7KWE4,0
K7K2H1,I1LEC4,0
I1NBC2,K7KK74,0
I1K4D7,I1LXQ3,0
I1JNK6,A0A0R0EYS5,0
C6F117,K7MNN5,0
I1KPQ8,C6SYE1,0
I1K3P0,I1L2H4,0
I1LRB0,K7N1L5,0
I1MHS1,I1JMK4,0
C6SZM2,A0A0R0JQJ0,0
I1LDY7,I1J9I1,0
I1JL13,I1KQE3,0
I1NBQ2,K7L7W0,0
A0A368UH03,I1LPK5,0
I1LZT5,C6TNW3,0
I1KCB7,I1NG45,0
I1M0N9,A0A0R0KVY6,0
I1KKD9,K7L2R0,0
I1NHQ1,K7MRF5,0
C6SW43,I1LGD6,0
I1NF12,A0A0R0IR73,0
A0A0R0JYY8,I1L171,0
K7MNC0,K7MXH5,0
I1JP52,C6TNW3,0
I1KB26,I1LLS8,0
I1KHL6,K7N1T9,0
A0A0R0H7N0,A0A0R0EJV2,0
C6TLT3,K7M6I1,0
K7LQ96,P17093,0
K7LRU2,I1M225,0
K7K794,A0A0R0EWR2,0
I1N4X7,I1MLJ0,0
A0A0R0EI44,A0A0R0K7U0,0
A0A0R0GC27,A0A0R0GWH6,0
A0A0R0KNS7,I1NG45,0
I1NJ79,K7KAB4,0
K7KP67,K7MNP5,0
M1FIU8,I1JD52,0
A0A0R0FEI0,K7LY43,0
I1J6B5,K7KNC5,0
I1KQE8,K7MFE5,0
I1JZC3,K7K4C7,0
I1J8W9,A0A0R0EYS5,0
I1N4X7,I1JFW6,0
A0A0R0LA89,A0A0R0IF42,0
C6SVH9,C6T0A0,0
I1KEY6,A0A0R0L828,0
I1MK36,I1K2I1,0
I1LJW2,I1MZV0,0
A0A0R0FSY2,I1LH27,0
I1L5H8,M1FN34,0
A0A368UHM1,C6T2G5,0
C6T083,A0A0R0FEN3,0
I1LGQ1,A0A0R0JYX3,0
I1KMS4,I1JMZ7,0
A0A0R0GCF5,I1L332,0
I1J7S6,A0A0R0F214,0
C6T3K0,A0A0R0JSJ9,0
I1NFS4,A0A0R0JBL2,0
I1LKQ4,A0A0R0JTV5,0
C6TKW2,A0A0R0GAQ8,0
I1KJH7,K7KQZ8,0
A0A0R0KNS7,I1JFW6,0
A0A0R0FX70,I1KSD0,0
I1LIS4,I1N7F4,0
I1K8C1,I1KEC8,0
I1KU09,I1MPJ4,0
I1KQB9,I1J8C9,0
I1K096,I1N780,0
I1LIM0,C6T5R4,0
K7MS88,I1KH38,0
I1K9B8,I1JC65,0
C6SYF3,A0A0R0GAQ8,0
I1L219,I1NAJ5,0
I1LIK8,K7N5K2,0
I1MY72,I1MEQ6,0
I1K2Z9,K7KAB4,0
I1MSC6,Q43463,0
C6T8R7,I1JUQ0,0
P07506,C6SYE1,0
I1MM89,I1K9J7,0
I1JL13,I1NC50,0
K7MC09,I1KFL5,0
A0A0R0EWX9,I1M5B6,0
I1K3U2,K7LNG6,0
A0A0R0JKU3,I1KEC8,0
C6T0E4,I1KLS1,0
A0A368UHG0,K7L2R0,0
A0A0R0IAV3,K7M6R4,0
A0A0R0GZZ6,I1JD36,0
A0A0R0EU45,I1K1W8,0
C6SZM9,C6T5U0,0
A0A0R0FEN9,C6T4V3,0
A0A0R0FYN8,K7M849,0
C6TG81,K7KAB4,0
A0A0R0HDM5,I1J9I1,0
I1NCS8,A0A0R0L828,0
A0A0R0L4N1,K7M841,0
K7KZ42,A0A0R0GPH9,0
I1MWP7,A0A0R0JJI0,0
I1MK36,I1LFD2,0
I1JMZ3,I1KSD0,0
I1N0F1,A0A0R0KVY6,0
C6SVH9,I1JMZ7,0
A0A0R0GYG1,A0A0R0FXD4,0
I1KQE2,A0A0R0EUJ0,0
A0A0R0HSJ1,K7L7W0,0
I1LZM7,M1FN34,0
I1KHJ6,C6TNW3,0
A0A0R0J2L9,I1LII4,0
A0A0R0JZD5,I1LLS8,0
C6T2L5,I1LLS4,0
I1KLS4,K7L6N7,0
K7M5I5,I1L9K4,0
I1N9S5,C6TIQ7,0
I1KV60,A0A0R0L828,0
I1M7C1,A0A0R4J5K6,0
I1MY72,A0A0R0JRI8,0
I1KFI5,K7MXH5,0
I1J8V4,I1MLJ0,0
I1KIB3,I1KEC8,0
I1KC19,C6TN69,0
A0A0R0FNV7,I1LG13,0
K7KGJ8,A0A0R0GG06,0
C6TNL5,A0A0R0GWH6,0
I1KB25,A0A0R0EG78,0
C6TNL5,K7MRF5,0
I1M7C1,C6T0A0,0
K7MMF4,I1MTV9,0
K7LJV1,I1KYL4,0
K7K3W5,A0A0R4J488,0
I1KS88,A0A0R0JTV5,0
K7L395,I1M1D5,0
I1L0M6,K7KW44,0
I1JNK6,I1LM96,0
C6SXJ9,K7LY43,0
I1KMS4,C6TIQ7,0
K7M097,I1M5B6,0
I1JDP3,I1MLF1,0
I1MNM3,I1KCY5,0
I1MJ97,A0A0R0L4P0,0
I1LM73,K7M841,0
K7L395,C6TIK0,0
C6TKZ4,I1JE09,0
I1JWH5,A0A0R0JYX3,0
A0A0R0JKU3,I1LLS8,0
I1MM89,I1M277,0
I1KYS6,I1LLK1,0
I1KPA1,I1KAR1,0
I1MRS5,A0A0R0GPH9,0
C6TMM7,C6T5R4,0
K7MVB9,A0A0R0KVY6,0
I1KHL4,K7MNP5,0
I1M273,I1LH18,0
I1LYU9,I1NCF8,0
K7M5I5,C6SWS6,0
I1JUJ8,K7MMD7,0
C6TG91,I1JVX3,0
K7MVB9,C6SX83,0
A0A0R4J4C8,A0A0R0HCS6,0
I1MEZ1,A0A0R0KWT5,0
C6T507,I1MQC8,0
I1LAR7,A0A0R4J4C5,0
I1J8W9,K7KNC5,0
I1KX98,I1LEC4,0
I1MT74,K7M846,0
I1JE83,C6SZG1,0
C6TNL5,A0A0R4J5C5,0
I1MBA2,I1LPJ8,0
C6T2H2,I1KZY8,0
I1JZC3,A0A0R0K0K3,0
A0A0R0GNH6,I1N780,0
I1MSC6,I1MF50,0
I1LM73,K7LSJ2,0
C6T968,K7MFE5,0
I1KRZ2,I1K9J7,0
A0A368UHM1,M1FN34,0
C6SY99,A0A0R0FER5,0
I1J9W0,K7L2D7,0
I1M0C3,I1JMZ7,0
I1L5H8,I1N8M8,0
A0A0R0I8Z5,Q43463,0
I1N9S5,A0A0R0IR73,0
I1LHR1,K7N5K2,0
K7LVE4,A0A0R4J2Y1,0
I1N9E1,I1MZV0,0
P48513,I1N8M8,0
I1MNK0,K7KES1,0
I1L653,K7KES1,0
C6SXP5,C6SZG1,0
I1JKP1,K7M4E0,0
I1NCS8,K7MNP5,0
C6T2L5,I1NC50,0
I1JRL7,I1LPK5,0
I1JNV3,A0A0R0KVY6,0
I1LYN0,I1JA95,0
K7KNJ6,C6TGA9,0
A0A0R4J2K3,A0A0R0JRI8,0
A0A0R0ERF9,I1JMZ7,0
I1KV60,K7M846,0
I1M4P0,P17093,0
I1L9A1,A0A0R0GWH6,0
A0A0R0GJ85,A0A0R0IT62,0
I1N8P5,I1JHJ0,0
A0A0R0FNM4,I1NCF8,0
I1N0U4,I1NC50,0
I1N0F1,I1JAH7,0
I1MTX9,I1MGG7,0
I1JI73,I1KZ09,0
C6SZM2,I1J4B5,0
C6T3K0,K7L6K2,0
I1KFI5,I1LPW2,0
A0A0R4J2K3,I1LPJ8,0
I1JXQ3,A0A0R0L0E7,0
I1K8C1,K7KK86,0
I1MV96,C6TFX5,0
I1MY33,I1KPE7,0
I1LH11,C6T5U0,0
I1N9S5,I1JVX3,0
C6SWI9,A0A0R0L7U5,0
C6SY81,K7M849,0
A0A0R0KJP6,C6TCH4,0
A0A0R0JZD5,A0A0R0FTI5,0
C6SYF3,I1KCY5,0
K7M5T0,A0A0R0KWL0,0
I1MEN1,A0A0R0EUJ0,0
I1K7N0,I1L7G4,0
I1JTW0,A0A0R0EG78,0
C6SWI9,A0A0R0L828,0
I1JY67,I1LL05,0
A0A368UJ64,I1JK31,0
K7MAP3,I1K970,0
A0A0R0HSJ1,K7LSJ2,0
A0A0R0JYY8,I1M277,0
C6SYA3,I1LL05,0
K7N0X7,I1MQC8,0
A0A0R0K5X4,K7LSJ2,0
K7KYE0,I1LUE0,0
I1KH45,K7K8K7,0
I1MHS1,K7MFZ6,0
Q2PMU2,Q2PMR3,0
A0A0R0FSY2,K7KNC5,0
A0A0R0IAV3,I1JAH7,0
I1KRD4,I1N8M8,0
C6T567,A0A0R0ENB3,0
I1KRF9,P62302,0
I1MY43,K7LQV0,0
I1MHH7,A0A0R0F214,0
I1KB25,I1JUQ6,0
I1NCS8,I1J9I1,0
K7M5W5,A0A0R4J4C3,0
I1JRL7,K7MXH5,0
K7M9K9,A0A0R0JQJ0,0
I1KR80,K7LY43,0
A0A0R0HSJ1,K7MNP5,0
I1NFU9,K7M466,0
I1N1X8,K7KWE4,0
A0A0R0KXY9,A0A0R0KPE1,0
I1KV60,K7N0V8,0
I1LSM6,I1JD52,0
I1NIJ9,A0A0R0FEN3,0
C6T530,I1KZ09,0
I1N6N9,A0A0R0KE62,0
I1L3P6,I1MGG7,0
I1JDR2,I1M1D5,0
I1L5H8,K7MQG6,0
A0A0R0E3E6,A0A0R0IT62,0
K7MWR1,I1KPE7,0
C6TKC3,I1LHS8,0
I1N6Z0,I1K215,0
C6TG99,I1L171,0
K7KCG5,I1MTV9,0
I1KPQ8,A0A0R0GG06,0
I1LGI1,K7MXH5,0
K7LRU2,A0A0R0HSH0,0
I1M6L1,I1MSN3,0
I1JNK6,I1LG13,0
A0A0R0L372,A0A0R0GPH9,0
K7MI53,I1N898,0
K7LLK0,A0A0R0L7U5,0
A0A0R0FNM4,I1L9K4,0
K7LW22,A0A0R4J5C5,0
A0A0R0FEN9,I1NCF8,0
A0A0R0IGP2,A1YZE0,0
C6T4Z6,I1KYL4,0
I1M5E2,I1L332,0
I1KVL0,I1KTI0,0
I1JIP5,K7N1L5,0
I1MC39,I1JHJ0,0
C6SVV7,C6TD23,0
K7MMG1,A0A0R0K7U0,0
Q2PMU0,C6SYE1,0
A0A0R0GG96,I1JA95,0
K7MH53,K7LCS7,0
A0A0R0ERF9,I1LH18,0
A0A0R0FNV7,K7KK74,0
I1JUT9,A0A0R0JT51,0
K7LW22,I1ML11,0
I1KIY3,I1J547,0
I1JDP3,C6SYE1,0
I1N1V6,K7MQG6,0
I1MTX9,A0A0R0IT62,0
A0A0R0ERF9,A0A0R0ENB3,0
I1N4X7,I1KTI0,0
C6T3G1,A0A0R0IF42,0
I1L524,K7M4E0,0
K7K3W5,I1LXQ3,0
A0A0R0J7J3,I1MLF1,0
I1MY33,K7N5K2,0
C6T2H2,I1MNU2,0
A0A0R0FX70,I1MZV4,0
K7LEG0,A0A0R4J5K6,0
I1LZ09,A0A0R0FB78,0
K7MWR1,A0A0R0FB78,0
I1JMT0,C6TBL4,0
I1K2Z9,K7M849,0
C6SWD4,I1KTI0,0
I1MM89,I1K1W8,0
I1JVN0,K7KNC5,0
C6SW69,I1KM19,0
C6T883,I1MNV2,0
I1KP31,K7KTS8,0
I1KY58,I1KZ09,0
I1K3P0,K7MRF5,0
Q2PMQ9,I1KYL4,0
K7LQ96,K7KK74,0
I1MSD9,K7KK86,0
I1MUN3,K7LK09,0
I1MP46,I1LII4,0
K7MH53,I1KHJ4,0
I1LKU1,I1M1W3,0
C6TAF0,I1M1D5,0
A0A0R0KFE8,I1N8M8,0
C6TKW2,I1NG45,0
C6SZG8,K7LHS7,0
I1L1N3,I1L9K4,0
K7L1B9,I1KAD1,0
I1N8Q6,I1L9K4,0
A0A0R0K5X4,I1LUL2,0
I1MUC0,I1KSL6,0
I1M7C1,I1LII4,0
I1MQB5,K7LHS7,0
A0A0R0JJK8,I1JMK4,0
I1JL13,I1M998,0
C6SZM9,K7MFZ6,0
C6SYA3,A0A0R0JBV0,0
A0A0R0IGP2,K7M6R4,0
I1LD74,K7MGQ2,0
I1MM64,I1K146,0
I1JIW3,A0A0R0IT62,0
A0A0R0L372,I1MTV9,0
A0A0R0JYY8,K7KH93,0
I1JUJ6,I1LH18,0
I1M100,A0A0R0HCS6,0
I1JKP1,K7M466,0
I1J5Q1,A0A0R0K7U0,0
A0A0R0LB39,I1JHJ0,0
I1LFW0,K7K8K7,0
I1N3M5,A0A0R0EWR2,0
I1M9T4,I1JA95,0
A0A0R0F2Z4,C6TCH4,0
I1JFF6,P17093,0
I1KJH7,A0A0R0L0E7,0
I1KY58,K7LHS7,0
K7LWC5,I1KAD1,0
I1LUI7,K7MFZ6,0
I1M9F7,C6TCH4,0
I1JZC3,I1MF50,0
P09755,I1JK31,0
I1NBE9,K7MNN5,0
K7K794,I1KZ09,0
I1LCX3,I1KJF2,0
K7LA18,K7M849,0
K7L9V3,K7M6J1,0
I1LBV2,C6TD23,0
I1LYQ9,I1LIU7,0
I1MUN3,A0A0R0FJR0,0
I1MC39,A0A0R0FTI5,0
A0A368UHE3,K7MTL2,0
I1LZM7,I1K215,0
I1JUJ8,A0A0R0FEN3,0
A0A0R0E3E6,I1N8M8,0
I1K4U3,I1JRJ3,0
C6SVF8,I1NAF6,0
I1KD09,I1J8W6,0
I1MQD0,A0A0R0JTV5,0
I1KUP5,A0A0R0FX75,0
A0A0R0L115,I1NCF8,0
A0A368UHE3,I1KPE7,0
I1KD09,Q43463,0
K7KKB2,A0A0R0G7I0,0
K7LEG0,A0A0R0JJK0,0
I1JNK6,A0A0R0L7U5,0
I1M717,I1KUS2,0
I1JT28,K7N1L5,0
K7LWI3,I1KJF2,0
A0A0R0JH35,A0A0R0EUJ0,0
I1JU70,K7LTR0,0
A0A0R0GZZ6,I1NCF8,0
K7MC09,I1LIU7,0
C6T9S5,A0A0R0JBV0,0
K7LWC5,C6T0A0,0
C6T083,C6SYE1,0
I1LPC3,C6TCH4,0
I1JUR7,I1NIE5,0
C6T968,K7LSJ2,0
A0A0R0JYY8,K7M466,0
I1JI73,I1JMK4,0
A0A0R0FX46,A0A0R0EDS9,0
K7N5D4,K7MXE0,0
I1NHQ1,K7KES1,0
A0A0R0F2Z4,K7K894,0
I1KQ68,I1K9J7,0
I1MVG5,K7LQV0,0
A0A0R0F0T6,A0A0R4J384,0
C6T0U3,A0A0R0L0E7,0
K7KLI7,I1K642,0
I1NIE7,I1K146,0
I1KGI6,K7MNP5,0
I1MVK7,I1LG13,0
A0A0R0HXE9,A0A0R0GJV8,0
A0A0R0EFE2,A0A0R0JJI0,0
I1LVX2,K7M864,0
K7MMF4,A0A0R0GJV8,0
A0A0R0K0L0,A0A0R0JRI8,0
C6T084,K7KNC5,0
P48513,K7KW44,0
I1MYX8,I1MJJ9,0
K7LQ96,I1KM19,0
C6SY99,I1JMH3,0
I1MYX8,A1YZE0,0
I1JL13,A0A0R0E934,0
C6SWZ1,I1LPW2,0
A0A0R0JES0,Q43463,0
I1J9J7,I1MVC6,0
Q2PMQ9,I1MK72,0
I1LYN0,C6T5U0,0
I1MIE5,I1JFW6,0
K7LSH9,K7K4C7,0
K7K1Z2,I1JC65,0
I1LGI1,I1N7F4,0
I1JCY0,I1K215,0
A0A0R0L115,I1K115,0
A0A0R4J389,I1MF50,0
I1LUF0,A0A0R0FB78,0
A0A0R0I1I4,A0A0R0GAQ8,0
I1L215,A0A0R0GBB6,0
I1KRF9,I1LFD2,0
I1JWF0,K7N0V8,0
K7KTT9,A0A0R0EWR2,0
I1JUJ6,C6T065,0
I1LC20,I1LIU7,0
I1MHA4,I1N898,0
A0A368UHE3,A0A0R0E934,0
I1JBJ2,K7MFZ6,0
A0A368UHC3,A0A0R0JBV0,0
A0A0R0KCY1,I1LPJ8,0
I1K9B8,I1M3W1,0
I1LIM0,A0A0R4J5C5,0
I1LUL7,I1MPJ4,0
O48901,I1LLK1,0
C6TG91,A0A0R0FEN3,0
I1KEG8,A0A0R0HSA0,0
I1K3U2,A0A0R4J426,0
P07506,K7KVK2,0
C6T8R7,A0A0R4J5B7,0
I1MNK0,K7L939,0
I1KMS4,I1K5B6,0
A0A0R0HSJ1,A0A0R4J2Q5,0
I1N9S5,K7M6I1,0
I1JKS2,I1L171,0
I1JWF0,A0A0R0FZM4,0
I1MSC6,I1N7F4,0
I1MZ47,K7LQV0,0
I1LC01,I1LIU7,0
C6SWL3,Q43463,0
A0A0R0JH35,I1MNU1,0
I1NFU9,I1MQC8,0
I1KBQ5,A0A0R0FB78,0
I1LPC3,K7M6J1,0
K7LZZ5,A0A0R0FM97,0
A0A0R0JJK8,C6T0A0,0
A0A0R0JH35,K7KES1,0
I1N5E8,I1KZY8,0
C6SZY0,A1YZE0,0
A0A0R4J2W3,K7M849,0
C6TG91,I1JD52,0
I1N0R5,I1LIA8,0
I1KUT8,K7LFD7,0
I1JWH5,M1FN34,0
I1LJW2,I1N7F4,0
C6SWD4,K7L4N7,0
K7MAP3,A0A0R0GPH9,0
C6SZM9,K7MFE5,0
I1NDC0,C6TCH4,0
A0A0R0GBL8,I1J547,0
A0A0R0K6F4,I1MQC8,0
I1LWR7,K7MC85,0
I1K5G1,I1LLK1,0
K7LQ96,I1KD82,0
I1N6N9,K7N1T9,0
I1JR41,I1NCF6,0
A0A0R0JLD5,I1K1W8,0
I1N1Y6,A0A0R4J5C5,0
A0A0R0K6F4,A0A0R0L4P0,0
I1JUR7,A0A0R4J4C3,0
C6SYE0,I1K2I1,0
C6TG81,I1JV03,0
I1JTW0,A0A0R0FTI5,0
A0A0R4J2K3,C6T065,0
I1KJT5,I1N8M8,0
C6SXM9,A0A0R0F214,0
A0A0R4J2K3,A0A0R0JSJ9,0
I1J7A8,I1KXK6,0
C6T3K0,I1MW51,0
M1FIU8,K7N145,0
A0A0R0JZD5,I1N7F4,0
C6TKG0,K7LLV5,0
C6T4Z6,I1K642,0
A0A0R0LA89,I1NAF6,0
I1KMS4,I1KM19,0
A0A0R0J7J3,I1LPW2,0
I1NIJ9,I1KUB2,0
I1LJI8,A0A0R0KPE1,0
I1K650,I1MK72,0
K7M097,C6T2G5,0
I1KV60,A0A0R0JJI0,0
K7KVG4,I1JYT2,0
A0A0R0J2L9,A0A0R0IT62,0
K7MMG1,C6T5U0,0
Q2TFP1,K7N1L5,0
I1MSC6,K7M849,0
I1KHL6,A0A0R0KVY6,0
K7MTC4,A0A0R0K6I2,0
P48513,I1MW74,0
I1MNU7,C6T5U0,0
I1N8P5,I1MK72,0
I1KZI6,I1JAH7,0
A0A0R0FYN8,A0A0R0FXD4,0
I1MP46,I1KYL4,0
I1LWR7,I1JC65,0
C6TC92,I1M269,0
I1K328,I1M269,0
I1LMQ5,K7KES1,0
I1KV60,I1MTV9,0
A0A0R0FQN0,I1LPK5,0
C6SZM9,I1KYL4,0
I1LR08,K7K8Y9,0
I1JKP1,K7LHS7,0
K7M5T0,I1LII4,0
A0A0R0JS60,I1KTI0,0
I1JR41,I1KFL5,0
I1KGZ6,I1K6E7,0
I1L1S1,K7LQV0,0
A0A0R0KCY1,C6T5U0,0
A0A0R0F0T6,I1JC65,0
I1KPU4,I1J4B5,0
I1LAR7,I1JYT2,0
I1M7C7,I1K146,0
I1N8P5,I1KZY8,0
K7KDM1,C6SX83,0
C6SW69,I1KFL5,0
I1NGQ5,A0A0R4J2Q5,0
C6TNX5,K7LQV0,0
K7N0X7,A0A0R0IT62,0
I1JUT9,I1MW74,0
I1MTH0,K7MC85,0
C6T567,I1NIE5,0
I1JNK6,I1L2H4,0
I1MUQ7,K7M841,0
I1KH45,I1M225,0
I1MWP7,A0A0R0L4P0,0
K7LVE4,I1MW51,0
I1LBV2,I1J8W6,0
A0A0R0FJF0,I1MRP6,0
P48513,A0A0R0EWR2,0
A0A0R0JG07,K7LFD7,0
C5NTE7,C6SZQ0,0
C6TBQ2,I1LG13,0
A0A0R0JG07,K7K4C7,0
K7MMR3,A0A0R0KWT5,0
I1LC01,C6SYE1,0
I1NHQ1,I1MC28,0
K7K8U8,A0A0R0GFL3,0
I1K8C1,I1KJD2,0
I1M7C1,I1JUQ6,0
K7M787,A0A0R0HCS6,0
I1KYF8,I1KHJ4,0
K7MGQ3,K7LTB2,0
C6T083,K7MYK9,0
K7MGK0,I1KJD2,0
I1MZ47,I1K115,0
A0A0R0L4N1,K7MC85,0
A0A0R0JB42,I1MNV2,0
I1JMZ3,I1MNU2,0
A0A0R0JYB5,A0A0R0L828,0
K7MZP6,A0A0R0K6I2,0
I1JVP4,I1MNS7,0
C6T0E4,A0A0R0G7B5,0
A0A0R0K0L0,I1KQE3,0
I1L8H7,I1MRI5,0
C6SXP5,I1MF50,0
K7M9K9,I1JYT2,0
I1N0F1,K7KTS8,0
I1N6N9,I1N7F4,0
I1LPJ3,K7L939,0
I1KAJ2,I1LEC4,0
A0A0R0GE84,K7K8K7,0
I1N954,K7N145,0
I1KBL4,K7L6N7,0
I1JML1,I1JVX3,0
K7LHR2,P62302,0
A0A0R0HDM5,A0A0R0KVY6,0
C6T2Y4,C6T065,0
I1LDU4,A0A0R0FER5,0
A0A0R0F7J9,C6TK73,0
C6SY25,K7LIE3,0
C6T2Z2,K7MXE0,0
I1JRA0,K7LCS7,0
I1KLS4,I1MEQ6,0
I1MVK7,A0A0R4J488,0
I1KFI5,C6SW04,0
I1LJI8,K7LCS7,0
C6TKW2,K7MXE0,0
I1K4D7,I1L7G4,0
I1LUL7,I1MC28,0
C6T507,A0A0R4J488,0
K7KNJ6,I1K3X9,0
I1KP31,A0A0R0K7U0,0
C6TEP1,A0A0R0H141,0
I1JR41,K7M466,0
A0A0R0L8Y1,C6T2G5,0
A0A0R0JG07,A0A0R0EDS9,0
A0A0R0GCF5,C6SZQ0,0
C6SVF8,A0A0R4J5B7,0
A0A0R0H8M3,I1K1W8,0
A0A0R0EYA9,I1ML11,0
C6SWI3,I1J4B5,0
I1K7J4,I1M1W3,0
K7KP67,I1LH27,0
I1KH45,A0A0R0EDS9,0
A0A0R0EZ39,A0A0R0EWR2,0
A0A368UHM1,A0A0R0EUJ0,0
A0A0R0JS60,A0A0R0FER5,0
I1KH45,K7KTS8,0
A0A0R0FKK9,I1J9I1,0
K7N3F6,C6T5R4,0
I1K7J4,I1K1W8,0
C6T567,A0A0R4J5K6,0
I1KBL4,I1KCY5,0
K7KLF0,I1LIU7,0
K7M787,K7KH93,0
I1MWF0,C6T5R4,0
I1LIR4,I1LL05,0
A0A0R0FNV7,I1NJ53,0
I1L0M6,I1K467,0
I1KP31,I1K2I1,0
K7M9K9,I1JHJ0,0
I1JIP5,I1MF50,0
I1N7K6,P62302,0
I1MC39,K7M6Z2,0
C6SYE0,I1MZV0,0
I1JE83,K7KES1,0
Q2PMQ9,I1K642,0
A0A0R0H296,I1N780,0
A0A0R0JES0,A0A0R0JTV5,0
I1LMQ5,I1K9J7,0
I1L1N3,I1KJF2,0
I1JBJ2,I1KZY8,0
C6SZY0,C6SX83,0
I1KIY3,I1J8C9,0
I1KX98,K7L4N7,0
C6SW69,I1MLF1,0
I1MLN7,A0A0R0EJV2,0
A0A0R0KFE8,A0A0R0GFH3,0
Q2TFP1,K7M6I1,0
A0A0R0IAV3,A0A0R0JYX3,0
C6TLT3,A0A0R0GFL3,0
C6TL77,I1MNU2,0
I1LGB1,A0A0R0FEN3,0
C6T530,I1M5B6,0
A0A0R0FX70,I1K115,0
I1JY67,I1MEF5,0
K7MI53,K7M6Z2,0
A0A0R4J2W3,A0A0R4J5K6,0
I1MRY0,I1M1W3,0
I1LPC3,I1LLK1,0
I1MTZ8,A0A0R0GG06,0
A0A0R4J3D2,I1LLK1,0
C6TC92,I1MLJ0,0
I1M273,K7M4E0,0
I1K096,I1KJD2,0
I1KPU4,I1MK72,0
I1LIS4,K7MFE5,0
K7L3K3,I1MGG7,0
I1KHL4,I1LLS4,0
I1JYG6,I1MC28,0
K7MMR4,I1MW51,0
K7MWR1,I1KZK2,0
C6SWL3,A0A0R0FZM4,0
K7N3F6,K7MYK9,0
C6T3I8,I1KEC8,0
A0A0R0FSS2,I1JMZ7,0
K7MD28,A0A0R0JYX3,0
I1JXB4,I1JUQ0,0
K7K3W5,I1LLS8,0
A0A0R0JZD5,C6TGA9,0
A0A0R0JKU3,I1KD82,0
I1LDU4,C6SX83,0
I1MY43,I1M269,0
K7KGC2,I1N780,0
I1MK96,I1LLS4,0
K7KDA5,K7LY43,0
A0A368UHM1,K7MMD7,0
C6SYR1,C6TFX5,0
K7M5I5,I1L171,0
I1MUC0,I1M1D5,0
K7MXS9,A0A0R0FTI5,0
I1KPA1,I1KMS8,0
I1LR08,C6T065,0
I1JHC2,I1KSD0,0
I1KBB6,I1NJ53,0
I1LWR7,K7MNP5,0
K7KYE0,C6TBL4,0
I1MNV4,I1JMK4,0
K7MMR4,A0A0R0GFH3,0
C6SZY0,I1LR48,0
K7L1B9,I1NC50,0
A0A0R0G6V6,I1LIT1,0
C6TBQ2,A0A0R0GFH3,0
I1JMT0,I1KUB2,0
I1JRA0,K7M6I1,0
I1LJ93,I1K642,0
I1MC26,C6TJM4,0
I1JVN0,I1KEC8,0
K7LWI3,A0A0R0FXD4,0
C6TKZ4,I1KAD1,0
I1JKS2,I1MNS7,0
I1JG98,A0A0R0IR73,0
I1KJ98,I1JRJ3,0
A0A0R0L2U1,P62302,0
I1K3U2,K7KTS8,0
C6TKB2,K7KFY5,0
I1N4X7,I1JE09,0
I1N7K6,C6SW04,0
I1LH11,A0A0R0JQJ0,0
C6TEP1,A0A0R0FGT9,0
A0A0R0HHZ3,A0A0R4J426,0
I1KCH6,K7KTS8,0
C6SWL3,I1KH38,0
K7L395,K7LLV5,0
C6T2H2,I1LXQ3,0
I1NF54,C6T065,0
I1MQD0,I1L9K4,0
I1JAG0,C6TGA9,0
A0A0R0L8Y1,K7M4E0,0
I1L3P6,A1YZE0,0
A0A0R0L7S1,I1LM96,0
I1KXI7,K7L939,0
I1KJT5,I1NG45,0
I1JVP4,A0A0R0FB78,0
K7LVE4,K7K894,0
C6TG99,A0A0R0EKI7,0
I1K7N0,I1MSN3,0
I1N954,I1NCF6,0
A0A0R4J354,A0A0R0KE62,0
I1N9E1,I1LIU7,0
I1LLA9,A0A0R0JQJ0,0
I1LP18,K7MFE5,0
A0A0R0JG07,A0A0R4J2Q5,0
K7KIU3,K7MC85,0
I1MZ32,A0A0R4J2Y1,0
I1JIW3,K7MRF5,0
I1L690,I1J8W6,0
A0A368UJ64,K7M841,0
I1LP56,I1LR48,0
K7LRU2,A0A0R0GPH9,0
I1L8S1,I1N898,0
A0A0R4J2W3,I1LLS4,0
I1N7K6,K7MNP5,0
C6TCW7,K7MM40,0
I1MC39,A0A0R0JJK0,0
I1MLK3,I1JE09,0
K7LJV1,I1N8M8,0
I1KPQ8,I1NAF6,0
I1N8Y6,K7KES1,0
A0A0R0FEI0,C6TN69,0
I1NH73,A0A0R0HV63,0
A0A0R0G5A8,A0A0R4J488,0
A0A0R0EZ39,C6SW04,0
C6TE07,I1MJJ9,0
I1JIJ4,K7M841,0
A0A0R0L2U1,C6T065,0
I1LZ09,A0A0R0K0K3,0
I1M273,I1KSD0,0
I1L6W0,A0A0R0IZY4,0
A0A0R0G2B9,C6TJ17,0
C6TKB2,A0A0R4J4C3,0
K7LVE4,K7KW44,0
C6TK75,A0A0R0FGT9,0
I1JHC2,I1JFW6,0
C6TL77,C6T5U0,0
A0A0R0HHZ3,I1JRU7,0
C6SWM1,I1K215,0
I1NF54,I1K146,0
I1KBQ5,I1ML11,0
K7M4N3,I1M225,0
A0A0R0FNV7,A0A0R0KE62,0
A0A0R0H2V0,I1NAJ5,0
A0A0R0G2B9,I1KSD0,0
I1MTH0,A0A0R0EYS5,0
I1KB26,I1K467,0
I1MYX8,C6T0A0,0
I1JUJ8,I1JRJ3,0
K7M097,I1J9I1,0
A0A0R0G5V6,I1KMS8,0
I1KX98,I1M1D5,0
I1JNB0,K7L2R0,0
C6TKB2,I1MTV9,0
I1KUT8,K7L2R0,0
I1JVU8,A0A0R0IZY4,0
I1M7V7,I1LFD2,0
I1L8H7,K7L6K2,0
K7KKB2,I1JD36,0
I1L0M6,K7LY43,0
I1KZJ7,A0A0R0H141,0
I1KHJ6,K7KQZ8,0
I1NDC0,I1JM18,0
A0A0R0G3G4,C6TCH4,0
I1JFN0,I1JM18,0
A0A368UJ64,C6T0A0,0
A0A0R0EI44,I1K5B6,0
A0A0R0INQ5,C6T0A0,0
I1KEY6,C6T2G5,0
A0A0R0GG96,I1JRV0,0
I1KIB3,A0A0R0FEN3,0
A0A0R0L115,C6TD23,0
K7M2D8,K7M6I1,0
C6TD73,I1KLS1,0
K7MMR3,A0A0R0HV63,0
I1MTH0,I1MPJ4,0
I1K5K3,A0A0R0K0K3,0
I1K0C4,I1MLJ0,0
I1LYU9,K7L6K2,0
I1LY25,A0A0R0FTI5,0
C6TAF0,A0A0R0GFH3,0
K7MST2,I1N761,0
I1MY72,I1ML11,0
A0A0R0FNV7,C6TBL4,0
I1KP31,A0A0R4J5B7,0
K7M142,A0A0R0EJV2,0
C6TGR3,K7M466,0
I1JMT0,I1L171,0
I1LPJ3,I1MW51,0
A0A0R0L2U1,K7LNG6,0
I1MEZ1,K7LY43,0
C6SYA3,K7M6I1,0
C6T8R7,I1MF50,0
Q2TFP1,K7M6J1,0
A0A0R0J7J3,K7KWE4,0
C6T2L5,I1JVX3,0
I1N1X8,A0A0R0GFH3,0
I1KJH7,A0A0R0JJI0,0
A0A0R0HN81,K7M849,0
I1L653,K7N1L5,0
I1LJ93,K7L6N7,0
P46279,K7M846,0
I1KS88,I1J9I1,0
I1KNN1,K7KK86,0
I1KB26,K7MYK9,0
K7MZP6,K7M6Z2,0
I1LFW0,I1KZY8,0
C6SWM1,K7L2D7,0
I1M3U2,K7N1T9,0
I1MM89,K7L939,0
I1KYS6,A0A0R0L0E7,0
K7K3W5,I1N5D5,0
I1KYF8,A0A0R4J426,0
C6T426,I1JD07,0
A0A0R0EJE2,K7K8Y9,0
A0A0R0JLD5,I1MNU1,0
A0A0R0I0B9,I1MTV9,0
I1KR80,K7MQG6,0
I1JKP1,I1LIU7,0
A0A0R0JH35,I1J8W6,0
I1JU70,I1JRJ3,0
I1KBQ5,I1MLJ0,0
I1KGN6,A1YZE0,0
I1JUT9,C6TBL4,0
I1LXH0,A0A0R0GG06,0
I1MWF0,I1LVN3,0
I1N1X8,A0A0R0JTV5,0
I1KHJ6,I1MK72,0
A0A0R0IGP2,I1LLS8,0
C6TG81,K7LQV0,0
I1LKQ4,A0A0R0HSA0,0
K7MMF4,C6TBL4,0
A0A0R0FX46,I1M1D5,0
A0A0R0HSV1,I1JVX3,0
A0A0R0FX70,I1MW51,0
I1K7N0,A0A0R0ESZ8,0
C6TK75,I1KH38,0
I1JKS2,K7M9T4,0
I1J5B0,K7KFY5,0
I1M7B9,C6TNW3,0
K7LGW1,I1ML11,0
I1MZ32,I1MNV2,0
I1KEY6,K7KES1,0
I1L8G3,I1MEQ6,0
K7LQ96,K7M6J1,0
K7M142,C6TIK0,0
I1N8M4,A0A0R0KVY6,0
I1LVX2,A0A0R0H141,0
A0A0R0FEN9,C6T0A0,0
I1K3U2,A0A0R0JSJ9,0
A0A368UHE3,K7KVK2,0
I1L8S1,I1JRV0,0
A0A0R0KH89,I1LLS8,0
I1M2R5,K7L2D7,0
I1MEF8,A0A0R0FZM4,0
A0A0R0HSJ1,I1M5B6,0
I1M5E2,I1NC50,0
I1KQG0,K7M4E0,0
I1MTZ8,I1N7F4,0
I1KUT8,I1LLK1,0
I1MTH0,K7N1L5,0
C6T883,I1NCF8,0
I1MNM3,K7M466,0
I1JXB4,I1MGG7,0
A0A0R0FSY2,I1MQC8,0
I1MZ47,A0A0R0GG06,0
K7KYE0,A0A0R0GAQ8,0
C6SZM2,A0A0R0F214,0
C6SYF3,K7MGQ2,0
K7K2H1,C6TIQ7,0
I1J6B5,I1MLJ0,0
C6TKC3,K7MXH5,0
K7MD28,K7L6K2,0
I1J8W9,I1JUQ0,0
I1LGI1,I1ML11,0
K7MNC0,C6SWS6,0
O48901,A0A0R0GBB6,0
A0A0R4J3N1,I1LPK5,0
C6T9S5,K7K318,0
K7MPL4,A0A0R0F214,0
I1K2J5,A0A0R4J5C5,0
I1MKM3,I1LIA8,0
A0A0R0IGP2,K7LSJ2,0
I1K5G1,I1LUL2,0
I1M2R5,K7LSG2,0
I1JRL7,K7M849,0
K7KGJ8,I1KM19,0
C6TG91,I1MNU2,0
I1MQD0,C6TFX5,0
C6T2L5,A0A0R0G7I0,0
I1NF54,I1L332,0
I1JL13,I1KXK6,0
I1M5E2,K7L4N7,0
C6T3K0,A0A0R0JYX3,0
A0A0R0H7N0,A0A0R0JBL2,0
I1JT28,I1LLK1,0
K7KEV0,I1KFL5,0
A0A0R0EJE2,I1LGD6,0
O48901,I1JRV0,0
I1LJW2,K7KFY5,0
I1MC39,C6TCH4,0
I1LMQ5,I1JUQ6,0
I1LSM6,K7KAB4,0
I1K5L7,A0A0R0GWH6,0
I1JMZ3,I1ML11,0
K7K9E1,I1JC65,0
I1N0W9,A0A0R4J4D0,0
I1LJW2,I1LFD2,0
I1KJT5,C6TN69,0
A0A0R0JG07,K7MMD7,0
A0A0R0E3E6,I1KUS2,0
A0A0R0JZD5,K7LK09,0
I1KLE1,C6TJM4,0
K7M5I5,I1JB64,0
K7LKS0,I1LLK1,0
I1NBQ2,K7M841,0
I1NGQ5,I1J4B5,0
I1MM64,K7MGQ2,0
I1JP52,A0A0R0JQJ0,0
K7LA18,I1N8M8,0
A0A0R0E907,K7M9T4,0
K7LLK0,I1M1W3,0
K7MD28,A0A0R0IZY4,0
C6T868,K7MNN5,0
I1MLH9,I1MNS7,0
C6TLT3,A0A0R0KWL0,0
K7K415,A0A0R0HCS6,0
I1LKU1,I1KTI0,0
I1LYQ9,I1LH27,0
I1NCS8,I1KMS8,0
I1K0C4,C6TNW3,0
I1KAJ2,A0A0R0FJR0,0
I1MBM5,I1NCF6,0
K7LEG0,A0A0R0KWT5,0
I1JFF6,A0A0R0JQJ0,0
I1L478,I1M5B6,0
A0A0R0F0T6,A0A0R0JYX3,0
C6T0E4,K7KTS8,0
I1MEF8,I1MK72,0
I1J5U5,I1LHS8,0
K7MMR3,K7MFZ6,0
I1N056,I1KVC1,0
C6SYE0,K7N129,0
I1KGZ6,I1NJ53,0
I1L8H7,A0A0R0ESZ8,0
I1NH73,I1NG45,0
I1L1L2,Q43463,0
I1LP18,A0A0R0JJI0,0
I1N8M4,K7M864,0
C6TMM7,I1L3P5,0
P48513,I1NG45,0
I1L250,I1K642,0
K7MGQ3,I1N8M8,0
C6TE07,I1LII4,0
I1KVL0,A0A0R4J4C5,0
K7L240,I1K2I1,0
K7KVG4,K7L9M2,0
K7LRU2,K7KNC5,0
A0A0R0L372,I1MJJ9,0
I1NBQ2,A0A0R0FJR0,0
I1L524,A0A0R0ESZ8,0
I1LIR4,I1K642,0
I1M0C3,A0A0R4J5B7,0
I1K2J5,C6TD23,0
I1KYS6,I1LG13,0
I1JHN5,I1JM18,0
I1N6N9,A0A0R4J4H3,0
I1M757,K7KJB2,0
I1N8M4,I1LWZ0,0
I1MYV4,C6T5R4,0
A0A0R0KE73,I1JMZ7,0
I1LMP2,A0A0R0KE62,0
I1LA00,I1MEF5,0
A0A0R0L8Y1,C6TNW3,0
A0A0R0HHZ3,K7M9T4,0
I1LRE4,I1NG45,0
K7L240,I1NJ53,0
C6SXP5,A0A0R0GPH9,0
I1M7V7,I1LPJ8,0
C6SZ22,A0A0R0GFM7,0
I1N8Y6,K7MM40,0
I1LVX2,I1LIA8,0
K7MC09,I1LII4,0
K7MWR1,I1K4R8,0
I1KJL3,I1ML11,0
C6SWI9,K7N129,0
I1K328,I1MRP6,0
I1MU29,I1KUS2,0
I1K5L7,I1K2I1,0
I1KDB2,I1JB64,0
I1J6B5,C6SYW6,0
A0A0R0F2Z4,C6TIQ7,0
I1LBV2,K7L2D7,0
I1JL13,I1JMH3,0
I1L412,A0A0R0GAQ8,0
K7LWC5,I1MNS7,0
C6SYF3,I1JMK4,0
A0A0R0JH35,K7LTR0,0
A0A0R0HDM5,C6TD23,0
I1K2U0,A0A0R4J4C3,0
A0A0R0KH89,I1MGG7,0
A0A0R4J2W3,I1M269,0
I1MQB5,K7M592,0
I1MC26,I1JMZ7,0
I1KPT1,K7L9M2,0
I1KKD9,I1MLF1,0
I1LSM6,C6T065,0
I1KVX9,I1K970,0
I1M3Q8,C6T5R4,0
I1KVX9,I1KUB2,0
I1N9E1,I1LVN3,0
I1N5E8,I1MLJ0,0
I1KYD6,K7KES1,0
K7L240,I1M1W3,0
A0A0R0F2Z4,I1MNS7,0
K7KIU3,I1L332,0
C6SYF3,C6T0A0,0
I1JFF6,I1NCV4,0
K7L1B9,I1KPE7,0
I1K9P1,I1M1D5,0
C6TK75,K7M6Z2,0
I1M3Q8,A0A0R0JRI8,0
I1MJ97,I1JV03,0
H2D4C3,I1NCV4,0
A0A0R0FNM4,I1MRP6,0
K7MI53,K7LTB2,0
C6TFN5,K7M846,0
I1JFN0,I1K115,0
K7MMF4,C6TIQ7,0
I1J5U5,I1JD52,0
K7LSH9,I1LII4,0
K7MS88,K7KJB2,0
C6T530,C6SWS6,0
A0A0R0L2U1,K7LFD7,0
I1N3M5,I1MZV0,0
I1K3P0,K7L2R0,0
C6TFN5,C6T5R4,0
A0A0R0HXE9,K7LK09,0
I1KVL0,A0A0R0EUJ0,0
C6T3K0,K7M849,0
I1KIB3,A0A0R4J426,0
I1MRS5,I1KTI0,0
I1NH98,I1MLJ0,0
I1LPI3,K7K894,0
A0A0R0KNS7,A0A0R0FEN3,0
I1MNK0,A0A0R0FJR0,0
K7M5T0,A0A0R0HSA0,0
K7KNJ6,I1JD07,0
I1K725,I1JD36,0
I1MU29,C6TNW3,0
C6TFN5,K7MFZ6,0
I1KRZ2,A0A0R4J5B7,0
C6SWD4,K7M9T4,0
I1N0R5,I1LLK1,0
K7LKS0,K7KAB4,0
I1MBA2,A0A0R4J384,0
I1J5B0,O22518,0
I1J8W9,C6T4V3,0
I1L653,C6T2G5,0
I1MSD9,I1MW74,0
I1MVE9,A0A0R0KWT5,0
C6TAW8,K7KES1,0
I1NHQ1,K7M592,0
I1KLE1,K7KK74,0
A0A0R4J389,A0A0R0K6I2,0
I1KQG7,I1LL05,0
A0A0R0FYN8,A0A0R0JRI8,0
K7LEG0,I1KHJ4,0
I1MRY0,C6TGZ1,0
C6T3K0,K7KES3,0
C6TE07,I1LH18,0
I1N3M5,I1MNS7,0
I1N1X8,I1KUB2,0
A0A0R0HN81,A0A0R0L7U5,0
I1M100,I1L3P5,0
P07506,A0A0R0HSH0,0
I1LPC3,C6TNW3,0
I1N8P5,I1M225,0
A0A368UHE3,K7N145,0
K7M2D8,I1JRU7,0
A0A0R0JES0,K7LSG2,0
A0A0R4J2W3,I1J8W6,0
C6SYQ2,A0A0R0FB78,0
I1LRH8,I1M5B6,0
I1N6Z0,I1N8M8,0
A0A0R0HXE9,I1JUQ6,0
A0A0R0GYG1,A0A0R4J5C5,0
K7MNC0,K7LQV0,0
I1L6W0,A0A0R0GJV8,0
A0A0R0G3G4,K7N0V8,0
I1L5H8,C6TGA9,0
I1MWP7,K7M6Z2,0
I1LZM7,I1K2I1,0
A0A0R0EWX9,I1KFL5,0
A0A0R0HDM5,A0A0R4J384,0
C6SVU4,A0A0R0KWT5,0
I1KGZ6,I1LVN3,0
I1KJH7,I1JFW6,0
I1J9W0,K7L6K2,0
K7M2D8,I1K215,0
K7KPJ4,A0A0R4J5K6,0
I1N8Q6,K7M4E0,0
I1JL13,I1LVN3,0
K7M2D8,A0A0R0IF42,0
C6TKG0,A0A0R4J384,0
I1J9W0,I1JMZ7,0
C6SXP5,I1NAJ5,0
I1KCN1,A0A0R0EKI7,0
I1KS36,K7L6N7,0
K7LRU2,I1MZV0,0
I1LZ09,I1N780,0
K7L240,I1JC65,0
I1MNK0,K7MTL2,0
C6SWM1,A0A0R0FGT9,0
A0A0R0EYA9,I1MEQ6,0
I1MHH7,K7KK74,0
I1M9F7,K7K894,0
A0A0R0GYG1,A0A0R0GUR9,0
K7MC09,A0A0R0GFL3,0
K7KGE9,A0A0R4J4C5,0
K7MCH3,I1LH27,0
A0A368UHM1,K7K318,0
I1KS88,I1LLS4,0
I1JU70,A0A0R0FER5,0
C6TG81,I1JD07,0
I1JWH5,I1KYL4,0
I1K0C4,Q43463,0
I1JDR2,K7LCS7,0
K7L395,A0A0R0GJV8,0
A0A0R4J4C8,A0A0R0JQJ0,0
C6TMM7,I1MC28,0
C6SXP5,I1MC28,0
A0A0R0JZD5,I1KM19,0
I1M100,K7KJB2,0
I1KS36,A0A0R0KE62,0
I1JTE4,I1M277,0
I1MBM5,A0A0R0JYX3,0
I1J553,I1LLK1,0
C6TBJ1,K7MC85,0
C6T868,A0A0R0JRI8,0
I1JTW0,A0A0R0GFL3,0
I1L1L2,I1KZK2,0
I1JUJ6,I1M269,0
A0A0R0FNV7,K7KTS8,0
A0A0R0L098,I1JB64,0
K7MAP3,I1JRV0,0
I1LYU9,I1KZ09,0
I1M100,I1K970,0
K7L8H2,A0A0R0KE62,0
I1N0F1,I1J547,0
I1L4B6,I1LY15,0
I1JKP1,C6T0A0,0
C6T8R7,A0A0R4J384,0
I1LG61,I1MEF5,0
I1KRZ2,A0A0R0K7U0,0
I1JMZ3,K7M846,0
I1LJ94,I1LW00,0
I1MSD9,K7KJB2,0
C6TMM7,A0A0R0ESZ8,0
I1LPZ2,I1MTV9,0
I1MWP7,I1LGD6,0
I1JIJ4,A0A0R0EG78,0
A0A0R0J7Q5,I1MNV2,0
A0A0R0EYA9,I1MSN3,0
I1LH11,I1KFL5,0
I1MP46,I1JUQ0,0
A0A0R0F7J9,I1JUQ0,0
I1L1L2,I1N898,0
A0A0R0HN81,C6SYE1,0
C6TBQ2,I1MNV2,0
A0A0R0L098,A0A0R0KVY6,0
I1JFS9,I1LPK5,0
K7KP66,K7N1T9,0
I1JAF7,K7M466,0
K7LSH9,I1MNU1,0
A0A0R0IGP2,I1KMS8,0
K7MVB9,K7M9T4,0
C6SVB5,I1LL05,0
I1K2J5,I1LXQ3,0
A0A0R0LFT0,A0A0R0FTI5,0
K7KP67,K7KES3,0
I1J9J7,A0A0R0KWT5,0
I1N6Z0,I1JA95,0
K7MZ38,A0A0R4J4H3,0
C6TAF0,K7L6N7,0
C6TEP1,A0A0R0L4P0,0
I1MDC4,K7KH93,0
I1K2U0,I1JRJ3,0
K7MRX6,I1LH18,0
I1LXH0,C6SYW6,0
I1MWF0,C6SWS6,0
I1NJ79,P62302,0
I1LYN0,A0A0R0FZM4,0
I1M7B9,I1JK31,0
I1L219,K7KWE4,0
I1KQ68,K7N145,0
C6TKZ4,I1KM19,0
I1KB26,I1L171,0
I1MBA2,A0A0R0EWR2,0
K7LXT7,A0A0R0GWH6,0
I1L6W0,A0A0R0GUR9,0
I1LC01,K7LLV5,0
I1JNV3,A0A0R0GWH6,0
C6TGR3,I1KHJ4,0
K7K8U8,K7LSJ2,0
A0A0R0JES0,I1L7G4,0
A0A0R0KJP6,C6TD23,0
C6T3G1,A0A0R0EWR2,0
I1KGN6,I1JMK4,0
I1K5G1,I1N898,0
I1KAJ2,I1KLS1,0
A0A0R0HSV1,I1KEC8,0
I1LJI8,C6SYE1,0
I1L1N3,K7KES3,0
I1J5Q1,A0A0R0FJR0,0
C6TG81,I1K146,0
I1KU09,I1K467,0
A0A0R0FQN0,K7K318,0
C6SYQ2,K7KK86,0
C5NTE7,K7N1L5,0
I1KBB6,I1KJD2,0
K7MMF4,P17093,0
I1LM73,K7M592,0
A0A0R0IHF9,A0A0R0KVY6,0
I1MRS5,C6TIQ7,0
A0A0R0F2Z4,A0A0R0FGT9,0
I1KMS4,A0A0R0FER5,0
C6SWZ1,I1N5D5,0
I1LSM6,I1KVC1,0
I1L1N3,I1LIU7,0
A0A0R0JKU3,K7MMD7,0
I1J8V4,I1JD07,0
I1N3M5,I1MNU1,0
I1L8H7,A0A0R0GAQ8,0
C6SWI3,I1LHS8,0
I1J7S6,I1JMZ7,0
K7LIW2,C6TFX5,0
I1LMW7,K7L7W0,0
K7K1Z2,A0A0R0FXD4,0
I1N3M5,A0A0R0KWL0,0
K7LJV1,I1JAH7,0
A0A368UHC3,A0A0R0JSJ9,0
I1LYN0,I1J4B5,0
A0A0R0F7J9,I1KLS1,0
I1KZW4,I1JB64,0
I1KTS9,I1MEF5,0
I1LH11,K7KJB2,0
K7K8U8,I1LFD2,0
I1N6N9,I1JVX3,0
K7MVB9,K7L2R0,0
C6SYF3,I1MEQ6,0
A0A0R0E907,K7LY43,0
I1KTL9,I1N761,0
C6T530,I1MQC8,0
I1K096,A0A0R0HV63,0
I1JFN0,I1J8C9,0
I1KNN1,A0A0R0GFL3,0
A0A0R0L098,K7KJB2,0
I1LZ09,K7LSG2,0
I1JDR2,A0A0R0JJK0,0
C6T083,I1JAH7,0
C6TEP1,K7KH93,0
I1K5K3,A0A0R0GWH6,0
I1LMW7,C6TNW3,0
Q2TFP1,K7M864,0
H2D4C3,C6TGZ1,0
A0A0R0ERF9,I1LPW2,0
C6T567,K7MXH5,0
I1KYD6,A0A0R0JTV5,0
I1MQD0,I1MF50,0
I1LQ02,I1MRP6,0
A0A0R4J2K3,A0A0R4J4D0,0
I1KQP3,I1LLK1,0
I1MU29,C6TCH4,0
I1M7B9,I1LUE0,0
I1L1S1,A0A0R0F214,0
I1JY67,A0A0R0FJR0,0
K7M787,I1LIT1,0
K7KYY0,K7M6R4,0
K7KDM1,K7K894,0
I1MV96,K7KK74,0
I1MM89,I1JM18,0
C6TG81,I1KH38,0
I1JR41,A0A0R0GUR9,0
A0A0R0HDM5,C6SX83,0
K7LQ96,K7K894,0
I1NBE9,A0A0R0L828,0
A0A0R0HIA6,C6SZ70,0
I1LHY4,I1MZV0,0
C6SWA0,I1JUQ0,0
C6TGR3,A0A0R0IR73,0
C6T868,I1LH27,0
I1JE83,I1LEC4,0
I1NBC2,I1LUL2,0
K7LQ96,I1KAR1,0
I1KJ56,A0A0R0GG06,0
K7MCH3,K7LTR0,0
A0A0R0GRI6,A0A0R0JJI0,0
I1NGQ5,I1MRI5,0
I1K2Z9,I1MNU2,0
K7KCG5,A0A0R0EKI7,0
I1KRZ2,K7LNG6,0
P46279,A0A0R0FEN3,0
A0A0R0L2U1,K7L6K2,0
C6T968,I1KAD1,0
I1MY72,K7LHS7,0
I1KVX9,I1LIT1,0
I1L219,I1KEC8,0
C6TLV6,K7M864,0
A0A0R0KCV3,I1L3P5,0
I1L8L5,A0A0R0GWH6,0
C5NTE7,K7LY43,0
A0A0R0HIA6,C6T0A0,0
I1N8Y6,K7N145,0
K7MVB9,A0A0R4J2Y1,0
K7LGW1,A0A0R0FTI5,0
A0A0R0KTM7,A0A0R0FGT9,0
I1K5L7,I1JK31,0
I1LZT5,K7LSJ2,0
I1N8P5,K7N1T9,0
C6SY81,C6T5R4,0
I1MBR7,C6T4V3,0
K7MWR1,I1LL05,0
A0A0R0JH35,I1K4R8,0
I1LPI3,I1M1W3,0
A0A0R0J7Q5,P17093,0
I1JML1,I1MSN3,0
I1JE93,A0A0R0EYS5,0
K7LLK0,I1LVN3,0
I1M3Q8,A0A0R4J426,0
C6T567,I1KTI0,0
I1JU70,K7M6R4,0
C6T0E4,I1MLJ0,0
I1LDA7,I1K1W8,0
I1JKP1,I1L7G4,0
I1N9E1,A0A0R0E934,0
I1KGU0,C6TGA9,0
A0A0R0KR16,I1K3X9,0
I1NF54,K7LLV5,0
I1KTD4,A0A0R0FZM4,0
I1KCX1,K7KAB4,0
I1K5L7,A0A0R0L0E7,0
I1NJ79,A0A0R0IF42,0
I1MGG3,A0A0R0GFL3,0
I1KJL3,K7MMD7,0
I1L1S1,K7LFD7,0
I1KQG0,A0A0R0EDS9,0
I1LR08,I1LGD6,0
A0A0R0G5A8,I1M998,0
I1KX98,I1JMZ7,0
A0A0R0GE56,K7L6N7,0
K7KYY0,K7MMD7,0
K7L3P2,K7LNG6,0
I1LJ94,I1KH38,0
C6TBN8,I1KYL4,0
K7N3F6,K7MFE5,0
I1LYN0,I1JAH7,0
I1JIP5,I1MLF1,0
I1N8Y6,A0A0R0FM97,0
I1KGI6,C6TJ17,0
I1MLK3,A0A0R0JYX3,0
K7KGJ8,K7L2D7,0
K7MGK0,K7KJB2,0
I1LWR7,I1N7F4,0
A0A0R0KH89,I1LWZ0,0
C6TK75,I1LEC4,0
K7M5I5,K7L9M2,0
I1KBL4,C6SZQ0,0
K7K3W5,K7MC85,0
A0A0R0G3G4,A0A0R0E934,0
I1NF54,I1NCF6,0
C6SZM2,I1JB64,0
K7N0X7,I1KAD1,0
A0A0R0GC27,I1MQC8,0
Q2TFP1,I1LG13,0
I1MLK3,I1LPK5,0
K7K3W5,C6T2G5,0
K7LWC5,I1KTI0,0
A0A0R0FX46,A0A0R0HV63,0
I1LCX3,I1LH18,0
C6SWM1,I1LIU7,0
I1L9A1,I1JRU7,0
I1KUP5,A0A0R0GJV8,0
I1KYF8,A0A0R0L0E7,0
M1FN39,C6T5R4,0
A0A0R0H7N0,C6TCH4,0
I1KJ56,I1LLS4,0
I1LKU1,I1JC65,0
I1J8W9,K7L2D7,0
I1LPZ2,I1J547,0
I1MUN3,K7KK74,0
K7LXT7,C6SWS6,0
I1JP52,I1KAR1,0
K7LWC5,A0A0R0FEN3,0
K7MZ38,I1MNV2,0
I1JW64,I1LM96,0
I1M9F7,K7KVK2,0
I1JS58,I1J547,0
A0A0R0KFE8,A0A0R0KWL0,0
I1MZ47,A0A0R0JYX3,0
I1NIJ9,I1K146,0
I1MVK7,I1K5B6,0
I1KVS3,I1JFW6,0
K7M2D8,A0A0R0EDS9,0
I1MNE4,K7N129,0
A0A0R0HSJ1,I1M269,0
I1JMZ4,K7MM40,0
I1MNE4,I1KH38,0
I1NJ79,I1L7G4,0
I1MDC4,I1L3P5,0
I1LZT5,I1M5B6,0
I1MKM3,I1L171,0
K7LLK0,I1MEF5,0
I1J4E1,A0A0R0FX75,0
I1J7A8,I1N5D5,0
A0A0R0FNM4,I1JMK4,0
I1KB25,A0A0R0EKI7,0
C6SZY0,A0A0R0L7U5,0
I1KRD4,I1KYL4,0
I1MNV4,I1MF50,0
I1M3U2,I1NCV4,0
A0A0R0GE84,I1JC65,0
K7K415,I1MNU2,0
I1N3M5,I1KJD2,0
K7LLK0,A0A0R0GUR9,0
C6SYA3,I1JD52,0
A0A0R0JJ98,I1L332,0
A0A0R0FQN0,A0A0R4J384,0
I1MYV4,A0A0R0JJK0,0
I1JMT0,I1KAR1,0
I1K5L7,I1JB64,0
C6SVF8,I1NCF6,0
K7M5W5,I1M225,0
I1M0C2,I1K642,0
I1MP46,A0A0R0KE62,0
I1L8G3,I1K115,0
K7KLI7,K7K318,0
A0A0R0LA89,C6TBL4,0
I1LGB7,I1K3X9,0
I1K5J5,Q2PMR3,0
C6SXF5,I1NAJ5,0
C6T0E4,I1KYL4,0
I1JUI1,K7KES1,0
K7M9K9,I1KJF2,0
I1LRH8,I1K2I1,0
I1LP56,A0A0R0JT51,0
O48901,A0A0R4J4C5,0
K7LEG0,I1K9J7,0
I1N8Y6,K7L7W0,0
I1JDR2,I1L171,0
C6TAW8,K7L2D7,0
I1LZM7,A0A0R0GG06,0
I1KVL0,A0A0R0EYS5,0
I1MTH0,I1KXK6,0
I1L0M6,I1M277,0
I1KY58,I1N761,0
I1K8C1,A0A0R0FZM4,0
C6T8R7,A0A0R0GPH9,0
K7MI53,A0A0R0K6I2,0
K7LSH9,I1MW74,0
I1LIR4,I1K9J7,0
I1JAF7,I1NCF6,0
A0A0R0EI44,I1LG13,0
I1J7S6,C6SWS6,0
I1L6W0,K7MNN5,0
K7KP67,I1J9I1,0
I1KGZ6,K7LSJ2,0
I1KCN1,K7M6J1,0
I1JUR7,M1FN34,0
I1LFQ4,K7LTB2,0
I1L690,A0A0R4J5C5,0
C6T2Y4,K7M4E0,0
I1JM69,K7LHS7,0
C6SY25,I1LHS8,0
K7LEG0,I1M225,0
C6TNX5,I1N7F4,0
C6T8L7,I1JFW6,0
I1L5H8,K7N0V8,0
I1NJ79,A0A0R0E934,0
I1LIM0,A0A0R4J2Q5,0
C6SY81,I1J8W6,0
K7KGC2,I1KD82,0
I1MNE4,I1JV03,0
I1KRF9,I1LPJ8,0
C6SW43,A0A0R0IZY4,0
C6T4Z6,A0A0R0GWH6,0
I1KIY3,I1JB64,0
I1NFS4,I1LHS8,0
K7LZZ5,A0A0R0F214,0
A0A0R0J7J3,I1KUB2,0
I1NGD2,I1JK31,0
I1K2U0,K7N129,0
A0A0R0JLD5,I1N5D5,0
I1MEZ1,I1K3X9,0
C6SWD4,A0A0R0EKI7,0
I1MRS5,I1M225,0
C6SVF8,C6TGZ1,0
A0A0R4J3N1,K7KWE4,0
A0A0R0GBL8,K7LFD7,0
I1K096,A0A0R0E934,0
A0A0R0FX46,A0A0R0JRI8,0
I1L412,I1LWZ0,0
C6SWA0,I1N7F4,0
A0A0R0GE56,A0A0R0EG78,0
I1N056,I1KZK2,0
K7K8U8,K7M849,0
I1JUT9,I1JD36,0
C6TKZ4,K7KTS8,0
I1LWR7,I1N761,0
K7LHR2,Q2PMR3,0
I1NGD2,I1JYT2,0
I1JT28,A0A0R0JYX3,0
I1JRA0,A0A0R0L828,0
I1JHN5,A0A0R0FXD4,0
Q2PMQ9,I1K115,0
A0A0R0HXE9,I1MNU2,0
I1JDH6,I1MVC6,0
I1KGU0,K7KK86,0
C6TG99,I1JUQ6,0
I1J8V4,I1LR48,0
A0A0R4J3R4,C6SWS6,0
I1KB26,A0A0R4J4C3,0
K7MWR1,I1LEC4,0
K7L1D3,I1M5B6,0
I1MWF0,K7MTL2,0
I1NH98,I1MRI5,0
I1JE93,I1KUB2,0
I1KQC7,I1KH38,0
A0A0R0GRI6,K7KQZ8,0
K7LTQ1,A0A0R0L4P0,0
I1L653,A0A0R0F214,0
C6SWG4,A0A0R0JBL2,0
I1MHH7,A0A0R0K7U0,0
I1L6W0,I1KZY8,0
I1JBJ2,I1JD07,0
A0A0R0GZZ6,I1KLS1,0
I1KQ68,A0A0R0EJV2,0
I1LYQ9,I1KCY5,0
I1KD09,K7L939,0
A0A0R0INQ5,K7KTS8,0
K7K2H1,K7K318,0
A0A0R0JYY8,K7L4N7,0
I1KZI6,I1KLS1,0
I1MGG3,A0A0R4J2Y1,0
I1KPT1,A0A0R4J5K6,0
I1K328,I1JD52,0
I1NIJ9,A0A0R0GAQ8,0
K7LWN2,I1KAD1,0
C6TNL5,A0A0R0E934,0
I1LC20,I1MC28,0
I1NHQ1,K7M6J1,0
K7LRU2,I1K642,0
K7LRU2,I1LH27,0
M1FN39,A0A0R4J4H3,0
C6SWL3,I1MNS7,0
I1N1Y6,K7L9M2,0
I1LPJ3,K7KES1,0
C6TBJ1,K7L7W0,0
C6TBJ1,C6T5R4,0
A0A0R0J7Q5,I1NAF6,0
A0A0R0KCV3,K7MFE5,0
I1MJM9,A0A0R0EYS5,0
K7LJF6,I1M269,0
K7M787,A0A0R0FB78,0
K7LA18,I1NCF6,0
A0A0R0G5A8,I1NCF8,0
I1KQP3,I1KQE3,0
I1LS70,I1JC65,0
I1NGQ5,A0A0R0GBB6,0
K7K2H1,A0A0R0GPH9,0
I1M100,A0A0R0L0E7,0
K7M5T0,K7L6K2,0
I1LQ02,I1JD52,0
A0A0R0J7Q5,K7L9M2,0
I1KCX1,A0A0R0ENB3,0
A0A0R0GJ85,I1LY15,0
K7M5T0,A0A0R0GJV8,0
A0A0R4J3R4,K7L2R0,0
A0A0R0GG96,K7KES1,0
I1NDG6,I1JRJ3,0
I1JNB0,I1JC65,0
I1MGG3,I1N761,0
A0A0R0K0L0,I1KJF2,0
C6F117,C6TIK0,0
I1MDC4,I1LGD6,0
I1KVL0,A0A0R4J4D0,0
I1KYS6,I1N780,0
K7M2D8,I1KHJ4,0
I1LRE4,A0A0R0JJI0,0
I1N4X7,A0A0R4J384,0
I1NCS8,A0A0R4J4C3,0
I1JAG0,I1MNS7,0
C6TFR5,A0A0R0EJV2,0
I1J4E1,I1ML11,0
I1LC01,A0A0R0FM97,0
I1N9E1,I1JHJ0,0
I1K3P0,I1LLK1,0
I1JRL7,K7MM40,0
A0A0R0KE73,A0A0R0EYS5,0
K7KNJ6,K7N5K2,0
I1JZC3,C6T4V3,0
K7LA18,A0A0R0HCS6,0
A0A0R0GRI6,C6SZQ0,0
I1N8Y6,K7LTB2,0
C6TBQ2,I1L2H4,0
I1L478,I1MZV0,0
I1MNU7,I1KFL5,0
I1JQR6,A0A0R0JBV0,0
A0A0R0FNV7,I1K4R8,0
I1JMT0,A0A0R0JJI0,0
I1MWP7,I1KSL6,0
A0A368UHC3,A0A0R0KPE1,0
I1NH73,I1L3P5,0
I1MWF0,A0A0R0EDS9,0
I1MLH9,A0A0R0L4P0,0
K7K3W5,K7L9M2,0
I1KS88,I1ML11,0
K7KTT9,I1NG45,0
K7LWN2,A0A0R0JTV5,0
A0A0R0IAV3,I1JYT2,0
C6TAF0,Q2PMR3,0
I1M273,I1L171,0
I1LSM6,A0A0R0EDS9,0
I1JIW3,A0A0R0EKI7,0
I1N0F1,K7LIE3,0
I1J5U5,I1LW00,0
I1LPC3,I1KM19,0
K7KLF0,A0A0R0GPH9,0
A0A0R0G342,K7KWE4,0
A0A0R0JH35,K7KFY5,0
I1JUJ6,I1MNS7,0
A0A0R0F077,I1KAR1,0
C6SVH9,K7M6J1,0
C6T5Z0,I1LLS8,0
I1K3U2,K7M864,0
A0A0R0KH89,I1JV03,0
I1N1V6,A0A0R0EWR2,0
I1LSM6,K7N145,0
K7K415,C6T5U0,0
I1KP31,C6T4V3,0
K7MPL4,I1L7G4,0
I1MGG3,I1NAF6,0
C6SWA0,A0A0R0F214,0
I1N5E8,K7MGQ2,0
A0A0R0H9H8,K7KES3,0
I1JS58,I1J8C9,0
A0A0R0JB42,K7LCS7,0
I1J7A8,I1JMK4,0
I1LMQ5,I1K5K7,0
K7MMG1,A0A0R0GPH9,0
C6SZG8,K7MXH5,0
K7KYE0,A0A0R4J2Q5,0
I1JHC2,K7MRF5,0
K7LWC5,I1M269,0
I1MK96,C6TJ17,0
I1L250,K7MNP5,0
A0A0R0FNV7,I1J547,0
C6TMM7,I1JUQ6,0
K7MRX6,A0A0R0HSA0,0
I1K7N0,I1K970,0
A0A0R0FQN0,K7MC85,0
K7MGK0,I1M225,0
C6TMM7,I1J547,0
I1K2U0,I1JA95,0
I1LJ94,I1KYL4,0
A0A0R0FKK9,K7M4E0,0
I1MK96,M1FN34,0
I1JG98,C6T065,0
I1KEG8,I1M277,0
A0A0R0GJ85,I1KJD2,0
C6SWI9,A0A0R0FX75,0
I1KVS3,K7M6R4,0
I1M7C7,A0A0R0JT51,0
K7L8H2,I1KZ09,0
I1KGZ6,K7MYK9,0
C6TBJ1,A0A0R4J5K6,0
I1JL13,I1J8W6,0
K7K553,I1MZV0,0
I1LPJ3,I1JRV0,0
I1N8P5,A0A0R0FGT9,0
I1NGL5,C6TJ17,0
I1MTH0,I1NAJ5,0
K7K794,I1MRI5,0
I1K911,K7K8K7,0
I1L3P6,C6TIQ7,0
I1JNK6,A0A0R0GPH9,0
I1KBM7,K7L7W0,0
C6T0U3,I1JVX3,0
I1KYF8,C6TGA9,0
C6T3K0,K7M466,0
I1KCB7,I1L171,0
K7LTQ1,K7LSG2,0
I1JWF0,C6TCH4,0
A0A368UHG0,A0A0R4J4C5,0
I1L5H8,K7KWE4,0
A0A0R0FYN8,K7MFE5,0
K7M2D8,I1LUE0,0
C6SWG4,A0A0R0H141,0
I1NBE9,I1J9I1,0
A0A368UHG0,K7LY43,0
I1JUI1,K7MQG6,0
I1MSD9,I1KH38,0
I1LUI7,I1KSD0,0
K7M2D8,I1N780,0
K7LHR2,A0A0R0EWR2,0
I1J6B5,A0A0R0JJI0,0
I1JAF7,I1MPJ4,0
I1M3V1,C6T4V3,0
I1K0C4,C6SZQ0,0
A0A0R0JH35,A0A0R0JBL2,0
I1MY72,I1KXK6,0
K7KKB2,A0A0R0GFL3,0
I1MNM3,I1MVC6,0
C6T426,I1J8W6,0
C6SWI3,I1MRI5,0
A0A0R0HN81,K7KJB2,0
I1N0W9,K7N1L5,0
I1M4P0,I1N5D5,0
I1LRH8,I1L171,0
I1LH11,I1KSL6,0
A0A368UHM1,A0A0R0KWL0,0
K7MCH3,A0A0R0HSA0,0
C6T8R7,I1LPW2,0
I1K8C1,I1N5D5,0
M1FN39,C6TNW3,0
I1KLE1,I1NC50,0
K7MXD1,A0A0R0IZY4,0
I1MGG3,I1M998,0
I1JUT9,I1K5B6,0
K7MVB9,I1MU00,0
I1KYF8,K7M4E0,0
I1KQP3,I1JAH7,0
K7KE09,K7N1L5,0
I1JR41,K7M849,0
I1MZ32,I1JRJ3,0
K7L395,C6TJM4,0
C6SZM2,I1KVC1,0
I1KVL0,A0A0R0JBV0,0
I1K7J4,K7M846,0
I1LJA4,I1K970,0
I1LDA7,I1K5B6,0
I1KR80,I1JUQ0,0
I1N0I7,I1JE09,0
A0A0R0ESI3,A0A0R4J4D0,0
I1N056,K7KES1,0
I1MEZ1,I1NCF8,0
C6TKC3,I1K5K7,0
I1M2R5,I1KVC1,0
K7MMF4,K7LHS7,0
K7N3F6,K7LCS7,0
O48548,A0A0R0GJV8,0
I1M0C2,I1LH18,0
K7L395,K7KTS8,0
I1JAG0,I1LWZ0,0
I1L1L2,K7M466,0
A0A0R0J7Q5,I1NCV4,0
I1JE83,I1L332,0
I1JDP3,I1N780,0
A0A0R0J7Q5,A0A0R0JBL2,0
A0A0R0E3E6,K7KJB2,0
A0A368UHE3,A0A0R0JT51,0
I1LMP2,I1LEC4,0
I1MM64,I1MJJ9,0
I1KBM7,I1KUB2,0
K7KIU3,I1JE09,0
I1JAF7,K7KES3,0
A0A0R0HSV1,I1L171,0
I1MY33,I1MGG7,0
I1NJ79,A0A0R0L0E7,0
I1NHQ1,K7MXH5,0
I1JUR7,A0A0R0EYS5,0
I1KGZ6,K7LLV5,0
I1KCH6,K7KES3,0
I1JDR2,I1N898,0
I1KLS4,I1KVC1,0
K7L240,I1LH18,0
I1KGZ6,K7M9T4,0
I1LHY4,I1KMS8,0
A0A0R0GC27,A0A0R0JJI0,0
I1KTL9,A0A0R4J4C5,0
I1LIK8,I1JV03,0
I1MJM9,K7L6N7,0
I1KMP8,K7KES3,0
K7MST2,I1MZV4,0
I1KB26,C6T5R4,0
A0A0R0L4N1,I1LFD2,0
I1MWF0,Q2PMR3,0
I1NH73,C6SYE1,0
I1MJ97,A0A0R4J2Q5,0
I1L250,K7KK74,0
I1M3V1,K7N1T9,0
I1M3Q3,I1L9K4,0
C6TG99,K7M864,0
I1KRZ2,I1MJJ9,0
I1K5K3,I1K5K7,0
H2D4C3,C6TBL4,0
I1KQ68,I1KMS8,0
K7L395,A0A0R0L4P0,0
I1MU29,A0A0R0L4P0,0
I1KC19,I1N898,0
A0A0R0FKK9,K7K318,0
I1NF54,C6TCH4,0
C6T8L7,I1JHJ0,0
I1KYS6,I1LPJ8,0
I1LM73,A0A0R0JQJ0,0
I1MBM5,A0A0R0IZY4,0
I1LVX2,I1JA95,0
A0A0R4J4C8,I1MTV9,0
I1JNK6,I1JA95,0
I1LSM6,I1N5D5,0
I1LRH8,A0A0R4J4C5,0
K7MI53,A0A0R4J426,0
C6SYF3,I1LXQ3,0
K7KGJ8,Q2PMR3,0
I1LG61,A0A0R0FB78,0
I1KUT8,I1J8C9,0
I1KIB3,A0A0R0FTI5,0
I1KZJ7,A0A0R4J5B7,0
I1M9T4,K7M6J1,0
A0A0R4J389,I1NCV4,0
I1JHN5,I1KJD2,0
A0A0R0HSV1,A0A0R0GS25,0
K7MRX6,K7MXE0,0
I1NIJ9,C6SZ70,0
I1M7B9,I1KFL5,0
I1KJ98,A0A0R0GPH9,0
I1NBQ2,I1JD07,0
K7M9K9,A0A0R0G7I0,0
I1KFI5,K7L6N7,0
I1L0M6,I1K9J7,0
I1KPA1,C6SZG1,0
I1JNB0,A0A0R0FGT9,0
I1JFS9,A0A0R0FXD4,0
I1LKQ4,C6TFX5,0
A0A0R0JJK8,A0A0R0EWR2,0
A0A0R0FSS2,I1J4B5,0
I1N1X8,I1JD52,0
A0A0R0F2G6,I1N780,0
K7MZP6,I1LIA8,0
I1L690,A0A0R0GFH3,0
I1N6N9,A0A0R4J5C5,0
I1M7B9,C6T4V3,0
O48901,K7KWE4,0
P48513,A0A0R0HV63,0
I1LVX2,K7M841,0
I1N3M5,I1NC50,0
I1N439,I1NG45,0
I1LIH7,K7N5K2,0
I1KAJ2,C6SWS6,0
I1KQ68,A0A0R0ESZ8,0
I1J7S6,A0A0R0GFH3,0
I1N056,A0A0R0FX75,0
I1MK96,K7LCS7,0
C6SZ22,A0A0R0EUJ0,0
I1JI73,K7LHS7,0
I1LGB1,A0A0R0GG06,0
I1MV96,I1MLJ0,0
I1JS58,A0A0R0JJK0,0
I1J9W0,A0A0R0EJV2,0
I1LLA9,A0A0R0ENB3,0
C6T5Z0,I1K970,0
C6SWI9,I1JC65,0
A0A0R4J3R4,I1MNU1,0
I1K5J5,A0A0R0L4P0,0
I1JUJ8,A0A0R0JRI8,0
I1KPQ8,A0A0R4J488,0
I1J553,I1KXK6,0
I1J5B0,I1MTV9,0
A0A0R0K5X4,I1N898,0
I1LIS4,C6SW04,0
I1L653,I1JRV0,0
A0A0R0GC27,K7M841,0
I1JS58,I1LG13,0
I1LGI1,A0A0R0FEN3,0
I1M4Y9,I1N761,0
K7K8U8,C6SZQ0,0
A0A0R0F077,K7L2R0,0
C6T083,I1NAJ5,0
P48513,I1JMH3,0
I1L478,K7KJB2,0
A0A0R0H8M3,C6SZG1,0
A0A0R0HIA6,I1KZ09,0
I1N4X7,I1KXK6,0
I1LJ93,K7M4E0,0
I1KX98,A0A0R0JQJ0,0
K7M5T0,K7MFE5,0
I1LD74,A0A0R0FTI5,0
I1J9J7,I1KD82,0
I1JWF0,K7KK74,0
I1LPI3,K7M466,0
C6TG91,A0A0R0FX75,0
K7KLF0,I1N780,0
I1KJ98,I1LG13,0
I1LPI3,K7N0V8,0
I1JNB0,I1LFD2,0
C6SY81,K7KK74,0
K7M097,I1KUB2,0
C6SXF5,A0A0R0FXD4,0
Q2PMU0,A0A0R0IT62,0
I1MUN3,A0A0R0ENB3,0
I1KLE1,K7L7W0,0
I1KRZ2,A0A0R0EKI7,0
I1JRL7,K7MFZ6,0
A0A0R0FNV7,I1K115,0
I1MM89,A0A0R0K7U0,0
I1MRS5,K7MTL2,0
K7KP66,A0A0R0JJI0,0
K7K415,K7KFY5,0
C6SZY0,I1KD82,0
I1L8H7,C6TGA9,0
I1J553,A0A0R4J4C3,0
A0A0R0KR16,K7LIE3,0
I1KBL4,I1KUS2,0
A0A0R0G2B9,I1JUQ6,0
A0A0R0EI44,A0A0R0G7I0,0
K7M4N3,A0A0R0FM97,0
A0A0R0EFE2,I1MVC6,0
I1K912,I1M225,0
I1LPZ2,I1JRJ3,0
I1KHL4,K7KES1,0
I1KLS4,A0A0R0EG78,0
I1LGI1,C6T065,0
I1JWF0,I1JD52,0
H2D4C3,A0A0R0EJV2,0
I1LPD3,I1M269,0
C6SYA3,I1KH38,0
C6T8L7,I1LVN3,0
I1JYG7,A0A0R0JRI8,0
A0A0R0GJ85,K7KWE4,0
C6SWZ1,A0A0R4J2Q5,0
K7KCG5,I1NCV4,0
I1JW64,I1J547,0
I1M7C1,C6T5U0,0
A0A0R0LA89,A0A0R0EYS5,0
I1N8P5,I1NJ53,0
A0A0R0KNS7,K7MM40,0
C6T530,K7LSG2,0
I1KGN6,A0A0R0G7B5,0
I1L215,I1LPW2,0
I1N0W9,K7KK86,0
A0A0R0I8Z5,M1FN34,0
A0A0R0J7J3,I1JAH7,0
A0A0R4J3D2,I1N761,0
I1JT28,A0A0R0EJV2,0
I1JL13,A0A0R4J488,0
I1MUN3,I1M1W3,0
C6TGR3,K7MM40,0
I1K650,I1LLS4,0
C6TKZ4,I1LR48,0
I1N1V6,K7LIE3,0
I1L1N3,C6TNW3,0
I1MP46,K7M846,0
I1KPU4,C6TJM4,0
I1KLE1,I1MNU1,0
I1LGI1,A0A0R4J2Q5,0
K7MAP3,I1K5B6,0
I1MYV4,I1JUQ6,0
I1MRY0,K7M592,0
I1L412,K7M9T4,0
I1K3P0,P62302,0
C6TMM7,A0A0R0L7U5,0
I1KPA1,K7KVK2,0
I1MLZ0,C6TK73,0
I1LRE4,I1L332,0
A0A0R0JES0,A0A0R0FB78,0
A0A0R0L372,P62302,0
I1KVL0,I1NC50,0
A0A0R0GE56,A0A0R0GWH6,0
A0A0R0L4N1,I1NAJ5,0
I1JXQ3,K7M6R4,0
I1JL13,C6SX83,0
C6SVB5,I1KZK2,0
A0A0R4J2K3,A0A0R4J384,0
K7N5D4,A0A0R0JRI8,0
K7KCG5,O22518,0
K7MMR4,I1KAR1,0
I1N8Q6,I1LUE0,0
I1LYU9,I1KSL6,0
I1K7J4,A0A0R0K6I2,0
I1M2R5,A0A0R0IZY4,0
I1JXB4,A0A0R0IR73,0
A0A0R0JES0,K7MTL2,0
I1JMZ4,A0A0R0K6I2,0
I1M0N9,K7L6K2,0
I1LIK8,A0A0R0JTV5,0
I1MY33,K7LTR0,0
K7LEG0,A0A0R0GG06,0
I1NGL5,A0A0R4J5C5,0
I1MUN3,I1K4R8,0
I1KQG7,A0A0R0K7U0,0
I1KB25,I1J4B5,0
I1KAJ2,I1KMS8,0
K7MGQ3,I1JE09,0
I1JMZ4,A0A0R0JBL2,0
Q2PMS6,K7MTL2,0
I1M6L1,Q2PMR3,0
I1KTD4,A0A0R4J5K6,0
I1N6Z0,K7MQG6,0
I1N0I7,A0A0R0IT62,0
I1KAJ2,I1J8C9,0
A0A0R0FX70,K7LQV0,0
A0A0R0JH35,I1JM18,0
A0A368UHC3,A0A0R0ENB3,0
I1NFS4,A0A0R4J4H3,0
C6T083,C6T065,0
K7L240,K7K4C7,0
I1JKS2,I1MJJ9,0
I1NDG6,K7KJB2,0
A0A0R0KCV3,A0A0R0EDS9,0
I1NH73,A0A0R0KVY6,0
A0A0R0I0B9,I1KH38,0
K7MRX6,I1MZV0,0
K7MRX6,A0A0R0HV63,0
A0A0R0H9H8,I1N8M8,0
I1MVK7,K7M864,0
I1JAG0,Q2PMR3,0
I1KGN6,K7KK74,0
K7KY63,A0A0R0EUJ0,0
C6TCW7,K7LSG2,0
I1L478,I1MU00,0
K7LHR2,C6T2G5,0
I1KMS4,A0A0R0GPH9,0
I1LIM0,C6TGZ1,0
C6TEP1,K7MRF5,0
I1L8L5,A0A0R0JYX3,0
I1KBM7,A0A0R0JJI0,0
A0A0R0EFE2,I1KFL5,0
I1KBQ5,I1LFD2,0
K7K8U8,A0A0R0L7U5,0
K7KDX2,C6SX83,0
I1NFU9,I1K642,0
I1KQE2,A0A0R0GBB6,0
A0A0R0I1I4,C6TGZ1,0
I1J870,I1JHJ0,0
I1KC19,I1MLJ0,0
I1JUJ8,K7MXH5,0
I1M3Q8,I1LPK5,0
K7MH53,K7M6Z2,0
A0A0R0FEN9,K7N1T9,0
I1KH45,K7MM40,0
A0A0R0FNM4,I1K3X9,0
C6TAF0,K7KES3,0
I1MM89,I1N7F4,0
A0A0R0JJ98,I1JA95,0
K7MMF4,I1NAF6,0
A0A0R0L2U1,A0A0R0KWT5,0
I1M0S4,C6T2G5,0
I1KZW4,K7M864,0
I1JUJ8,K7KK86,0
K7MCD1,A0A0R4J4H3,0
I1MKM3,K7MXE0,0
C6T4Z6,I1K215,0
I1LP18,C6SYW6,0
I1L5H8,A0A0R0GG06,0
A0A0R0J2L9,A0A0R0EG78,0
K7LW22,P62302,0
K7MCH3,I1JD07,0
K7KGC2,I1KM19,0
I1KHL4,A0A0R0GBB6,0
I1K5K3,A0A0R0KVY6,0
I1L5Z7,I1LXQ3,0
K7MMR3,K7LSG2,0
C6TNX5,K7N129,0
I1KFI5,A0A0R0L7U5,0
I1K8C1,K7MM40,0
I1LHR1,I1JD07,0
I1JYG7,A0A0R0GFH3,0
C6SYR1,I1LWZ0,0
C6SZG8,I1LY15,0
I1LFQ4,I1N761,0
I1M3U2,I1MZV0,0
I1LZT5,I1KUS2,0
I1LGB7,I1MK72,0
I1KVX9,I1KAD1,0
I1J4E1,I1LM96,0
I1KC19,I1JRV0,0
I1K5G1,I1L3P5,0
A0A0R0E3E6,A0A0R0KWL0,0
I1JUJ6,K7MGQ2,0
I1N9E1,A0A0R4J5K6,0
A0A0R0F077,I1JAH7,0
C6TNX5,C6SYE1,0
I1L250,A0A0R4J5B7,0
I1JW64,C6TIK0,0
I1MRY0,A1YZE0,0
I1M100,I1JUQ0,0
A0A0R4J3N1,K7KK86,0
A0A0R0KH89,I1MLF1,0
I1MSC6,C6T4V3,0
K7LSH9,K7M846,0
I1MQD0,I1MNS7,0
K7K9E1,I1MTV9,0
C6TNX5,A0A0R0FGT9,0
I1JUJ8,I1N780,0
C6TG99,A0A0R0L0E7,0
I1K8C1,I1JUQ0,0
C6SWM1,K7K8K7,0
I1N0R5,I1M277,0
I1KZJ7,I1KZY8,0
A0A0R0G342,K7K4C7,0
C6TAF0,K7LFD7,0
K7M4N3,A0A0R0EWR2,0
I1KRD4,I1MRP6,0
I1MWP7,A0A0R0L7U5,0
A0A0R0JJK8,I1J9I1,0
A0A0R0GZZ6,A1YZE0,0
I1JS58,Q43463,0
I1LP18,K7LSG2,0
I1JFS9,I1K215,0
I1KQG7,I1NAF6,0
C6TAF0,K7KJB2,0
I1LG61,I1L171,0
K7LDR8,C6T5U0,0
I1MU29,I1K5K7,0
A0A0R0FJF0,A0A0R0IT62,0
I1KY58,I1JA95,0
I1KZJ7,K7L6N7,0
I1KZI6,I1KCY5,0
I1N1X8,A0A0R0GFL3,0
A0A0R0I8Z5,I1M1W3,0
I1L478,I1LUL2,0
A0A0R0EJE2,C6SZQ0,0
A0A0R0HSJ1,I1K215,0
I1JDR2,I1M5B6,0
K7MXD1,K7L6N7,0
I1MTZ8,K7LSG2,0
C6T4Z6,I1M1D5,0
C6TL77,I1N5D5,0
I1JVU8,I1JB64,0
I1LPI3,A0A0R0EJV2,0
K7MGK0,I1KJF2,0
I1M9F7,I1LHS8,0
I1MTX9,I1LUE0,0
I1JL13,A0A0R0ENB3,0
I1K5J5,I1M277,0
A0A0R0KCV3,I1JD07,0
I1LHY4,I1LPJ8,0
I1JMT0,K7L2D7,0
A0A0R0IHF9,I1LL05,0
I1KYD6,I1JD36,0
I1M0S4,A0A0R0GAQ8,0
K7MMG1,A0A0R0IT62,0
I1MNV4,I1MNU1,0
A0A0R0H296,I1M269,0
I1KJ56,A0A0R4J2Y1,0
I1MWP7,I1K642,0
C6SZ22,I1MQC8,0
C6T868,A0A0R4J426,0
I1K5J5,I1MEF5,0
I1LUL7,A0A0R0KPE1,0
C6SVV7,A0A0R0EJV2,0
I1M9F7,A0A0R0HSA0,0
A0A0R0IHF9,I1MEF5,0
I1KQC7,C6SYE1,0
A0A0R0JYB5,I1LWZ0,0
I1JIW3,I1MZV4,0
A0A0R0JES0,I1JE09,0
I1JMT0,I1JUQ6,0
I1KXG2,A0A0R0GBB6,0
A0A0R0FYN8,A0A0R0ESZ8,0
I1MKM3,K7LLV5,0
I1JVP4,K7MXH5,0
I1KPQ8,A0A0R0JQJ0,0
I1JNK6,K7K318,0
I1LGQ1,I1LPK5,0
Q2PMT2,I1JMH3,0
A0A0R0EFE2,K7L939,0
I1LPZ2,A0A0R0FM97,0
I1K2J5,C6T0A0,0
A0A0R0J7Q5,A0A0R0EYS5,0
I1JUJ8,I1MLF1,0
I1KBB6,K7N129,0
I1NF54,I1MZV0,0
C6SYR1,I1KPE7,0
I1NFS4,A0A0R0EDS9,0
A0A0R0ET54,K7K8Y9,0
I1MIE5,I1K467,0
C6SXP5,I1MEQ6,0
I1L1S1,I1MPJ4,0
I1JY87,K7KWE4,0
K7KNJ6,A0A0R0L0E7,0
K7MXS9,I1M1W3,0
I1JHC2,K7M592,0
I1KHJ6,A0A0R0JYX3,0
C6T7N2,I1K5K7,0
I1JMT0,I1ML11,0
I1JP52,A0A0R0JT51,0
K7KDM1,I1NCV4,0
I1JHC2,K7KES1,0
P46279,I1KYL4,0
A0A0R0K5D9,K7MFE5,0
I1LC20,K7LY43,0
I1KPQ8,Q43463,0
K7MPL4,K7KES1,0
I1MUN3,I1K146,0
I1LDY7,I1MPJ4,0
K7L1B9,A0A0R0JRI8,0
I1MY43,I1LHS8,0
I1LPZ3,C6SX83,0
I1KUP5,K7L7W0,0
I1NGD2,I1N8M8,0
K7M9K9,I1LII4,0
A0A0R0EJE2,A0A0R4J488,0
C6TEP1,A0A0R0KWL0,0
I1LAR7,I1NG45,0
I1JP52,A0A0R4J426,0
I1JUT9,K7MXE0,0
I1LUF0,K7M864,0
I1JM69,A0A0R0GWH6,0
C6SWZ1,K7LSJ2,0
K7MZ38,C6SZQ0,0
I1L0M6,A0A0R0L5Q1,0
A0A0R0G3G4,I1LIT1,0
A0A0R0J2L9,K7K894,0
I1J7A8,K7N145,0
C6T5Z0,I1LG13,0
I1KHY2,I1NJ53,0
K7K553,C6TGZ1,0
K7KGC2,I1LW00,0
C6T084,I1N8M8,0
I1K5G1,A0A0R0EKI7,0
C6TCW7,I1JRV0,0
C6SYR1,A0A0R0GPH9,0
I1K096,K7LTB2,0
I1LKQ4,A0A0R0L5Q1,0
Q2PMS6,I1JYT2,0
K7KTT9,Q43463,0
I1LKQ4,A1YZE0,0
C6SVU4,K7MTL2,0
K7N5D4,A0A0R0F214,0
A0A0R0H9H8,I1ML11,0
I1JFS9,A0A0R0HV63,0
I1MSD9,A0A0R0GBB6,0
I1LJW2,A0A0R0KVY6,0
A0A0R0J7J3,K7L939,0
A0A0R0FEI0,A0A0R4J384,0
K7LVE4,K7KVK2,0
I1K9P1,A0A0R0L828,0
I1LDU4,K7LTR0,0
I1MVK7,I1KD82,0
K7LKS0,Q43463,0
I1N8M4,I1M1D5,0
I1KQG0,I1MU00,0
C6SYF3,I1KUB2,0
A0A0R0FX70,C6TCH4,0
A0A0R0FKK9,I1KJF2,0
I1NIE7,I1JRV0,0
A0A0R4J4C8,I1LLK1,0
I1LYQ9,K7LIE3,0
I1K620,K7KQZ8,0
I1JV48,I1JD07,0
A0A0R0GG96,I1MK72,0
C6SZY0,A0A0R4J5B7,0
I1K3U2,A0A0R4J488,0
I1MRY0,I1MTV9,0
I1KVS3,K7M6Z2,0
I1LDU4,K7L4N7,0
A0A0R0JH35,I1JYT2,0
I1JKS2,I1K970,0
I1LRB0,I1LPW2,0
A0A0R0F2G6,I1N8M8,0
K7L3P2,A0A0R0KWL0,0
I1MUQ7,A0A0R0JBL2,0
I1M6L1,I1NAJ5,0
I1JDP3,I1K5K7,0
I1NIJ9,I1KJF2,0
A0A0R0GCF5,I1L9K4,0
C6TCW7,I1L9K4,0
I1N9I5,A0A0R4J5K6,0
I1LRB0,I1NAJ5,0
C6SY81,K7M466,0
I1JTE4,I1NAJ5,0
K7L8H2,K7KES3,0
I1LG61,K7MXE0,0
K7LIW2,I1KSL6,0
C6SXJ9,I1N761,0
I1N0F1,I1LLS4,0
I1MLN7,I1MSN3,0
A0A0R0HSV1,K7KK86,0
I1N8Q6,K7M849,0
I1JBJ2,I1NCV4,0
I1KH45,I1JAH7,0
I1MNK0,K7KFY5,0
C6SWA0,I1JHJ0,0
I1KGU0,I1KYL4,0
I1MVK7,A0A0R0G7I0,0
I1LC01,K7L2D7,0
I1MNU7,I1LXQ3,0
I1JVN0,K7LNG6,0
C6SZG8,I1KLS1,0
I1K5G1,K7M6I1,0
A0A0R4J2W3,K7KJB2,0
C6SZL0,A0A0R0JSJ9,0
I1JU70,Q2PMR3,0
I1LUI7,K7M846,0
I1LKQ4,C6TCH4,0
I1LR08,I1K642,0
I1NHI4,A0A0R0FEN3,0
I1MUQ7,A0A0R0L828,0
K7KP67,K7LK09,0
A0A0R0KCY1,I1M3W1,0
I1NBC2,O22518,0
A0A0R0EJE2,I1NJ53,0
I1JIP5,A0A0R0L828,0
C6SW69,I1N898,0
I1KBQ5,I1K2I1,0
I1L478,I1JD52,0
I1NBC2,K7KES1,0
C6SZG8,I1LL05,0
I1M7B9,I1MQC8,0
I1J5B0,I1KVC1,0
I1LSM6,I1LM96,0
I1KQE2,K7LY43,0
A0A0R0FKK9,A0A0R0ENB3,0
I1JHN5,A0A0R0JQJ0,0
I1M9T4,A0A0R0GUR9,0
C6SWM1,I1LG13,0
A0A0R0HHZ3,A0A0R0JSJ9,0
I1KHL6,I1KEC8,0
I1LZT5,A0A0R0JSJ9,0
A0A0R0FNM4,I1JUQ6,0
I1MK36,K7K8K7,0
A0A0R0K0L0,I1M1D5,0
I1LYG4,I1MNV2,0
C6TLV6,I1LEC4,0
I1JDR2,I1NG45,0
I1M0C2,I1KYL4,0
C6TBQ2,K7M6Z2,0
I1JTW0,I1MTV9,0
K7MC09,K7M6I1,0
I1LRE4,C6SZ70,0
I1K7J4,K7N129,0
I1KS20,I1MNS7,0
I1LR08,I1MPJ4,0
C6T8L7,I1MK72,0
I1JFN0,A0A0R0FB78,0
I1JNB0,A0A0R0FX75,0
I1JYG6,K7M4E0,0
I1K650,I1M5B6,0
A0A0R0FX46,I1MLF1,0
P09755,I1JE09,0
I1L215,I1JC65,0
I1KPU4,I1LR48,0
A0A0R0F2Z4,A0A0R0JYX3,0
C6SVH9,A0A0R0GJV8,0
I1JW64,I1K642,0
K7M4N3,A0A0R0GJV8,0
I1MIE5,I1JYT2,0
C6TFN5,K7N1L5,0
I1JV48,C6TIQ7,0
I1JFF6,I1K4R8,0
C6T426,K7L939,0
A0A0R0L098,I1KZK2,0
I1LDY7,C6SZQ0,0
I1JHN5,I1N780,0
I1N954,K7MNP5,0
C6T0E4,A0A0R0FTI5,0
I1J5Q1,K7LY43,0
A0A0R0FX70,A0A0R0EYS5,0
A0A0R0GYG1,K7LK09,0
A0A0R0GZZ6,I1MEQ6,0
I1MJM9,I1L7G4,0
A0A0R0GBL8,I1JC65,0
K7LTQ1,I1L7G4,0
C6SWI3,K7M841,0
C6TBJ1,A0A0R0EJV2,0
K7N0U1,K7N145,0
I1LZW4,I1JUQ0,0
I1LPZ2,I1MLF1,0
C6SYF3,I1JB64,0
I1KYD6,I1L2H4,0
A0A0R0K5X4,I1JK31,0
I1N0W9,A0A0R4J4H3,0
K7LWI3,K7M6J1,0
A0A0R0K5X4,I1KTI0,0
I1KCH6,I1LY15,0
K7MST2,I1MSN3,0
A0A0R0KJP6,K7LIE3,0
I1K5H2,A0A0R0EUJ0,0
K7L240,C6T4V3,0
A0A0R0LFT0,I1MRP6,0
I1LVX2,A0A0R0K7U0,0
I1KQG7,A0A0R4J2Q5,0
I1K725,I1J547,0
I1KPA1,K7KW44,0
K7K9E1,I1KXK6,0
I1KPT1,K7MC85,0
C6T4Z6,A0A0R0KE62,0
I1M7V7,I1NC50,0
I1JVU8,I1LLS4,0
K7LVE4,C6TIQ7,0
A0A0R0JH35,K7N5K2,0
I1JUJ6,A0A0R0JJI0,0
I1MEN1,I1LIT1,0
K7LGW1,I1K2I1,0
I1JHC2,I1LH27,0
I1LRH8,I1L3P5,0
I1MLN7,A0A0R0JBL2,0
A0A0R0EFE2,A0A0R4J4C3,0
I1K650,K7KFY5,0
A0A0R0INQ5,I1M1W3,0
A0A0R0FJF0,I1MF50,0
I1MRS5,A0A0R0FTI5,0
C6T507,K7L4N7,0
A0A0R0ERF9,C6TIQ7,0
A0A0R0F2G6,I1KZK2,0
K7MC09,I1JD52,0
A0A0R0H7N0,I1K146,0
I1LM73,I1M1D5,0
A0A368UHC3,A0A0R0ESZ8,0
I1JHN5,O22518,0
A0A0R0GE56,I1LWZ0,0
I1LS70,I1LHS8,0
I1N8P5,K7MRF5,0
I1MLZ0,I1JMZ7,0
C6TFR5,I1K6E7,0
I1J5B0,I1KSD0,0
I1MNE4,I1KM19,0
I1MLH9,A0A0R0FER5,0
I1LGQ1,A0A0R0GFL3,0
A0A0R0FYN8,I1LM96,0
K7MZP6,I1JV03,0
I1KYF8,C6SX83,0
C6T0E4,A0A0R0FX75,0
A0A0R0FSY2,I1JVX3,0
I1K725,K7LCS7,0
I1J5Q1,I1K5B6,0
K7KKB2,C6SZ70,0
I1LBV2,I1KXK6,0
Q2PMU2,A0A0R0GS25,0
I1KHL6,A0A0R0GJV8,0
I1L1N3,I1KYL4,0
A0A0R0JZD5,I1K4R8,0
I1KGU0,K7LQV0,0
I1KNN1,A0A0R0K0K3,0
Q2TFP1,A0A0R0JRI8,0
I1KGU0,A0A0R0GFL3,0
I1M717,K7M6Z2,0
I1NC77,A0A0R4J426,0
I1LXH0,I1LIA8,0
A0A0R0F0T6,I1K115,0
I1LC20,A0A0R0EG78,0
I1M757,C6SYE1,0
I1LGB7,I1NAJ5,0
I1MY43,A1YZE0,0
I1KPQ8,C6SZQ0,0
I1LJI8,I1LPJ8,0
A0A0R0EFE2,I1KEC8,0
A0A0R0F2Z4,A0A0R0L5Q1,0
I1NCS8,A0A0R0GFH3,0
A0A0R0EWX9,K7N0V8,0
A0A0R0HSJ1,I1KQE3,0
K7MXS9,K7L6N7,0
I1N0U4,C6T5U0,0
I1LGQ1,K7MYK9,0
A0A0R0KXY9,K7K894,0
I1KZI6,I1K146,0
I1JR41,I1LIA8,0
I1L5H8,I1JMH3,0
I1KCX1,K7N0V8,0
I1JAF7,C6TIQ7,0
I1KV60,A0A0R0KVY6,0
I1KS88,I1JMZ7,0
I1MGB0,I1K5B6,0
I1JKS2,I1LM96,0
I1KRF9,K7MFZ6,0
C6T8R7,K7LLV5,0
I1JNV3,K7KES3,0
I1MK36,K7L6N7,0
C6T3K0,I1NAJ5,0
I1JG98,I1LLS4,0
K7KDX2,C6SZG1,0
I1LKQ4,A0A0R0JRI8,0
I1LUI7,K7M4E0,0
I1KEY6,K7MTL2,0
A0A0R0FYN8,K7L939,0
I1JYG7,C6TCH4,0
I1MLZ0,I1NAF6,0
I1LWR7,I1NIE5,0
K7L8H2,K7K894,0
A0A0R0KXY9,I1MNS7,0
I1LWR7,I1NJ53,0
C6T8R7,I1JVX3,0
A0A0R0I8Z5,C6TNW3,0
K7LWN2,I1K642,0
C6TEP1,A0A0R0JT51,0
I1KJ56,A0A0R0G7I0,0
I1KDB2,I1NIE5,0
K7L1D3,I1MNU1,0
A0A0R0JS60,C6TK73,0
I1L1S1,A0A0R4J4H3,0
I1J8W9,K7LQV0,0
I1K8N0,I1NIE5,0
I1KNN1,I1M1W3,0
K7KDM1,I1LHS8,0
I1KXI7,I1NCF8,0
A0A0R0KTM7,I1LPK5,0
K7M5I5,I1KYL4,0
I1MRS5,K7KES1,0
K7MMR3,A0A0R0FEN3,0
K7LWN2,I1KH38,0
C6SZY0,K7K318,0
I1LMW7,A0A0R0HCS6,0
K7MMR4,A0A0R0GBB6,0
C6SWM1,A0A0R4J426,0
A0A0R0HSJ1,K7N145,0
I1NFS4,K7L4N7,0
C6SYF3,A0A0R0FEN3,0
C6T4Z6,A0A0R0GFH3,0
I1MLK3,K7KK74,0
I1JAF7,P62302,0
I1MNM3,A0A0R0GS25,0
I1KBB6,I1LFD2,0
A0A0R0EWX9,I1JMK4,0
I1LH11,I1N8M8,0
K7MRX6,A0A0R0G7I0,0
I1JAG0,A0A0R0KVY6,0
C6SXJ9,K7M6I1,0
I1KQB9,I1MW74,0
A0A0R0FSY2,I1JMZ7,0
I1NF54,K7MTL2,0
A0A0R0FX70,I1JRU7,0
I1JRA0,I1JC65,0
C6TG91,A0A0R4J5C5,0
I1JY67,I1KJF2,0
A0A0R0H9H8,I1K215,0
I1JV48,I1LIU7,0
I1L6W0,I1LH27,0
I1LIH7,K7M592,0
I1JYG7,K7L2D7,0
A0A0R0G2B9,I1JV03,0
K7LJF6,I1KTI0,0
I1LJW2,I1MPJ4,0
I1MU29,I1MZV0,0
I1M4P0,C6SZ70,0
I1JHN5,I1J8C9,0
I1M5E2,I1K5B6,0
I1MVG5,I1KQE3,0
C6T567,I1M1D5,0
A0A0R0I8Z5,A0A0R0GFM7,0
C6SVU4,K7L6K2,0
I1JUI1,K7LTR0,0
I1K2Z9,A0A0R0FM97,0
I1J9J7,I1KSL6,0
I1J870,C6T065,0
I1JY67,M1FN34,0
K7KY63,A0A0R0HV63,0
K7KP67,A0A0R0EG78,0
A0A0R0KNS7,K7LSJ2,0
C6SVF8,I1M269,0
I1KTD4,I1K5K7,0
I1MNE4,I1KQE3,0
A0A0R0EFE2,I1K467,0
I1LMQ5,I1K5B6,0
I1KPQ8,I1JVX3,0
Q2PMU2,I1LLK1,0
A0A0R0KXY9,I1LVN3,0
I1LJ93,I1KTI0,0
I1KRZ2,K7MC85,0
K7K794,K7N1T9,0
K7M2D8,I1MGG7,0
K7MGK0,I1LLK1,0
I1KVS3,A0A0R0ESZ8,0
I1M7C7,A0A0R0GPH9,0
I1KHL6,A0A0R0ENB3,0
I1K2U0,K7KES1,0
I1JTW0,I1MZV4,0
I1KIB3,I1KZK2,0
I1KDB2,I1MGG7,0
I1N056,I1MNU1,0
C6TEP1,I1JK31,0
A0A0R0L115,K7MNN5,0
I1KCN1,A0A0R0FJR0,0
C6SVF8,K7L939,0
A0A0R0L7S1,C6T065,0
K7LVE4,I1MU00,0
C6SWZ1,K7N145,0
I1K2U0,K7MMD7,0
A0A0R0GE56,I1LIT1,0
C6T0E4,K7M864,0
C6TLT3,I1JRU7,0
I1LC01,A0A0R0GFL3,0
K7KCG5,K7LLV5,0
K7LWN2,I1NG45,0
I1JDH6,I1KZY8,0
K7K794,K7KFY5,0
I1KAJ2,A0A0R0IF42,0
I1KXG2,Q43463,0
K7K3W5,I1NCF6,0
C6SWM1,I1NG45,0
I1JFF6,A0A0R0KPE1,0
I1LJW2,A0A0R0EG78,0
I1JNK6,A0A0R0KPE1,0
I1L219,I1M225,0
I1M5E2,A0A0R0IT62,0
I1MBR7,A0A0R0FGT9,0
I1MNM3,I1JD52,0
I1N8Y6,A0A0R0F214,0
C6TKG0,K7KW44,0
K7LA18,A0A0R0JSJ9,0
I1N6N9,I1MZV0,0
I1JIJ4,A0A0R0L828,0
C6TG81,K7MGQ2,0
A0A0R0H7N0,I1M998,0
I1JDR2,A0A0R0GS25,0
A0A0R4J3Y6,A0A0R0IT62,0
I1M3Q3,I1MZV0,0
A0A0R0J2L9,K7LIE3,0
K7KGC2,I1JMZ7,0
I1K3U2,K7MNP5,0
A0A0R0LFT0,I1M998,0
K7KGJ8,C6TK73,0
I1MFH3,I1LL05,0
K7LSH9,K7LSG2,0
A0A0R4J3D2,K7LFD7,0
I1M6L1,I1LIT1,0
I1K0C4,I1JA95,0
A0A0R0FX70,A0A0R0KVY6,0
C6TNL5,A0A0R0EJV2,0
A0A0R0GNH6,I1K6E7,0
I1KRD4,I1K2I1,0
I1J4E1,K7KJB2,0
I1J5U5,A0A0R0GUR9,0
I1M0S4,K7KH93,0
I1NBC2,A0A0R0GFH3,0
I1LZ09,K7KVK2,0
A0A0R0G5A8,A0A0R4J5B7,0
A0A0R0E907,A0A0R0KWT5,0
I1LR08,K7MTL2,0
C6SY99,K7LTB2,0
A0A0R0F2Z4,A0A0R0HSA0,0
I1L5Z7,I1JRJ3,0
I1NJ79,A0A0R0KWL0,0
A0A0R0JLD5,I1J9I1,0
A0A0R0ESI3,K7MFE5,0
I1KQB9,I1K146,0
C6SWI3,C6T4V3,0
I1KU09,C6SYE1,0
I1N0W9,K7K318,0
I1M757,I1KEC8,0
K7MGK0,I1LFD2,0
I1LPJ3,A0A0R0F214,0
I1MLK3,A0A0R4J2Q5,0
C6SWD4,C6TN69,0
I1MP46,I1KM19,0
A0A0R4J4C8,I1LLS8,0
A0A0R4J3R4,I1K642,0
K7LZZ5,I1LG13,0
I1LCX3,K7L2D7,0
K7KY63,A0A0R0GAQ8,0
I1KD09,A0A0R0GFM7,0
C6T084,K7KVK2,0
I1KCX1,C6SX83,0
C6SYA3,I1L171,0
A0A0R0JJ98,I1MGG7,0
C6SYF3,I1LH18,0
I1KGI6,I1LLS8,0
C6SWD4,I1K3X9,0
I1KBQ5,I1LLK1,0
I1N8P5,I1LFD2,0
K7KY63,I1KXK6,0
I1N8P5,I1KD82,0
C6T8L7,A0A0R0EKI7,0
I1J6B5,K7MYK9,0
I1KZJ7,I1KJF2,0
I1KPT1,I1JFW6,0
I1KCB7,A0A0R0GAQ8,0
I1K328,A0A0R0G7B5,0
A0A0R0GC27,I1KHJ4,0
I1KCH6,A0A0R0K0K3,0
A0A0R0EI44,I1LEC4,0
I1N5E8,A0A0R0K7U0,0
K7KP66,A0A0R0L828,0
C6T2L5,A0A0R0JSJ9,0
I1L690,I1JM18,0
C6TMM7,I1K5B6,0
C6TBQ2,A0A0R0FZM4,0
I1NJ79,Q43463,0
I1KQG0,I1KQE3,0
I1JP52,K7M846,0
A0A0R0J7J3,Q43463,0
A0A0R0K6F4,I1LR48,0
A0A0R0G5A8,I1MPJ4,0
I1K725,K7N145,0
I1KNN1,A0A0R0FGT9,0
P46279,I1JMH3,0
A0A0R0ESI3,A1YZE0,0
I1M9T4,A0A0R0GBB6,0
K7LWC5,I1MW74,0
A0A0R0FX70,I1KFL5,0
K7LWC5,I1K215,0
I1KQ68,I1N8M8,0
C6F117,A0A0R0E934,0
K7KZ42,I1LH27,0
I1JTE4,C6SZ70,0
I1KQG7,I1MTV9,0
I1JFF6,K7KFY5,0
C6SXM9,C6T065,0
A0A0R0GRI6,K7LSG2,0
I1KYF8,K7KES1,0
I1N5E8,A0A0R0JT51,0
A0A0R0HHZ3,I1N761,0
K7LJV1,I1MW74,0
I1JG98,I1LM96,0
I1LUL7,A0A0R0EYS5,0
C6T1E6,C6TJ17,0
I1L8G3,I1NIE5,0
I1LC01,M1FN34,0
I1KRD4,A0A0R0ESZ8,0
I1M0C2,K7KK74,0
I1L1S1,I1LLK1,0
K7KDA5,I1M1D5,0
C6T0U3,C6SZ70,0
I1LIH7,I1N761,0
I1KMS4,I1KXK6,0
O48901,I1NAF6,0
A0A0R0G2B9,I1K970,0
I1KPA1,K7N0V8,0
I1NFS4,I1MTV9,0
I1JHN5,K7LIE3,0
I1N1Y6,I1L332,0
O48901,A0A0R0JT51,0
I1KQC7,A0A0R0K6I2,0
I1JUJ6,C6T5R4,0
I1MNM3,I1LH18,0
Q2PMU2,K7MQG6,0
K7LWI3,C6TFX5,0
I1L8L5,I1NIE5,0
I1KZJ7,K7LHS7,0
I1K5J5,P62302,0
Q2PMQ9,K7LFD7,0
I1K2U0,I1M5B6,0
I1JQR6,I1LII4,0
C6SY81,I1KZY8,0
K7MD28,K7M6R4,0
C6TFR5,K7LNG6,0
K7KGC2,I1NCF6,0
A0A0R0FKK9,A0A0R4J4C5,0
C6SWI9,A0A0R0FM97,0
I1NBQ2,C6TNW3,0
K7LJF6,A0A0R0KE62,0
A0A0R0I0B9,I1J8C9,0
C6TG81,A0A0R0GFM7,0
I1KZJ7,I1N898,0
I1LIR4,A0A0R0KE62,0
I1N4X7,I1K1W8,0
I1KYD6,I1LVN3,0
K7K553,I1KHJ4,0
K7K3W5,C6T4V3,0
C6TKL8,I1KAD1,0
A0A0R0FNM4,A0A0R0GWH6,0
A0A0R0K6F4,K7KWE4,0
K7KZ42,I1KZY8,0
I1MVK7,I1MU00,0
I1JYG6,I1JD36,0
I1LRB0,A0A0R0FER5,0
A0A0R0F2Z4,K7MYK9,0
I1MSD9,I1K115,0
I1LDU4,K7MQG6,0
A0A0R0KCV3,I1LEC4,0
I1LAR7,K7MQG6,0
I1NFS4,I1M5B6,0
A0A0R0J7Q5,A0A0R0EUJ0,0
C6SXM9,I1NCF6,0
C6T3I8,K7KQZ8,0
C6SY99,I1KZY8,0
I1K328,I1LUE0,0
A0A0R0L2U1,I1L3P5,0
I1MTX9,A0A0R0GJV8,0
C6T883,A0A0R4J2Q5,0
K7K8U8,K7M6I1,0
A0A0R0G2B9,C6T5U0,0
Q2TFP1,K7MRF5,0
A0A0R0G3G4,I1K4R8,0
A0A0R0L098,I1JRV0,0
A0A0R4J2N2,A0A0R0L828,0
I1LKQ4,I1MPJ4,0
O48548,I1LH18,0
K7M4N3,A1YZE0,0
A0A0R4J3Y6,K7M6J1,0
I1KFI5,I1JMZ7,0
I1MFH3,A0A0R0GS25,0
I1JWF0,I1LPW2,0
K7MMG1,I1K5K7,0
I1NH73,A0A0R0GG06,0
I1LDA7,I1MZV4,0
A0A0R0KJP6,I1LWZ0,0
I1K5H2,K7M846,0
C6TKL8,A0A0R0GAQ8,0
I1L250,I1JRJ3,0
I1JFN0,I1LG13,0
A0A0R0LB39,I1LIT1,0
K7LLK0,K7M864,0
I1MGG3,I1J4B5,0
K7LHR2,I1LFD2,0
I1LIS4,I1K642,0
I1M3U2,I1JVX3,0
I1KBL4,K7KQZ8,0
C6SWI3,I1JD52,0
I1JUI1,K7KES3,0
I1N056,I1LFD2,0
A0A0R0K5D9,A0A0R0KE62,0
K7LJV1,I1JA95,0
I1LJA4,I1M1W3,0
I1LMW7,A0A0R0GFL3,0
I1JFF6,A0A0R0FTI5,0
I1M0C2,K7KFY5,0
I1J5B0,A0A0R4J5C5,0
I1MNV4,I1N7F4,0
A0A0R0J2L9,I1K1W8,0
I1N9E1,A0A0R0ENB3,0
I1LDU4,K7N1L5,0
I1MRS5,K7M592,0
I1N0I7,I1MJJ9,0
A0A0R0FYN8,I1MJJ9,0
I1L5Z7,A0A0R4J5B7,0
A0A0R0I8Z5,A0A0R4J4C5,0
I1N1Y6,I1MK72,0
I1KTS9,I1MLF1,0
C6SWI3,I1JV03,0
I1MJ97,A0A0R0FM97,0
C6T1P2,I1K9J7,0
K7M5I5,K7N1T9,0
C6TE07,I1M998,0
I1J6B5,I1K115,0
I1KB26,I1JRU7,0
I1KUT8,I1N898,0
C6TLT3,I1LH18,0
I1LIS4,I1M225,0
I1MY72,A0A0R0FTI5,0
I1KQB9,A0A0R0EUJ0,0
I1N439,I1LIU7,0
I1LYG4,C6TJ17,0
Q2PMS6,A0A0R0EUJ0,0
I1K5K3,A0A0R4J488,0
K7MWR1,I1L9K4,0
I1KAJ2,K7MGQ2,0
K7LKS0,K7K318,0
I1MLH9,I1LWZ0,0
A0A0R0L8Y1,K7LTB2,0
K7LDR8,A0A0R0EKI7,0
I1JHN5,I1JUQ6,0
K7MZP6,K7MYK9,0
I1K3P0,C6TK73,0
A0A0R0GG96,C6SYW6,0
A0A0R0GCF5,I1JV03,0
C6SVB5,C6T0A0,0
I1KPU4,A0A0R0FB78,0
K7KDX2,A0A0R0JSJ9,0
I1JE93,K7M6I1,0
A0A0R0HIA6,I1MQC8,0
I1LG61,A0A0R0K7U0,0
K7LUF9,I1JMK4,0
K7L395,K7M6I1,0
C6SZY0,A0A0R4J5K6,0
I1MQB5,I1N898,0
I1JHN5,I1J9I1,0
C6SZM9,K7LCS7,0
C6SY25,C6T0A0,0
C6T1E6,A0A0R0KE62,0
C6TMM7,I1KD82,0
I1N9S5,A0A0R4J5C5,0
K7MH53,I1MF50,0
I1JR41,I1MPJ4,0
A0A0R0H2V0,K7N5K2,0
K7L3K3,A0A0R0IR73,0
I1L6W0,C6T5R4,0
I1LH11,I1JFW6,0
A0A0R0J7J3,A0A0R0GWH6,0
I1JY87,A0A0R0HCS6,0
A0A0R0G2B9,I1L9K4,0
I1MWF0,I1LL05,0
I1K2U0,A0A0R0K7U0,0
K7M097,A0A0R4J4D0,0
I1JT85,A0A0R0K0K3,0
K7MAP3,A0A0R0K0K3,0
C6TG81,I1N8M8,0
I1K096,K7KK86,0
C6T084,K7MFE5,0
K7KVG4,I1M998,0
I1JW21,K7KWE4,0
A0A0R0FJF0,I1J8W6,0
I1KB26,I1KYL4,0
I1LRH8,I1LWZ0,0
I1N9S5,I1LLS8,0
A0A0R0L4N1,I1K9J7,0
I1M0S4,A0A0R0JBL2,0
I1LKQ4,Q2PMR3,0
I1MLH9,I1KJD2,0
I1M757,A0A0R0EYS5,0
I1MNE4,I1LLK1,0
C6SWM1,C6T4V3,0
A0A0R0GCF5,A0A0R0GWH6,0
I1MHS1,K7MQG6,0
K7LW22,A0A0R0FM97,0
I1LYG4,I1L171,0
I1M3Q8,K7MNP5,0
I1JR41,I1MZV4,0
I1JT85,C6SZG1,0
A0A0R0HDM5,A0A0R0FGT9,0
I1LR08,I1JMK4,0
K7M9K9,I1JMK4,0
C6SWI3,I1MNV2,0
K7MMR4,I1J8C9,0
C6TAW8,K7M6I1,0
I1KS88,I1M225,0
I1MRS5,K7LFD7,0
C6SY25,A0A0R0JYX3,0
C6SWI3,I1MU00,0
C6SXP5,I1LGD6,0
I1M717,I1KXK6,0
I1JNB0,I1NJ53,0
I1KHJ6,K7N1T9,0
I1MJ97,I1NC50,0
I1MUQ7,I1KCY5,0
K7L3K3,I1MLF1,0
A0A0R0ESI3,K7N0V8,0
I1KGU0,I1NG45,0
K7KDX2,I1MNS7,0
Q2PMQ9,C6SW04,0
C6TCW7,I1LFD2,0
C6SY99,A0A0R0EYS5,0
Q2PMQ9,C6TGZ1,0
I1MVG5,A0A0R0EKI7,0
I1N3M5,K7KQZ8,0
A0A0R0K5D9,A0A0R0FER5,0
I1JT28,I1MW74,0
C6SWI3,A0A0R0EWR2,0
K7LZZ5,K7M841,0
I1LYQ9,C6SWS6,0
I1LSM6,C6SW04,0
K7K553,I1M269,0
A0A0R4J3D2,I1JRU7,0
C6TG81,I1LWZ0,0
I1MYX8,I1M1W3,0
K7KFV5,I1MW51,0
K7LZZ5,A0A0R0KPE1,0
C6SWZ1,K7MMD7,0
C6T2Z2,C6TNW3,0
I1KNN1,A0A0R0ENB3,0
I1JS58,K7KVK2,0
K7MCD1,K7LTR0,0
C6TBQ2,I1MNU1,0
A0A0R0H8M3,I1JB64,0
I1NC77,I1JA95,0
I1JFF6,K7KTS8,0
I1JT28,I1NC50,0
I1LZM7,A0A0R0H141,0
I1JDR2,I1KYL4,0
I1MNE4,I1LLS8,0
I1KJ98,I1K970,0
I1MNE4,I1LVN3,0
K7MGK0,K7L7W0,0
I1N1V6,C6TFX5,0
I1LFQ4,I1J8W6,0
I1JFS9,K7M466,0
I1J8W9,A0A0R0EG78,0
I1LAR7,K7MRF5,0
I1KVL0,K7MQG6,0
K7KVG4,A0A0R0JJK0,0
K7LWN2,I1MF50,0
I1JUT9,C6SYE1,0
C6T567,K7K894,0
A0A0R0JES0,I1LIA8,0
C6TBJ1,I1L2H4,0
A0A368UHC3,K7M6R4,0
I1NIJ9,K7KTS8,0
I1NGL5,I1M998,0
C6T507,K7MFE5,0
I1NFU9,K7LQV0,0
C6TGR3,I1LG13,0
C6TKZ4,A0A0R0EWR2,0
K7MST2,I1MQC8,0
A0A0R0L098,A0A0R0FXD4,0
A0A0R0FQN0,I1K1W8,0
A0A0R0L8Y1,I1NAF6,0
I1M7B9,K7M466,0
C6SZG8,I1M269,0
I1N0U4,K7M6R4,0
I1K8C1,K7KES3,0
A0A0R0K0L0,K7KES3,0
I1LGI1,A0A0R0JSJ9,0
A0A0R0KJP6,A0A0R0GJV8,0
I1JMT0,A0A0R0KWL0,0
I1MWF0,I1NJ53,0
K7K676,I1K2I1,0
I1LRE4,I1LHS8,0
I1LC20,A0A0R0JQJ0,0
I1LH11,K7MFZ6,0
I1KHL4,I1M3W1,0
I1KQ68,K7N129,0
I1M4Y9,I1M269,0
A0A0R0INQ5,I1N780,0
C6T567,C6SX83,0
O48901,A0A0R0EG78,0
I1K8C1,K7LLV5,0
A0A0R0FKK9,I1LL05,0
I1KHJ6,A0A0R0G7B5,0
K7LDR8,A0A0R0GFL3,0
C6SW69,I1NCF8,0
I1L478,I1LLS8,0
I1LPI3,A0A0R0GUR9,0
P07506,A0A0R4J2Y1,0
I1JYG6,A0A0R0FGT9,0
I1JUI1,A0A0R0EG78,0
I1JUI1,K7LTB2,0
I1NFS4,I1JVX3,0
A0A368UHG0,K7M9T4,0
K7LVE4,I1M3W1,0
I1LC01,C6TGZ1,0
A0A0R4J3D2,K7KAB4,0
I1LPZ3,A0A0R0HCS6,0
C6T3K0,A0A0R0KPE1,0
C6TBJ1,K7KFY5,0
C6T426,K7KES3,0
C6SW43,I1JMK4,0
I1KPA1,A0A0R0FXD4,0
I1M6L1,I1K970,0
I1M3V1,C6SYW6,0
I1JKP1,I1KUS2,0
I1M0C2,I1JD52,0
C6T3K0,K7M6I1,0
C6SY81,K7MTL2,0
I1NDG6,A0A0R0EWR2,0
K7KYE0,A0A0R0EYS5,0
I1MBM5,I1MJJ9,0
I1JHN5,A0A0R4J488,0
I1MT74,I1K5K7,0
I1MHS1,I1MZV0,0
C6SWD4,K7N0V8,0
I1JBJ2,A0A0R0JTV5,0
I1N4X7,I1K970,0
I1JAG0,I1LR48,0
I1KEG8,K7M466,0
I1M9F7,K7L4N7,0
A0A0R0GRI6,A1YZE0,0
I1LJ94,I1NCF6,0
A0A0R0GRI6,A0A0R4J4D0,0
I1KZW4,I1L3P5,0
K7LJV1,K7L2D7,0
C6SZY0,I1L332,0
K7MMF4,A0A0R0GUR9,0
C6TKL8,I1LLS4,0
A0A0R0KCY1,A0A0R0IT62,0
I1L8S1,I1LH18,0
I1M0C2,I1KXK6,0
A0A0R0HN81,I1MF50,0
I1N8Y6,I1LY15,0
C6SWI3,A0A0R0EDS9,0
I1K2Z9,I1LR48,0
I1JYG7,I1JUQ6,0
I1N9I5,K7N145,0
I1JW64,I1LLS8,0
I1KS20,C6SYE1,0
I1K8N0,I1NG45,0
I1K8C1,K7LTR0,0
C6SWI3,A0A0R4J488,0
C6TEP1,I1K215,0
I1NHQ1,I1JFW6,0
C6TK75,P62302,0
K7LWC5,I1J9I1,0
K7M9K9,A0A0R0GWH6,0
A0A0R0KCY1,I1JVX3,0
I1LRE4,I1MEQ6,0
K7LTQ1,A0A0R0KVY6,0
I1JMZ4,K7M9T4,0
A0A0R0EFE2,O22518,0
M1FN39,A0A0R4J426,0
I1JT28,A0A0R4J2Q5,0
C6T8R7,I1LPK5,0
I1L3P6,I1ML11,0
A0A0R0GC27,I1NG45,0
K7K794,C6TJM4,0
A0A368UH03,K7LIE3,0
I1KKD9,I1M3W1,0
I1J8V4,I1MRI5,0
M1FIU8,K7LQV0,0
I1L215,A0A0R0F214,0
I1JTE4,I1JVX3,0
C6SWI9,A0A0R0GAQ8,0
A0A0R0K0L0,K7LK09,0
I1JE83,K7LSG2,0
A0A368UHE3,I1K642,0
I1LGQ1,A0A0R0G7B5,0
I1LPC3,I1LWZ0,0
I1KBM7,I1LLK1,0
A0A0R0L372,I1JRU7,0
I1LIR4,K7MYK9,0
A0A368UJ64,C6TIK0,0
I1KPU4,I1JRJ3,0
C6SW43,A0A0R0IT62,0
C6T868,I1MNU2,0
I1JVU8,I1MF50,0
K7L1D3,I1MVC6,0
C6T8R7,I1KUB2,0
K7N0U1,I1JM18,0
C6SW43,I1M225,0
I1JBJ2,I1KQE3,0
A0A0R0JLD5,A0A0R4J4H3,0
I1LPJ3,K7MXH5,0
I1NGL5,K7MC85,0
I1M3Q3,C6SZQ0,0
I1JI73,A0A0R0GG06,0
K7MAP3,I1M269,0
K7MVB9,I1LGD6,0
K7KCG5,P62302,0
I1MGG3,I1N8M8,0
A0A0R4J3D2,A0A0R0JBL2,0
I1KQP3,I1MZV4,0
I1J7A8,I1KZK2,0
I1L1L2,I1MNU1,0
I1KUT8,I1LW00,0
A0A0R0KTM7,K7MXH5,0
A0A0R0H296,K7MFZ6,0
A0A0R0F2Z4,K7L6N7,0
C6TBN8,A0A0R0KPE1,0
I1KHY2,I1M998,0
I1K5J5,I1K115,0
I1JTE4,K7N145,0
K7K676,I1K467,0
I1JIJ4,I1LUE0,0
I1MLN7,I1LII4,0
I1NGL5,I1LUL2,0
C6SW69,K7K894,0
I1JE83,K7L6K2,0
I1N0W9,I1KYL4,0
A0A0R0EZ39,I1K4R8,0
I1JIJ4,I1MNV2,0
I1KGZ6,K7KH93,0
A0A0R0G2B9,K7L4N7,0
K7M5W5,I1MNV2,0
C6T1E6,I1KQE3,0
A0A0R0GE56,K7LCS7,0
A0A0R0GG96,K7M466,0
I1LKU1,K7LY43,0
I1KQG0,I1NG45,0
K7KDX2,I1MC28,0
A0A0R0I8Z5,I1NC50,0
I1JW21,I1LEC4,0
K7MCD1,K7N145,0
I1LP56,K7MMD7,0
I1NDC0,K7L7W0,0
A0A0R0GE84,K7LHS7,0
I1KHL4,A0A0R0JSJ9,0
I1J4E1,A0A0R0KE62,0
K7K1Z2,C6TFX5,0
I1KYF8,I1MNV2,0
C6SWI9,I1LM96,0
A0A0R0K0L0,K7L6K2,0
A0A0R4J3Y6,K7M466,0
K7KP67,A0A0R0EYS5,0
I1JUT9,I1N8M8,0
A0A0R0J7Q5,A0A0R4J4D0,0
I1J553,A0A0R0G7I0,0
I1KX98,I1MSN3,0
I1NDC0,C6TJ17,0
I1J553,I1LUL2,0
I1LRH8,I1M225,0
I1N8P5,I1MNU1,0
I1MC39,K7M9T4,0
I1MK96,I1KUS2,0
I1KZI6,Q43463,0
A0A0R4J3Y6,I1KXK6,0
A0A0R0ET54,K7LK09,0
I1MUC0,K7MGQ2,0
K7LHR2,I1MW51,0
C6SWA0,I1JRV0,0
I1MBW8,I1K146,0
I1JY87,I1M3W1,0
A5Z2K3,A0A0R0GWH6,0
A0A368UHE3,I1JA95,0
A0A0R0FX46,K7MQG6,0
A0A0R0FSS2,P17093,0
I1KEY6,I1K115,0
A0A0R4J3R4,A0A0R0FGT9,0
I1JE83,I1LII4,0
I1JCY0,A0A0R0GFL3,0
I1MNM3,C6TFX5,0
I1N8Y6,I1LL05,0
I1MTX9,I1LIT1,0
K7MC09,K7KTS8,0
C6TG81,A0A0R0EG78,0
I1NDC0,C6TK73,0
I1LPI3,C6TGA9,0
I1LG61,K7MTL2,0
K7M787,A0A0R0FTI5,0
C6T7N2,I1KMS8,0
I1MYV4,I1LLK1,0
I1LJ94,I1M3W1,0
I1MNU7,A0A0R0EWR2,0
A0A0R0JB42,A0A0R0IZY4,0
I1JUT9,I1LH18,0
K7M2D8,K7MXE0,0
I1L1L2,K7M4E0,0
C6SWM1,I1LHS8,0
I1KCN1,I1MU00,0
K7MCD1,A1YZE0,0
I1JZC3,K7M9T4,0
I1JS58,I1M1D5,0
I1JWH5,K7N129,0
C6SVU4,I1L332,0
I1KB26,A0A0R0IF42,0
I1MRS5,C6SW04,0
I1LYU9,I1MU00,0
A0A0R0JES0,I1LLS4,0
I1L9A1,I1KM19,0
I1L219,I1K5K7,0
C6TBQ2,A0A0R0JYX3,0
I1N8P5,A0A0R0FM97,0
I1JCY0,I1KUS2,0
C6SZY0,A0A0R0K7U0,0
K7K794,A0A0R4J4C3,0
I1MY43,I1KZK2,0
I1MY72,I1KZ09,0
K7LEG0,I1KSL6,0
I1LYQ9,I1NCF6,0
I1J5U5,A1YZE0,0
I1M273,I1K4R8,0
I1L4B6,K7KNC5,0
I1JNK6,I1JB64,0
K7M1G4,I1LVN3,0
I1KCH6,I1N8M8,0
C6SY99,I1M269,0
K7K676,C6TJ17,0
I1LYG4,K7LY43,0
I1KFU0,K7M466,0
I1JKS2,A0A0R0KE62,0
I1K3P0,A0A0R0FTI5,0
C6T3K0,I1KCY5,0
I1K620,C6SYE1,0
A0A0R0FQN0,A0A0R0GWH6,0
I1M4P0,K7M4E0,0
I1JXB4,I1K467,0
A0A0R0FSY2,I1KSL6,0
I1LKQ4,K7N1L5,0
I1KHL6,I1LII4,0
C6SYR1,C6T0A0,0
C6SZM2,K7LK09,0
I1MSD9,C6T5U0,0
I1N8Y6,I1KYL4,0
I1N8M4,I1KAD1,0
I1JXB4,A0A0R0JYX3,0
I1KVS3,K7LLV5,0
I1JXQ3,I1JHJ0,0
K7LSH9,A0A0R0KVY6,0
A0A0R0J2L9,I1K4R8,0
A0A0R0JH35,C6SWS6,0
A0A0R0EZ39,I1MRI5,0
C6T426,I1LGD6,0
A0A0R0H9H8,A0A0R4J426,0
K7LJF6,I1KMS8,0
I1JIW3,I1KJF2,0
I1JY67,I1K1W8,0
I1LHR1,I1KZ09,0
I1KHL6,A0A0R4J5K6,0
I1N6N9,K7N5K2,0
I1LY25,C6TFX5,0
I1LQ02,I1KLS1,0
I1L215,A0A0R4J4D0,0
I1M4P0,A0A0R0KWL0,0
A0A0R0JG07,P17093,0
K7KE09,I1JD36,0
I1MUC0,A0A0R0EG78,0
I1LDY7,K7KQZ8,0
C6TGR3,A0A0R4J426,0
I1MVK7,A0A0R0GUR9,0
I1KRF9,I1JHJ0,0
K7MMF4,A0A0R0G7B5,0
A0A0R0JG07,I1MW51,0
I1KUT8,A0A0R0GUR9,0
I1KFU0,I1M225,0
I1L478,K7MRF5,0
I1KQG7,K7N5K2,0
I1K911,K7LY43,0
C6SWD4,A0A0R0GAQ8,0
I1MUN3,I1MEF5,0
C6SYR1,A0A0R0IZY4,0
I1LVX2,I1MNV2,0
A0A0R0GE56,I1N780,0
I1NF12,I1JD07,0
I1LWR7,C6SZG1,0
M1FN39,C6SYW6,0
K7LKS0,I1JC65,0
C6T2Z2,K7K8Y9,0
I1MFH3,A0A0R0GFM7,0
K7LIW2,I1M998,0
I1JZC3,K7LHS7,0
K7MST2,K7KH93,0
C6TKW2,I1MEQ6,0
C6T507,I1KZ09,0
I1KBQ5,I1MNU2,0
I1KVS3,A0A0R4J4D0,0
I1KQ68,A0A0R0GJV8,0
I1LC01,I1K115,0
C6TKC3,C6SZG1,0
C6SY81,C6TD23,0
I1KRF9,K7KK74,0
I1LZ09,K7L939,0
A0A0R0FSY2,K7MFE5,0
A0A0R0H296,K7LSJ2,0
Q2PMQ9,A0A0R0GFH3,0
I1MC39,I1NIE5,0
C6T084,I1KUB2,0
I1LA00,K7KQZ8,0
A0A0R0ESI3,I1LGD6,0
C6SVB5,K7L7W0,0
K7MWR1,I1JD07,0
C6T084,A0A0R0L7U5,0
I1KY58,I1KUB2,0
I1NIE7,A0A0R0GFM7,0
I1LA00,I1LVN3,0
I1LJI8,A0A0R0EUJ0,0
I1K096,I1M1D5,0
I1M7C1,A0A0R0JTV5,0
I1K4U3,C6SYW6,0
I1LC01,P17093,0
A0A0R0FKK9,A0A0R0KWT5,0
I1KQG0,I1MGG7,0
C6T8R7,I1LII4,0
K7K676,C6TGA9,0
O48548,A0A0R0FGT9,0
A0A0R0KTM7,I1J8W6,0
A0A0R4J4C8,I1MU00,0
I1MTX9,I1LL05,0
A0A0R0L8Y1,A0A0R0GUR9,0
I1MEF8,C6SX83,0
C6TGR3,I1MLF1,0
C6SVU4,C6SZQ0,0
I1M4Y9,I1NAJ5,0
C6TAW8,K7LIE3,0
I1KB26,I1LR48,0
A0A0R0FSY2,I1LR48,0
K7K9E1,I1LM96,0
I1L1N3,K7M9T4,0
I1MHH7,I1KAD1,0
I1JVN0,I1M998,0
I1JT28,I1MF50,0
I1MVE9,K7KVK2,0
C6SWI3,A0A0R0L828,0
I1K3P0,I1JD52,0
K7KKB2,I1K146,0
I1N6Z0,K7MRF5,0
I1M0S4,I1LH27,0
C6SWL3,K7MGQ2,0
A0A0R0F2G6,K7L6N7,0
K7MMR4,I1J4B5,0
C6TFR5,I1JVX3,0
C6SVR8,I1M277,0
A0A0R0JG07,K7MC85,0
C6TKL8,K7MRF5,0
C6TLV6,I1KTI0,0
K7L1B9,I1LW00,0
I1KX98,I1MW74,0
I1KHY2,I1KPE7,0
K7K2H1,K7LCS7,0
I1N5E8,K7K318,0
I1N0R5,A0A0R0H141,0
K7MNC0,I1K6E7,0
A0A0R0KJP6,K7M849,0
A0A0R0FSY2,K7N1L5,0
I1LJ93,I1K6E7,0
K7LA18,I1LM96,0
I1JMZ3,A0A0R0JRI8,0
I1LZT5,A0A0R0EKI7,0
I1JHC2,I1M3W1,0
I1M9T4,I1K970,0
I1MUC0,K7LY43,0
K7LDR8,A0A0R0FX75,0
I1N0F1,C6TFX5,0
K7LVE4,I1JFW6,0
I1JV48,A0A0R0KPE1,0
A0A0R0I1I4,I1JRJ3,0
A0A0R0G342,I1LPW2,0
A0A0R0KR16,A0A0R0JBL2,0
A0A0R0LB39,A0A0R0E934,0
A0A0R0JH35,A0A0R0IF42,0
C6SVR8,I1KSL6,0
C6T7N2,I1N8M8,0
K7K3W5,K7KW44,0
K7K9E1,K7LFD7,0
I1KPQ8,I1L7G4,0
I1KBB6,K7LNG6,0
K7KFV5,A0A0R0FER5,0
A0A0R0LA89,C6TD23,0
A0A0R0IGP2,I1MZV0,0
I1N8Q6,I1LPK5,0
I1N8P5,I1NIE5,0
I1NBE9,C6TCH4,0
I1JU70,K7MNN5,0
C6SWZ1,C6SWS6,0
I1KTL9,I1K6E7,0
I1KEG8,I1JHJ0,0
I1JS58,C6TGA9,0
I1MIE5,I1K5B6,0
C6TMM7,A0A0R0GFL3,0
C6TMM7,O22518,0
A0A0R0KNS7,A0A0R0HSA0,0
K7MH53,I1KD82,0
I1L5H8,I1LUL2,0
I1LLA9,A0A0R4J4D0,0
Q2TFP1,C6TFX5,0
Q2PMU0,I1JRV0,0
I1MC26,I1MPJ4,0
I1J9J7,I1JB64,0
I1KJ98,A0A0R0L0E7,0
A0A0R0KXY9,K7M6R4,0
C6SVU4,I1K3X9,0
I1LPD3,I1LH18,0
I1KPQ8,A0A0R0GFH3,0
A0A0R0HN81,K7N1L5,0
C6SYR1,I1N7F4,0
I1KU09,I1M277,0
I1M7C7,I1MEF5,0
A0A0R0L4N1,I1LW00,0
K7MMF4,I1LR48,0
I1JTW0,I1K6E7,0
C6T530,K7KH93,0
H2D4C3,A0A0R0FB78,0
K7N3F6,I1JC65,0
I1KQE8,A0A0R0GG06,0
C6SY81,A0A0R0IF42,0
A0A0R0KTM7,C6TIQ7,0
A0A0R0KR16,C6SWS6,0
I1LDA7,I1N8M8,0
K7KP66,K7M4E0,0
K7LKS0,I1JMZ7,0
K7N0U1,A0A0R0FEN3,0
I1JS66,A0A0R0JJK0,0
I1MKM3,P62302,0
K7LVE4,I1LXQ3,0
I1JM69,K7L7W0,0
K7KCG5,I1KUB2,0
I1KUT8,I1NAF6,0
I1KPA1,K7M841,0
A0A0R0F077,A0A0R0GFH3,0
C6TK75,A0A0R0EG78,0
A0A0R0GZZ6,A0A0R0KWT5,0
I1MTH0,I1LPW2,0
I1M4Y9,A0A0R0L828,0
I1NF54,A0A0R4J4D0,0
C6TG81,I1K6E7,0
I1J870,I1LIA8,0
C6T084,C6TBL4,0
I1L653,K7LSG2,0
A0A0R0FQN0,I1L332,0
K7KZ42,A0A0R0L7U5,0
I1LIR4,A0A0R0GPH9,0
I1MNM3,K7LTR0,0
C6TFN5,I1KXK6,0
I1JR41,P17093,0
A0A0R0JES0,A0A0R4J384,0
I1MP46,I1MQC8,0
A0A0R0GZZ6,K7MGQ2,0
C6SZ22,A0A0R0JJI0,0
A0A0R0KR16,I1KTI0,0
K7MC09,A0A0R4J4D0,0
I1KY58,K7M592,0
C6SZ22,I1LPJ8,0
I1L6W0,K7L2R0,0
I1NIJ9,I1K642,0
I1KPU4,I1JD52,0
I1M100,I1M277,0
I1J7S6,I1KQE3,0
I1KXG2,K7MXH5,0
I1KTD4,K7L4N7,0
I1LJ93,A0A0R0HSH0,0
I1KC19,A0A0R0JBL2,0
I1KC19,I1NAF6,0
A0A0R0EJE2,K7KWE4,0
I1KJ56,A0A0R0ESZ8,0
I1KJL3,A0A0R4J384,0
A0A0R0KCV3,A0A0R4J488,0
C6T426,K7MYK9,0
C6T083,A0A0R0FJR0,0
I1MUC0,I1NC50,0
K7KGJ8,K7M864,0
K7LZZ5,I1MVC6,0
I1KRZ2,I1JB64,0
A0A0R0KR16,I1KSD0,0
I1MJ97,I1M998,0
C6TKB2,K7L4N7,0
I1M4Y9,K7KK86,0
A0A0R0GE56,I1NCV4,0
K7KYE0,I1NIE5,0
A0A0R0G5V6,A0A0R4J2Q5,0
I1M0C3,I1KSL6,0
I1M2R5,I1JB64,0
I1LPJ3,A0A0R4J2Y1,0
A0A0R4J3R4,I1JC65,0
C6SZY0,I1KSL6,0
C6T3I8,I1KVC1,0
C6TNX5,A0A0R0GUR9,0
I1KLS4,I1K215,0
K7MRX6,O22518,0
A0A0R0EWX9,K7LY43,0
I1LSM6,A0A0R0JT51,0
A0A0R0JYB5,I1LIU7,0
A0A0R0KXY9,I1KJF2,0
C6T507,K7MYK9,0
C6TG91,K7M846,0
I1MVE9,I1LEC4,0
K7N0U1,I1JB64,0
A0A0R0JYB5,C6SYW6,0
I1NJ79,C6T4V3,0
I1NCS8,I1K467,0
I1J9J7,A0A0R0EDS9,0
I1KCB7,I1J8C9,0
I1MSC6,C6T065,0
I1JUJ8,K7K8K7,0
I1MBR7,K7M846,0
A0A0R4J3R4,I1KMS8,0
A0A0R0EWX9,I1MGG7,0
A0A0R0KFE8,I1LL05,0
C6SVV7,A0A0R0GWH6,0
I1KHJ6,I1MJJ9,0
I1KGI6,I1KVC1,0
I1KCX1,I1MSN3,0
K7L9V3,I1MJJ9,0
A0A0R0JS60,I1LR48,0
I1LYQ9,A0A0R0FER5,0
C6T968,I1L7G4,0
I1L653,K7L6N7,0
I1NDC0,K7M4E0,0
I1MM64,I1JHJ0,0
I1NGD2,K7KES3,0
I1JUR7,I1K1W8,0
C6TBJ1,I1M3W1,0
I1KQB9,K7N145,0
I1KRZ2,I1LXQ3,0
I1N8P5,C6SZG1,0
A0A0R0GC27,I1JVX3,0
I1KU09,I1KTI0,0
I1LBV2,A0A0R0EYS5,0
I1K5H2,K7LTB2,0
I1LP56,I1JD36,0
A0A0R0L2U1,I1KAR1,0
I1K9B8,A0A0R0GFL3,0
I1MBM5,I1LPJ8,0
A0A0R0EJE2,I1L332,0
I1L5Z7,I1NC50,0
I1J870,A0A0R0GPH9,0
C6TFR5,I1KSL6,0
A0A368UHG0,I1JUQ6,0
I1KQG7,C6TN69,0
K7MGQ3,K7LY43,0
I1MBR7,A0A0R0G7B5,0
I1MWF0,K7LK09,0
I1MEF8,I1KHJ4,0
K7LQ96,I1MVC6,0
I1JE93,I1NCF6,0
K7MPL4,K7N1T9,0
K7LVE4,P62302,0
A0A0R0H2V0,A0A0R4J4C5,0
I1JHN5,K7M864,0
I1KS36,I1M1W3,0
I1N1Y6,K7L2R0,0
I1JQR6,I1LH18,0
I1LA00,I1KJD2,0
K7M5W5,A0A0R0HSH0,0
I1MBR7,C6SZQ0,0
I1MUC0,C6TGZ1,0
A0A0R0F2Z4,I1JHJ0,0
I1LYG4,A0A0R0GJV8,0
I1KBM7,K7MGQ2,0
C6T084,K7N1T9,0
I1L215,I1LUL2,0
A0A0R0L7S1,I1K115,0
A0A0R0FJF0,K7N1T9,0
I1KTL9,A0A0R0GJV8,0
I1N0I7,I1KZ09,0
C6SZL0,I1LM96,0
K7KGE9,K7LCS7,0
K7KDX2,I1KZK2,0
A0A0R0J2L9,K7L2D7,0
I1KYD6,I1LLK1,0
I1JBJ2,I1KCY5,0
K7MVB9,I1J9I1,0
A0A0R0KR16,I1JD36,0
A0A0R0HN81,I1L2H4,0
C6SWI3,I1M1W3,0
I1MEF8,I1J8W6,0
K7MRX6,I1LM96,0
K7LLK0,I1N898,0
I1JT85,I1LL05,0
I1M0S4,C6TFX5,0
P07506,A0A0R0L828,0
I1JE38,K7M841,0
I1JIW3,K7KJB2,0
I1KFI5,I1M269,0
K7K1Z2,I1JRU7,0
I1LPZ2,K7MFE5,0
I1NFU9,C6SZ70,0
K7MC09,I1KAD1,0
I1LDY7,I1MEF5,0
I1L8L5,K7LSG2,0
C6TKL8,I1KZK2,0
I1MNU7,I1NCF8,0
C6SWL3,I1JRJ3,0
K7L1D3,I1KJD2,0
K7KGC2,I1JRV0,0
I1MRY0,I1NIE5,0
H2D4C3,I1L2H4,0
A0A0R0H296,K7M841,0
A0A0R0JZD5,I1LW00,0
I1KQG7,I1JC65,0
I1K3P0,A0A0R4J488,0
A0A0R0F077,A0A0R0E934,0
K7K2H1,I1LPK5,0
A0A0R0F077,I1NCF6,0
I1JW21,C6TGA9,0
K7LUF9,A0A0R4J5B7,0
I1KR80,I1LLS8,0
I1KCN1,K7MYK9,0
I1LVX2,K7MXH5,0
A0A0R0FNV7,A0A0R0GFL3,0
I1NBC2,K7M849,0
I1LD74,K7LTR0,0
I1MBR7,K7LK09,0
I1KQG0,A0A0R0GFL3,0
C6T8L7,K7K894,0
K7KGJ8,C6TD23,0
I1KBQ5,A0A0R0KWT5,0
C6TGR3,I1KSD0,0
I1J8V4,I1J8C9,0
A0A0R0HSJ1,I1JUQ0,0
K7M097,I1MK72,0
I1M9F7,K7KES3,0
K7M5T0,I1JV03,0
I1KQ68,C6T0A0,0
I1MLN7,A0A0R0KPE1,0
I1L8L5,I1MLJ0,0
A0A0R0JZD5,I1LXQ3,0
I1NFS4,C6SYE1,0
I1KLS4,K7M592,0
A0A0R0EJE2,I1LPW2,0
I1KRF9,C6SYW6,0
I1L250,I1N8M8,0
C6TKB2,K7LSJ2,0
C6T507,I1KPE7,0
I1NGD2,I1MRI5,0
I1NJ79,A0A0R0GUR9,0
C6T3K0,I1KFL5,0
I1L1L2,I1K215,0
I1MEF8,I1JK31,0
C6TC92,A0A0R4J4H3,0
A0A0R0JLD5,A0A0R0GWH6,0
K7LJF6,K7L4N7,0
I1M4Y9,I1MRP6,0
K7LKS0,C6TJ17,0
K7MXD1,A0A0R0KE62,0
I1JHC2,K7M849,0
I1K2J5,I1K2I1,0
I1KEG8,A0A0R4J4H3,0
C6SXJ9,K7MGQ2,0
A0A0R0HDM5,A0A0R0G7I0,0
I1MZ32,I1K5K7,0
I1JML1,K7N1L5,0
C6TL77,I1LPW2,0
I1N9E1,A0A0R4J2Q5,0
I1JM69,I1JYT2,0
A0A0R0EYA9,A0A0R0JYX3,0
I1KMP8,K7MC85,0
A5Z2K3,K7M4E0,0
I1N6N9,I1KPE7,0
I1L0M6,I1M269,0
K7LWC5,K7L9M2,0
I1LKU1,C6SWS6,0
K7KCG5,I1MNU1,0
I1JFF6,A0A0R0GG06,0
I1JUR7,A0A0R4J4C5,0
I1MP46,I1MNS7,0
A0A368UHM1,I1J4B5,0
A0A0R0JJ98,C6SZG1,0
K7MMR3,A0A0R0G7B5,0
A0A0R0K6F4,K7L7W0,0
K7MH53,I1JUQ0,0
I1L250,A0A0R0K6I2,0
I1KUP5,I1JE09,0
I1LC20,K7K8Y9,0
K7LWI3,A0A0R0JSJ9,0
I1M7V7,K7LY43,0
I1JNB0,C6TJM4,0
C6SWZ1,I1LPJ8,0
K7KTT9,I1JD52,0
A0A0R0ET54,A0A0R0EUJ0,0
I1K328,K7MMD7,0
I1MTX9,A0A0R0FX75,0
I1MK36,I1MJJ9,0
A0A0R0J2L9,I1MJJ9,0
C6T883,A0A0R0G7B5,0
K7K794,K7L7W0,0
I1LJI8,I1KQE3,0
K7KGJ8,I1NCF6,0
K7KFV5,I1JK31,0
A0A0R0KCV3,A0A0R0JT51,0
A0A0R0HHZ3,C6TGZ1,0
I1NHQ1,I1KQE3,0
K7MMR3,I1JK31,0
C6TMM7,C6SZQ0,0
I1MSC6,A0A0R4J488,0
I1KFU0,A0A0R0IF42,0
C6TKB2,I1L332,0
I1KV60,C6TIK0,0
C6TK75,K7KWE4,0
I1NDC0,A0A0R0GWH6,0
A0A0R0LB39,K7L7W0,0
I1L8L5,I1N898,0
C6SWL3,I1M3W1,0
K7M142,A0A0R4J4C3,0
I1L1S1,I1K4R8,0
I1LS70,A0A0R0E934,0
A0A0R0KH89,I1ML11,0
C6T1P2,I1KSL6,0
A0A0R0FYN8,I1LL05,0
I1MSC6,I1N8M8,0
I1MM64,K7MNP5,0
I1LJW2,C6SYE1,0
K7KP66,K7MNP5,0
I1MP46,I1K970,0
A0A0R0FJF0,I1K9J7,0
A0A0R0G5V6,A0A0R4J4H3,0
I1JQR6,A0A0R0L5Q1,0
C6T0U3,K7LSJ2,0
I1LPD3,K7MNN5,0
I1LH11,C6SYE1,0
I1LIR4,I1K970,0
A0A0R0KNE1,I1M277,0
I1MHA4,I1LPW2,0
I1LZ09,I1KYL4,0
K7N3F6,A0A0R0JTV5,0
A0A0R0HN81,A0A0R0FJR0,0
I1LG61,K7KNC5,0
K7M5T0,C6SWS6,0
I1KBM7,K7M466,0
I1N9E1,I1JV03,0
I1KQE8,I1LIT1,0
K7MD28,K7LLV5,0
A0A0R0KJP6,I1M225,0
K7MST2,I1J4B5,0
I1LUL7,A0A0R0FTI5,0
I1LM73,A0A0R0KE62,0
I1KVX9,I1N761,0
C6TE07,I1MEF5,0
I1MLZ0,A0A0R4J384,0
I1N0I7,I1LLS4,0
I1M0N9,K7N129,0
A0A0R0H7N0,I1LLS4,0
I1N7K6,K7MC85,0
C6SVR8,A0A0R0FX75,0
A0A368UHC3,K7N5K2,0
I1K5L7,K7K4C7,0
I1LD74,I1KZK2,0
A0A0R0GBL8,K7N1L5,0
I1LZW4,K7M6Z2,0
I1KGZ6,A0A0R0ESZ8,0
I1MYX8,K7KFY5,0
I1MNK0,I1KD82,0
I1JV48,K7LIE3,0
I1KBM7,A0A0R4J2Q5,0
A0A0R0LA89,K7KW44,0
A0A0R0KFE8,K7M466,0
I1JG98,I1LLS8,0
I1KVL0,I1JD36,0
K7L9V3,I1LEC4,0
K7LW22,A0A0R4J384,0
I1NDG6,I1KUB2,0
A0A0R0JJ98,P17093,0
I1MY72,K7MFZ6,0
I1JYG7,I1LH18,0
I1MVK7,I1LUL2,0
A0A0R0GE56,K7M6R4,0
I1N9E1,A0A0R0FTI5,0
K7L395,A0A0R0JJK0,0
I1KZJ7,A0A0R0FB78,0
I1NHQ1,C6TIK0,0
K7K3W5,I1MRI5,0
A0A0R0KFE8,I1LUE0,0
I1L6W0,K7MXH5,0
I1JMZ3,C6TN69,0
I1KQG0,A0A0R0L7U5,0
I1KPU4,I1JV03,0
I1J9J7,I1NG45,0
I1JMZ4,A0A0R0GAQ8,0
C6T0U3,K7LSG2,0
A0A0R4J3D2,I1LPK5,0
I1KYD6,I1J9I1,0
C6SXF5,I1KYL4,0
I1KC19,K7MYK9,0
I1KRZ2,K7KNC5,0
C6F117,K7MC85,0
C6SYF3,I1J8W6,0
K7KY63,I1K6E7,0
A0A0R0FEN9,I1JHJ0,0
I1KXG2,I1LIU7,0
I1NHI4,A0A0R0K6I2,0
I1K911,I1JUQ0,0
A0A0R0J7J3,C6TGZ1,0
I1K8N0,I1KPE7,0
C6SY81,I1JRJ3,0
I1JYG6,I1MK72,0
A0A0R0ERF9,I1K9J7,0
A0A0R0HIA6,K7LSJ2,0
K7MRX6,K7MM40,0
K7MWR1,P17093,0
C6SZM2,K7MXH5,0
I1MSC6,K7MTL2,0
I1KD09,I1MEF5,0
A0A0R0JYB5,I1JD52,0
K7KEV0,C6TFX5,0
A0A0R0LB39,K7L939,0
I1KHJ6,A0A0R0FXD4,0
K7LA18,K7N145,0
I1J5Q1,K7K318,0
I1MUQ7,C6SW04,0
C6TAF0,K7K8Y9,0
A0A0R0HN81,C6TIQ7,0
I1KJW4,I1JK31,0
I1LC20,I1LHS8,0
A0A0R0FJF0,C6TK73,0
K7MS88,C6TD23,0
K7MWR1,I1NIE5,0
C6SYQ2,A0A0R0F214,0
K7LXT7,C6TIK0,0
I1NF12,K7N5K2,0
A0A0R0K0L0,A0A0R0EWR2,0
I1K7N0,I1NJ53,0
I1M0C2,I1JRJ3,0
C6TKL8,I1KHJ4,0
K7MH53,K7K4C7,0
I1J5B0,I1LUL2,0
I1L524,I1MEF5,0
I1MVG5,A0A0R4J2Y1,0
C6TFR5,A0A0R0ESZ8,0
A0A0R0HIA6,K7M6R4,0
I1JDP3,I1K6E7,0
C6SWI9,I1K3X9,0
I1JTW0,I1LPK5,0
I1JTE4,K7KTS8,0
I1MEZ1,I1MU00,0
A0A0R0GE56,A0A0R0JBV0,0
I1MM64,C6SX83,0
C6T426,I1J9I1,0
A0A0R0KJP6,K7KAB4,0
I1MUN3,A0A0R0IR73,0
I1LXH0,K7MXH5,0
I1KJT5,A0A0R4J5K6,0
K7LW22,A0A0R0GFH3,0
I1LZ09,A0A0R0HSH0,0
A0A0R0LB39,I1LM96,0
I1JBJ2,I1K9J7,0
I1LH11,K7L2D7,0
I1K628,K7M9T4,0
C6SYR1,K7LTR0,0
I1MXT2,I1KH38,0
A0A0R0L7S1,I1JMK4,0
I1KTD4,C6SZG1,0
I1K096,K7LSJ2,0
I1J5B0,K7L939,0
I1KEG8,I1KTI0,0
I1K7N0,K7MRF5,0
I1KJ98,I1JVX3,0
A0A0R0FKK9,I1N8M8,0
I1LIM0,K7MM40,0
I1JDH6,K7N145,0
A0A0R0K5D9,I1MLJ0,0
I1K5K3,I1NCV4,0
I1KUP5,I1MNU2,0
C6T530,I1M998,0
I1N0U4,I1JRV0,0
I1KJH7,K7N1T9,0
K7LUF9,I1KJD2,0
I1LGB7,C6SWS6,0
Q2PMT2,A0A0R0FGT9,0
K7KGE9,K7MMD7,0
I1KYF8,I1LLS4,0
I1LUI7,A0A0R0FB78,0
C6TBN8,O22518,0
I1KJ98,K7KVK2,0
Q2PMU0,K7LTB2,0
I1M4Y9,C6SYW6,0
I1JUR7,A0A0R0GG06,0
I1MM64,C6SWS6,0
I1MWF0,I1JYT2,0
I1N9E1,K7M864,0
I1L690,C6SWS6,0
I1K912,I1JUQ6,0
I1N0W9,K7L2R0,0
K7LHR2,I1K9J7,0
K7KDX2,A0A0R0IT62,0
C6T084,K7MXE0,0
A0A0R0FNV7,C6SZ70,0
I1KZJ7,K7KQZ8,0
A0A0R0HSJ1,I1KXK6,0
C6TEP1,I1KTI0,0
A0A0R0F7J9,I1LY15,0
I1K3P0,I1L9K4,0
A0A0R0KNE1,K7LCS7,0
A0A0R0KNS7,C6SX83,0
C6TK75,K7MYK9,0
I1KJH7,I1LW00,0
A0A0R0FNV7,I1MNU2,0
A0A0R0J7J3,I1KYL4,0
A0A0R0HDM5,I1KFL5,0
K7M4N3,I1KCY5,0
A0A0R0JS60,I1KH38,0
I1LGI1,A0A0R0EJV2,0
I1M2R5,I1ML11,0
I1JIJ4,A0A0R0L7U5,0
I1M3U2,I1KCY5,0
I1L4B6,A0A0R4J5C5,0
I1K3U2,C6TJ17,0
K7LVE4,A0A0R0HCS6,0
K7LEG0,A0A0R0L0E7,0
C6TFN5,K7L6N7,0
I1MIE5,I1MEQ6,0
I1M717,A0A0R0KPE1,0
C6T1P2,I1JE09,0
C6SWZ1,I1LLS8,0
I1KH45,I1JRV0,0
K7K3W5,C6T0A0,0
I1N439,I1KHJ4,0
I1MHH7,A0A0R0L4P0,0
I1LIS4,I1KSD0,0
K7LUF9,K7K8K7,0
I1LH11,A0A0R0JJK0,0
I1LYU9,K7LTB2,0
I1LIH7,I1NJ53,0
K7KKB2,I1LLS4,0
I1KLE1,A0A0R0IT62,0
I1N6Z0,K7M841,0
K7KLF0,I1J547,0
I1N0W9,I1L7G4,0
I1LRB0,A0A0R0GPH9,0
I1L219,A0A0R0GFM7,0
C6SYE0,I1LR48,0
I1NCS8,I1L171,0
I1J9J7,K7L939,0
A0A0R0EU45,I1KMS8,0
A0A0R0F2Z4,C6SX83,0
A0A368UHE3,C6T4V3,0
C6T5Z0,K7KFY5,0
A0A0R4J354,I1LWZ0,0
A0A0R0F2G6,I1LH27,0
I1KLE1,A0A0R0JSJ9,0
I1NBQ2,A0A0R0ENB3,0
I1KJT5,I1LWZ0,0
I1JBJ2,I1LUL2,0
I1KCX1,K7MTL2,0
K7KGE9,A0A0R0F214,0
A0A0R4J389,I1JM18,0
I1KVL0,I1JMH3,0
I1N1Y6,A0A0R0G7B5,0
I1J5B0,A0A0R0KVY6,0
I1KPT1,A0A0R0K0K3,0
I1KV60,I1MQC8,0
K7L395,I1KEC8,0
I1KJ56,A0A0R0ENB3,0
C6SVR8,I1LIA8,0
I1LIK8,A0A0R0KE62,0
I1KQG7,K7MNP5,0
I1JTW0,A0A0R0K7U0,0
A0A0R0G6V6,I1NCF8,0
K7MMR4,I1KTI0,0
I1K8N0,A0A0R0EJV2,0
O48548,C6TFX5,0
I1MWF0,I1NAF6,0
I1JWH5,I1JRJ3,0
I1MYX8,A0A0R4J426,0
C6SWA0,I1KZK2,0
I1NH73,K7N5K2,0
I1J553,K7LK09,0
I1L653,I1J9I1,0
I1L0M6,I1JMK4,0
I1MTX9,I1KQE3,0
C6SWI9,I1LVN3,0
A0A0R0HN81,K7KVK2,0
I1J5B0,A0A0R0HSA0,0
C6SVB5,I1MNU2,0
I1LGQ1,I1NG45,0
I1MXT2,I1LL05,0
A0A0R0L098,K7MMD7,0
I1JDH6,I1N898,0
I1K9P1,A0A0R0JTV5,0
A0A0R0JZD5,A0A0R4J2Q5,0
A0A0R0JES0,C6TIQ7,0
I1KYS6,I1M5B6,0
A0A0R0GG96,I1JC65,0
K7LSH9,I1JUQ0,0
C6SYE0,A0A0R0GJV8,0
K7M5W5,A0A0R0JBL2,0
Q2PMU2,I1JMK4,0
I1JR41,A0A0R0L4P0,0
A0A0R0F0T6,I1NG45,0
I1K725,C6TGZ1,0
I1NIJ9,I1MQC8,0
K7MZP6,A0A0R0KWT5,0
C6TK75,C6T5U0,0
C6T3K0,I1MZV4,0
K7M5W5,M1FN34,0
C6T2H2,I1LH18,0
I1K620,I1JD07,0
K7K1Z2,A0A0R0GJV8,0
I1JDR2,A0A0R0FGT9,0
A0A0R0FX46,K7N1L5,0
I1MNK0,I1L9K4,0
K7KE09,I1L3P5,0
O48548,A0A0R0L828,0
K7N5D4,I1NCF8,0
K7LTQ1,I1MW74,0
I1M3Q8,I1KZY8,0
I1N1V6,K7KTS8,0
K7LHR2,C6T0A0,0
C6TNL5,I1K2I1,0
I1LJW2,A0A0R0L0E7,0
I1NDC0,I1MRI5,0
C6TKW2,K7L7W0,0
K7LEG0,C6T4V3,0
K7MS88,C6SZQ0,0
I1JRL7,I1LW00,0
I1LS70,K7M9T4,0
A0A0R0K0L0,K7M9T4,0
C6TK75,Q2PMR3,0
P09755,A0A0R0FGT9,0
A0A0R4J3Y6,I1MW51,0
I1KQE2,I1JUQ6,0
I1LWR7,K7MNN5,0
I1LD74,I1NIE5,0
A0A0R4J3Y6,Q2PMR3,0
C6SXJ9,I1MQC8,0
K7MZ38,I1LVN3,0
C6T7N2,I1L3P5,0
I1KR80,A0A0R0K0K3,0
A0A0R0FNM4,A0A0R0FM97,0
K7KDM1,C6T0A0,0
I1JTW0,I1MQC8,0
I1L3P6,K7N129,0
I1KMP8,K7LY43,0
I1N056,A0A0R0FB78,0
I1N8Q6,I1MGG7,0
I1N1Y6,I1MSN3,0
I1K911,I1KM19,0
A0A0R0JLD5,A0A0R0JJI0,0
I1NFS4,A0A0R0FM97,0
I1MBM5,A0A0R0ENB3,0
A0A0R0F2G6,P17093,0
C5NTE7,K7M849,0
I1MHA4,I1LLS4,0
C6TLT3,C6TIK0,0
K7LHR2,K7L9M2,0
A0A0R0GRI6,A0A0R4J2Y1,0
I1LJA4,I1JB64,0
I1JNV3,K7MNP5,0
I1LP56,A0A0R0IZY4,0
I1N1Y6,I1KHJ4,0
I1JUJ6,I1KFL5,0
I1MWF0,A0A0R0FER5,0
I1LDA7,K7MC85,0
I1J7A8,K7L7W0,0
I1KH45,A0A0R0IR73,0
I1NHQ1,I1K6E7,0
I1KVL0,C6SYE1,0
I1LZM7,K7KW44,0
I1JRL7,K7KK86,0
I1KP31,K7LLV5,0
I1JRL7,K7L2R0,0
C6SZM2,A0A0R4J5C5,0
I1KHL6,K7KNC5,0
H2D4C3,A0A0R0KPE1,0
A0A0R0H7N0,A0A0R0K0K3,0
I1N6Z0,I1K3X9,0
I1KQG7,A0A0R0GS25,0
I1MT74,I1KUB2,0
I1LM73,A0A0R0GUR9,0
C6SXP5,I1JC65,0
I1N8P5,I1JRV0,0
C6SWI3,A0A0R0L0E7,0
I1KPQ8,A0A0R0FZM4,0
I1KGI6,A0A0R0KPE1,0
I1MT74,A0A0R0JJI0,0
I1M5E2,K7M6R4,0
I1KFU0,K7KVK2,0
I1JG98,K7MXE0,0
C6SYE0,I1K5K7,0
I1KQE2,I1MZV4,0
K7KE09,I1MU00,0
I1LPZ3,A0A0R0JTV5,0
K7KYE0,I1LH27,0
A0A0R0H8M3,A0A0R0GFM7,0
Q2PMU0,C6SW04,0
K7MS88,I1NAF6,0
I1LD74,I1JYT2,0
I1LWR7,K7L2D7,0
I1L215,K7L4N7,0
I1MY43,I1MPJ4,0
I1LJW2,K7LTB2,0
A0A0R0H7N0,C6SW04,0
I1LUL7,K7KQZ8,0
I1MZ32,I1KEC8,0
I1MNE4,I1LFD2,0
I1JMZ3,K7KK86,0
K7MWR1,A0A0R0FM97,0
A0A0R0I0B9,I1LIA8,0
K7K676,A0A0R0H141,0
I1NF54,C6T2G5,0
I1MWP7,I1L2H4,0
A0A0R0E3E6,K7LY43,0
A0A0R0I8Z5,A0A0R0KE62,0
I1NBE9,I1M5B6,0
O48548,I1LH27,0
I1LYN0,K7L9M2,0
C6T9S5,I1K5K7,0
K7LRU2,C6TD23,0
I1MTX9,I1K5K7,0
K7LW22,I1JD07,0
K7MVB9,K7LTR0,0
C6SYA3,I1NIE5,0
C6SZG8,A0A0R0G7B5,0
I1MJ97,A0A0R0KWT5,0
I1KKD9,I1NCF8,0
I1MLH9,A0A0R0JSJ9,0
I1JIJ4,I1KZY8,0
I1N4X7,I1LVN3,0
C6SWG4,I1LWZ0,0
I1NHQ1,I1L332,0
K7MWR1,I1JUQ0,0
I1JT85,C6TJM4,0
K7K2H1,I1M998,0
M1FN39,I1JMK4,0
C6T507,I1JD52,0
A0A0R4J3D2,K7M4E0,0
A0A0R0GBL8,I1LPJ8,0
I1LR08,I1MJJ9,0
C6T567,I1JVX3,0
K7N5D4,I1KZ09,0
C6T2Y4,C6SZ70,0
I1K5H2,I1KAR1,0
I1MT74,K7N5K2,0
I1JQR6,I1K4R8,0
I1L9A1,I1K3X9,0
H2D4C3,I1K2I1,0
I1LPC3,A0A0R0ENB3,0
C6TLV6,I1MSN3,0
A0A0R0L4N1,A0A0R0FER5,0
I1JRA0,C6TK73,0
I1JMZ3,K7KES1,0
I1K5K3,A1YZE0,0
A0A0R0KTM7,A0A0R0HSA0,0
I1MSC6,A0A0R0GFH3,0
K7K553,A0A0R0GFH3,0
A0A0R0E907,A0A0R0KE62,0
K7LWI3,I1MNS7,0
I1MEZ1,A0A0R0HSA0,0
K7K3W5,A0A0R0FJR0,0
I1KY58,I1KTI0,0
K7M2D8,I1MU00,0
I1J9J7,K7M6R4,0
I1LWR7,I1MC28,0
I1JIW3,A0A0R4J4D0,0
A0A0R4J2N2,K7MXH5,0
C6SXJ9,A0A0R0EG78,0
I1LJ94,I1J8W6,0
A0A0R0F2G6,I1M3W1,0
I1L8G3,K7LFD7,0
I1JS66,A0A0R0JBL2,0
K7MAP3,I1MZV4,0
C6SWL3,I1M5B6,0
I1LIK8,A0A0R0JT51,0
I1NHQ1,C6SYW6,0
I1L1L2,I1JAH7,0
I1JNV3,A0A0R0JBV0,0
I1KHY2,K7MFZ6,0
K7KIU3,I1NCV4,0
A0A0R0K5D9,I1MEF5,0
A0A0R0K0L0,I1KPE7,0
K7L1D3,K7KJB2,0
Q2PMQ9,K7KFY5,0
I1MJM9,I1M1W3,0
A0A0R0JB42,A0A0R0EJV2,0
K7MMR3,C6T4V3,0
K7MC09,A0A0R0GS25,0
K7K553,A0A0R0L5Q1,0
K7LGW1,A0A0R0L828,0
A0A0R0KJP6,K7L6K2,0
A0A0R0JKU3,I1NCV4,0
I1L4B6,A0A0R0KE62,0
C6SWA0,A0A0R0KE62,0
I1MGB0,A0A0R0GUR9,0
I1KPQ8,A0A0R0K7U0,0
I1KFI5,C6T5U0,0
C6TAW8,C6SYW6,0
A0A0R0FKK9,C6TCH4,0
A0A0R0LA89,I1NG45,0
I1JIP5,I1M225,0
I1K2U0,I1MC28,0
C6T084,A0A0R0L5Q1,0
I1LIM0,I1MLJ0,0
A0A0R0FEI0,A0A0R0H141,0
I1LJW2,I1JFW6,0
I1MJ97,I1LVN3,0
I1N1X8,I1KJF2,0
I1LKU1,A0A0R0FX75,0
A0A0R0L372,I1L7G4,0
I1MUN3,K7M6R4,0
K7MWR1,I1LII4,0
K7LQ96,A0A0R0G7B5,0
I1J7S6,K7LHS7,0
A0A0R0KFE8,K7M841,0
I1KJ56,I1NCF6,0
I1KHL6,K7M864,0
I1J5B0,K7L6N7,0
A0A0R0G342,I1KD82,0
I1KB26,I1JVX3,0
I1K5H2,I1MRP6,0
A0A0R0KCY1,A0A0R0JQJ0,0
I1JW64,I1JE09,0
I1KXI7,Q2PMR3,0
A0A0R0KNE1,I1KJD2,0
I1KY58,K7L939,0
A0A0R0HXE9,I1M5B6,0
C6TGR3,A0A0R0GPH9,0
I1KJW4,I1LM96,0
I1JWF0,I1MVC6,0
I1KZI6,C6SZ70,0
K7MD28,A0A0R0GWH6,0
C6T5Z0,A0A0R4J4D0,0
K7MC09,I1L7G4,0
I1KPA1,I1MTV9,0
K7KTT9,I1JK31,0
A0A0R0GG96,C6SW04,0
C6SVR8,I1N8M8,0
I1N0R5,A0A0R0EYS5,0
A0A0R0H8M3,I1JM18,0
K7MTC4,I1K970,0
I1N0U4,I1K642,0
K7KGE9,K7L2R0,0
K7M5T0,K7LIE3,0
A0A0R0F077,A0A0R0HSH0,0
I1L524,I1L9K4,0
A0A0R0F7J9,K7MGQ2,0
I1MGG3,P17093,0
I1JNV3,I1L3P5,0
K7LRU2,A0A0R0IT62,0
I1K5K3,A0A0R0HV63,0
C6SYQ2,C6SW04,0
C6SWD4,A0A0R0E934,0
I1M757,K7KNC5,0
K7MCH3,K7LQV0,0
A0A0R0LA89,C6SZG1,0
K7MXS9,K7LTB2,0
K7LLK0,I1M225,0
I1JE93,A0A0R0F214,0
A0A0R0JS60,K7M841,0
K7MVB9,I1MW51,0
A0A0R0IAV3,C6TIK0,0
A0A0R4J354,K7KJB2,0
I1MWF0,K7MXH5,0
K7K2H1,I1MQC8,0
I1KQG0,A0A0R0K0K3,0
K7LVE4,K7N129,0
I1KTD4,I1KMS8,0
A0A0R0GE56,K7KK74,0
A0A0R0KFE8,A0A0R4J488,0
I1K0C4,I1MK72,0
I1J9J7,I1N5D5,0
I1KEG8,K7KNC5,0
C6TBQ2,I1KEC8,0
K7KVG4,C6SWS6,0
C6TKG0,K7MRF5,0
I1JDP3,C6SYW6,0
I1KZW4,I1MLF1,0
C6T1E6,K7KES1,0
A0A0R0G342,K7LLV5,0
I1KRZ2,I1JAH7,0
I1JDR2,A0A0R0JJI0,0
I1KDB2,A0A0R4J384,0
I1MBA2,A0A0R0GAQ8,0
C6T2H2,K7K4C7,0
C6SWZ1,I1KJD2,0
A0A0R0G5V6,K7LK09,0
K7MD28,I1MW51,0
I1NJ79,I1L9K4,0
I1N1Y6,I1LLK1,0
C6SYE0,A0A0R0ESZ8,0
I1LYQ9,A0A0R0GBB6,0
K7MMR4,K7LSG2,0
I1MSD9,A0A0R0H141,0
I1JFS9,I1LH18,0
I1MK36,I1N780,0
I1NGD2,K7LQV0,0
I1JVN0,I1KYL4,0
C6SVF8,K7KW44,0
I1LZM7,A0A0R0KE62,0
A0A0R0HXE9,K7KH93,0
K7L8H2,C6SW04,0
A0A368UH03,K7LTR0,0
I1LKQ4,I1K2I1,0
C6T7N2,I1LWZ0,0
A0A0R0K5D9,K7MFZ6,0
I1JYG6,I1L332,0
K7KP66,K7LSG2,0
A0A0R0ESI3,I1JAH7,0
K7LWN2,I1K2I1,0
I1KTS9,I1M269,0
I1KPA1,A0A0R0IR73,0
I1J870,I1KQE3,0
A0A0R4J4C8,I1KTI0,0
A0A0R0IAV3,K7KWE4,0
I1KRD4,I1M1D5,0
I1NGL5,A0A0R0E934,0
I1M273,C6TD23,0
A0A0R4J4C8,A0A0R0HSH0,0
K7LQ96,A0A0R0L5Q1,0
A0A0R0KCY1,A0A0R0GWH6,0
I1KTS9,I1M1W3,0
C6SYE0,I1MTV9,0
C6T3I8,I1MC28,0
A0A0R4J3Y6,O22518,0
K7KIU3,I1KMS8,0
I1MNM3,A0A0R0FXD4,0
I1LD74,C6SX83,0
C6SWG4,I1LH18,0
I1JS58,I1L9K4,0
I1KBM7,K7N5K2,0
C6TBN8,A0A0R0FTI5,0
I1KQE2,K7KFY5,0
I1N3M5,A0A0R0FZM4,0
K7KFV5,A0A0R0IT62,0
K7M097,I1JMH3,0
K7M5T0,K7LSJ2,0
C6T1P2,A0A0R0JT51,0
I1KXG2,I1MQC8,0
I1JRA0,I1JYT2,0
I1JVU8,I1LH27,0
A0A0R0G5V6,C6T065,0
I1K628,C6TFX5,0
I1JT85,I1N780,0
O48548,I1KSD0,0
C6TNL5,K7M466,0
I1LJ93,I1K215,0
C6T0E4,I1MEQ6,0
I1LPI3,A0A0R0EG78,0
I1KCN1,K7MQG6,0
I1KS36,A0A0R0JJI0,0
I1KAJ2,A0A0R4J426,0
I1MNV4,A0A0R0FGT9,0
P48513,I1K115,0
A0A0R0FX70,I1KJF2,0
I1N0U4,I1M277,0
A0A368UH03,A0A0R0JBV0,0
I1KU09,C6SZG1,0
K7N5D4,K7MNP5,0
K7KGJ8,I1KSD0,0
C6T084,A0A0R0GFL3,0
I1KJW4,I1M269,0
I1MYV4,K7N1T9,0
A0A0R0GE84,I1K9J7,0
I1KPT1,K7KNC5,0
K7MWR1,I1J4B5,0
I1KY58,I1N898,0
I1KHJ6,K7LLV5,0
C6SYA3,I1JRU7,0
A0A0R0F0T6,I1K2I1,0
I1MV96,I1KSL6,0
I1KH45,I1NCF8,0
I1L219,I1LH18,0
I1K0C4,K7LHS7,0
I1KUP5,K7KNC5,0
I1LKQ4,I1MRI5,0
I1MHA4,K7LSG2,0
K7M1G4,A0A0R4J5B7,0
I1J4E1,K7MYK9,0
I1MBA2,C6T5U0,0
I1MLK3,I1J9I1,0
K7MCD1,A0A0R0GG06,0
I1JIJ4,I1KQE3,0
A0A0R0G342,I1JHJ0,0
A0A0R0JB42,K7LK09,0
A0A0R0F077,I1K6E7,0
I1LDA7,A0A0R0FJR0,0
A0A0R0G5A8,I1JHJ0,0
C6TE07,I1JV03,0
I1NF12,K7KQZ8,0
I1KUP5,I1K2I1,0
I1LLA9,K7M9T4,0
I1N439,A0A0R0GFL3,0
C6TKB2,K7K8K7,0
A0A0R0K5D9,K7M9T4,0
I1M4P0,K7M6Z2,0
I1N9S5,K7M841,0
I1LAR7,I1LLK1,0
I1L1L2,I1K146,0
K7K676,A1YZE0,0
C6T3K0,I1KJF2,0
I1KNN1,K7KNC5,0
A0A0R4J4C8,I1J4B5,0
I1JZC3,C6TIQ7,0
A0A0R0FEN9,I1KJF2,0
C6TKL8,I1JD36,0
K7MS88,A0A0R0G7I0,0
I1K096,I1N8M8,0
A0A0R0FKK9,C6T5U0,0
A0A0R0G3G4,A0A0R0GAQ8,0
K7LGW1,I1MJJ9,0
O48548,I1KZ09,0
K7KEV0,K7KJB2,0
C6T883,K7LY43,0
I1L1S1,I1K467,0
I1JM69,K7L2D7,0
I1JUJ8,I1MF50,0
I1K2Z9,I1K5K7,0
A0A0R0H2V0,I1M1D5,0
C6TG81,I1NIE5,0
C6SXF5,I1MNU1,0
I1LPZ2,K7MNP5,0
I1K328,I1LPK5,0
A0A0R0LB39,K7K894,0
I1LZT5,I1JD52,0
K7KDA5,I1JAH7,0
I1JI73,I1M998,0
I1LH11,A0A0R0G7I0,0
K7MCH3,C6TD23,0
C6SWI3,I1JFW6,0
I1M100,K7M592,0
I1K3P0,A0A0R0FX75,0
I1L250,I1JUQ6,0
I1J5B0,K7LQV0,0
K7LQ96,A0A0R0GAQ8,0
A0A0R0G2B9,I1JK31,0
I1M6L1,A0A0R0EKI7,0
I1MNV4,I1MJJ9,0
I1KMS4,I1L171,0
I1KS20,A0A0R0L4P0,0
I1JW21,K7KAB4,0
I1KB25,I1N7F4,0
I1LJI8,K7LY43,0
I1NIJ9,K7N5K2,0
C6SY25,A0A0R4J4D0,0
Q2PMU0,I1MNU1,0
C6T5Z0,C6TGA9,0
K7KDA5,I1MZV0,0
A0A0R0EZ39,C6TN69,0
I1K3P0,I1M998,0
I1MZ47,A1YZE0,0
A0A0R0F0T6,K7M6R4,0
I1MXT2,I1NAJ5,0
I1JXB4,A0A0R0FB78,0
I1JI73,A0A0R0JYX3,0
C6T3I8,I1N8M8,0
K7KDA5,K7MQG6,0
K7KCG5,I1N7F4,0
K7KP67,I1K115,0
I1JMZ4,K7L9M2,0
A0A0R0KNE1,K7LTB2,0
A0A0R0K5X4,C6TNW3,0
I1N1X8,I1JYT2,0
I1M3U2,I1M5B6,0
I1NF54,I1LIA8,0
C6SYA3,A0A0R0GAQ8,0
K7L1B9,K7K4C7,0
I1JS58,A0A0R0HCS6,0
O48901,I1L2H4,0
K7LJF6,K7KQZ8,0
C6SWZ1,A0A0R4J4C3,0
I1N954,I1LUL2,0
I1MNE4,A0A0R0ESZ8,0
C6T1P2,A0A0R0H141,0
I1KPA1,I1NJ53,0
P46279,I1K4R8,0
K7K1Z2,A0A0R0IF42,0
I1K4U3,I1KCY5,0
C6SZL0,K7N5K2,0
C6SVU4,I1K1W8,0
A0A0R0IGP2,I1JYT2,0
K7MGK0,C6TD23,0
A0A0R0KCV3,I1M998,0
I1M757,K7M9T4,0
I1JBJ2,I1KD82,0
I1JWH5,I1JD52,0
I1NIE7,I1LLS4,0
K7M097,I1M1W3,0
I1JL13,I1LXQ3,0
K7M787,A0A0R0H141,0
I1K912,K7K318,0
I1KBL4,K7K318,0
A0A0R4J2K3,K7MM40,0
I1NC77,A0A0R0K0K3,0
K7L3K3,I1JUQ0,0
A0A0R0G6V6,I1JVX3,0
I1L8L5,K7L7W0,0
I1N0W9,K7M6I1,0
I1KC19,A0A0R0L7U5,0
C6T3I8,I1JRJ3,0
I1MU29,I1MNU1,0
C6SVV7,K7LTB2,0
I1JV48,Q43463,0
I1LZ09,I1MRI5,0
I1LAR7,I1JC65,0
A0A0R0L098,I1MW51,0
I1K0C4,K7M466,0
I1M757,C6TBL4,0
I1M0N9,I1LY15,0
I1JYG7,A0A0R0L828,0
C6TKZ4,K7L2D7,0
I1LA00,I1L9K4,0
I1LFW0,I1LR48,0
C6SZM2,I1KHJ4,0
I1LAR7,I1LPW2,0
I1JTW0,I1JMK4,0
K7KCG5,I1K1W8,0
H2D4C3,K7K8Y9,0
I1N0I7,A0A0R0JJI0,0
I1KGI6,K7N5K2,0
I1NGD2,I1NCF6,0
K7K553,I1MQC8,0
K7K8U8,I1KTI0,0
I1J6B5,A0A0R0L7U5,0
A0A0R0I8Z5,I1LGD6,0
A0A0R0EU45,I1K2I1,0
I1MTX9,A0A0R0GPH9,0
I1L215,K7M6J1,0
I1LRE4,I1KTI0,0
I1KR80,A0A0R0KPE1,0
I1KXI7,K7LSJ2,0
C6T7N2,C6SZ70,0
K7K9E1,I1K215,0
A0A0R4J2N2,K7MTL2,0
I1NGD2,I1MJJ9,0
A0A0R0I8Z5,I1KPE7,0
I1LIS4,I1LHS8,0
A0A0R0LFT0,A0A0R0KWL0,0
I1MQB5,I1KYL4,0
I1LRH8,A0A0R4J488,0
I1MQD0,I1NAJ5,0
A0A0R0JLD5,A0A0R0GFM7,0
C6SWD4,I1JRU7,0
C6TKC3,I1JD52,0
A0A0R0L115,A0A0R4J5C5,0
I1K2J5,K7KQZ8,0
I1L6W0,I1MW74,0
I1MGG3,A0A0R0GS25,0
I1N5E8,I1N898,0
C6TC92,A0A0R0KWT5,0
C6TLV6,I1LLS8,0
A0A0R0J2L9,A0A0R0GJV8,0
I1KIB3,K7L6K2,0
I1KMS4,A0A0R0JT51,0
I1N6Z0,K7N1L5,0
A0A0R0JYY8,K7MFZ6,0
I1L412,K7K894,0
I1LIR4,K7KES1,0
I1NF54,I1LPJ8,0
I1LZ09,I1MTV9,0
K7KPJ4,I1MJJ9,0
I1MM64,I1MNS7,0
I1N9I5,K7LCS7,0
A0A0R0FX46,I1KJF2,0
C6TBQ2,I1KSL6,0
A0A0R0IHF9,A0A0R0JJK0,0
I1LPZ3,I1KZ09,0
I1JRL7,I1LVN3,0
I1NF54,A0A0R0KPE1,0
K7MS88,K7K318,0
K7KGE9,K7LTR0,0
C6TD73,K7M849,0
I1LUL7,I1MNU2,0
A0A0R0JES0,I1LW00,0
C6TKC3,I1MSN3,0
A0A0R0KCV3,A0A0R0KWL0,0
A0A0R0GE56,A0A0R4J5B7,0
I1LKU1,A0A0R0L828,0
I1LM73,I1JV03,0
A0A0R0LFT0,Q43463,0
K7KEV0,K7N1L5,0
C6TKC3,C6TIK0,0
K7L240,A0A0R0FXD4,0
I1L250,I1KZK2,0
I1MLK3,I1MNS7,0
I1JFS9,K7KJB2,0
I1J7S6,I1JYT2,0
I1KUP5,C6TJM4,0
K7LGW1,I1MNV2,0
I1JS66,C6TIK0,0
K7N0U1,I1N761,0
K7L3K3,A0A0R0ENB3,0
A0A0R0GZZ6,K7KH93,0
I1L1S1,I1L332,0
K7KIU3,K7L6N7,0
K7MGK0,K7KNC5,0
I1N0F1,C6SZ70,0
C6TFR5,K7MFE5,0
I1M7C1,I1JFW6,0
I1N8Y6,K7KES3,0
K7K553,I1KXK6,0
I1K8N0,I1M269,0
I1KUT8,C6SZQ0,0
A0A0R0LA89,A0A0R0HSA0,0
C6TFR5,I1JV03,0
K7N0U1,I1JAH7,0
C6TBQ2,I1LLS8,0
C6T2Z2,A0A0R0JT51,0
C6T426,I1J547,0
K7L8H2,A0A0R0HCS6,0
K7KE09,A0A0R0GS25,0
I1KVL0,I1MTV9,0
K7L9V3,A0A0R4J5B7,0
A0A0R0G3G4,I1KH38,0
I1LJW2,I1JVX3,0
Q2PMQ9,P17093,0
I1KS36,K7M864,0
I1KGI6,I1LIA8,0
A0A0R0L4N1,I1K2I1,0
K7KTT9,K7L6K2,0
K7LJF6,A0A0R0FEN3,0
A0A0R0FEN9,A0A0R0JBL2,0
I1J7S6,A0A0R0H141,0
I1LUI7,K7LNG6,0
K7LQ96,I1K5B6,0
I1MUQ7,I1NCF6,0
K7K8U8,A0A0R0G7B5,0
K7M787,I1KH38,0
I1LYU9,A0A0R4J384,0
C5NTE7,I1JE09,0
K7KDM1,I1NCF6,0
I1KBQ5,I1J8C9,0
I1KEG8,A0A0R0GS25,0
I1JU70,I1JMZ7,0
A0A0R0ERF9,K7M864,0
I1JU70,K7MXH5,0
I1K2J5,K7KK74,0
I1KMP8,I1LIT1,0
K7MGK0,I1M998,0
A0A0R0EU45,I1L3P5,0
A0A0R0E907,I1MZV4,0
A0A0R0EFE2,A0A0R0IF42,0
I1MTH0,I1LL05,0
I1LS70,I1KLS1,0
C6TC92,I1JB64,0
I1JHC2,C6SYE1,0
C6T8R7,A0A0R0ESZ8,0
I1LPC3,K7LFD7,0
I1LYN0,I1JB64,0
A0A0R0L4N1,I1N898,0
I1JWH5,I1NCF6,0
I1K2U0,K7KVK2,0
A0A0R0E907,I1MGG7,0
A0A0R0JES0,K7KK74,0
I1MUC0,K7KQZ8,0
I1L9A1,A0A0R0JBV0,0
A0A368UHM1,I1KCY5,0
I1KPU4,K7M9T4,0
A0A0R0JYB5,C6TN69,0
I1N3M5,I1K2I1,0
I1MTX9,K7M846,0
I1LRH8,A0A0R0IZY4,0
I1L6W0,K7LY43,0
C6TMM7,A0A0R0EDS9,0
C6SWG4,A0A0R0JYX3,0
I1KQE8,K7M6I1,0
I1K4D7,I1MJJ9,0
I1JE38,I1KAR1,0
I1L5Z7,I1NCF6,0
K7KY63,I1NC50,0
I1MKM3,K7LK09,0
A0A0R0L4N1,K7M466,0
I1LUL7,A0A0R0IR73,0
K7KKB2,I1LXQ3,0
I1MSD9,O22518,0
A0A0R0F0T6,A0A0R0EG78,0
I1NC77,I1LIT1,0
K7MRX6,I1KD82,0
I1LHY4,I1J547,0
K7MZP6,K7M864,0
Q2PMS6,I1K6E7,0
C6SWI9,K7KTS8,0
I1L0M6,A0A0R0GWH6,0
I1JG98,A0A0R0L4P0,0
I1KKD9,I1MW51,0
I1KPU4,C6SYE1,0
I1L219,I1LM96,0
A0A0R0ERF9,K7K318,0
I1L5H8,A0A0R0FM97,0
A0A0R0ERF9,I1K1W8,0
A0A0R0KXY9,I1JUQ0,0
C6SZY0,I1J547,0
A0A0R0HDM5,A0A0R4J5K6,0
C6TBJ1,K7LSJ2,0
I1MUQ7,I1MC28,0
I1M7B9,I1LG13,0
I1JHN5,I1MZV0,0
I1MUC0,K7M6R4,0
I1J4E1,A0A0R4J2Q5,0
K7K794,K7KH93,0
K7MH53,I1MZV4,0
I1J8V4,I1KQE3,0
I1KQP3,I1LGD6,0
A0A0R0KH89,A0A0R0EG78,0
I1NF12,K7LY43,0
I1JY87,I1J8C9,0
I1JWF0,I1JAH7,0
I1JMZ3,A0A0R0JT51,0
I1M0C3,I1MNV2,0
I1JFF6,I1K642,0
A0A0R0L8Y1,A0A0R0JRI8,0
K7MGK0,A0A0R4J2Q5,0
A0A0R0IHF9,I1M1D5,0
I1J6B5,C6SZ70,0
I1JY67,K7LLV5,0
A0A0R0KFE8,I1KM19,0
I1MRY0,I1KQE3,0
K7MI53,C6SZG1,0
I1KLS4,I1NG45,0
I1M0N9,A0A0R0KWL0,0
I1N9E1,A0A0R0GJV8,0
I1JAF7,I1LVN3,0
I1L1N3,I1MW51,0
K7L1D3,I1K3X9,0
I1MNK0,I1MNU2,0
A0A0R4J2N2,K7LSJ2,0
A0A0R0GBL8,I1K6E7,0
K7KLI7,A0A0R0GBB6,0
C6SZM2,K7K8Y9,0
I1KHY2,C6TD23,0
I1KJT5,K7LTB2,0
I1KAJ2,A0A0R0JTV5,0
I1MK96,I1LH27,0
K7LUF9,I1NCF8,0
I1J7S6,A0A0R0HCS6,0
A0A0R0KCY1,C6TJM4,0
A0A0R0JB42,A0A0R0KPE1,0
I1M2R5,I1LLK1,0
I1MYX8,K7N129,0
I1KB25,K7KES3,0
I1LGQ1,C6SW04,0
I1NJ79,K7LCS7,0
I1KUT8,A0A0R0GFL3,0
I1M273,K7LTB2,0
I1L9A1,I1NAF6,0
A0A0R0HSJ1,C6TN69,0
I1LC01,A0A0R0L4P0,0
C6T567,A0A0R0K6I2,0
A0A0R0FSY2,K7KWE4,0
A0A0R0IHF9,I1JMZ7,0
I1K3P0,C6TGA9,0
A0A0R0HSJ1,I1MSN3,0
I1JR41,I1K115,0
I1MHS1,I1KZ09,0
A0A0R0FX46,K7N1T9,0
I1K9B8,A0A0R0JBV0,0
A0A0R0JH35,I1K467,0
I1KP31,I1K467,0
A0A0R0EWX9,K7MYK9,0
O48548,I1KTI0,0
I1KXI7,I1K4R8,0
I1LBV2,K7N145,0
I1KXG2,A0A0R0GPH9,0
K7KZ42,A0A0R0GWH6,0
A0A0R0LA89,K7L939,0
I1LM73,K7KK74,0
I1JVU8,I1K215,0
I1JI73,I1MZV0,0
I1KD09,A0A0R4J5C5,0
A0A0R0FX70,A0A0R0GJV8,0
K7MXS9,K7M592,0
I1N8Q6,I1KYL4,0
I1N8M4,I1N761,0
K7LGW1,K7N129,0
I1JIJ4,A0A0R0FB78,0
I1LJ93,I1L332,0
K7KLF0,I1N761,0
I1LSM6,I1L3P5,0
C6TKG0,A0A0R0KE62,0
K7LHR2,I1K1W8,0
K7L3P2,I1JK31,0
A0A0R0ET54,A1YZE0,0
I1LD74,A0A0R0H141,0
I1KU09,A0A0R0GPH9,0
I1NGD2,A0A0R0L7U5,0
I1MC26,I1NG45,0
I1LIH7,I1J547,0
C6TBN8,A0A0R4J384,0
C6SXP5,K7MNN5,0
K7MNC0,C6T0A0,0
K7L395,A0A0R0L828,0
C6T968,K7M6Z2,0
I1M0S4,K7N145,0
K7M5I5,A0A0R0G7B5,0
I1N0W9,I1N780,0
C6SVB5,K7KTS8,0
I1LGB1,I1M269,0
I1K5H2,I1MNV2,0
K7MPL4,P17093,0
K7N0X7,K7LHS7,0
I1KGI6,K7MTL2,0
I1JW21,M1FN34,0
I1KJ98,A0A0R0GFM7,0
I1LPJ3,K7MNN5,0
I1J6B5,I1KCY5,0
I1NHI4,I1NAJ5,0
I1KB26,A0A0R0JT51,0
I1LD74,I1LPJ8,0
I1JNV3,I1LL05,0
I1N0F1,A0A0R4J5C5,0
I1LMW7,K7KJB2,0
K7M097,K7N0V8,0
C6F117,A0A0R0HSA0,0
I1LJW2,I1JV03,0
I1N0W9,I1LPW2,0
I1N0F1,K7KAB4,0
C6TC92,K7L7W0,0
C6T1P2,K7KVK2,0
A0A0R0INQ5,K7N1T9,0
I1LPI3,C6TCH4,0
I1JAG0,I1K1W8,0
I1NDG6,K7M864,0
K7LRU2,A0A0R0G7I0,0
K7MCD1,K7MM40,0
I1JNB0,A0A0R0G7I0,0
I1LZT5,A0A0R0L5Q1,0
K7N0X7,A0A0R0FM97,0
A0A0R4J3R4,I1LEC4,0
I1KBB6,A0A0R0L828,0
I1K2Z9,K7LIE3,0
C6TNL5,K7M841,0
A0A0R0EWX9,I1LII4,0
I1MRS5,A0A0R0JTV5,0
I1MK36,I1L2H4,0
I1LPI3,K7MFE5,0
I1JWF0,A0A0R0JTV5,0
I1MM89,K7M849,0
A0A0R0EWX9,A0A0R0KWT5,0
I1MY33,I1N7F4,0
A0A0R0EYA9,I1K146,0
M1FN39,K7LLV5,0
A0A0R0F2G6,I1MJJ9,0
I1JRA0,I1K1W8,0
A0A0R0L2U1,I1JRJ3,0
K7N5D4,I1JE09,0
I1KBM7,I1N898,0
I1N0U4,A0A0R0GPH9,0
I1JUT9,A0A0R0GWH6,0
A0A0R0F2G6,I1KJF2,0
I1MUC0,I1LHS8,0
A0A0R0I8Z5,K7N0V8,0
I1M3Q3,P17093,0
A0A0R0JKU3,I1N8M8,0
I1MTH0,I1L171,0
I1NH98,I1LLK1,0
C6SXM9,I1KAD1,0
C6TC92,A0A0R4J4D0,0
I1JCY0,K7MFZ6,0
A0A0R0GRI6,A0A0R0HSH0,0
I1NF12,C6TGZ1,0
C6SVB5,K7MXE0,0
K7KIU3,I1LIT1,0
I1J553,I1M1W3,0
I1KS36,I1L3P5,0
I1LZT5,I1KH38,0
C6TD73,K7MNP5,0
I1KGZ6,I1LFD2,0
I1K628,I1MZV0,0
I1L8S1,K7K894,0
I1MVG5,K7L4N7,0
I1M717,K7K8K7,0
K7MAP3,I1L3P5,0
A0A0R0FQN0,K7LFD7,0
I1KU09,A0A0R0EYS5,0
I1LZM7,I1KVC1,0
I1KH45,I1MGG7,0
I1JL13,I1JRV0,0
I1KUT8,I1K5B6,0
A0A0R0F2G6,K7N0V8,0
I1JQR6,K7K4C7,0
C6SXP5,I1K6E7,0
A0A0R0F077,A0A0R0G7B5,0
K7KLF0,I1KZK2,0
I1L412,A0A0R4J4D0,0
I1LFW0,A0A0R0FB78,0
K7MI53,K7MTL2,0
I1LZM7,I1JE09,0
A0A0R0GRI6,A0A0R0G7B5,0
I1NDC0,A0A0R0KVY6,0
K7KY63,I1K5B6,0
K7KDM1,K7LK09,0
I1MRS5,I1MU00,0
P48513,C6TFX5,0
I1K628,K7M864,0
K7KTT9,A0A0R0GFH3,0
A0A0R0GJ85,I1M277,0
I1L1S1,A0A0R0IR73,0
I1MSC6,I1KJD2,0
I1NGD2,A0A0R0G7B5,0
I1LGB1,I1ML11,0
I1KB26,A0A0R0JRI8,0
I1LJA4,I1MRP6,0
C6SWG4,K7MNN5,0
A0A0R0JYY8,A0A0R0JJI0,0
A0A0R0EZ39,K7LY43,0
I1JL13,A0A0R0K6I2,0
I1KTS9,I1LUE0,0
I1MM64,K7M592,0
A0A0R0G5V6,I1L3P5,0
I1M0N9,I1MF50,0
I1KD09,I1LR48,0
I1KC19,A0A0R0FZM4,0
I1LC01,K7KNC5,0
I1JT85,I1KAD1,0
I1KZJ7,P17093,0
I1JML1,A0A0R0L828,0
I1LYN0,I1KSL6,0
I1MUQ7,I1JHJ0,0
C6T1P2,A0A0R0KWL0,0
I1JDP3,I1N898,0
A0A0R4J2K3,I1KJD2,0
K7LTQ1,I1KUB2,0
C6TFR5,I1K5B6,0
C6T2H2,A0A0R0HCS6,0
I1N6Z0,K7M466,0
A0A0R0FQN0,A0A0R0ENB3,0
A0A0R0FX46,A0A0R0L7U5,0
A0A0R0EI44,K7M6I1,0
I1LRH8,C6T4V3,0
I1MLZ0,K7LK09,0
A0A0R0LFT0,I1LII4,0
K7KDM1,I1KXK6,0
C6TNX5,I1K146,0
A0A0R4J2N2,C6TJ17,0
I1JVN0,I1LUL2,0
A0A0R0JB42,I1LH18,0
C6TKW2,I1K6E7,0
C6F117,A0A0R0GBB6,0
K7M097,K7L9M2,0
K7LGW1,I1JYT2,0
I1MY33,I1L7G4,0
I1KC19,I1LPJ8,0
I1JNB0,K7N1T9,0
A0A0R0KNE1,K7K894,0
I1KGN6,A0A0R0ENB3,0
I1M7C7,I1K5B6,0
C6T3I8,I1JFW6,0
I1M3Q3,I1JV03,0
C6SWD4,I1KAR1,0
I1N0R5,C6T2G5,0
K7MNC0,A0A0R0K7U0,0
I1KCH6,C6T4V3,0
I1KZJ7,C6TCH4,0
I1K725,K7KTS8,0
A5Z2K3,A0A0R0FGT9,0
P48513,I1J4B5,0
I1JDR2,K7MMD7,0
K7LRU2,I1LVN3,0
I1J553,C6SYE1,0
A0A0R0L4N1,I1K6E7,0
I1L3P6,I1L2H4,0
K7KDA5,K7M592,0
A0A0R0JES0,I1N898,0
I1KCN1,I1NCV4,0
C6SVV7,K7LIE3,0
I1NDG6,I1MEQ6,0
I1KXI7,C6SW04,0
I1MK96,I1N898,0
K7LZZ5,K7K8Y9,0
I1MHH7,I1KZK2,0
I1MSC6,A0A0R0GWH6,0
I1JDR2,I1LH27,0
K7M142,K7M4E0,0
I1KQG7,K7LNG6,0
K7K8U8,I1KZK2,0
I1J8V4,C6TD23,0
C6SVV7,I1KHJ4,0
I1MEN1,A0A0R0G7B5,0
K7K553,I1KFL5,0
I1N439,C6TD23,0
I1LIM0,I1LIT1,0
A0A0R0KCY1,I1K642,0
K7M4N3,A0A0R0JRI8,0
I1MFH3,I1MJJ9,0
I1JMZ4,C6TD23,0
K7MI53,C6SWS6,0
I1JP52,I1ML11,0
K7MNC0,I1KLS1,0
K7KLI7,A0A0R0JT51,0
C6SZ22,I1M269,0
A0A0R0JKU3,I1KYL4,0
A0A0R0ESI3,K7KK86,0
A0A368UHM1,C6TJ17,0
K7MST2,A0A0R0JSJ9,0
I1MYV4,I1MZV0,0
I1N8Q6,I1K9J7,0
K7LW22,A0A0R0KWL0,0
I1LAR7,I1K1W8,0
I1KS20,A0A0R0HV63,0
I1K650,I1MNU2,0
K7MPL4,K7L2R0,0
I1L524,I1J8C9,0
K7KDA5,I1MZV4,0
A0A0R0GZZ6,K7KK74,0
A0A0R0HSJ1,K7L2R0,0
P09755,I1LIU7,0
I1LHR1,A0A0R0ESZ8,0
I1K8N0,C6T4V3,0
K7K676,I1KSD0,0
I1LRE4,K7MXH5,0
A0A0R0GCF5,I1KZK2,0
C6TG99,A0A0R0FX75,0
I1L1S1,K7L2R0,0
I1KYD6,K7MQG6,0
I1JAF7,C6TK73,0
A0A0R0KJP6,I1KAR1,0
C6T083,I1KHJ4,0
K7M5W5,K7KFY5,0
K7KTT9,C6T2G5,0
I1K2J5,C6TN69,0
A0A0R0FYN8,K7KJB2,0
I1MSD9,K7MNN5,0
K7KPJ4,I1MW51,0
C6TAW8,K7M846,0
Q2PMT2,I1KCY5,0
A0A0R0J2L9,K7MTL2,0
A0A0R0G342,I1K2I1,0
K7K553,C6TNW3,0
K7K2H1,A0A0R0JBV0,0
A0A0R0HHZ3,A0A0R0GS25,0
I1LZW4,I1LG13,0
I1LJA4,A0A0R0G7B5,0
I1N8P5,I1L9K4,0
I1N5E8,A0A0R0FGT9,0
I1MXT2,A0A0R0KWL0,0
I1JVN0,I1JMZ7,0
C6SW69,I1J9I1,0
I1KPT1,I1N8M8,0
I1LIS4,A0A0R0KE62,0
I1LRB0,K7N129,0
I1KQC7,C6SWS6,0
C6T0U3,C6SYE1,0
K7LIW2,A1YZE0,0
I1MP46,K7L9M2,0
K7KCG5,C6TIQ7,0
K7LUF9,I1K5B6,0
A0A0R0KTM7,K7MNP5,0
P09755,I1ML11,0
I1LLA9,C6TGZ1,0
I1L0M6,K7MFZ6,0
I1KTS9,I1MU00,0
I1LWR7,I1J9I1,0
I1KS88,I1NCF8,0
A0A0R4J2W3,P17093,0
I1MC39,K7LTB2,0
I1L8G3,K7KJB2,0
I1JVP4,I1MZV0,0
I1L1N3,K7L2D7,0
I1N1Y6,K7N0V8,0
A0A0R0ERF9,A0A0R0HV63,0
I1MBA2,C6SZQ0,0
C6SXP5,A0A0R4J4D0,0
I1MFH3,A0A0R0IZY4,0
I1KQC7,I1KUB2,0
A0A0R0GE56,I1LPJ8,0
A0A0R0FEI0,A0A0R0L7U5,0
I1L524,I1M998,0
K7K9E1,A0A0R4J4C3,0
A0A0R0FKK9,I1J547,0
I1K911,C6TCH4,0
C6SWA0,A0A0R0L4P0,0
I1JE93,K7LNG6,0
I1MVG5,K7KK74,0
A0A0R0KFE8,K7KFY5,0
K7LQ96,K7L2D7,0
I1LYN0,K7LSJ2,0
I1KMP8,I1JC65,0
I1KBM7,K7L9M2,0
I1LS70,A0A0R0L4P0,0
K7KY63,I1MGG7,0
I1LG61,K7M466,0
I1KQ68,A0A0R0FER5,0
I1NDG6,A0A0R0K6I2,0
I1JMT0,I1K4R8,0
I1KYS6,K7MTL2,0
A0A0R0EYA9,I1NAF6,0
I1N8Y6,I1MLJ0,0
I1MBW8,C6TJM4,0
C6T3G1,I1MW74,0
A0A0R0LB39,I1JRU7,0
K7KDA5,K7KES1,0
I1LVX2,K7KNC5,0
I1LGI1,I1LIA8,0
I1N0W9,A0A0R4J384,0
A0A0R0G2B9,K7KES3,0
I1KZW4,I1JRJ3,0
I1KQG7,K7KH93,0
I1KX98,A0A0R0HCS6,0
I1K5J5,I1KM19,0
I1LIM0,I1LVN3,0
O48548,K7M6Z2,0
A0A0R0I8Z5,K7M841,0
I1JL13,I1KVC1,0
I1LCX3,I1M5B6,0
C6SVU4,A0A0R0JTV5,0
K7M097,I1LG13,0
I1LYN0,A0A0R0ENB3,0
C6SXM9,C6SZ70,0
C6T8R7,I1NCV4,0
K7LHR2,A0A0R4J5B7,0
I1JCY0,I1KYL4,0
I1N8Y6,A0A0R0EG78,0
I1JAF7,I1K146,0
A0A0R0IAV3,I1MEQ6,0
I1N1Y6,I1LEC4,0
I1JFS9,C6SZG1,0
K7KLI7,I1LLK1,0
K7L1B9,K7N1T9,0
K7N0U1,I1ML11,0
K7MMR3,I1LLK1,0
A0A0R0IHF9,I1LM96,0
I1LUL7,A0A0R0JSJ9,0
I1JIW3,I1JC65,0
I1N7K6,K7M849,0
I1LM73,K7M846,0
I1LRB0,I1MRI5,0
K7MS88,K7LIE3,0
I1JMT0,K7LFD7,0
I1N1V6,I1M269,0
I1K2U0,K7N1T9,0
I1MLH9,I1MZV0,0
C6T567,K7KH93,0
I1KJL3,I1MRI5,0
K7KCG5,I1MNV2,0
C6SZM2,K7KFY5,0
I1JT85,K7LFD7,0
I1LJ93,I1JUQ0,0
I1J7S6,A0A0R4J4C3,0
I1JY87,K7N0V8,0
A0A0R0KNS7,I1LLS8,0
I1JE83,I1J8C9,0
I1L1L2,I1NAJ5,0
A0A0R4J3R4,I1K3X9,0
I1LMQ5,A0A0R0EYS5,0
A0A0R0I8Z5,A0A0R4J426,0
A0A0R0GJ85,I1J547,0
I1LWR7,I1J547,0
I1KIB3,I1LH18,0
I1KQB9,K7M864,0
I1N1V6,A0A0R0GPH9,0
C6T3K0,K7MM40,0
C6SVU4,K7MRF5,0
I1J7A8,I1M5B6,0
I1KRZ2,K7KW44,0
I1JS66,C6T5U0,0
I1M4P0,I1LM96,0
C6T083,K7N1L5,0
I1LVX2,I1LIT1,0
A0A0R0KCV3,C6SYE1,0
A0A368UHC3,K7M849,0
I1JU70,I1N7F4,0
I1MEN1,K7K8Y9,0
A0A0R0HXE9,K7MQG6,0
C6T9S5,I1J4B5,0
I1LGQ1,K7LSJ2,0
I1KYS6,I1LW00,0
I1KXG2,I1JD07,0
A0A0R0G5A8,I1MW51,0
K7LLK0,K7N1T9,0
I1KGN6,I1KD82,0
I1LC20,C6TK73,0
K7LHR2,I1J4B5,0
I1KQB9,I1KUB2,0
C6TLT3,C6TN69,0
I1JT85,I1KQE3,0
A0A0R0H2V0,A0A0R4J4D0,0
I1MUQ7,I1LIA8,0
I1MNK0,A0A0R0G7B5,0
A0A0R0KCY1,I1N5D5,0
I1NCS8,K7MNN5,0
I1LVX2,I1KXK6,0
A0A0R0G3G4,K7MRF5,0
K7M2D8,I1JRV0,0
A0A0R0JB42,A0A0R4J4H3,0
K7LJV1,A0A0R0F214,0
C6TBN8,C6T5U0,0
I1JXQ3,I1KJD2,0
I1KR80,C6T2G5,0
I1JUT9,I1KH38,0
I1KJ98,I1JMZ7,0
I1K2J5,I1LIT1,0
A0A0R0GCF5,A0A0R0IZY4,0
I1L1N3,K7N129,0
K7KP67,A0A0R0FM97,0
C6TD73,I1JFW6,0
A0A0R0KNE1,K7KWE4,0
I1LUL7,I1LXQ3,0
I1LGB7,Q43463,0
I1JTW0,I1M5B6,0
K7LWI3,I1MF50,0
I1NBE9,K7MMD7,0
I1M3Q3,I1LUL2,0
A0A0R0G342,A0A0R0ENB3,0
I1NDG6,I1KEC8,0
I1NBE9,I1N898,0
A0A0R0IHF9,K7M6I1,0
I1N439,A0A0R0GPH9,0
K7LUF9,I1J9I1,0
I1K5G1,K7MTL2,0
K7MGK0,I1MJJ9,0
I1LMQ5,I1MVC6,0
I1LGI1,I1LM96,0
I1JV48,I1K467,0
K7M142,I1KJF2,0
I1L1L2,A0A0R4J384,0
P46279,I1KUB2,0
K7KVG4,A0A0R0KPE1,0
K7LIW2,I1JD36,0
I1J5Q1,I1KAR1,0
K7MMF4,A0A0R0K6I2,0
K7LTQ1,I1LFD2,0
I1K096,A0A0R0JRI8,0
C6F117,A0A0R0HCS6,0
K7MD28,I1LIA8,0
A5Z2K3,I1LIA8,0
C6TKC3,A0A0R0FGT9,0
I1KUP5,K7K8K7,0
K7LGW1,K7LY43,0
A0A0R0L2U1,A0A0R0JSJ9,0
A0A0R0EU45,C6TFX5,0
A0A0R0KTM7,I1KYL4,0
I1K911,I1KAD1,0
A0A0R0J2L9,A0A0R0JBL2,0
C5NTE7,I1MNU1,0
K7MD28,I1KZ09,0
A0A0R0KH89,K7MGQ2,0
C5NTE7,C6T5U0,0
I1LBV2,I1MF50,0
I1JUI1,A0A0R0KPE1,0
C6F117,C6SX83,0
I1K4D7,K7L2D7,0
K7MI53,I1MPJ4,0
I1KHL6,C6TD23,0
K7MC09,I1JC65,0
I1JU70,K7LCS7,0
I1NBC2,A0A0R4J2Y1,0
I1KPU4,A0A0R0FEN3,0
I1JW64,K7K8K7,0
I1JKP1,I1JK31,0
I1N1V6,A0A0R0K6I2,0
I1L1N3,I1LGD6,0
I1LGI1,I1MEQ6,0
I1JL13,K7N145,0
I1KTS9,A0A0R0GPH9,0
C6SZM9,K7MXE0,0
A0A0R0INQ5,I1JV03,0
I1LZT5,A0A0R0GPH9,0
C6T1P2,I1MVC6,0
I1KJ98,A0A0R0FX75,0
I1NIJ9,I1KEC8,0
I1MBR7,K7M9T4,0
C6TGR3,I1NAJ5,0
C6SZG8,I1MLJ0,0
I1LBV2,K7MQG6,0
A0A0R0HXE9,C6TCH4,0
I1J7A8,I1LIA8,0
K7MAP3,K7KJB2,0
I1L8L5,A0A0R0L5Q1,0
K7MAP3,K7MYK9,0
K7LUF9,K7MNN5,0
I1LC20,A0A0R4J488,0
A0A0R4J354,I1NCF6,0
I1LBV2,I1MTV9,0
I1K8N0,K7MXH5,0
I1MK96,K7N129,0
I1L690,A0A0R0L0E7,0
I1JCY0,I1L7G4,0
I1MHH7,I1KLS1,0
I1L9A1,K7N5K2,0
I1LDA7,K7LTB2,0
C6SWI3,A0A0R0JTV5,0
I1KH45,I1N761,0
I1N1V6,I1MNU2,0
C6T7N2,A0A0R0FEN3,0
K7M142,I1MVC6,0
C6T2Z2,I1L3P5,0
C6TGR3,A0A0R0E934,0
A0A0R0GNH6,A0A0R0FGT9,0
K7N3F6,I1LVN3,0
K7L395,I1JVX3,0
I1M7V7,K7KVK2,0
A0A0R0F7J9,K7L939,0
A0A0R0L115,I1JD52,0
C6T5Z0,K7KES1,0
I1JU70,K7MMD7,0
K7M097,I1JRV0,0
C6TLT3,A0A0R0HV63,0
C6TNL5,A0A0R4J4D0,0
I1K5H2,K7N1L5,0
A0A0R0GRI6,I1M225,0
K7KGJ8,K7M6J1,0
A0A0R0G6V6,I1MPJ4,0
K7N3F6,I1MQC8,0
I1LJW2,I1K970,0
I1JMZ3,I1LUE0,0
C6SYQ2,A0A0R0HSA0,0
A0A0R4J389,K7M592,0
I1LC20,I1KJF2,0
K7KCG5,K7M466,0
I1KD09,K7M864,0
I1LCX3,K7KK86,0
C6SW43,I1JC65,0
I1K096,A0A0R0HCS6,0
A0A0R0FJF0,I1KD82,0
I1L690,I1KPE7,0
I1JUR7,A0A0R0L5Q1,0
I1N7K6,I1J8W6,0
K7KGC2,A0A0R0FXD4,0
A0A0R0IAV3,A0A0R0FM97,0
I1NH73,A0A0R0FTI5,0
I1LPD3,K7L6K2,0
I1L8H7,I1K2I1,0
P07506,A0A0R0EYS5,0
I1LP18,I1KLS1,0
I1K911,I1K2I1,0
I1KGZ6,I1K9J7,0
C6TL77,A0A0R0FM97,0
I1KAJ2,I1NCV4,0
K7KDM1,I1MF50,0
I1M757,K7M864,0
I1LYN0,I1ML11,0
I1LD74,I1MZV4,0
C6T1E6,K7N5K2,0
K7MWR1,K7KVK2,0
I1KCB7,K7LHS7,0
A0A0R0I1I4,I1LLS4,0
A0A0R0JYB5,K7MFZ6,0
I1K9B8,I1MLF1,0
I1LZT5,I1K146,0
C6TNX5,I1JD07,0
K7KTT9,I1K5B6,0
I1K096,K7LFD7,0
I1L9A1,C6TFX5,0
I1JUT9,A0A0R4J4C5,0
K7K8U8,A0A0R0EDS9,0
I1KCN1,I1MEF5,0
I1KGI6,I1MQC8,0
C6TBN8,C6SZG1,0
I1N4X7,A0A0R0GFL3,0
I1LFW0,A0A0R0JJI0,0
A0A0R0FEI0,K7LNG6,0
I1LP56,M1FN34,0
C6F117,A0A0R4J4D0,0
I1JUT9,K7M849,0
K7MXS9,I1LVN3,0
C6SYQ2,I1LW00,0
K7LVE4,K7L4N7,0
I1LS70,I1K4R8,0
K7KLF0,K7KWE4,0
A5Z2K3,Q43463,0
C6SZL0,C6TNW3,0
C6SWD4,K7N1T9,0
A0A0R0FEN9,I1JC65,0
I1LZM7,I1MLJ0,0
I1M717,K7N0V8,0
I1LYU9,A0A0R0EDS9,0
I1L5Z7,I1JM18,0
I1JS58,A0A0R0GFM7,0
A0A0R0FEI0,K7MXH5,0
I1KRD4,I1L9K4,0
A0A0R0KH89,A0A0R0GFL3,0
I1JBJ2,A0A0R4J5B7,0
K7M1G4,I1LR48,0
I1LIM0,K7N129,0
C6SWL3,I1K5K7,0
I1MQB5,I1L332,0
I1JFN0,K7K4C7,0
I1KCX1,I1JB64,0
I1JQR6,K7LSG2,0
I1NBQ2,A0A0R0FB78,0
I1N0I7,K7K4C7,0
I1JIW3,I1MRP6,0
I1N9E1,I1JK31,0
I1MBM5,I1M1D5,0
C6SY99,K7LHS7,0
C6SWI3,A0A0R4J2Y1,0
A0A0R0FNV7,A0A0R4J4C3,0
A0A0R0JG07,I1KEC8,0
I1M0S4,O22518,0
I1KH45,I1MC28,0
I1MY43,I1NAF6,0
I1KJL3,I1LL05,0
A0A0R4J2W3,A1YZE0,0
A0A0R0GG96,A0A0R0E934,0
I1MTX9,I1MSN3,0
K7KZ42,A0A0R0EYS5,0
A0A0R0K6F4,I1N898,0
C6T5Z0,A0A0R0KE62,0
I1L219,C6TCH4,0
I1LD74,I1MQC8,0
I1MM89,I1MLF1,0
C6TFN5,I1L3P5,0
A0A0R0FX46,A0A0R4J2Y1,0
I1KQP3,A0A0R0EJV2,0
K7KPJ4,A0A0R0FGT9,0
I1M9F7,A0A0R0L5Q1,0
I1LIH7,I1J9I1,0
K7LVE4,Q43463,0
K7M787,K7M864,0
I1MLZ0,I1LWZ0,0
K7MTC4,A0A0R0GFM7,0
A0A0R0FSY2,I1LM96,0
I1N6Z0,K7MNN5,0
A0A0R0J7J3,I1K9J7,0
K7MXS9,K7LLV5,0
K7LGW1,I1KCY5,0
I1LPJ3,I1MEF5,0
K7N5D4,K7M6I1,0
A0A0R0F0T6,A0A0R0GPH9,0
I1NHQ1,I1LUE0,0
C6T8R7,I1K146,0
K7MXD1,K7MNN5,0
A0A0R0I1I4,A0A0R0FM97,0
I1JR41,K7MQG6,0
I1KMP8,I1N5D5,0
I1KCB7,A1YZE0,0
I1LD74,I1K1W8,0
I1JIJ4,I1LFD2,0
K7MCH3,C6SZQ0,0
K7KVG4,K7KJB2,0
A0A0R0GCF5,C6TGZ1,0
I1KS88,A0A0R0KWL0,0
K7MGK0,I1K9J7,0
I1MY72,A0A0R0GAQ8,0
K7MWR1,K7KJB2,0
I1MRS5,I1MRI5,0
I1KHJ6,C6TK73,0
K7LTQ1,A0A0R0JRI8,0
I1LGB1,K7M841,0
A0A0R0JS60,I1JHJ0,0
I1M2R5,C6TIK0,0
I1KPQ8,I1K2I1,0
I1JT28,I1JMK4,0
A0A0R0F7J9,K7MXE0,0
I1L8S1,I1KVC1,0
C6T426,I1K467,0
I1JE93,I1KAR1,0
I1K5G1,A0A0R0FM97,0
I1MHS1,I1K3X9,0
I1JFN0,C6SZQ0,0
K7KEV0,I1LII4,0
I1KPA1,K7KQZ8,0
I1MM89,Q2PMR3,0
I1NBE9,K7L6K2,0
I1LS70,I1N8M8,0
K7KYE0,C6SYE1,0
I1KV60,I1JHJ0,0
I1N8Q6,I1JK31,0
I1KD09,I1LLS4,0
I1J6B5,A0A0R0FZM4,0
I1LFQ4,A0A0R0EUJ0,0
I1KV60,I1K5K7,0
I1KVS3,I1KUB2,0
K7LWI3,I1K2I1,0
I1JW21,K7KK74,0
C6SXP5,I1JV03,0
I1MVK7,K7K4C7,0
C6TE07,I1LWZ0,0
K7N5D4,I1JHJ0,0
K7K553,I1MZV4,0
I1LDA7,K7M6I1,0
I1NHQ1,K7K8K7,0
A0A0R0LA89,I1LIT1,0
A0A368UJ64,K7M4E0,0
K7M5T0,K7L4N7,0
A0A0R0G6V6,I1NCF6,0
K7M9K9,A0A0R0EG78,0
K7M097,I1JK31,0
C6T507,I1KHJ4,0
A0A0R0KNS7,I1KCY5,0
C6TC92,A0A0R0FXD4,0
K7LQ96,K7LIE3,0
I1JYG6,I1KH38,0
A0A0R0G5V6,I1LLS4,0
I1JMT0,I1NC50,0
I1LPZ3,I1JMZ7,0
I1M3U2,K7MRF5,0
I1JVP4,A0A0R0KE62,0
K7KYY0,A0A0R0JYX3,0
I1JUJ6,I1MNV2,0
I1LJA4,C6TGA9,0
I1MVE9,A0A0R4J4D0,0
A0A0R0ERF9,I1KMS8,0
A0A0R0ESI3,I1MNU1,0
I1NFS4,A0A0R0KWT5,0
I1JIP5,C6T5U0,0
A0A0R0INQ5,C6T065,0
C6SYQ2,I1M5B6,0
C6TKZ4,K7KES3,0
I1KYS6,A0A0R4J488,0
I1JNV3,A0A0R0G7B5,0
A0A368UHM1,I1LII4,0
I1JYG6,I1L2H4,0
K7MCD1,I1L171,0
K7MC09,A0A0R0HSA0,0
A0A0R0JB42,I1J8C9,0
A0A368UHM1,K7K4C7,0
K7N5D4,I1J9I1,0
A0A0R4J354,I1LR48,0
K7KGE9,A0A0R0KWT5,0
K7M9K9,I1LY15,0
I1LIH7,I1KZY8,0
I1MSD9,C6SWS6,0
K7MVB9,C6TIQ7,0
K7K8U8,I1KPE7,0
I1KEG8,K7KVK2,0
K7LSH9,I1JE09,0
I1LM73,C6SX83,0
I1L5H8,I1LL05,0
A0A0R0F2G6,I1LVN3,0
I1MV96,I1NC50,0
A0A0R0I1I4,K7MQG6,0
I1MU29,I1LPW2,0
A0A0R0JLD5,I1K3X9,0
I1KQG0,I1NIE5,0
C6TKW2,A0A0R0L5Q1,0
I1LFQ4,I1MQC8,0
I1KLS4,I1MZV4,0
A0A0R0I0B9,C6TD23,0
I1LIR4,K7KQZ8,0
I1MNU7,I1LR48,0
A0A0R0HHZ3,A0A0R0F214,0
K7LZZ5,I1K4R8,0
I1JWF0,I1K146,0
I1LYQ9,C6TJM4,0
C6TBQ2,I1M998,0
K7LZZ5,I1JA95,0
A0A0R0G5A8,I1MZV4,0
C6T084,I1KAD1,0
I1N3M5,I1LGD6,0
I1J8V4,A0A0R0IF42,0
C6SVH9,K7MMD7,0
K7LWI3,I1KPE7,0
A0A0R0FEN9,I1LLK1,0
I1NH73,K7M6Z2,0
I1LMP2,A0A0R0FER5,0
I1MRY0,I1JFW6,0
I1K7N0,I1MRI5,0
K7MMG1,A0A0R0GBB6,0
I1LH11,A0A0R0FER5,0
K7MCH3,K7L6K2,0
I1KCB7,A0A0R0EYS5,0
I1KUP5,C6SZ70,0
I1N1V6,I1JK31,0
A0A0R4J354,I1J8C9,0
I1MJM9,I1JRJ3,0
Q2PMU0,I1KM19,0
I1KJT5,A0A0R0FX75,0
C6SY99,A0A0R0E934,0
C6SVB5,A0A0R0ENB3,0
A0A0R0G2B9,I1LUE0,0
I1JVU8,I1NCV4,0
C6T9S5,I1LUE0,0
I1M3U2,I1N8M8,0
I1JFN0,C6T065,0
K7KGJ8,I1JRV0,0
I1N0R5,P17093,0
I1JAF7,I1M3W1,0
I1LJ94,K7LNG6,0
Q2PMT2,K7MYK9,0
K7K2H1,I1LH27,0
A0A0R0HN81,I1JFW6,0
I1KCN1,A0A0R0E934,0
I1JKS2,K7MNP5,0
A0A0R0H9H8,I1MVC6,0
I1JR41,I1LM96,0
A0A368UHE3,I1LPK5,0
C6TCW7,A0A0R0KE62,0
K7L8H2,A0A0R0EUJ0,0
A0A0R0FEI0,C6TJ17,0
I1K911,I1JD07,0
I1M7B9,I1L2H4,0
K7L395,C6SWS6,0
A0A0R0L8Y1,I1J8C9,0
I1MZ47,I1KZK2,0
P09755,K7KNC5,0
I1LJ94,I1LH18,0
A0A368UHC3,I1NAF6,0
I1K4U3,I1LM96,0
K7MTC4,K7M6I1,0
A0A0R0G3G4,I1KZK2,0
I1LHR1,I1LH27,0
K7L3P2,I1LL05,0
I1L1N3,A0A0R0G7B5,0
A0A0R0FYN8,I1MRP6,0
A0A0R0KXY9,I1LG13,0
I1KD09,I1KJD2,0
I1M7C7,K7MNP5,0
I1KQE2,I1N780,0
I1LGB1,C6T0A0,0
C6TBJ1,A0A0R0EG78,0
C6TKW2,C6T5U0,0
I1K5J5,I1N7F4,0
C6T7N2,I1LEC4,0
I1K5G1,I1JMH3,0
A0A0R0KH89,K7LY43,0
A0A0R0JB42,I1N780,0
I1JRL7,A0A0R0JRI8,0
I1MRS5,I1MNV2,0
I1KD09,A0A0R0EYS5,0
A0A0R0HXE9,I1MLF1,0
A0A0R0L7S1,K7KAB4,0
I1JU70,K7KES3,0
I1KQG0,C6TGZ1,0
A0A0R4J4C8,K7M4E0,0
I1J5Q1,I1LFD2,0
I1KQP3,C6TIK0,0
C6SWA0,K7MNN5,0
I1KGZ6,I1KFL5,0
C6TNX5,I1KFL5,0
K7K794,I1MF50,0
A0A0R0HSV1,A0A0R0G7B5,0
I1J5B0,K7M6R4,0
K7KDA5,C6SYW6,0
I1LIR4,A0A0R0K7U0,0
I1JML1,I1NC50,0
I1N3M5,I1MGG7,0
I1LQ02,C6SZG1,0
I1LBV2,I1JB64,0
I1KJL3,I1K146,0
K7KNJ6,I1J547,0
A0A0R0IAV3,A0A0R0IR73,0
I1NBQ2,I1M998,0
C6SYE0,A0A0R0GAQ8,0
K7KZ42,I1M277,0
A0A0R0FSY2,I1MNU1,0
I1MRS5,I1JB64,0
I1L3P6,I1KM19,0
I1KPT1,A0A0R0FEN3,0
A0A0R0K5X4,I1KSD0,0
I1KEY6,K7L7W0,0
K7LLK0,I1J547,0
A0A0R0KNE1,I1MEQ6,0
C6TKG0,C6TJ17,0
I1KQC7,A1YZE0,0
I1KJ98,C6SZQ0,0
I1KQB9,K7M849,0
I1MV96,A0A0R4J2Q5,0
K7N3F6,I1LLS8,0
C6F117,A0A0R0GFM7,0
A0A0R0ET54,A0A0R0FX75,0
A0A0R0JYY8,K7LLV5,0
I1K9P1,I1KVC1,0
I1KHJ6,I1K9J7,0
I1MNK0,A0A0R0GFM7,0
K7MZP6,M1FN34,0
I1JBJ2,A0A0R0IZY4,0
I1NDG6,I1JRV0,0
C6T083,I1KTI0,0
I1MDC4,K7N1T9,0
I1KVX9,A0A0R0FX75,0
C6T426,A0A0R0EWR2,0
A0A0R0HHZ3,K7KTS8,0
A0A0R0L7S1,I1JC65,0
A0A0R0H7N0,A0A0R0L828,0
I1KXG2,K7KES1,0
I1MQB5,A0A0R0KE62,0
C6SVU4,I1KLS1,0
K7KLI7,K7KVK2,0
I1M3Q3,A0A0R0FB78,0
P07506,I1J8C9,0
I1MLH9,I1LPW2,0
C6T2L5,C6TN69,0
I1JFF6,I1M5B6,0
I1KVS3,A0A0R0EWR2,0
I1L3P6,C6TGZ1,0
I1NDG6,C6TK73,0
I1MZ47,I1KAD1,0
C6TG99,I1L332,0
I1J6B5,I1MEQ6,0
I1KQG0,K7K318,0
I1L653,I1NJ53,0
A0A0R0G3G4,A0A0R0GG06,0
I1N0U4,A1YZE0,0
A0A0R0G2B9,I1J8C9,0
A0A0R0HSV1,I1NCV4,0
A0A0R0JB42,K7KK74,0
C6SW43,C6SZG1,0
I1KBL4,I1M277,0
I1JIJ4,I1JMK4,0
P09755,A0A0R0JTV5,0
A0A0R0JES0,K7KES3,0
A0A0R0GE84,I1JRU7,0
C6SZ22,I1KFL5,0
A0A0R0LB39,I1JB64,0
C6T2H2,I1M277,0
A0A0R0J7J3,A0A0R4J2Y1,0
I1MNK0,K7M6I1,0
I1JNB0,I1K467,0
I1JMZ4,K7M841,0
K7KPJ4,I1KLS1,0
C6TBQ2,I1LH18,0
C6T3I8,I1JD36,0
I1LJI8,K7KTS8,0
K7KP66,I1N898,0
I1M0S4,A0A0R0GPH9,0
A0A0R0JLD5,I1K215,0
A0A0R0JZD5,A0A0R0K6I2,0
I1JAG0,I1J9I1,0
K7M097,K7MRF5,0
C6TAW8,K7MFE5,0
A0A0R0KTM7,K7MFZ6,0
I1LPI3,K7N1L5,0
I1K9P1,K7MQG6,0
I1MDC4,I1K3X9,0
I1LYG4,A0A0R0GFH3,0
I1L8S1,A0A0R0EYS5,0
A0A0R4J3D2,A0A0R0FGT9,0
I1MXT2,K7LFD7,0
I1JCY0,I1JRU7,0
I1MEN1,I1MTV9,0
I1NBC2,I1KM19,0
I1KTL9,I1M3W1,0
A0A0R4J2N2,K7KJB2,0
I1KQC7,C6TD23,0
K7LSH9,A0A0R0KWL0,0
I1J8W9,I1LR48,0
A0A0R0JB42,I1MGG7,0
A0A0R0J7J3,A0A0R0KWL0,0
O48548,K7LNG6,0
I1JTE4,K7MFE5,0
K7LSH9,I1K970,0
I1KZW4,I1LR48,0
I1LR08,K7KTS8,0
K7M5T0,I1LXQ3,0
C6SYF3,A0A0R4J4D0,0
I1KTS9,K7L2D7,0
I1JAG0,C6TJM4,0
K7N3F6,K7LY43,0
I1MBA2,I1JM18,0
I1JW21,I1KVC1,0
Q2PMT2,K7M4E0,0
A0A0R0KXY9,A0A0R0KWL0,0
A0A0R0EZ39,I1K5B6,0
I1N8Y6,I1KCY5,0
C6TBJ1,C6TN69,0
I1MTH0,A0A0R0GFL3,0
A0A0R0G5V6,K7N1T9,0
I1L6W0,I1MW51,0
I1KBB6,A0A0R0JT51,0
A0A0R4J3Y6,K7LLV5,0
I1LPC3,I1K6E7,0
K7MWR1,I1MNS7,0
I1LDA7,I1JK31,0
C6SY81,I1KCY5,0
I1MBR7,K7M6Z2,0
K7M1G4,I1JE09,0
I1JG98,K7M592,0
A0A368UHE3,A0A0R0JSJ9,0
K7K415,I1LM96,0
I1MLK3,A0A0R4J4C3,0
I1MWP7,C6T065,0
I1KGI6,I1KUB2,0
A0A0R0E3E6,A0A0R0EYS5,0
C6SY81,I1M1D5,0
K7MGK0,K7KW44,0
K7MD28,A0A0R0IF42,0
K7KIU3,I1K3X9,0
C6TG99,I1JV03,0
C6SY81,K7K8K7,0
I1L9A1,K7M6Z2,0
I1MNU7,C6T0A0,0
I1JCY0,I1LUL2,0
I1N1X8,K7KNC5,0
K7KFV5,C6SWS6,0
P48513,A0A0R4J4H3,0
I1N0W9,K7N1T9,0
I1LKU1,I1KUB2,0
I1N056,A0A0R4J5K6,0
I1LLA9,K7MXH5,0
A0A0R0F0T6,A0A0R4J4C5,0
I1N1X8,A0A0R0GG06,0
I1LUF0,C6T4V3,0
K7KP66,K7LIE3,0
I1KPT1,A0A0R0HSH0,0
I1KQB9,A0A0R0EYS5,0
I1MY33,I1LM96,0
I1KEG8,K7MNP5,0
K7KYE0,C6TNW3,0
I1KS36,I1K2I1,0
A0A0R4J2N2,P62302,0
C6TD73,I1K5B6,0
I1JY67,K7M6J1,0
I1L9A1,C6SYE1,0
I1KQP3,I1N780,0
K7M4N3,A0A0R0EG78,0
I1LDA7,C6TGA9,0
A0A0R0LB39,K7LIE3,0
C6SY25,I1LR48,0
K7LSH9,A0A0R0GFL3,0
K7LGW1,K7N145,0
I1JDR2,K7KJB2,0
K7MGQ3,C6TJM4,0
C6T5Z0,I1JAH7,0
I1L4B6,A0A0R0HSA0,0
I1LYQ9,K7N1T9,0
C6T9S5,I1M277,0
I1KQG7,A0A0R0ESZ8,0
I1JVP4,A0A0R0K0K3,0
C6SVU4,K7M592,0
I1M4P0,A0A0R0ENB3,0
I1M3Q8,C6SW04,0
I1MNK0,I1N5D5,0
A0A0R0GE56,A0A0R4J384,0
I1MJM9,I1K215,0
I1LGB7,K7KFY5,0
I1J7S6,C6TD23,0
I1MEF8,I1L2H4,0
I1MYV4,A0A0R0E934,0
I1JUT9,I1K9J7,0
K7K8U8,K7KFY5,0
A0A0R0EZ39,C6TD23,0
A0A0R0E907,I1LGD6,0
A0A0R0GBL8,A0A0R0FB78,0
I1LD74,C6TK73,0
K7L8H2,I1J9I1,0
K7M5T0,I1LW00,0
A0A0R0K5D9,C6T5U0,0
I1KTD4,C6TNW3,0
C6SYF3,A0A0R0H141,0
C6T3K0,I1KM19,0
I1L3P6,K7MTL2,0
I1KGN6,P17093,0
I1NJ79,A0A0R4J2Q5,0
I1NBQ2,A0A0R0IT62,0
K7LTQ1,K7MXE0,0
I1K2J5,A0A0R0JBL2,0
P07506,K7N1T9,0
K7KZ42,K7K4C7,0
I1MT74,I1NCF8,0
A0A0R0H7N0,I1KXK6,0
A0A0R0GNH6,I1M269,0
I1N5E8,K7L6K2,0
I1LIH7,C6T2G5,0
A0A0R0L372,I1LIA8,0
I1NFU9,A0A0R0FTI5,0
C6SZY0,K7MC85,0
K7LHR2,A0A0R0K7U0,0
I1MY72,I1JA95,0
I1MEZ1,I1MTV9,0
I1KZJ7,K7L939,0
K7K3W5,A0A0R0EUJ0,0
C6SVV7,I1NCV4,0
I1LYQ9,K7M6Z2,0
K7KPJ4,I1LPW2,0
C6T3K0,A0A0R0IR73,0
C6TNL5,I1KYL4,0
K7MC09,A0A0R4J2Y1,0
A0A0R0KR16,A0A0R0FEN3,0
C6SWL3,A0A0R0E934,0
I1J8W9,I1NAF6,0
C6SZL0,I1KZK2,0
I1MLN7,I1KZ09,0
C6SXP5,C6TN69,0
I1KTL9,I1LIT1,0
C6TLV6,I1LFD2,0
C6TNL5,K7LTB2,0
K7LWC5,I1K3X9,0
I1LPD3,A0A0R0KPE1,0
C6SWZ1,I1KM19,0
A0A0R0IAV3,K7M6J1,0
I1KX98,I1KZK2,0
I1KBM7,I1JV03,0
K7KY63,I1KSD0,0
I1NFS4,K7MNN5,0
K7LA18,I1K6E7,0
A0A0R0J2L9,I1JFW6,0
A0A0R0GE56,A0A0R0IR73,0
A0A0R0GRI6,I1KZY8,0
I1LMP2,I1KAD1,0
I1LJ94,O22518,0
K7KZ42,C6TCH4,0
I1LJI8,K7K8Y9,0
A0A0R0EZ39,I1JA95,0
I1LRE4,A0A0R0KVY6,0
I1J6B5,I1MLF1,0
A0A0R0JYY8,I1LVN3,0
K7L8H2,I1KM19,0
A0A0R0G5A8,I1K970,0
I1LYN0,K7MXH5,0
A0A0R0L7S1,A0A0R0GS25,0
A0A0R0HXE9,A0A0R0G7B5,0
I1MVE9,K7M592,0
I1L8H7,I1M1W3,0
A0A0R0JH35,I1LPK5,0
I1MLK3,A0A0R0E934,0
I1MEN1,A0A0R0IF42,0
A0A0R0EU45,I1JMH3,0
I1LPC3,K7M466,0
I1KQG7,I1JAH7,0
I1LY25,I1KMS8,0
K7LSH9,I1K215,0
I1LUL7,I1K6E7,0
I1KEY6,A0A0R0HSA0,0
I1KCN1,I1JA95,0
K7LZZ5,I1KUB2,0
I1JBJ2,I1L9K4,0
I1MZ47,I1M225,0
C6T0E4,K7L6K2,0
A0A0R0GE56,I1MNU2,0
C6SXJ9,I1NCV4,0
I1KRZ2,A0A0R0FER5,0
I1MVK7,I1LWZ0,0
I1N0W9,K7M466,0
I1NHI4,A0A0R4J488,0
K7MPL4,I1LPJ8,0
K7L240,K7MNP5,0
A0A0R0EI44,A0A0R4J4H3,0
I1MLK3,A0A0R0EG78,0
C6SWI3,I1LLS4,0
I1K9B8,A0A0R0JYX3,0
C6SVU4,I1J8W6,0
A0A0R0KCY1,A0A0R4J2Y1,0
I1N0F1,K7L4N7,0
I1JUJ8,I1LII4,0
I1KQC7,I1KZK2,0
I1JR41,I1K5B6,0
I1K912,K7N129,0
I1L1N3,K7N0V8,0
I1MYX8,A0A0R0E934,0
I1MBR7,K7M4E0,0
I1M273,I1K3X9,0
I1JZC3,I1LY15,0
A0A0R0EI44,C6TN69,0
Q2TFP1,C6T2G5,0
I1K628,A0A0R0KVY6,0
K7LUF9,M1FN34,0
A0A0R0JYY8,I1JFW6,0
C6SY81,I1MW51,0
I1N0R5,A0A0R0IF42,0
A0A0R0ET54,C6TFX5,0
I1KEY6,C6SZ70,0
I1N9I5,K7KQZ8,0
K7M2D8,A0A0R0HSH0,0
A0A0R0L115,I1JD36,0
I1L412,I1JMH3,0
A0A0R0JZD5,I1K2I1,0
I1LJ93,K7KES1,0
K7LZZ5,I1LHS8,0
I1JL13,K7L6N7,0
C6SVF8,K7MFE5,0
A0A0R0G5V6,K7KES3,0
C6TCW7,A0A0R0EWR2,0
I1N1Y6,K7L4N7,0
K7KPJ4,I1L9K4,0
C6T3G1,I1JD07,0
I1M2R5,K7KVK2,0
C6TKB2,K7KK86,0
I1K7N0,I1LHS8,0
A0A0R0LA89,K7KAB4,0
A0A0R0G342,I1KCY5,0
I1M3Q8,A0A0R0L5Q1,0
P46279,K7M592,0
K7MD28,K7N1T9,0
I1KS20,A0A0R0HCS6,0
I1L0M6,A0A0R0G7B5,0
I1M0S4,I1L3P5,0
I1LJ94,K7MC85,0
I1LPI3,I1M5B6,0
A0A0R0K5D9,I1K970,0
I1MNU7,K7MFZ6,0
I1KVL0,A0A0R0ENB3,0
I1KQ68,K7KAB4,0
I1K2U0,A0A0R0HV63,0
K7KP66,A0A0R0JT51,0
I1N3M5,I1LPW2,0
I1KD09,I1LIA8,0
I1K096,I1KXK6,0
I1JT85,I1JVX3,0
I1KJW4,I1M1D5,0
I1MLK3,K7L9M2,0
A0A0R0GE56,I1MTV9,0
C6TG91,K7L7W0,0
I1KB26,I1J8W6,0
I1JU70,I1M998,0
I1MC39,I1KPE7,0
K7LGW1,I1MVC6,0
I1K5K3,C6SZG1,0
I1JYG7,A0A0R0K7U0,0
A0A0R4J4C8,I1J9I1,0
I1K650,A0A0R0FEN3,0
I1KBQ5,K7LTR0,0
K7MTC4,I1JD36,0
I1JHC2,I1MLJ0,0
I1NIJ9,I1KH38,0
I1NC77,C6T4V3,0
I1JI73,A0A0R4J4D0,0
I1LGB1,I1NCF8,0
C6SYQ2,K7KES1,0
I1LIH7,C6SWS6,0
I1KZI6,K7N129,0
I1JNK6,K7LQV0,0
C6TBJ1,A0A0R4J2Q5,0
C6T507,A0A0R4J4H3,0
A0A0R0J7Q5,I1KJF2,0
A0A368UHE3,K7M592,0
M1FIU8,I1JRU7,0
I1K725,I1KUB2,0
A0A0R0EYA9,A0A0R0G7I0,0
I1JML1,C6T2G5,0
I1M0S4,I1MGG7,0
C6T5Z0,A0A0R0ENB3,0
A0A0R0JYB5,K7M6I1,0
I1MUQ7,I1KLS1,0
A0A0R0G3G4,I1KJF2,0
K7MH53,A0A0R0GS25,0
I1KVX9,I1LLS4,0
I1MK36,I1LVN3,0
I1L1N3,I1M277,0
I1K3U2,A0A0R0FTI5,0
A0A0R0GJ85,A0A0R4J5B7,0
I1KJL3,C6SYW6,0
I1N5E8,I1MW51,0
C6T7N2,O22518,0
A0A0R0KJP6,I1JRJ3,0
I1JFS9,I1KZK2,0
I1JS58,I1L332,0
I1K3P0,I1MSN3,0
C5NTE7,C6TBL4,0
I1K912,K7M864,0
I1K8C1,A0A0R0L828,0
K7LUF9,A0A0R0FEN3,0
I1J4E1,C6T065,0
I1NF12,I1JHJ0,0
I1LMQ5,I1L171,0
A0A0R0EFE2,I1JRJ3,0
I1KGZ6,K7K8Y9,0
P48513,Q43463,0
A0A0R0K6F4,A0A0R0JJK0,0
C6SWI3,I1JMK4,0
I1KYF8,I1LPJ8,0
K7KNJ6,A0A0R0FTI5,0
I1K328,K7LSJ2,0
I1J7S6,I1LIT1,0
K7K676,I1NJ53,0
I1MQD0,A0A0R0JT51,0
I1NGQ5,I1L171,0
I1NFU9,I1N780,0
I1JTE4,A0A0R0FJR0,0
I1KC19,I1JRU7,0
I1M7C7,I1LWZ0,0
I1M9T4,I1JVX3,0
I1J7S6,I1KTI0,0
I1KDB2,A0A0R0EKI7,0
I1LD74,C6T5U0,0
A0A0R0FX46,A0A0R0JJI0,0
K7LJF6,K7K318,0
I1KLS4,C6TCH4,0
K7KDA5,A0A0R4J5B7,0
I1LJ93,K7MRF5,0
I1KUP5,K7MMD7,0
I1N056,K7M846,0
I1KS36,I1KZY8,0
C6T083,C6T4V3,0
A0A0R4J2W3,I1JRV0,0
I1MBR7,I1MK72,0
I1LJA4,A0A0R0F214,0
I1LIR4,I1J9I1,0
I1JXQ3,I1J8C9,0
K7MCD1,A0A0R0IF42,0
A0A0R0ERF9,A0A0R0JJI0,0
I1MVE9,A0A0R0GFH3,0
A0A0R0LA89,I1LIU7,0
I1MTH0,A0A0R0ESZ8,0
I1KRD4,A0A0R0EKI7,0
I1KD09,I1JM18,0
K7M1G4,C6TIQ7,0
C6T2H2,A0A0R0FTI5,0
K7L3P2,A0A0R0KWT5,0
I1LYN0,C6SZ70,0
A0A0R0G2B9,P62302,0
A0A0R0INQ5,A0A0R0KVY6,0
I1MNM3,I1KFL5,0
A0A0R0J7J3,A0A0R0EUJ0,0
I1MDC4,I1LPK5,0
C6T567,A0A0R0EG78,0
A0A0R4J3D2,C6TBL4,0
I1LDU4,I1NIE5,0
I1KYS6,A0A0R0JJK0,0
I1MWF0,I1NC50,0
I1KRF9,K7LQV0,0
I1K096,K7MXH5,0
A0A0R0EWX9,I1J8W6,0
K7M142,I1MEQ6,0
I1KS88,K7LFD7,0
I1KQG7,C6TJM4,0
I1KUP5,I1KSL6,0
I1MEN1,A0A0R0HSH0,0
I1KS20,C6SZ70,0
C6T968,A0A0R0KE62,0
I1JMZ4,K7LCS7,0
I1KQP3,I1K9J7,0
I1KB25,P17093,0
I1MP46,A0A0R0IR73,0
C6SWI9,K7KVK2,0
I1MZ32,C6T5R4,0
C6TKW2,K7N1T9,0
A0A0R0FX70,I1K5B6,0
I1LIM0,I1NJ53,0
A0A0R0JYY8,A0A0R0IT62,0
A0A368UJ64,I1MNV2,0
I1NBQ2,I1LL05,0
I1KS88,A0A0R0JBL2,0
A0A0R0HIA6,A0A0R0EJV2,0
I1MBM5,A0A0R0IT62,0
K7K794,I1LVN3,0
I1KBM7,K7N1T9,0
C6TMM7,I1MLJ0,0
A5Z2K3,A0A0R0EDS9,0
I1JZC3,I1MU00,0
I1JMT0,I1M1D5,0
I1L1N3,A0A0R0L5Q1,0
Q2PMU2,I1KSL6,0
C6TBN8,I1MNV2,0
I1KLE1,I1JYT2,0
Q2PMT2,I1JAH7,0
I1MVG5,C6T065,0
I1MUN3,A0A0R0JQJ0,0
A0A0R0FNV7,K7L6N7,0
I1LZM7,A0A0R0G7I0,0
C6SXP5,K7KK86,0
I1N5E8,I1MZV0,0
K7K1Z2,I1MQC8,0
I1N5E8,I1K970,0
I1MNK0,I1NCF8,0
P48513,I1MRI5,0
K7KIU3,I1MEF5,0
A0A0R0JG07,K7M849,0
I1JW21,K7L9M2,0
C6TKG0,K7MTL2,0
I1JWF0,K7M6Z2,0
I1JBJ2,K7MQG6,0
I1LC01,K7MMD7,0
I1MVG5,K7M6R4,0
I1LPZ3,I1LG13,0
C6TG99,A0A0R0K6I2,0
I1JT85,I1KJD2,0
I1NDC0,I1K4R8,0
A0A0R0FSY2,I1LXQ3,0
I1KP31,I1JYT2,0
I1KQB9,A0A0R0GPH9,0
I1JE38,K7KNC5,0
K7MMF4,A0A0R0KWL0,0
I1N8Q6,K7KH93,0
I1M6L1,C6TJ17,0
K7K794,I1LIU7,0
I1JI73,A0A0R4J384,0
C6SWA0,K7K894,0
I1N5E8,K7L939,0
C6TBQ2,K7M841,0
A0A0R0HSV1,I1JD52,0
K7MCD1,I1LG13,0
C6T3G1,K7N1T9,0
A0A0R0E907,I1L3P5,0
C6SWD4,I1J4B5,0
K7LWN2,K7KJB2,0
A0A0R0EFE2,K7LSJ2,0
A0A0R4J3N1,I1M3W1,0
I1KGZ6,A0A0R0JTV5,0
I1JUJ8,C6TBL4,0
C6F117,C6T2G5,0
I1KCB7,I1K3X9,0
K7L395,A0A0R0FJR0,0
K7MZ38,I1L9K4,0
I1LRH8,I1JE09,0
I1JW64,I1MC28,0
K7KTT9,I1JMZ7,0
I1LQ02,I1M225,0
I1LGB1,K7L7W0,0
A0A0R0EI44,I1N7F4,0
K7KP67,K7LSJ2,0
I1NC77,I1MNU2,0
I1KJW4,A0A0R4J4H3,0
I1MUC0,A0A0R0L0E7,0
I1KTD4,A0A0R0GUR9,0
I1N8Y6,K7M9T4,0
K7LJV1,A0A0R0HV63,0
I1J7S6,I1M1D5,0
A0A0R0GNH6,A0A0R0K6I2,0
I1M9F7,I1L332,0
I1MLH9,I1K2I1,0
I1JUT9,I1MZV4,0
K7N5D4,I1N761,0
K7KGE9,I1LY15,0
I1KUT8,I1L171,0
K7KVG4,A0A0R0KVY6,0
I1KU09,K7LLV5,0
I1LJ93,K7K894,0
I1N0W9,K7KJB2,0
I1KMP8,I1M1D5,0
C6T3I8,I1KAD1,0
K7L3K3,I1K4R8,0
K7K553,K7KWE4,0
I1KCB7,A0A0R0FJR0,0
I1MXT2,A0A0R0HSA0,0
C6T0U3,I1JV03,0
A0A0R0KE73,I1KEC8,0
I1KZJ7,A0A0R0G7I0,0
A0A0R0KNE1,A0A0R0JYX3,0
A0A0R0HHZ3,K7MYK9,0
C6TKC3,I1MPJ4,0
I1KBM7,A0A0R0F214,0
I1KBQ5,I1MPJ4,0
A0A0R0ESI3,A0A0R0K0K3,0
K7LEG0,I1JUQ6,0
Q2PMU2,I1K4R8,0
C6T1E6,I1LW00,0
C6T2Z2,I1L9K4,0
C6SW43,I1NCV4,0
I1MK36,I1LIU7,0
K7LXT7,K7KK86,0
I1MC26,K7KWE4,0
H2D4C3,C6TIK0,0
I1K2J5,I1LW00,0
C6SWD4,A0A0R0IR73,0
I1MUQ7,I1LIU7,0
I1K0C4,C6TFX5,0
K7M097,C6TJ17,0
I1N7K6,K7L6N7,0
C6SVF8,A0A0R0JJK0,0
I1JY67,I1M269,0
I1JE83,I1KXK6,0
I1MBM5,A0A0R0EUJ0,0
K7LSH9,K7MC85,0
I1LVX2,I1NC50,0
I1K4U3,A0A0R0F214,0
I1LGB1,I1LH18,0
A0A0R0G6V6,C6SZ70,0
I1MNV4,I1J8W6,0
A0A0R0KTM7,I1KZY8,0
I1KMS4,A0A0R0GJV8,0
K7LA18,I1JFW6,0
K7MWR1,I1LG13,0
C6TBN8,C6TCH4,0
A0A0R0EU45,K7MXH5,0
K7MCH3,A0A0R0HV63,0
I1KNN1,I1NCF8,0
K7MD28,A0A0R0FX75,0
I1MNM3,I1KLS1,0
I1KPT1,K7M9T4,0
Q2PMT2,I1LM96,0
Q2PMT2,C6TN69,0
I1JXB4,I1LM96,0
I1M273,I1NAF6,0
I1MKM3,I1M277,0
C6TKL8,K7L939,0
K7MTC4,K7N1T9,0
I1L1N3,K7M4E0,0
I1JW64,A0A0R0L0E7,0
M1FN39,I1MNV2,0
A0A0R0EZ39,P17093,0
A0A0R0K6F4,I1LPW2,0
I1KBQ5,I1JK31,0
I1JMZ4,A0A0R0G7B5,0
I1N439,I1LWZ0,0
I1LM73,K7MTL2,0
I1KIB3,I1J547,0
I1KTD4,K7MGQ2,0
I1JUI1,I1MSN3,0
I1K9B8,I1JMZ7,0
I1LD74,P17093,0
I1N8Y6,A0A0R4J5B7,0
K7N0U1,K7KAB4,0
I1NJ79,I1N780,0
I1JDR2,I1L7G4,0
A0A0R0KNS7,K7LTB2,0
A0A0R0JH35,I1KPE7,0
I1JVP4,I1MNU2,0
I1LC20,I1NCF8,0
I1K3U2,I1MK72,0
I1N4X7,I1L332,0
I1LUI7,I1MTV9,0
C6SWM1,A0A0R0G7B5,0
I1MBR7,A0A0R4J5K6,0
I1KTD4,I1JMH3,0
I1KS88,M1FN34,0
I1JHN5,I1M225,0
K7LHR2,I1LR48,0
K7MZ38,K7M841,0
I1LLA9,K7M841,0
A0A0R0H8M3,I1JMH3,0
K7K676,C6T065,0
K7MPL4,I1KCY5,0
I1M0N9,I1MZV4,0
C6T0E4,A0A0R0EWR2,0
A0A0R0E907,I1JMH3,0
I1MSC6,K7N1T9,0
I1KFU0,A0A0R0JRI8,0
C6TBN8,I1KSL6,0
A0A0R4J2W3,I1J4B5,0
C6T1E6,A0A0R0KWT5,0
K7M142,I1K146,0
I1N9S5,A0A0R0HSA0,0
K7MI53,I1MRI5,0
I1KH45,I1LR48,0
C6TEP1,A0A0R0JBV0,0
K7N0X7,K7M864,0
I1JVN0,K7M6Z2,0
I1KQ68,I1K115,0
K7MNC0,I1K9J7,0
A0A0R0EZ39,I1J9I1,0
C6SZ22,A0A0R0JJK0,0
C6SWZ1,I1J547,0
I1MWP7,I1M5B6,0
I1MDC4,A0A0R0JT51,0
K7MPL4,A0A0R0ESZ8,0
I1JRL7,K7L6N7,0
A0A0R0KTM7,I1MNU2,0
I1JWH5,A0A0R0JSJ9,0
I1LDY7,C6TK73,0
A0A0R0FSY2,A0A0R0L4P0,0
A0A368UHC3,I1K3X9,0
C6T083,C6TIQ7,0
I1MJ97,I1LII4,0
I1KQP3,A0A0R0JJK0,0
A0A0R0KNS7,K7MNP5,0
K7LW22,A0A0R0ESZ8,0
I1N1X8,K7M6R4,0
A0A0R0GZZ6,Q43463,0
K7N0U1,Q2PMR3,0
I1L690,C6SW04,0
C6SYE0,I1M1D5,0
I1JVP4,K7M6R4,0
C6T530,K7MM40,0
I1L8L5,I1NAF6,0
I1KNN1,K7LQV0,0
A0A0R0JJK8,I1MJJ9,0
I1NIE7,I1LVN3,0
A0A0R0K6F4,K7L6K2,0
K7MI53,I1M225,0
I1JWH5,I1MJJ9,0
I1N3M5,C6TGZ1,0
I1MC26,I1JRJ3,0
A0A0R0KJP6,K7M841,0
K7N0U1,A0A0R0FX75,0
A0A0R0GZZ6,I1JV03,0
C6TAF0,C6TD23,0
K7LZZ5,I1J9I1,0
I1L8S1,I1MEQ6,0
A0A0R0F7J9,K7M6R4,0
I1KIY3,K7LNG6,0
I1MEZ1,K7MC85,0
K7L1B9,C6SZ70,0
K7M9K9,K7LTB2,0
I1N954,I1MW51,0
I1N5E8,I1NCF8,0
A0A0R0FSY2,I1NCV4,0
I1KJ98,A0A0R0H141,0
A0A0R0J7J3,A0A0R4J4D0,0
A0A0R0LA89,A0A0R0F214,0
I1LPI3,K7LK09,0
K7LUF9,I1K146,0
I1KQE2,I1JD52,0
I1KHY2,K7MTL2,0
I1JW64,K7M6J1,0
I1M3Q8,K7M4E0,0
I1NIJ9,I1M225,0
K7KGC2,K7KVK2,0
C6SYR1,A0A0R0JJI0,0
C6T084,K7LY43,0
I1LRH8,K7MGQ2,0
I1MJM9,K7KK74,0
I1MYX8,A0A0R0EG78,0
A0A0R0KJP6,I1KD82,0
I1LJ94,K7L7W0,0
K7KY63,A0A0R0FER5,0
C6SWL3,A0A0R0JJI0,0
P46279,A0A0R0FTI5,0
A0A0R0EWX9,I1LM96,0
C6T2Z2,K7K8K7,0
I1JML1,I1K5B6,0
K7M5I5,A0A0R0FXD4,0
K7LZZ5,A0A0R0EG78,0
I1K0C4,I1N761,0
C6T0U3,I1L332,0
C6TAF0,I1JRU7,0
C6T7N2,A0A0R0KPE1,0
I1NC77,C6TFX5,0
I1LIH7,K7LIE3,0
I1KR80,I1KZY8,0
I1JUJ8,K7LCS7,0
A0A0R0KTM7,K7K894,0
C6SVH9,C6TIQ7,0
I1N6N9,K7MXH5,0
I1JHN5,I1JD52,0
I1N8Y6,K7LY43,0
I1NBC2,I1L2H4,0
I1MTZ8,I1N780,0
C6SWI3,A0A0R0JRI8,0
I1LIS4,I1LEC4,0
I1MLK3,I1JFW6,0
I1MC26,A0A0R0IF42,0
A0A0R0F7J9,I1LVN3,0
K7LEG0,I1N898,0
M1FN39,I1MPJ4,0
Q2PMQ9,K7LQV0,0
A0A0R0ESI3,A0A0R0ENB3,0
I1N0W9,C6TK73,0
A0A0R0JKU3,I1J8C9,0
I1N6Z0,C6TGA9,0
I1MXT2,I1K146,0
I1M9F7,I1LFD2,0
I1KGZ6,I1JD36,0
I1N8M4,K7KNC5,0
I1JW21,A0A0R0E934,0
C6TMM7,A0A0R0EYS5,0
I1JKP1,C6TIQ7,0
K7KY63,K7LQV0,0
I1LZM7,A0A0R0JJK0,0
K7LJV1,K7LHS7,0
I1KJ56,I1LIU7,0
I1MQB5,I1M269,0
I1JAF7,I1MW51,0
K7LVE4,I1JM18,0
I1JKS2,I1NIE5,0
K7M5I5,I1K215,0
A0A0R0FSS2,A0A0R0G7B5,0
K7LWI3,A0A0R4J384,0
K7LSH9,K7M592,0
K7L3K3,I1KUB2,0
K7KY63,I1KM19,0
A0A0R0FJF0,C6TJ17,0
K7MGQ3,A0A0R0KWT5,0
I1KFI5,I1M5B6,0
I1LZT5,I1MNS7,0
I1JUR7,I1JMZ7,0
I1KFI5,I1MU00,0
I1K7J4,I1JMZ7,0
K7KCG5,A0A0R0IT62,0
I1JY67,A0A0R0GWH6,0
A0A0R0INQ5,A0A0R0IR73,0
I1JI73,K7MNP5,0
K7LLK0,A0A0R0JT51,0
C6SYQ2,I1MU00,0
I1MDC4,A0A0R0GS25,0
I1KXG2,A0A0R4J5C5,0
I1M9F7,I1JE09,0
A0A368UHE3,I1JAH7,0
K7KDM1,K7N0V8,0
I1K4D7,A0A0R0JSJ9,0
I1N0I7,A0A0R0EUJ0,0
K7K415,K7KTS8,0
I1MWP7,A0A0R0JBL2,0
I1MZ32,I1JYT2,0
A0A0R0LA89,A0A0R0FER5,0
I1KVX9,I1JC65,0
I1L0M6,I1MEQ6,0
I1LBV2,K7LSG2,0
K7MVB9,I1LXQ3,0
I1LRH8,A0A0R0EDS9,0
I1LYN0,K7N0V8,0
I1JUJ8,I1MJJ9,0
I1JQR6,I1KD82,0
K7K415,I1M3W1,0
A0A0R0JJ98,M1FN34,0
A0A0R0K6F4,K7KES1,0
I1M7V7,C6TGA9,0
K7KYY0,I1LH27,0
I1L5Z7,A0A0R0E934,0
I1K096,A0A0R0GG06,0
I1KR80,I1KXK6,0
A0A0R0KJP6,I1L332,0
I1NDG6,I1KAD1,0
I1KIY3,K7L4N7,0
K7N0X7,I1K642,0
C6T7N2,K7LK09,0
Q2TFP1,A0A0R0FTI5,0
I1JVN0,I1LY15,0
I1MTZ8,I1JUQ0,0
I1JY67,K7M6R4,0
P46279,A0A0R0L0E7,0
A0A0R0K6F4,A0A0R4J488,0
A0A0R0F7J9,K7LTB2,0
I1KQG7,I1ML11,0
K7KLF0,A0A0R4J2Y1,0
A0A0R4J3Y6,K7KAB4,0
I1MVK7,K7M849,0
K7M2D8,A0A0R4J4H3,0
K7LWI3,I1LGD6,0
I1L6W0,I1KCY5,0
A0A0R0K5X4,I1JHJ0,0
K7LLK0,A0A0R0K0K3,0
I1KBB6,A0A0R0GFH3,0
K7LUF9,I1JMZ7,0
M1FN39,I1KVC1,0
I1L5Z7,I1MF50,0
I1KEY6,A0A0R0K7U0,0
I1KD09,C6T065,0
A0A0R0G5V6,I1KSD0,0
I1L524,I1MGG7,0
I1JFN0,A0A0R0K7U0,0
Q2PMT2,A0A0R0GWH6,0
A0A0R0HSJ1,A0A0R0L0E7,0
I1KQE8,K7MNN5,0
I1L9A1,K7MFE5,0
I1K8C1,I1JA95,0
I1JML1,I1JM18,0
A0A0R0KCY1,C6TGA9,0
I1LG61,A0A0R0FGT9,0
I1K628,I1N7F4,0
C6SY99,I1KUB2,0
I1M3Q8,K7N129,0
I1LIR4,A0A0R4J5K6,0
K7K3W5,I1N7F4,0
P07506,K7LIE3,0
K7M5T0,I1KD82,0
A0A0R0H2V0,I1LFD2,0
I1L412,A0A0R0KPE1,0
A0A0R0H2V0,A0A0R0GFM7,0
C6TKL8,C6SZQ0,0
I1JAF7,K7L2R0,0
A0A0R4J2W3,A0A0R0E934,0
C6TFN5,A0A0R4J4D0,0
I1KQC7,A0A0R0JJK0,0
C6T3I8,K7LIE3,0
I1J6B5,I1M269,0
I1MK96,I1LPJ8,0
I1LFQ4,I1JMK4,0
K7L395,K7KVK2,0
I1MGG3,I1MNU1,0
I1K5L7,C6TGZ1,0
I1KRD4,K7M849,0
I1JI73,Q43463,0
I1NH73,A0A0R0GUR9,0
I1MXT2,A0A0R0FEN3,0
I1J5Q1,I1M3W1,0
C6SY99,A0A0R0KPE1,0
I1MKM3,I1KJF2,0
K7KYY0,I1LLK1,0
I1JML1,I1L7G4,0
A0A0R0FEN9,M1FN34,0
K7K2H1,I1M269,0
A0A0R0JYY8,C6SZQ0,0
K7KDM1,A0A0R0GBB6,0
I1KBB6,A0A0R0HV63,0
I1N1V6,K7M6R4,0
I1NF12,A0A0R0GUR9,0
I1K5G1,I1KZ09,0
K7N3F6,I1KM19,0
C6TG81,A0A0R0HSA0,0
I1NGQ5,A0A0R0K6I2,0
K7M4N3,I1JB64,0
A0A0R0G342,A0A0R0K0K3,0
I1KVL0,I1MNU2,0
I1JRA0,A0A0R0GAQ8,0
I1MWP7,I1MSN3,0
A0A0R0EJE2,I1LL05,0
A0A0R0EJE2,I1J8W6,0
I1K8C1,I1MJJ9,0
K7LIW2,A0A0R0GG06,0
C6TKB2,A0A0R0FEN3,0
I1JTW0,K7M466,0
I1LKU1,A0A0R0L4P0,0
K7L3K3,K7MMD7,0
I1NHQ1,I1JMH3,0
C6TG81,I1LG13,0
I1MJM9,I1KPE7,0
I1NDC0,I1LLK1,0
K7K1Z2,I1JD07,0
I1KTL9,I1LLS4,0
I1LKQ4,K7M4E0,0
A0A0R0J7Q5,C6TJ17,0
I1LYQ9,K7MC85,0
I1N1Y6,A0A0R0GFH3,0
K7MXS9,A0A0R0GUR9,0
C6SXJ9,I1MRI5,0
I1N3M5,K7LHS7,0
A0A0R0H2V0,I1JD36,0
I1K0C4,I1L9K4,0
A0A0R0JLD5,I1LL05,0
I1MLN7,A0A0R4J5K6,0
I1MGG3,I1MW74,0
I1J7A8,I1J547,0
I1JS58,K7KAB4,0
C6TGR3,I1KUB2,0
I1JY87,I1K970,0
A0A0R0FX70,I1NG45,0
I1MLH9,K7M4E0,0
I1K911,K7KFY5,0
A0A0R0L8Y1,I1K146,0
K7M787,I1JAH7,0
I1MGB0,I1KYL4,0
I1MZ32,I1LVN3,0
I1KTS9,K7M864,0
I1KUP5,A0A0R0E934,0
I1MV96,I1L7G4,0
K7MXD1,K7MFZ6,0
A0A0R0EYA9,I1LLK1,0
K7KPJ4,I1KZY8,0
C6TNL5,K7MTL2,0
C6SYF3,I1MSN3,0
I1JS58,I1N898,0
C6TLV6,K7L9M2,0
I1KV60,K7KES3,0
I1K8C1,K7M466,0
C6SWG4,I1MQC8,0
I1MEZ1,I1JUQ0,0
C6T567,I1MNU2,0
K7LLK0,I1K642,0
I1JDR2,K7KVK2,0
C6SY81,C6T2G5,0
C6SZL0,I1N8M8,0
I1JE38,K7M9T4,0
K7KKB2,I1KM19,0
C6SWG4,I1K2I1,0
K7MAP3,I1J8C9,0
I1KPQ8,A0A0R0EDS9,0
I1JUJ8,K7KNC5,0
A0A0R0JB42,A0A0R0EG78,0
I1N8Q6,A0A0R4J4C3,0
C6TFR5,A0A0R0JYX3,0
I1KHL4,A0A0R4J5B7,0
I1MYX8,I1KZK2,0
I1M7V7,I1MW74,0
I1MNV4,A0A0R4J384,0
I1KUT8,K7M6Z2,0
A0A0R0H7N0,I1KSL6,0
K7M4N3,I1KZK2,0
K7LA18,I1KAR1,0
I1M7C7,A0A0R0EG78,0
C6SZM2,A0A0R0GBB6,0
C6TBJ1,K7MFE5,0
I1JYG6,A0A0R0JRI8,0
I1NGL5,I1JMZ7,0
I1MUC0,A0A0R4J4C5,0
C6SYF3,A0A0R4J5B7,0
I1JZC3,A0A0R0E934,0
I1MNE4,I1KSL6,0
K7L240,I1MNV2,0
K7MTC4,A0A0R0JRI8,0
I1LZW4,C6TJM4,0
K7LVE4,I1JAH7,0
P09755,I1M3W1,0
I1NJ79,C6TCH4,0
K7LWN2,I1L3P5,0
A0A0R0GE84,C6T4V3,0
C6SYA3,A0A0R0FGT9,0
C6SWA0,A0A0R4J5C5,0
I1N954,K7N129,0
C6TD73,I1ML11,0
I1JNK6,K7KWE4,0
A0A0R0LB39,I1JD52,0
A0A0R0KR16,K7MXH5,0
I1K2J5,I1LVN3,0
I1K3U2,K7MM40,0
K7MMF4,A0A0R0EDS9,0
I1J5U5,I1J547,0
I1N8Q6,A0A0R4J2Q5,0
I1KQP3,K7M466,0
I1MEF8,K7KJB2,0
A0A0R0GYG1,I1KSD0,0
I1KNN1,K7LNG6,0
K7N0U1,I1JC65,0
A0A0R0L115,I1M998,0
C6TBQ2,A0A0R4J384,0
I1KXI7,K7MNN5,0
A0A0R0L7S1,P62302,0
A0A0R0HXE9,I1N761,0
I1MSD9,A0A0R0GS25,0
A0A0R0FEN9,A0A0R0HV63,0
I1LFW0,K7M841,0
A0A0R0FYN8,C6TFX5,0
I1LZT5,I1M1W3,0
C6TLT3,A0A0R0JT51,0
I1KVL0,I1LY15,0
I1KH45,I1LEC4,0
I1JUJ8,I1MVC6,0
I1JU70,K7K894,0
I1LPC3,I1NG45,0
C6T968,A0A0R0KWT5,0
K7MXD1,A0A0R0GBB6,0
K7K2H1,I1KXK6,0
C6T507,I1KEC8,0
I1K0C4,K7N129,0
I1MNU7,A0A0R0IF42,0
A0A368UHE3,K7M4E0,0
C6SXF5,C6SW04,0
I1MJM9,A0A0R0GFM7,0
I1KQG0,I1MEF5,0
I1JFS9,K7KW44,0
K7M4N3,K7LSJ2,0
A0A0R0KR16,I1N7F4,0
A0A0R0G5V6,K7N145,0
K7N0U1,A0A0R0FER5,0
I1LXH0,I1N761,0
I1MRY0,I1LVN3,0
I1JE38,I1L2H4,0
I1KNN1,I1JVX3,0
A0A0R0IAV3,I1N780,0
I1JNV3,I1MLJ0,0
A0A0R0J2L9,K7N0V8,0
I1MJ97,C6TGZ1,0
A0A0R0K5D9,A0A0R0EWR2,0
I1L8H7,A0A0R0FGT9,0
C6SZL0,A0A0R0K7U0,0
I1MBW8,K7LSG2,0
I1JVN0,C6T5R4,0
I1LDA7,A0A0R0FTI5,0
K7MMR4,I1K5K7,0
I1J8V4,K7N145,0
K7KYY0,A0A0R0JBL2,0
K7MZ38,I1JM18,0
C6TFR5,A0A0R0FM97,0
K7LW22,K7M6J1,0
C6T883,I1JUQ0,0
A0A0R4J3R4,I1MC28,0
I1KHL6,K7LNG6,0
I1MTX9,K7KAB4,0
C6SW69,I1KVC1,0
A0A0R0F0T6,I1MVC6,0
A0A0R0I1I4,I1NIE5,0
I1N0W9,A0A0R0L0E7,0
A0A0R0FX46,I1NIE5,0
C6TKB2,I1LII4,0
I1NIE7,K7LQV0,0
C6SYA3,A0A0R0HSH0,0
I1KQC7,K7MFZ6,0
I1L1N3,C6SZG1,0
K7K3W5,I1JD36,0
A0A0R0I0B9,I1M5B6,0
A0A0R4J3R4,K7LLV5,0
C6T2H2,A0A0R0JRI8,0
I1J4E1,K7MXE0,0
A0A0R0JLD5,K7LHS7,0
P09755,I1N898,0
A0A0R0F2G6,A0A0R0GPH9,0
A0A0R0KH89,I1JFW6,0
I1LJA4,I1J9I1,0
I1NH73,I1MZV4,0
I1LDY7,I1JC65,0
K7LRU2,K7KFY5,0
I1L9A1,I1N780,0
C6TKG0,A0A0R0EKI7,0
C6TKB2,I1JMK4,0
I1K5G1,I1J8W6,0
I1J870,K7MMD7,0
K7MC09,K7LCS7,0
I1KVL0,K7MM40,0
I1MWF0,I1LXQ3,0
I1MY43,K7KW44,0
I1JT28,I1JA95,0
I1K4D7,C6T065,0
I1LMW7,K7LIE3,0
K7MMR4,I1N5D5,0
K7K794,I1M1D5,0
I1LZT5,K7KJB2,0
A0A0R0KFE8,C6SW04,0
I1L1S1,K7KES3,0
K7L240,A0A0R0GJV8,0
K7M2D8,K7K8K7,0
K7MH53,C6TJM4,0
I1K3P0,A0A0R0HSA0,0
I1LRE4,I1M998,0
C6SYA3,I1KD82,0
I1MY33,K7LLV5,0
A0A0R0LB39,I1KJF2,0
I1J5Q1,A0A0R0KVY6,0
C6TL77,A0A0R0G7I0,0
K7L9V3,C6TD23,0
I1KMP8,C6TFX5,0
I1JWH5,I1JC65,0
I1LVX2,K7MNP5,0
I1L8H7,A0A0R0GWH6,0
I1KGZ6,I1KM19,0
I1NGL5,A0A0R0IR73,0
I1JY87,C6SWS6,0
K7MGK0,A0A0R0GPH9,0
I1N4X7,K7KNC5,0
K7M1G4,K7L2D7,0
I1LKQ4,K7KW44,0
C6T3I8,A0A0R0IZY4,0
I1JVU8,I1JFW6,0
I1JE93,A0A0R0EKI7,0
I1JT85,I1KPE7,0
A0A0R0LFT0,I1K4R8,0
C6SVU4,I1JM18,0
A0A0R0FQN0,I1JHJ0,0
I1LP18,I1KCY5,0
A0A0R0G3G4,I1N761,0
I1JL13,I1K215,0
A0A0R0FKK9,A0A0R0IF42,0
C6T2Y4,K7L4N7,0
I1JRA0,I1LPK5,0
I1LKU1,A0A0R0EWR2,0
I1L9A1,C6T2G5,0
I1JDR2,K7N129,0
I1L5H8,I1KZ09,0
K7LRU2,I1LH18,0
I1JV48,A0A0R0KWL0,0
I1LPZ3,K7MTL2,0
A0A368UJ64,I1MZV0,0
A0A0R0IAV3,P62302,0
I1MKM3,I1MC28,0
A0A0R0K5X4,K7N129,0
I1LJW2,I1K5B6,0
K7LW22,K7KW44,0
K7KE09,A0A0R0IT62,0
I1KRF9,I1MW74,0
K7MZ38,C6T2G5,0
I1LMP2,K7K8Y9,0
C6TBN8,I1KJD2,0
I1LFW0,I1LW00,0
C6TLV6,K7M592,0
K7M4N3,A0A0R0EUJ0,0
I1N9E1,K7MRF5,0
C6SY99,A0A0R0EG78,0
A0A0R0HDM5,I1JM18,0
C6TBQ2,C6TNW3,0
A0A0R0K5X4,I1MLJ0,0
I1KR80,K7M6Z2,0
A0A368UH03,I1KYL4,0
I1M5E2,I1LPK5,0
I1J4E1,I1JE09,0
O48901,I1M1W3,0
C6TL77,K7MXE0,0
I1J7A8,O22518,0
A0A0R0H7N0,A0A0R0EKI7,0
C6T083,O22518,0
I1LC01,A0A0R0K6I2,0
K7LEG0,I1MRP6,0
I1MC39,I1MNS7,0
I1JDR2,C6TJ17,0
O48548,K7N0V8,0
I1N0W9,I1LPK5,0
A0A0R0JB42,I1JM18,0
I1MY33,I1MSN3,0
K7LJF6,A0A0R0GAQ8,0
I1MWF0,I1MGG7,0
K7MTC4,C6SWS6,0
I1MXT2,I1JMK4,0
I1KGN6,I1JRJ3,0
I1L1N3,I1M225,0
K7M097,K7MC85,0
I1MZ47,A0A0R0EJV2,0
I1MHH7,I1MW51,0
K7M097,I1LW00,0
I1KXI7,K7K894,0
A0A0R0H9H8,A0A0R0JRI8,0
C6TCW7,I1LY15,0
K7KKB2,I1LW00,0
C6TNL5,I1M5B6,0
C6SYR1,I1KSD0,0
A0A0R0F2Z4,C6TJ17,0
I1J5U5,I1LVN3,0
I1JCY0,I1K1W8,0
I1LZ09,I1LVN3,0
I1K3P0,I1KUB2,0
A0A0R0J2L9,A0A0R0L7U5,0
K7LTQ1,I1JMK4,0
I1K912,A0A0R0FGT9,0
I1NJ79,I1LWZ0,0
I1K3U2,I1MU00,0
K7MGQ3,I1JV03,0
A0A0R0F077,A0A0R4J5B7,0
K7KFV5,K7KTS8,0
I1LDY7,A0A0R0GPH9,0
I1MBA2,A0A0R0IR73,0
A0A0R0FSS2,I1LPJ8,0
I1K8C1,A0A0R0FJR0,0
A0A0R0J7Q5,I1M1D5,0
Q2TFP1,C6T5R4,0
C6SYR1,I1L2H4,0
I1L0M6,C6SW04,0
K7LUF9,K7LFD7,0
K7N0U1,C6T0A0,0
M1FIU8,A0A0R0GFL3,0
I1M4Y9,K7MYK9,0
I1NGL5,K7M6R4,0
C6T9S5,K7L7W0,0
A0A0R0E907,I1KSL6,0
A0A0R0GC27,P62302,0
K7MC09,C6TJM4,0
I1LYG4,A0A0R4J2Y1,0
I1MZ32,I1LH27,0
I1MHA4,A0A0R0EJV2,0
I1L219,I1JA95,0
A0A0R0L4N1,A0A0R0G7I0,0
I1LIR4,I1K467,0
I1M273,C6TIQ7,0
I1MHA4,I1K2I1,0
I1K4U3,I1K5B6,0
K7LWC5,I1KZ09,0
A0A0R0ET54,I1KZ09,0
K7K8U8,I1M225,0
I1KFI5,I1KJD2,0
I1K5H2,A0A0R0L4P0,0
I1JMZ4,I1K4R8,0
A0A0R0EJE2,A0A0R0GUR9,0
A0A0R0L372,K7KNC5,0
A0A0R4J2N2,I1J8W6,0
I1JE83,A0A0R0IR73,0
A0A0R0L372,I1KH38,0
I1M757,K7N0V8,0
I1LMQ5,A0A0R0GWH6,0
I1L690,C6SYW6,0
K7MD28,I1KCY5,0
I1KBM7,I1K1W8,0
A0A0R4J3N1,K7M6R4,0
I1KGN6,I1MPJ4,0
I1L8L5,I1M5B6,0
A0A0R0EJE2,I1KJD2,0
K7MXS9,K7KK86,0
C6SXF5,P62302,0
I1MLH9,A0A0R0F214,0
C6SY99,I1K970,0
I1MSD9,I1JMH3,0
I1MZ47,I1LG13,0
K7LWN2,A0A0R0IT62,0
A0A0R4J2N2,I1NC50,0
I1KY58,I1NCF8,0
I1KFI5,A0A0R0GFL3,0
I1MFH3,I1JD36,0
A0A0R0JYB5,K7N1L5,0
C6TD73,I1LIU7,0
A0A0R0JJK8,K7LSG2,0
I1KS20,K7MYK9,0
I1LSM6,I1JAH7,0
A0A0R0F2Z4,I1LM96,0
I1MT74,I1KAD1,0
I1LVX2,A1YZE0,0
I1M3Q3,K7LNG6,0
A0A0R0ESI3,C6T4V3,0
I1KYF8,A0A0R4J4D0,0
I1NHI4,K7MXH5,0
K7KYY0,I1L3P5,0
K7LZZ5,A0A0R0K7U0,0
I1J9W0,K7M6J1,0
I1JU70,A0A0R0L828,0
I1NBE9,I1LY15,0
C6SWL3,I1JC65,0
K7KLF0,I1LUL2,0
I1KD09,A0A0R4J384,0
I1KTD4,I1KZ09,0
I1NBC2,I1L332,0
I1MLH9,K7MFE5,0
C6T1P2,I1LEC4,0
A0A0R0JKU3,I1N5D5,0
K7M2D8,A0A0R0FJR0,0
A0A0R0LFT0,K7L2R0,0
I1MEF8,C6TCH4,0
I1LKQ4,K7M6Z2,0
I1KJL3,K7LCS7,0
C6SY99,A0A0R0JRI8,0
C6T3G1,I1MSN3,0
I1LDA7,I1J9I1,0
I1KDB2,A0A0R0GFL3,0
I1MGB0,K7N5K2,0
A0A0R0G6V6,I1NAJ5,0
I1MBW8,I1LH27,0
K7KCG5,K7N129,0
A0A368UHC3,I1MEF5,0
K7LWC5,C6T5R4,0
I1KVX9,A0A0R4J4D0,0
I1KCX1,I1JUQ0,0
I1M6L1,A0A0R0GJV8,0
I1LGB7,I1JD52,0
I1J5U5,I1JHJ0,0
I1MNV4,I1N761,0
Q2PMS6,K7LSJ2,0
I1LJI8,I1LIT1,0
C6TFR5,C6T065,0
I1LFQ4,I1LLK1,0
A0A0R0JH35,A0A0R0G7I0,0
I1L0M6,I1JVX3,0
A0A0R0I8Z5,A0A0R0GFL3,0
I1LY25,A0A0R0EKI7,0
I1KRF9,I1MQC8,0
C6T7N2,K7LCS7,0
I1LPZ2,I1M3W1,0
O48901,I1LUE0,0
A0A0R0GE56,A0A0R0L828,0
A0A368UJ64,I1KSD0,0
C6TNL5,C6SZG1,0
A0A0R0K6F4,I1JVX3,0
K7LVE4,K7M849,0
I1NFS4,I1NIE5,0
I1MT74,A0A0R0ESZ8,0
I1N6N9,I1LXQ3,0
I1NGD2,A0A0R0EJV2,0
I1N1V6,I1NG45,0
I1JS58,I1KCY5,0
C6TKG0,A0A0R4J488,0
I1KP31,I1M5B6,0
I1M0S4,I1KZK2,0
C6TFN5,C6TJ17,0
A0A0R0FSY2,C6TD23,0
A0A0R0KFE8,A0A0R0L4P0,0
I1MKM3,K7MFZ6,0
I1JTW0,I1MEQ6,0
Q2PMS6,I1JE09,0
K7MVB9,A0A0R0KPE1,0
K7LJF6,I1NAF6,0
I1JUJ6,A0A0R0KWL0,0
I1J553,I1JA95,0
A0A0R0F0T6,A0A0R0FZM4,0
I1JQR6,I1KQE3,0
I1KRF9,I1MGG7,0
K7N0X7,K7L6K2,0
I1JKP1,I1LLK1,0
A0A0R4J2N2,K7MNP5,0
I1LA00,K7N145,0
I1LS70,C6T065,0
I1MXT2,I1LPJ8,0
A0A0R0EI44,A0A0R4J4D0,0
K7KKB2,C6T5R4,0
I1N8Y6,K7MMD7,0
I1N0R5,K7MXE0,0
K7KNJ6,A0A0R0HCS6,0
A0A0R0GYG1,I1JC65,0
A0A0R0GG96,I1K5K7,0
I1KIB3,A0A0R0GFM7,0
A0A0R0FJF0,C6TGZ1,0
I1N3M5,I1LPJ8,0
C6TAW8,I1N8M8,0
P48513,I1JRV0,0
I1LIK8,K7MXH5,0
I1M9F7,C6TGZ1,0
I1JRA0,A0A0R0FTI5,0
I1KXI7,P62302,0
A0A0R4J4C8,A0A0R0L7U5,0
I1JUJ8,I1J547,0
I1LPZ3,C6T5U0,0
K7M5T0,I1JUQ6,0
I1KGZ6,I1LM96,0
I1KMP8,I1KZ09,0
I1MGB0,K7MM40,0
I1MC39,K7KQZ8,0
I1K2J5,K7M849,0
I1J4E1,A0A0R0IR73,0
I1JT28,A0A0R0K6I2,0
I1JE38,I1KZ09,0
I1M3V1,I1JMZ7,0
K7KDX2,I1NAJ5,0
A0A0R0JLD5,C6SZQ0,0
C6T5Z0,K7M466,0
I1MTH0,A0A0R4J426,0
I1N0F1,I1K5K7,0
A0A0R0K0L0,I1LPW2,0
I1MGB0,I1LEC4,0
I1N6Z0,I1JRV0,0
I1K628,K7LY43,0
A0A0R0I0B9,I1MK72,0
C6T4Z6,A0A0R0G7B5,0
I1K911,I1MU00,0
I1MXT2,I1L2H4,0
A0A0R0H7N0,I1NAJ5,0
I1JYG7,I1M269,0
I1N4X7,A0A0R0FEN3,0
I1KC19,I1NCF8,0
K7LQ96,K7M841,0
I1JZC3,I1KTI0,0
I1K725,C6SX83,0
A0A0R0G5V6,K7L2R0,0
I1N8P5,I1L171,0
C6T084,I1MEF5,0
C6SVR8,C6SZ70,0
I1N8Y6,I1JMK4,0
I1MDC4,I1J8W6,0
A0A0R0I0B9,K7M592,0
I1N9E1,K7MM40,0
I1KQG7,K7M864,0
I1MHA4,K7MXH5,0
I1MYX8,I1N5D5,0
I1K2J5,K7M6I1,0
I1KBL4,I1MZV0,0
K7MXS9,I1LIA8,0
C6TKW2,I1M1W3,0
A0A0R0EWX9,I1LIU7,0
K7N3F6,I1MNU2,0
I1LPJ3,I1LVN3,0
K7K676,K7MGQ2,0
I1LMP2,A0A0R0L0E7,0
I1NFU9,A0A0R0ESZ8,0
C6TFN5,C6TN69,0
K7LWC5,I1LLS8,0
I1LGB7,I1MF50,0
I1N0R5,I1KHJ4,0
K7L240,K7M592,0
A0A0R0K6F4,I1K5K7,0
I1MNE4,I1MNS7,0
I1KTS9,A0A0R0ENB3,0
K7KYY0,I1M1D5,0
A0A0R0JLD5,K7MFE5,0
K7MC09,C6T2G5,0
K7LWC5,C6TJM4,0
Q2PMQ9,A0A0R0GJV8,0
I1JU70,A0A0R0ESZ8,0
A0A0R0I1I4,I1MNU1,0
I1JMZ4,C6TIK0,0
C6TFN5,A0A0R0ENB3,0
I1MY72,A0A0R0KVY6,0
K7MMR4,I1LL05,0
A0A0R0G5A8,I1M3W1,0
K7LW22,A0A0R0EDS9,0
I1JDR2,K7LSJ2,0
A0A0R0FSS2,I1LXQ3,0
A0A0R4J4C8,A0A0R0IR73,0
I1N8P5,I1L7G4,0
I1J9J7,I1MEQ6,0
I1K5G1,I1K115,0
I1KUP5,A0A0R0GAQ8,0
I1N954,I1N780,0
A0A0R0I1I4,K7MRF5,0
K7KP66,I1KSL6,0
A0A0R0KR16,A0A0R0GS25,0
I1KHJ6,I1N898,0
Q2PMU0,I1N5D5,0
C6T507,I1LII4,0
I1M9T4,A0A0R0FM97,0
K7MCH3,I1JD52,0
I1K328,A0A0R0GS25,0
I1KRD4,I1JRV0,0
I1JHN5,I1MRP6,0
I1KTL9,A0A0R0FB78,0
I1LLA9,A0A0R0IR73,0
I1LPD3,K7MXH5,0
C6T0E4,I1MQC8,0
I1MVE9,C6T065,0
I1M0S4,I1LHS8,0
I1M3Q3,I1KHJ4,0
I1KLS4,K7KAB4,0
I1MGG3,C6TN69,0
I1KD09,I1JHJ0,0
C6T7N2,A0A0R0KE62,0
A0A0R0F077,A0A0R0FX75,0
C6TFR5,I1KEC8,0
I1KMP8,I1LM96,0
A0A0R0HSJ1,K7LTB2,0
K7N5D4,M1FN34,0
C6TD73,I1JVX3,0
A0A0R0EYA9,C6TGZ1,0
I1LRB0,I1JHJ0,0
K7KGE9,I1LII4,0
I1LIK8,I1LVN3,0
A0A0R0I1I4,I1KXK6,0
A0A0R0L4N1,I1KXK6,0
I1KJ56,A0A0R0GFH3,0
I1MNM3,A0A0R0HSA0,0
I1L8H7,I1L171,0
I1KEG8,I1K215,0
A0A0R0J2L9,K7N1L5,0
A0A0R4J3Y6,A0A0R0FER5,0
A0A0R0G3G4,I1MGG7,0
I1NF54,A0A0R0IT62,0
I1MJ97,A0A0R0G7I0,0
K7MMF4,A0A0R0F214,0
I1JY87,I1JRJ3,0
A0A0R0I8Z5,C6T4V3,0
I1JP52,C6TBL4,0
I1KYD6,K7M6R4,0
I1N9I5,A0A0R0EKI7,0
A0A0R0H2V0,C6T0A0,0
I1MY72,I1MEF5,0
A0A0R0ERF9,K7N1L5,0
K7LSH9,I1KJD2,0
K7N3F6,K7KVK2,0
I1JFN0,C6T5U0,0
I1JAF7,A0A0R4J4H3,0
I1K725,A0A0R0F214,0
A0A0R0KCV3,K7MTL2,0
I1JKP1,I1K3X9,0
I1MBM5,C6T065,0
A5Z2K3,I1MZV0,0
C6T083,I1KVC1,0
K7KP67,A0A0R0G7I0,0
I1L6W0,I1LL05,0
I1N8Q6,I1K215,0
K7KIU3,I1M277,0
A0A0R0F2Z4,A0A0R4J4C5,0
I1KPU4,K7M592,0
C6T3K0,I1K4R8,0
I1M3Q8,C6TGZ1,0
K7MPL4,A0A0R0JBL2,0
I1KP31,I1KAD1,0
K7KP66,C6SYW6,0
A0A0R0GG96,I1KM19,0
C6SVB5,K7LSG2,0
I1LHR1,I1KMS8,0
C6TFN5,A0A0R4J488,0
I1K911,I1LEC4,0
I1KV60,K7L4N7,0
I1JHN5,I1KYL4,0
I1MWP7,P62302,0
I1KV60,I1MNS7,0
C6SVB5,A0A0R4J488,0
K7K2H1,Q2PMR3,0
K7KLI7,I1L9K4,0
A0A0R0FNM4,P62302,0
I1MC26,K7MXH5,0
A0A0R0EJE2,I1K146,0
A0A0R0EWX9,A0A0R0K7U0,0
C6T507,K7L6K2,0
A0A0R0IAV3,I1K4R8,0
I1L524,A0A0R0K0K3,0
I1KJ56,I1L9K4,0
I1NHI4,I1MNS7,0
A0A0R0GJ85,A0A0R0FB78,0
K7MMR3,A0A0R0JRI8,0
I1KJW4,K7N145,0
I1N4X7,K7L6K2,0
A0A0R0KNS7,I1N761,0
I1KRZ2,K7N1L5,0
K7K8U8,I1KMS8,0
A0A0R0KNE1,K7LSJ2,0
I1KQ68,I1N5D5,0
K7LZZ5,I1MLJ0,0
I1MLK3,I1N7F4,0
I1NHQ1,K7LTB2,0
I1LQ02,A0A0R0FEN3,0
K7K415,K7L2R0,0
C6T868,K7KVK2,0
I1MUQ7,A0A0R0GS25,0
I1MHH7,K7K318,0
A0A0R0H8M3,I1KJF2,0
A0A0R0FEI0,K7LTR0,0
I1J9W0,I1MZV4,0
I1LPD3,I1NCV4,0
I1N0I7,I1MRI5,0
I1KZJ7,I1ML11,0
K7K676,I1JUQ6,0
K7LIW2,I1KQE3,0
I1KVS3,I1MSN3,0
I1K0C4,I1K215,0
I1NH98,K7KES3,0
I1KYD6,I1MZV4,0
C6TBJ1,K7MQG6,0
I1MGB0,I1JB64,0
A0A0R4J2N2,K7MM40,0
K7KLF0,A0A0R0JRI8,0
K7MMR4,I1MZV0,0
K7KE09,A0A0R0GUR9,0
K7KGJ8,I1J8W6,0
I1KS36,I1KVC1,0
I1K2U0,I1KVC1,0
C6TAF0,A0A0R0JBV0,0
I1J8V4,I1MSN3,0
C6SWG4,I1JUQ6,0
I1LP18,I1LG13,0
K7M5I5,K7M6R4,0
I1LPI3,K7L6N7,0
I1KB25,A0A0R0GS25,0
K7KCG5,C6SWS6,0
C6SYF3,C6TCH4,0
I1J5U5,I1K970,0
I1NF12,A0A0R0HSA0,0
I1L8L5,C6T2G5,0
K7MZ38,K7KTS8,0
C6TK75,I1NCF8,0
A0A0R0G5A8,A0A0R0ESZ8,0
I1JKP1,C6SYE1,0
I1JE83,C6TIQ7,0
A0A0R0K6F4,A0A0R0EWR2,0
A0A0R0G342,I1LW00,0
I1J9J7,I1K467,0
I1LFQ4,I1MSN3,0
C6SYQ2,A0A0R0HCS6,0
K7L9V3,I1KD82,0
C6TG99,I1MW51,0
K7M2D8,A0A0R0JJI0,0
A0A0R0JLD5,A0A0R4J2Y1,0
C6TKZ4,K7N145,0
K7KKB2,A0A0R0K0K3,0
I1LPC3,I1JUQ0,0
I1N4X7,K7KJB2,0
I1LRH8,A0A0R0FM97,0
I1KV60,I1N8M8,0
I1MNK0,A0A0R4J4C5,0
A0A0R0JES0,I1K215,0
K7N3F6,K7LSJ2,0
A0A0R0H7N0,A0A0R4J4H3,0
I1N1Y6,I1NIE5,0
C6SVF8,I1MGG7,0
I1MZ47,I1L332,0
I1MK96,K7KVK2,0
I1MLK3,I1KZK2,0
A0A0R0H8M3,K7L2R0,0
C6TG99,K7LSJ2,0
I1MVE9,I1K9J7,0
C6TG99,I1MTV9,0
C6TG99,A0A0R0G7B5,0
I1K912,C6T2G5,0
I1L215,I1JD36,0
I1L524,A0A0R0GWH6,0
A0A0R0EFE2,K7MC85,0
I1KQG0,I1K146,0
I1LC01,K7M592,0
C6T1P2,I1L171,0
K7L3P2,A0A0R0EKI7,0
I1LQ02,A0A0R0GPH9,0
A0A0R0G5A8,I1K3X9,0
A0A0R0FNM4,K7M846,0
A0A0R0KNS7,A0A0R0KE62,0
I1JCY0,K7K318,0
I1MC26,K7MMD7,0
I1JWH5,C6SZQ0,0
C6SZY0,I1NCV4,0
I1MZ47,M1FN34,0
O48548,I1K6E7,0
A0A0R0JKU3,A0A0R0GUR9,0
I1L690,A0A0R0IR73,0
I1JYG6,I1K9J7,0
I1K7N0,C6TIQ7,0
I1KGI6,A0A0R4J5B7,0
A0A0R0FSS2,I1JB64,0
C6SYF3,I1MQC8,0
C6TLV6,K7K4C7,0
A0A0R4J354,A0A0R0GS25,0
I1J5B0,K7MNP5,0
K7KE09,A0A0R0GAQ8,0
A0A0R0FSY2,I1JUQ0,0
I1MV96,I1KZY8,0
I1LMP2,I1L3P5,0
C6TE07,A0A0R0IT62,0
C6SZM2,A0A0R0L5Q1,0
I1K5K3,I1K4R8,0
I1KJH7,C6T065,0
I1KZJ7,K7M849,0
K7MGQ3,A0A0R0G7B5,0
I1JRL7,Q2PMR3,0
K7MTC4,I1KYL4,0
I1K3U2,A0A0R0KWL0,0
I1K912,A0A0R0FX75,0
I1JFN0,I1JAH7,0
K7KP66,A0A0R0HCS6,0
I1N9E1,A0A0R0H141,0
I1MKM3,K7M592,0
I1MM89,I1MVC6,0
I1KV60,A0A0R0GS25,0
I1NH98,I1JYT2,0
I1LJ93,K7L4N7,0
I1JW64,I1M1D5,0
I1JTE4,C6SW04,0
C6SVR8,K7MNP5,0
C6SWM1,I1MEQ6,0
A0A0R0L372,I1J9I1,0
A0A0R0KCV3,K7M6I1,0
O48901,I1KHJ4,0
I1JCY0,A0A0R0EDS9,0
I1LQ02,K7MC85,0
I1N9S5,C6SW04,0
A0A0R0JYY8,Q2PMR3,0
K7M5T0,I1NCV4,0
C6TE07,A0A0R0L7U5,0
K7MXD1,K7M849,0
I1KPQ8,K7N5K2,0
C6SW43,K7KW44,0
I1JUT9,I1JB64,0
K7N0X7,A0A0R0HCS6,0
A0A0R0JYB5,I1LLS8,0
I1JL13,I1MLJ0,0
I1MXT2,K7N129,0
C6T530,K7MQG6,0
I1KCH6,K7LLV5,0
I1KPQ8,I1K5B6,0
A0A0R0EI44,I1MF50,0
I1JIJ4,I1L332,0
C6SYF3,K7LLV5,0
I1K5G1,I1KHJ4,0
A0A0R4J3D2,I1LXQ3,0
A0A0R0EI44,A0A0R4J384,0
I1J553,I1J547,0
A0A0R0EJE2,I1KHJ4,0
I1N8Q6,I1L7G4,0
I1MJM9,K7M846,0
A0A0R0K6F4,A0A0R4J5B7,0
A0A0R0FKK9,A0A0R0JSJ9,0
P09755,I1JUQ6,0
I1K911,I1JHJ0,0
K7MZP6,K7K318,0
I1JMZ4,K7LHS7,0
I1KQG0,I1LFD2,0
I1KRF9,I1NG45,0
I1NBC2,C6T2G5,0
I1K096,I1KAR1,0
C6SW69,K7M592,0
I1LIR4,I1JUQ6,0
I1L8S1,A0A0R0L0E7,0
A0A0R0G2B9,A0A0R0JTV5,0
K7KCG5,A0A0R0GWH6,0
I1MRY0,I1JC65,0
K7L1D3,I1LLS4,0
I1MYX8,K7K8K7,0
I1LZW4,I1KSL6,0
I1KFU0,I1LII4,0
I1MNE4,K7L7W0,0
K7K676,A0A0R0FGT9,0
A0A0R0JZD5,A0A0R0IR73,0
I1L4B6,I1MSN3,0
I1KYF8,K7N1T9,0
C6SZM2,I1MVC6,0
I1M7B9,I1KJF2,0
A0A0R0G3G4,I1K9J7,0
I1K3U2,A0A0R0ENB3,0
A0A0R0I8Z5,K7K8Y9,0
I1L0M6,I1KFL5,0
I1KJW4,I1MW74,0
C6SZY0,I1M5B6,0
K7MPL4,K7M4E0,0
A0A0R4J3R4,I1J547,0
I1MVG5,I1MU00,0
K7MD28,A0A0R0GFL3,0
K7MNC0,I1JUQ6,0
A0A0R0GC27,K7N5K2,0
I1KAJ2,C6T065,0
I1N9I5,C6SWS6,0
C6SXJ9,A0A0R0KPE1,0
A0A0R4J3R4,K7M6R4,0
I1KS88,A0A0R0L0E7,0
I1NIJ9,C6T4V3,0
I1KRZ2,A0A0R0FX75,0
A0A0R0HIA6,I1JRU7,0
C6SYQ2,I1KVC1,0
K7L240,I1N5D5,0
C6SWL3,C6TCH4,0
I1K5G1,I1JHJ0,0
I1KPA1,I1JC65,0
I1JW21,K7M864,0
I1NFS4,I1JYT2,0
I1KS36,K7KW44,0
K7M5T0,I1K4R8,0
I1MU29,I1MEF5,0
A0A0R0IHF9,I1LLK1,0
C6TBN8,I1JFW6,0
I1LP56,I1NJ53,0
I1JMT0,I1K3X9,0
A0A0R0K5D9,K7K4C7,0
K7LJV1,I1LFD2,0
I1LJA4,I1N780,0
I1M3Q8,I1MSN3,0
K7K9E1,K7KK86,0
I1MV96,I1K5B6,0
I1LH11,I1K5K7,0
I1JU70,I1J8W6,0
C6TNX5,A0A0R0EWR2,0
A0A0R0F2Z4,I1J8C9,0
I1KMP8,K7LTB2,0
I1KTD4,C6SYW6,0
I1L8L5,I1LHS8,0
I1K9B8,I1MQC8,0
I1K9B8,I1K146,0
I1LP56,C6SZQ0,0
C6TFR5,K7MFZ6,0
A0A0R0JES0,I1LIT1,0
A0A0R0KCY1,K7K4C7,0
I1JUI1,I1J4B5,0
I1KHL6,I1NJ53,0
C6SZM2,A0A0R0GS25,0
I1MK36,K7M592,0
I1M7V7,I1K115,0
I1LYG4,I1JRU7,0
C6TLT3,I1KD82,0
I1LBV2,I1KD82,0
I1KZJ7,A0A0R0GFH3,0
I1JY87,A0A0R4J5C5,0
K7K794,C6TIK0,0
I1LJI8,I1LHS8,0
A0A0R0KR16,K7L6K2,0
C6TKG0,I1K970,0
K7LJF6,A0A0R0JT51,0
I1KJW4,A0A0R0L7U5,0
C6T3G1,A0A0R0HSH0,0
K7MNC0,A0A0R0KWT5,0
A0A0R0E3E6,K7M6Z2,0
I1N0F1,I1KHJ4,0
A0A0R0HHZ3,K7N1T9,0
I1K912,I1JUQ0,0
C6TCW7,C6T2G5,0
K7K9E1,A0A0R0IZY4,0
I1NIJ9,A0A0R4J2Y1,0
I1KQG0,I1MJJ9,0
C6T0U3,I1J4B5,0
K7K9E1,K7MTL2,0
I1MC39,K7MNN5,0
I1L524,A0A0R4J4D0,0
C6SXJ9,A0A0R0JJI0,0
A0A0R0IGP2,I1MVC6,0
I1KC19,I1LWZ0,0
K7LWI3,A0A0R0L0E7,0
I1JTE4,A0A0R0FB78,0
I1KAJ2,I1JHJ0,0
I1N8M4,K7KK74,0
A5Z2K3,A0A0R0FXD4,0
K7KGJ8,K7N5K2,0
A0A0R0K0L0,A0A0R0G7B5,0
A0A0R0JKU3,I1LL05,0
A0A0R0EFE2,K7L2R0,0
C6SVH9,I1MEQ6,0
A0A0R0H7N0,K7M849,0
I1J8W9,A0A0R0HSA0,0
A0A0R0G5V6,A0A0R0IZY4,0
C6T8L7,A0A0R0JTV5,0
A0A0R0GG96,K7N1T9,0
C6SZG8,K7MQG6,0
I1JCY0,I1NCF6,0
I1NBC2,C6SW04,0
C6SXM9,A0A0R0JYX3,0
C6T0U3,I1K642,0
I1NH98,I1K4R8,0
I1LDY7,C6TIQ7,0
I1M2R5,K7KK86,0
A0A0R4J2K3,O22518,0
I1M100,K7N145,0
I1JUI1,I1JMH3,0
C6SZM9,I1K467,0
K7MI53,K7MNN5,0
K7MGQ3,K7LK09,0
K7KZ42,I1LG13,0
I1N4X7,K7M841,0
I1JE83,I1MVC6,0
I1NF54,I1MEF5,0
I1LH11,K7MMD7,0
A0A0R0K5D9,I1K146,0
K7MVB9,A0A0R0ESZ8,0
A0A0R0EFE2,A0A0R0HCS6,0
C6TFN5,A0A0R0EG78,0
I1MBR7,I1KJD2,0
C6TKW2,A0A0R0FGT9,0
I1MV96,A0A0R0FJR0,0
I1LGB7,I1JYT2,0
I1J9W0,K7K8Y9,0
K7KEV0,K7MQG6,0
C6T868,C6T5U0,0
I1MT74,I1JC65,0
I1JV48,A0A0R0K7U0,0
I1LIS4,I1KQE3,0
I1KHY2,A0A0R4J2Q5,0
I1LD74,A0A0R0GS25,0
I1MP46,I1MRI5,0
A0A0R0HHZ3,K7LNG6,0
I1K2Z9,K7M846,0
K7L1B9,I1LEC4,0
I1MVK7,C6SYW6,0
I1KX98,I1KFL5,0
C6TAF0,A0A0R4J5K6,0
C6TFR5,I1LII4,0
I1L0M6,K7KQZ8,0
I1LG61,C6TBL4,0
I1JR41,I1KZK2,0
A0A0R4J2K3,I1MNU1,0
A0A368UJ64,A0A0R0GFH3,0
I1KQG7,A0A0R0GPH9,0
I1NGL5,A0A0R0JSJ9,0
C6TE07,I1LEC4,0
I1JHN5,I1J8W6,0
A0A0R0EFE2,K7M841,0
I1MK36,A0A0R0FEN3,0
I1L3P6,C6SZQ0,0
I1KCX1,I1M269,0
A0A0R0JB42,A0A0R0IR73,0
I1JIP5,I1J4B5,0
A0A0R0JLD5,K7LNG6,0
A0A0R0FNV7,A0A0R0FTI5,0
I1M273,I1MNU1,0
C6TG91,K7LTB2,0
I1M0N9,I1KH38,0
I1JRL7,I1JFW6,0
I1KY58,O22518,0
K7K9E1,A0A0R0JRI8,0
K7MST2,I1LPK5,0
I1KYS6,A0A0R0GS25,0
I1L4B6,K7M846,0
C6SZM9,K7K8Y9,0
I1MYX8,C6T5U0,0
K7KP67,I1JHJ0,0
K7MZP6,I1K115,0
I1JIW3,A0A0R0IR73,0
I1NHI4,I1JVX3,0
I1LDU4,I1KD82,0
C6TKC3,K7L939,0
I1L690,I1NCF6,0
K7KLI7,A0A0R0ENB3,0
I1KCH6,K7L2R0,0
I1N6N9,I1MNU2,0
A0A0R0J7Q5,K7LIE3,0
A0A0R0F077,A0A0R0IR73,0
A0A368UH03,A0A0R0L828,0
I1JIW3,I1LM96,0
I1KBL4,I1N780,0
I1MLZ0,A0A0R4J4H3,0
I1NBC2,A0A0R0ENB3,0
I1JFF6,K7LK09,0
I1KLS4,K7MNP5,0
I1JHC2,A0A0R4J384,0
A0A0R0JYB5,A0A0R0IT62,0
I1KTL9,I1JK31,0
A0A0R0FKK9,K7MNP5,0
I1KRZ2,I1MNU1,0
K7L1D3,K7M6J1,0
A0A0R0EZ39,A0A0R0ESZ8,0
I1KYS6,A0A0R0FGT9,0
I1JE83,C6TIK0,0
I1JE38,I1MLF1,0
I1L0M6,K7N1L5,0
I1L653,A0A0R0L7U5,0
K7LXT7,I1JMZ7,0
K7L395,K7KNC5,0
C6SZY0,I1LVN3,0
I1NF54,I1MTV9,0
A0A0R0HSV1,K7K4C7,0
I1MJM9,P17093,0
C6TE07,I1J8W6,0
I1J9W0,C6TCH4,0
K7KZ42,I1M998,0
A0A0R4J2K3,I1LLS4,0
K7KFV5,C6TCH4,0
I1MNM3,K7N145,0
C6TKZ4,C6T065,0
C6SW69,I1MRP6,0
I1JIP5,A0A0R0IF42,0
C6T3K0,I1M277,0
I1K4D7,I1J8C9,0
K7M142,I1J9I1,0
C6TKB2,I1NAJ5,0
A0A0R0G3G4,I1M225,0
K7LRU2,A0A0R0IR73,0
I1N9S5,I1MW74,0
K7MMR4,I1K1W8,0
I1KTD4,A0A0R0EYS5,0
C6SYF3,I1MC28,0
A0A0R0KFE8,C6TK73,0
I1J7A8,K7KES1,0
I1LUI7,I1MZV0,0
K7M787,I1J8W6,0
I1MHS1,A0A0R4J4C3,0
I1N1Y6,I1JB64,0
A0A0R0GYG1,A0A0R0KE62,0
C6SYR1,A0A0R0HSA0,0
C6T8R7,A0A0R0E934,0
K7LWC5,P17093,0
I1MSD9,A0A0R4J2Y1,0
A0A0R0LB39,K7N0V8,0
I1N0R5,A0A0R0KVY6,0
I1KS88,I1KM19,0
I1J6B5,A0A0R0FEN3,0
C6SXM9,I1J547,0
I1JZC3,K7LCS7,0
K7LIW2,I1K2I1,0
I1LD74,I1JD36,0
I1KMS4,K7K318,0
I1JDH6,K7KK74,0
I1NFU9,K7M6I1,0
A0A0R0GE56,I1JMK4,0
I1M0C3,C6SW04,0
I1K096,A0A0R0FJR0,0
A0A0R0G5A8,C6TNW3,0
C6TEP1,I1MW74,0
I1MM64,I1N761,0
K7LXT7,I1MSN3,0
I1K2U0,A0A0R0GUR9,0
I1LRE4,I1KH38,0
A0A0R0FSS2,A0A0R0HV63,0
K7M4N3,I1LIA8,0
I1K911,Q43463,0
I1KYS6,I1MC28,0
A0A0R4J354,K7MFE5,0
I1KNN1,I1MGG7,0
I1MP46,A0A0R0L828,0
I1KV60,I1MVC6,0
A0A0R4J389,I1MQC8,0
I1K3P0,I1NC50,0
I1KXI7,I1L9K4,0
I1NDG6,I1NCF8,0
A0A0R0F7J9,K7LHS7,0
C6SXJ9,K7KTS8,0
A0A368UJ64,A0A0R4J4C3,0
A0A0R0JKU3,I1JFW6,0
K7KVG4,I1NC50,0
I1L219,A0A0R0KWL0,0
I1LDA7,I1ML11,0
I1KJH7,A0A0R0JTV5,0
I1KGZ6,I1LGD6,0
C6SYE0,I1LHS8,0
A0A0R0FEN9,K7MNN5,0
A0A368UHE3,C6TCH4,0
K7KGJ8,I1M1W3,0
I1N8Q6,I1LIA8,0
I1KYS6,I1L3P5,0
I1NBC2,A0A0R0JT51,0
I1KEG8,K7N1L5,0
I1KQE8,A0A0R4J426,0
I1MK36,I1JE09,0
I1K3U2,K7LFD7,0
I1KJH7,C6TK73,0
K7N0U1,K7N5K2,0
A0A0R0F2Z4,C6T0A0,0
A0A0R0KNE1,I1KTI0,0
K7KDM1,A0A0R0JBV0,0
A0A0R0ERF9,I1KQE3,0
C6SYE0,I1LLS8,0
K7KLI7,I1LVN3,0
I1KBB6,I1KMS8,0
I1LGB7,A0A0R0FB78,0
K7N0X7,K7MXH5,0
C6T9S5,I1LPW2,0
K7KLI7,K7MGQ2,0
A0A0R4J2N2,A0A0R0IR73,0
I1L6W0,I1N761,0
K7MMR4,K7MMD7,0
I1N0F1,I1M998,0
I1KDB2,I1KEC8,0
C6T083,I1MGG7,0
Q2TFP1,A0A0R0FM97,0
I1JAF7,I1KUS2,0
I1MLN7,I1NC50,0
C6TNX5,K7LCS7,0
A0A0R0FNV7,O22518,0
I1K5K3,I1LFD2,0
A0A0R0JG07,I1MGG7,0
I1M2R5,K7N5K2,0
I1KTL9,I1M269,0
I1JFS9,I1LXQ3,0
A0A0R0FNM4,A0A0R0KPE1,0
I1JML1,I1LFD2,0
I1KJT5,A0A0R0EKI7,0
I1MNV4,A0A0R0GUR9,0
I1KTL9,Q43463,0
K7MZP6,I1JUQ6,0
K7MGQ3,A0A0R4J488,0
K7LSH9,K7N1L5,0
I1KCB7,I1K6E7,0
I1JDR2,A0A0R0EDS9,0
I1M3Q3,K7M841,0
A0A0R4J3Y6,I1K115,0
A0A0R4J2K3,C6SZQ0,0
C6T7N2,A0A0R0EG78,0
I1N0F1,A0A0R0KWT5,0
I1L690,I1L3P5,0
K7M5T0,A0A0R0EJV2,0
C6T0E4,I1K9J7,0
C6TBJ1,A0A0R0KVY6,0
I1KZJ7,I1KMS8,0
I1KMS4,K7MFZ6,0
C6SVU4,I1KMS8,0
K7MCD1,I1M269,0
C6T2H2,A0A0R0EG78,0
I1L653,I1J4B5,0
A0A0R0FNM4,K7L6K2,0
A0A0R0EYA9,I1K4R8,0
I1LJ94,C6SWS6,0
C6TE07,I1N7F4,0
K7K1Z2,I1M998,0
I1MVG5,K7MXE0,0
A0A0R0FX70,I1JD52,0
A0A0R0HIA6,I1JE09,0
I1KQE2,A0A0R0EKI7,0
I1NGD2,K7MYK9,0
K7MNC0,I1KSL6,0
C6T2Z2,I1MNS7,0
K7KY63,K7LTB2,0
K7LWI3,A0A0R0GAQ8,0
I1KLE1,I1KCY5,0
C6T1E6,A0A0R4J4C5,0
I1LP56,K7LSJ2,0
I1N7K6,I1LIA8,0
A0A0R0KH89,I1JYT2,0
C6T3I8,C6T4V3,0
A0A0R0G342,I1LXQ3,0
I1JTW0,C6T5R4,0
C6T0U3,I1K1W8,0
C6SYA3,I1LIT1,0
I1KC19,K7L6N7,0
I1JUJ6,A0A0R0GAQ8,0
I1LFW0,K7MNN5,0
A0A0R0G6V6,A0A0R0KWL0,0
K7LW22,A0A0R4J426,0
I1KZI6,K7K4C7,0
I1K5G1,K7KVK2,0
C6SVR8,I1M5B6,0
K7L3P2,A0A0R0H141,0
A0A0R0G5A8,K7M841,0
K7LJV1,I1MQC8,0
I1LR08,I1LEC4,0
I1MJM9,A0A0R0IF42,0
I1NH73,I1K4R8,0
K7M2D8,A0A0R0L0E7,0
I1KS36,K7LCS7,0
A0A0R0EYA9,I1MC28,0
I1KQE2,A0A0R0GUR9,0
K7MCH3,I1J8W6,0
A0A0R0EU45,K7M6J1,0
I1K911,A0A0R0GFH3,0
I1L8H7,I1KZY8,0
I1JW64,I1K2I1,0
A0A0R0L098,A0A0R0EUJ0,0
K7KLF0,A0A0R0GJV8,0
A0A0R0HXE9,I1ML11,0
K7K794,A0A0R0JJI0,0
I1JE83,I1KMS8,0
K7K1Z2,I1MEQ6,0
I1JT85,I1K115,0
C6TKW2,I1M3W1,0
I1NF54,A0A0R0FEN3,0
I1K4U3,I1KXK6,0
I1MT74,A0A0R0KWT5,0
K7KDX2,I1LPK5,0
A0A0R0H8M3,C6SYE1,0
Q2PMS6,I1MGG7,0
A0A368UJ64,I1M269,0
C6SWI3,A0A0R4J4C5,0
P46279,K7KAB4,0
A0A0R0KXY9,I1LFD2,0
I1K9B8,I1L9K4,0
I1LLA9,I1KFL5,0
I1JMZ4,K7L6K2,0
I1JTE4,I1KLS1,0
I1LAR7,K7M849,0
A0A0R0HDM5,I1MZV4,0
A0A0R0G2B9,A0A0R4J2Y1,0
I1JAF7,I1L3P5,0
I1N8Q6,I1KSD0,0
I1LYU9,I1NAJ5,0
I1K2J5,I1JC65,0
I1N8Q6,A0A0R4J4D0,0
I1MNK0,A0A0R0JQJ0,0
C6SY99,I1MSN3,0
A5Z2K3,K7N1T9,0
K7LW22,I1NCV4,0
C6SXP5,I1KUS2,0
A0A0R0GE84,I1JAH7,0
I1NBC2,I1NJ53,0
I1JBJ2,C6TBL4,0
I1NC77,I1KXK6,0
I1KJL3,K7N5K2,0
A0A0R0HN81,A0A0R0EWR2,0
I1K2U0,I1NCF8,0
I1L524,I1LM96,0
K7M787,I1MU00,0
I1LY25,A0A0R0JTV5,0
A0A0R0ERF9,A0A0R0GFL3,0
I1KH45,A0A0R0FJR0,0
K7MNC0,K7L939,0
A0A0R0JJK8,I1NG45,0
I1MBA2,A0A0R0L5Q1,0
K7LQ96,A0A0R4J5C5,0
I1J5U5,I1MRP6,0
I1K2Z9,A0A0R4J384,0
C6TKZ4,I1L3P5,0
I1JS66,I1KTI0,0
I1K628,I1JD52,0
K7KGE9,A0A0R0E934,0
I1N0U4,I1MPJ4,0
I1MRY0,K7LFD7,0
I1M717,A0A0R0EG78,0
A0A0R0ESI3,I1N761,0
K7KGE9,I1LPW2,0
I1MIE5,I1JE09,0
A0A0R0I8Z5,C6SZG1,0
I1JBJ2,K7KQZ8,0
I1J7A8,I1MNU2,0
I1LUL7,I1NCF8,0
A0A0R0EYA9,I1JYT2,0
A0A0R0HDM5,I1JYT2,0
I1MC26,I1L171,0
I1MEZ1,I1KPE7,0
C6SXM9,I1NCV4,0
I1LIR4,A0A0R0EUJ0,0
I1KHY2,I1JD07,0
I1JAF7,A0A0R0FTI5,0
I1KZI6,A0A0R4J5K6,0
K7M787,K7M841,0
I1MC26,I1J8W6,0
I1JUR7,A0A0R0JJI0,0
C6T5Z0,K7MYK9,0
A0A0R0K6F4,I1MPJ4,0
I1MNK0,I1JMK4,0
K7K8U8,K7MFZ6,0
I1JMZ4,K7LTR0,0
A0A0R0ESI3,Q43463,0
I1N3M5,C6T0A0,0
C6TL77,I1LY15,0
I1LYU9,A0A0R0IR73,0
I1JHC2,I1MPJ4,0
I1LIH7,I1L2H4,0
K7KLI7,K7KH93,0
A0A0R0H7N0,A0A0R0K7U0,0
I1MLH9,K7M849,0
I1JUT9,K7LLV5,0
A0A0R0J7Q5,I1J9I1,0
A0A0R0G3G4,I1JM18,0
I1NBE9,A0A0R0GPH9,0
K7KIU3,Q2PMR3,0
I1K328,A0A0R0GPH9,0
I1JIW3,A0A0R0EYS5,0
I1MNE4,Q43463,0
K7MMF4,A0A0R0E934,0
I1LGI1,C6TFX5,0
C6TK75,I1M225,0
K7LLK0,I1KZK2,0
I1NGQ5,C6TIQ7,0
K7LWI3,A0A0R0JT51,0
C6F117,I1JMZ7,0
A0A0R0K5X4,I1JFW6,0
A0A368UJ64,I1K215,0
I1MUQ7,K7N1T9,0
I1LUI7,K7L4N7,0
I1LIS4,C6TN69,0
K7N0X7,I1JFW6,0
A0A0R4J389,K7LTB2,0
A0A0R0LA89,I1MVC6,0
I1LPD3,A0A0R0FEN3,0
A0A0R0H2V0,A0A0R0JJI0,0
I1MUN3,K7LSG2,0
Q2PMS6,K7KH93,0
I1LRE4,I1MZV4,0
C6T3K0,I1NIE5,0
I1K620,K7LK09,0
C6TFR5,A0A0R4J4D0,0
C5NTE7,I1KUB2,0
I1K912,I1JMK4,0
I1N6Z0,K7LFD7,0
K7K676,A0A0R0FM97,0
I1KMP8,I1L9K4,0
K7L395,I1LVN3,0
K7M5I5,C6SZQ0,0
I1MNM3,I1L7G4,0
I1MHS1,A0A0R0IR73,0
I1K7J4,I1KCY5,0
K7LLK0,C6SYE1,0
A0A0R0K5D9,K7LY43,0
K7KYE0,K7L7W0,0
A0A0R0G5V6,I1JA95,0
K7KDM1,I1JE09,0
I1JCY0,K7KJB2,0
K7LW22,A0A0R4J4D0,0
K7MMR3,A0A0R0HSH0,0
C6T567,I1LW00,0
A0A0R0KE73,C6SZG1,0
I1JVP4,I1MZV4,0
I1NBE9,K7L6N7,0
I1MJM9,I1JMK4,0
I1M6L1,I1K215,0
K7MAP3,A0A0R0HV63,0
I1N0R5,I1JV03,0
I1KUP5,I1J4B5,0
I1KVS3,M1FN34,0
K7LDR8,I1KD82,0
I1LDA7,K7K894,0
I1LKU1,K7N5K2,0
I1NH98,K7MM40,0
A0A0R0F077,I1JRU7,0
K7L240,A0A0R0FZM4,0
I1LBV2,I1KSD0,0
I1JE83,A0A0R0EJV2,0
I1NDC0,I1K115,0
A0A0R0G2B9,A0A0R0IT62,0
I1JWF0,K7K318,0
I1LKU1,I1M277,0
K7LDR8,K7K8Y9,0
K7MRX6,I1LUE0,0
C6T7N2,P62302,0
C6TG99,I1KH38,0
I1KQG7,A0A0R0FER5,0
I1NJ79,K7LTB2,0
A0A0R0KNE1,A0A0R4J4H3,0
I1M7C7,I1JUQ0,0
I1KS36,A0A0R0F214,0
I1MEN1,I1M269,0
I1KBL4,K7KAB4,0
I1M4P0,I1KD82,0
K7LA18,I1ML11,0
A0A0R0ESI3,I1LIT1,0
K7N0X7,C6T4V3,0
I1M6L1,I1JRV0,0
I1KS20,K7M592,0
A0A0R4J2W3,K7LIE3,0
K7MRX6,A0A0R0KPE1,0
I1M7C7,I1L3P5,0
I1LJI8,K7M4E0,0
I1NGL5,I1K642,0
C6T2Z2,I1MZV4,0
A0A0R0J2L9,K7MNN5,0
I1MLN7,K7L2D7,0
C6T8L7,I1JRU7,0
I1M2R5,A0A0R0KWT5,0
I1MV96,M1FN34,0
C6T968,A0A0R0EG78,0
I1JZC3,I1LEC4,0
A5Z2K3,I1KAR1,0
I1M0C2,I1J9I1,0
I1LYN0,I1L9K4,0
I1LC20,A0A0R0E934,0
I1JMT0,K7LQV0,0
K7KVG4,I1MK72,0
Q2PMS6,K7KNC5,0
K7KVG4,A0A0R4J384,0
I1LBV2,K7KW44,0
A0A0R4J2W3,C6TFX5,0
C6T0U3,I1KCY5,0
I1LUI7,I1JD36,0
C6TBJ1,I1MEF5,0
I1N9E1,I1LH27,0
K7MS88,K7K894,0
K7LHR2,A0A0R0EJV2,0
I1KR80,I1JUQ6,0
I1K4D7,I1M225,0
I1KNN1,A0A0R4J384,0
K7L240,I1LLK1,0
I1LAR7,K7LK09,0
I1MC39,K7L7W0,0
C6TFN5,I1M225,0
I1M100,I1MNU1,0
K7LTQ1,I1JD07,0
I1JHC2,A0A0R0HSA0,0
C6TAF0,I1L2H4,0
A0A0R0KFE8,I1LLK1,0
O48548,A0A0R0FEN3,0
K7KP67,K7L7W0,0
I1KDB2,A0A0R0L4P0,0
I1JCY0,C6TD23,0
A0A0R0EZ39,K7KNC5,0
C6SY99,A0A0R0ENB3,0
I1LIK8,K7MFE5,0
A0A0R0L8Y1,K7M592,0
K7KE09,C6TBL4,0
K7MVB9,I1JV03,0
I1LUL7,I1JRU7,0
K7KKB2,A0A0R0ESZ8,0
I1LYG4,A0A0R0GFM7,0
I1M100,A0A0R0FX75,0
K7MNC0,I1MPJ4,0
K7MXD1,I1JMK4,0
C6T0E4,I1JHJ0,0
K7KTT9,K7N5K2,0
I1KQG7,I1LGD6,0
I1KTS9,A0A0R0FXD4,0
I1KLE1,I1K2I1,0
I1L5Z7,I1MC28,0
C6TAW8,K7N1L5,0
C6TKW2,C6T0A0,0
K7MMR4,A0A0R4J4C3,0
I1LCX3,C6T0A0,0
I1MNU7,A0A0R4J4C3,0
K7MXD1,I1NIE5,0
K7MS88,K7MQG6,0
C6TMM7,I1JRU7,0
A0A0R0G6V6,A0A0R0EYS5,0
A0A0R0G342,K7LK09,0
I1JE38,A0A0R0IT62,0
I1JVP4,I1LVN3,0
A0A0R0FQN0,I1K4R8,0
K7L3P2,A0A0R0K0K3,0
C6SYE0,I1J4B5,0
I1LGQ1,A0A0R0F214,0
I1JUJ8,I1J8W6,0
I1K912,A0A0R0ESZ8,0
I1KMP8,K7LLV5,0
I1K328,I1JAH7,0
C6T3K0,A0A0R0FEN3,0
C6T2L5,A0A0R0GFM7,0
I1K2J5,A0A0R0FGT9,0
A0A0R0IAV3,I1LFD2,0
K7LA18,A0A0R0FGT9,0
I1J5B0,I1MNV2,0
I1JS58,I1K146,0
K7L240,I1LPK5,0
I1LKQ4,K7KK74,0
I1KLS4,C6TJ17,0
C6TBJ1,I1L171,0
K7LDR8,I1LPK5,0
I1K4U3,A0A0R4J5B7,0
I1MHS1,C6SZQ0,0
K7K2H1,I1K215,0
K7LLK0,K7K318,0
K7M787,A0A0R4J426,0
I1LYQ9,I1LG13,0
I1KFI5,I1MVC6,0
I1JRL7,I1MZV0,0
I1KBL4,I1MW51,0
I1JM69,C6SYE1,0
A0A0R0L7S1,K7KK86,0
I1KXI7,A0A0R0FJR0,0
I1J7S6,I1MNU1,0
I1MTX9,C6T5U0,0
I1MWP7,I1K467,0
I1KYS6,I1K146,0
I1M0C2,A0A0R0FB78,0
I1LZT5,K7MXE0,0
K7K8U8,I1LUL2,0
I1MUN3,A0A0R4J4C3,0
C6SY81,K7KVK2,0
A0A368UHM1,K7KES3,0
I1J9W0,I1MEF5,0
I1JWF0,A0A0R0FER5,0
A0A0R0JJK8,A0A0R0JRI8,0
A0A0R0H9H8,A0A0R0GG06,0
A0A0R0J2L9,A0A0R4J4D0,0
A0A0R0K0L0,I1LW00,0
K7LW22,A0A0R0H141,0
C6SWA0,I1MLJ0,0
I1LIR4,A0A0R0KVY6,0
K7KDX2,K7L2R0,0
I1JYG7,I1J8W6,0
I1JRA0,C6TGA9,0
I1KCB7,I1JYT2,0
C6SYQ2,K7N1L5,0
I1LDY7,A0A0R0EYS5,0
K7LRU2,I1LLS4,0
I1LJI8,A0A0R0ENB3,0
I1MM89,K7KH93,0
C6T868,K7K894,0
A0A0R0J7J3,K7LTR0,0
A0A0R0L372,I1MLJ0,0
I1LA00,K7N1T9,0
K7L3P2,A0A0R0IF42,0
K7LXT7,I1KJD2,0
I1LRH8,I1J8C9,0
I1NBC2,K7M4E0,0
I1KHY2,I1JHJ0,0
I1MK96,C6TGZ1,0
I1LG61,K7MFZ6,0
A0A0R0H296,C6T5R4,0
I1KJ98,A0A0R0JYX3,0
A0A0R0KNS7,A0A0R0JSJ9,0
K7MH53,I1JD52,0
I1M3U2,I1NJ53,0
I1J7A8,A0A0R0HSA0,0
C6SZM2,A0A0R0HV63,0
C6TAF0,A0A0R0HCS6,0
K7K1Z2,I1NCF6,0
I1KZJ7,I1K642,0
K7KGE9,I1J8W6,0
I1M7V7,K7KQZ8,0
I1LM73,I1K4R8,0
I1MBM5,I1LG13,0
A0A0R0FQN0,C6T5R4,0
I1KYS6,K7M6R4,0
I1LDU4,K7L7W0,0
C6T2Z2,A0A0R0EG78,0
C6TAF0,K7LSJ2,0
I1JM69,K7M592,0
I1N0F1,A0A0R0GAQ8,0
I1JMT0,A0A0R0JTV5,0
I1MVK7,K7LHS7,0
I1LP56,I1L7G4,0
I1KUP5,A0A0R0KVY6,0
A0A0R0KNE1,A0A0R0GJV8,0
I1LKQ4,A0A0R0FJR0,0
I1LMP2,C6T0A0,0
I1M4Y9,I1MNU2,0
I1NIJ9,A0A0R0FX75,0
C6SYR1,A0A0R0FGT9,0
I1L219,C6TGA9,0
I1MZ32,O22518,0
A0A0R0KJP6,I1JMZ7,0
A0A368UJ64,I1LGD6,0
K7KCG5,K7M6R4,0
I1JM69,K7L6K2,0
K7KP66,A0A0R4J4C3,0
I1L690,A0A0R0GBB6,0
I1J8W9,K7L939,0
O48901,A0A0R0EUJ0,0
I1JW21,K7M841,0
I1LJI8,K7KES3,0
C6T083,K7M466,0
I1M7C7,I1NG45,0
I1MLZ0,Q43463,0
I1KS20,I1K642,0
I1M0N9,K7MXH5,0
K7KE09,K7KES3,0
I1LG61,I1K5K7,0
I1JKS2,C6T0A0,0
I1J8W9,A0A0R0IT62,0
I1JCY0,I1MNU2,0
C6T9S5,A0A0R0JT51,0
I1KUP5,A0A0R0L828,0
K7LUF9,K7L4N7,0
I1JU70,I1MNU2,0
K7KLI7,A0A0R0JYX3,0
I1JE38,A0A0R0GPH9,0
K7MGK0,K7K8Y9,0
A0A0R0HXE9,A0A0R0K0K3,0
I1JWF0,I1LLS4,0
K7LLK0,A0A0R0KPE1,0
K7K2H1,I1NG45,0
I1JE83,I1MW51,0
I1JE38,I1JHJ0,0
C6T5Z0,A0A0R0GUR9,0
I1K5K3,I1KVC1,0
I1JFS9,I1KFL5,0
I1MP46,I1NJ53,0
C6TMM7,I1KEC8,0
I1N1X8,I1LY15,0
I1J8W9,K7N145,0
K7M5W5,K7N0V8,0
A0A0R0JLD5,I1M5B6,0
K7KEV0,A0A0R0GAQ8,0
I1MKM3,K7M846,0
I1LIH7,I1MEQ6,0
I1KMP8,I1JK31,0
I1LCX3,K7LFD7,0
K7L9V3,K7MMD7,0
I1JIJ4,A0A0R0EWR2,0
I1K096,C6TFX5,0
I1KZW4,K7M466,0
K7LXT7,K7LY43,0
I1L5Z7,I1JYT2,0
I1KQP3,I1MEQ6,0
I1KHL6,I1KZY8,0
C6T1P2,K7K318,0
A0A0R0EWX9,C6SZQ0,0
I1LDA7,A0A0R0GFM7,0
A0A0R0GE84,A0A0R0H141,0
I1K9B8,I1K3X9,0
K7L8H2,I1K3X9,0
K7K794,C6SZQ0,0
A0A0R0L115,I1L2H4,0
C6SZ22,A0A0R0JYX3,0
I1JIP5,K7KNC5,0
A0A0R0FNM4,K7MYK9,0
I1LCX3,I1JC65,0
I1KXI7,I1JK31,0
K7LSH9,A0A0R0F214,0
I1KTS9,C6SWS6,0
A0A0R0FNV7,C6SWS6,0
K7M5W5,I1NC50,0
C6TKZ4,A0A0R0K7U0,0
I1L219,A0A0R0JBL2,0
I1M5E2,K7M846,0
I1KU09,Q43463,0
C6T0E4,K7LFD7,0
I1JY87,A0A0R0L0E7,0
C6SVU4,A0A0R0GFH3,0
A0A0R0JLD5,K7KTS8,0
C6TNL5,K7M849,0
I1MLK3,A0A0R0FER5,0
I1KHL4,I1L3P5,0
I1KBB6,A0A0R0JBL2,0
I1L478,I1LEC4,0
K7K676,K7KTS8,0
A0A0R0JJ98,I1KVC1,0
I1M5E2,A0A0R0EJV2,0
I1MLN7,A0A0R0K6I2,0
A0A0R0FEI0,I1JMZ7,0
C6SZY0,I1K5B6,0
I1MT74,I1LH27,0
K7L3P2,I1KAD1,0
I1LUL7,I1LFD2,0
A0A0R0JLD5,I1L171,0
K7K2H1,C6TNW3,0
I1MVE9,I1MF50,0
I1KXI7,I1NCV4,0
A0A368UJ64,A0A0R0GJV8,0
I1J870,A0A0R0IF42,0
I1MLK3,K7K318,0
I1KD09,A0A0R0H141,0
I1L5H8,A0A0R0FX75,0
I1MUN3,A0A0R0GFH3,0
I1MT74,I1L2H4,0
I1KQG7,C6SZQ0,0
K7KE09,A0A0R0HSA0,0
K7KEV0,I1NCF6,0
K7LHR2,I1MNS7,0
K7KKB2,A0A0R0JSJ9,0
I1LP56,A0A0R0GUR9,0
I1LP18,A0A0R0FB78,0
K7L3K3,K7KES3,0
C6T3G1,K7M592,0
A0A0R0H7N0,C6TN69,0
I1KC19,A0A0R0FX75,0
I1MUN3,I1LUL2,0
K7L3P2,I1M277,0
I1JNV3,I1LUE0,0
I1J8V4,A0A0R0FJR0,0
I1NGD2,C6TCH4,0
A0A0R0GNH6,A0A0R0EUJ0,0
K7M9K9,A0A0R0L0E7,0
A0A0R0L372,I1NAF6,0
K7N5D4,I1KJF2,0
I1L3P6,K7N5K2,0
C6SYR1,I1LIU7,0
I1LMQ5,I1JRV0,0
K7MS88,A0A0R0FGT9,0
A0A0R0JKU3,I1LM96,0
A0A0R0JJ98,A0A0R0JBL2,0
A0A0R0HN81,I1L332,0
C6T0U3,I1JHJ0,0
A0A0R0GE56,A0A0R0K6I2,0
C6SZY0,I1L2H4,0
I1KP31,I1LHS8,0
K7MMR3,K7LQV0,0
K7LDR8,K7MRF5,0
A0A0R0E907,I1L9K4,0
I1NDG6,A0A0R4J4C3,0
I1JKS2,I1MSN3,0
A0A0R0KTM7,I1KHJ4,0
I1KZJ7,I1J9I1,0
I1LGQ1,I1KLS1,0
I1KP31,A0A0R0GFM7,0
I1NIE7,A0A0R4J426,0
C6TKL8,C6SYE1,0
K7MGK0,I1M3W1,0
A0A0R0HSJ1,I1JYT2,0
I1KNN1,I1NAJ5,0
I1L5H8,K7LSG2,0
A0A0R0E3E6,A0A0R0JRI8,0
I1KAJ2,A0A0R0JT51,0
I1LDA7,A0A0R0JJK0,0
C6T2Z2,A0A0R0IZY4,0
I1MEN1,A0A0R4J4D0,0
I1MUN3,A0A0R0JBL2,0
C6SWD4,I1JUQ0,0
A0A0R0K0L0,I1JRJ3,0
I1K5L7,K7N1L5,0
I1JUJ8,I1JV03,0
I1J553,C6SX83,0
C6SW69,K7M4E0,0
I1NGD2,K7M466,0
I1LA00,K7K894,0
K7LVE4,I1KQE3,0
I1N3M5,I1LLS4,0
I1KEY6,Q43463,0
K7MST2,A0A0R0IF42,0
I1JNV3,K7LNG6,0
K7LVE4,I1J4B5,0
I1K5L7,A0A0R0GFH3,0
I1KMP8,C6SX83,0
I1LUF0,I1M1W3,0
K7LUF9,C6SZG1,0
I1MYX8,I1N780,0
K7KP67,I1KLS1,0
I1MZ32,A0A0R0KE62,0
K7MZP6,I1NIE5,0
I1KVX9,C6T4V3,0
I1MU29,C6T0A0,0
I1KRF9,K7L939,0
I1JZC3,I1K6E7,0
K7M9K9,I1MEQ6,0
I1LJW2,K7MGQ2,0
K7KYY0,I1J8C9,0
I1KHY2,M1FN34,0
A0A0R0GBL8,C6T2G5,0
K7L1B9,I1LG13,0
K7LGW1,C6T5U0,0
I1M0N9,A0A0R0GFL3,0
A0A0R0GRI6,A0A0R0L828,0
A5Z2K3,K7LTB2,0
I1N1V6,I1N898,0
A0A0R0FNV7,M1FN34,0
I1N0R5,A0A0R0HV63,0
I1M757,A0A0R0JTV5,0
I1J7A8,A0A0R0KWT5,0
I1K650,I1JM18,0
I1LMP2,I1LWZ0,0
C6TG99,I1LIU7,0
I1L219,A0A0R0ESZ8,0
C6T8L7,I1MZV0,0
I1N954,A0A0R4J5K6,0
A0A0R0KJP6,I1MF50,0
A0A0R0EYA9,I1JMH3,0
A0A0R0IGP2,K7LIE3,0
I1MNE4,K7M6Z2,0
I1M3U2,A0A0R0GWH6,0
I1LPC3,A0A0R0G7B5,0
A0A0R0GJ85,A0A0R0EUJ0,0
I1MBR7,A0A0R0L828,0
K7LJF6,I1KEC8,0
K7MI53,I1MZV4,0
I1KLS4,I1JUQ6,0
A0A0R0JYY8,I1M269,0
C6F117,A0A0R4J4H3,0
I1LJI8,A0A0R4J4C5,0
I1JDH6,I1N780,0
K7MI53,I1KD82,0
I1NFU9,K7KES1,0
I1KS36,K7M466,0
K7KFV5,A0A0R0EDS9,0
I1LYN0,A0A0R0JYX3,0
C6T2H2,I1KH38,0
I1KBB6,I1MQC8,0
K7MMR4,A0A0R0FX75,0
I1KBM7,I1M277,0
K7M2D8,K7KH93,0
A0A0R0G2B9,I1NC50,0
I1KB26,I1MF50,0
I1N1X8,I1K1W8,0
I1K5G1,C6TIQ7,0
I1MFH3,I1N761,0
I1K2J5,I1JYT2,0
I1KHL4,A0A0R0L828,0
I1N4X7,I1K4R8,0
I1JFS9,K7M4E0,0
I1LRE4,K7MXE0,0
I1JHC2,I1MQC8,0
I1N4X7,I1MQC8,0
K7L9V3,P17093,0
A0A0R0KFE8,K7MXE0,0
C6T2L5,I1KZY8,0
A0A0R0L372,I1KLS1,0
I1JM69,A0A0R0JJI0,0
A0A0R0JLD5,I1MEF5,0
A0A0R0JB42,A0A0R0KE62,0
I1KFI5,I1NCV4,0
I1KQ68,I1NCF8,0
I1KYD6,A0A0R0JBV0,0
I1NIJ9,I1L7G4,0
I1KVL0,I1MSN3,0
A0A0R0KNS7,K7K8K7,0
I1LPJ3,I1KQE3,0
K7L395,A0A0R0GS25,0
I1KD09,A0A0R0GS25,0
I1LPZ3,K7KAB4,0
I1N0U4,A0A0R0JQJ0,0
I1MU29,A0A0R4J5B7,0
C6T4Z6,K7M4E0,0
K7L8H2,I1JD36,0
A0A0R0HN81,I1LL05,0
K7M5T0,K7MMD7,0
A0A0R0FKK9,A0A0R0K6I2,0
I1K4U3,K7LFD7,0
I1MIE5,K7LY43,0
I1MHH7,C6TIK0,0
I1JG98,I1KJF2,0
I1KHY2,I1KM19,0
I1JG98,I1LVN3,0
I1K628,K7L9M2,0
I1NF12,A0A0R0GBB6,0
C6F117,I1LEC4,0
K7MXS9,A0A0R0K7U0,0
C6SZY0,I1K642,0
C6T8L7,I1LG13,0
I1L1S1,I1JAH7,0
I1MJM9,C6SWS6,0
I1KGN6,I1L7G4,0
I1MSC6,I1MZV4,0
I1KS88,A0A0R0GBB6,0
I1JU70,A0A0R4J2Y1,0
I1L690,I1M1D5,0
A0A0R0H8M3,I1JVX3,0
I1KBB6,A0A0R0K6I2,0
C6TG91,A0A0R0L828,0
I1NBE9,A0A0R4J4D0,0
I1KYD6,C6SYE1,0
C6TCW7,K7MNN5,0
I1NBE9,I1N780,0
K7LQ96,I1MJJ9,0
I1JDP3,I1K642,0
I1JHC2,A0A0R0IZY4,0
A0A0R0H8M3,K7MC85,0
A0A0R0GNH6,A0A0R4J4D0,0
I1NIJ9,I1JC65,0
I1N8Q6,A0A0R0JJI0,0
K7KFV5,K7LNG6,0
I1K3U2,I1JUQ6,0
A0A0R0HN81,K7LFD7,0
I1KHL4,Q2PMR3,0
A0A0R0KNE1,A0A0R0GUR9,0
I1LP18,A0A0R0GBB6,0
I1JNK6,I1L332,0
I1J5B0,K7MGQ2,0
A0A368UJ64,K7K4C7,0
I1LJI8,I1NG45,0
A0A0R0GNH6,I1KUB2,0
C6TCW7,A0A0R4J4C5,0
I1NFS4,K7MMD7,0
K7K8U8,I1L7G4,0
I1JYG6,I1LH18,0
I1MFH3,O22518,0
K7KE09,I1LWZ0,0
K7MMR3,I1LH18,0
A0A0R0IHF9,I1K115,0
A0A0R0I1I4,K7LLV5,0
A0A0R0G3G4,A0A0R0JJK0,0
I1MYV4,K7M6Z2,0
I1N3M5,I1JD52,0
I1K328,A0A0R0EJV2,0
I1NIE7,I1NC50,0
I1J8V4,I1KMS8,0
K7L240,A0A0R0GG06,0
I1KLE1,A0A0R0EUJ0,0
I1KC19,K7KNC5,0
A0A0R0KJP6,I1JUQ0,0
P48513,K7LFD7,0
C6TMM7,K7KJB2,0
K7K8U8,A0A0R0EYS5,0
I1KQC7,I1K970,0
I1K650,A0A0R4J2Q5,0
I1LZW4,A0A0R0KWL0,0
K7K8U8,I1MSN3,0
K7M097,K7KWE4,0
A0A0R0ET54,K7K4C7,0
I1MEN1,K7L7W0,0
A0A0R0EFE2,I1KAD1,0
K7KE09,I1JK31,0
K7LA18,K7M9T4,0
I1LP56,I1MNV2,0
I1KB25,A0A0R0JTV5,0
I1MK36,C6SWS6,0
I1LIM0,A0A0R0KPE1,0
A0A0R0LB39,K7KFY5,0
I1LPZ2,K7LTB2,0
I1LJI8,C6SYW6,0
C6SZL0,I1K4R8,0
I1KFI5,I1K146,0
I1KDB2,I1NCF6,0
I1MLN7,A0A0R0GS25,0
C6TAW8,I1KLS1,0
I1K5G1,K7MNN5,0
I1N954,K7L9M2,0
A0A0R4J2K3,K7LTR0,0
K7L240,I1JUQ6,0
I1NIE7,I1LLS8,0
I1JV48,A0A0R0GS25,0
C6SWM1,K7MGQ2,0
I1KTL9,I1NIE5,0
C6TL77,A0A0R0GFH3,0
I1L5H8,K7MXH5,0
A0A0R4J3D2,A0A0R0GFM7,0
I1LSM6,K7K8K7,0
C6T5Z0,I1M1W3,0
I1LP56,I1LIT1,0
I1LH11,I1J9I1,0
A0A0R0EYA9,I1KUB2,0
I1KS20,K7L2R0,0
I1NIJ9,I1KLS1,0
K7MZP6,A0A0R0FXD4,0
K7LZZ5,K7MNN5,0
I1JIJ4,K7M4E0,0
A0A0R0E3E6,C6TN69,0
I1M5E2,I1N7F4,0
I1MQB5,I1MQC8,0
I1LKQ4,I1KZK2,0
I1KQE8,I1KVC1,0
M1FN39,I1NAF6,0
K7LQ96,A0A0R0GFL3,0
A0A0R0J2L9,I1JD52,0
C6SWG4,A0A0R0K0K3,0
A0A0R0HSV1,A0A0R0EJV2,0
I1K912,A0A0R0FZM4,0
A0A0R0L7S1,I1LLS4,0
I1KTS9,I1LVN3,0
I1LG61,I1MNU1,0
A0A0R0ESI3,K7MFZ6,0
I1KQE8,A0A0R0GPH9,0
I1KPA1,I1JD07,0
I1KCX1,I1KJD2,0
C6TNX5,I1NC50,0
I1J9J7,C6SYE1,0
I1K650,K7KW44,0
I1K3P0,K7K8K7,0
A0A0R4J3D2,I1MRI5,0
I1JFS9,Q43463,0
I1L524,K7N0V8,0
I1MVG5,K7M466,0
I1JML1,A0A0R0EWR2,0
I1KBB6,I1K467,0
C6TAF0,K7N5K2,0
I1L4B6,I1LR48,0
C6T883,I1K5B6,0
C6TC92,I1KQE3,0
A0A0R0JJ98,A0A0R0EJV2,0
I1MSC6,I1LGD6,0
A0A0R0HDM5,I1N780,0
K7M097,K7LFD7,0
I1KNN1,A1YZE0,0
A0A0R0E3E6,C6T065,0
I1L0M6,I1K5B6,0
I1KUP5,I1MNV2,0
A0A0R0ET54,K7L6K2,0
K7MI53,I1KM19,0
I1KBM7,A0A0R0GG06,0
K7L395,I1LM96,0
K7MMF4,K7MXH5,0
A0A0R0FX70,A0A0R4J2Y1,0
A0A0R4J4C8,I1JRV0,0
I1JUJ6,I1NCF6,0
I1LZM7,I1MK72,0
C6TBJ1,C6TK73,0
I1N4X7,I1N780,0
I1L412,I1KAR1,0
A0A0R0H9H8,A0A0R0K7U0,0
A0A0R0F077,K7LY43,0
I1JYG6,C6TGZ1,0
I1LUF0,I1M269,0
K7LWN2,A0A0R0GS25,0
I1KB25,A0A0R0FTI5,0
I1MM89,C6TJM4,0
I1MWP7,I1J9I1,0
A0A0R0H296,K7KK74,0
I1JV48,I1MLF1,0
K7K415,K7KH93,0
I1N8P5,K7M849,0
Q2PMU0,A0A0R0FB78,0
I1LIR4,K7KW44,0
C6TEP1,I1LM96,0
I1KP31,I1JA95,0
C6TAW8,I1MGG7,0
C6SYE0,C6SWS6,0
C6T968,I1NJ53,0
I1KGI6,C6TGA9,0
I1KLS4,K7LSG2,0
I1NGL5,C6SYE1,0
I1KQE2,K7MNP5,0
I1L8H7,I1LGD6,0
K7LW22,I1KVC1,0
K7KDA5,I1JMZ7,0
C6SWI3,I1LGD6,0
A0A0R0JS60,A0A0R0G7I0,0
I1LP18,I1K4R8,0
I1L8G3,K7KK74,0
A0A0R0K5D9,A0A0R4J4C3,0
I1K5L7,K7M6R4,0
A0A0R0GJ85,I1K9J7,0
I1MHS1,I1MF50,0
K7KY63,K7N145,0
I1K5G1,K7MQG6,0
I1J5Q1,C6T065,0
I1MJ97,I1JD36,0
I1JVP4,I1M225,0
I1K096,A0A0R0FER5,0
C6SWI9,I1MF50,0
K7MXD1,I1LG13,0
C6SVV7,A0A0R0JBV0,0
I1JW64,I1MSN3,0
I1JMT0,I1JV03,0
I1JE83,P17093,0
C6TCW7,I1MEQ6,0
C6SWA0,A0A0R0FGT9,0
M1FN39,I1K9J7,0
I1LJ93,K7MM40,0
K7M5T0,I1JVX3,0
K7L8H2,I1K215,0
I1KS88,A0A0R0GUR9,0
I1LGI1,I1LWZ0,0
I1KJL3,A0A0R0L7U5,0
I1KLE1,I1K5B6,0
I1KMS4,I1MSN3,0
A0A0R0JZD5,K7KH93,0
I1JWF0,K7M846,0
K7M142,I1MNU1,0
A0A0R4J4C8,A0A0R0EUJ0,0
I1LFQ4,I1KEC8,0
A0A0R0HN81,A0A0R0HV63,0
A0A0R0JYB5,K7M846,0
I1MY33,C6T2G5,0
I1K7J4,A0A0R0GJV8,0
I1L3P6,Q2PMR3,0
C6F117,I1MW74,0
A0A0R0JZD5,I1LH27,0
I1KCH6,K7M864,0
I1NH98,A0A0R0GBB6,0
I1NIJ9,I1MW74,0
I1M7V7,I1L9K4,0
K7K9E1,I1M5B6,0
I1L690,I1L9K4,0
A0A0R0L4N1,Q43463,0
C6SZM2,C6TFX5,0
I1LR08,K7MFZ6,0
I1LD74,K7M6R4,0
I1LPI3,A0A0R0FJR0,0
K7L240,A0A0R0EJV2,0
I1MIE5,A0A0R0H141,0
I1KTL9,K7K8K7,0
I1M5E2,C6SZQ0,0
I1N0I7,C6TN69,0
I1L9A1,A0A0R4J5B7,0
I1MY72,A0A0R4J5B7,0
I1JG98,A1YZE0,0
K7LGW1,I1LH18,0
K7MST2,P62302,0
I1K650,K7LTB2,0
I1M0N9,K7M9T4,0
A0A0R0JJK8,I1MU00,0
C6SVH9,I1MNU2,0
A0A0R4J4C8,A0A0R0FJR0,0
A0A0R0GE84,I1LXQ3,0
A0A0R0HSV1,K7LSG2,0
I1MDC4,A0A0R0JQJ0,0
I1LPZ3,P17093,0
I1MZ47,I1JRJ3,0
I1JG98,K7M9T4,0
A0A0R0JZD5,K7LY43,0
I1LAR7,I1K4R8,0
I1K9P1,I1MNS7,0
K7MGQ3,K7LLV5,0
C6TBJ1,K7KW44,0
A0A0R0F7J9,C6TD23,0
C6TLT3,K7M9T4,0
I1L1L2,A1YZE0,0
I1J5B0,A0A0R0EJV2,0
I1MBM5,A0A0R0FER5,0
I1KZJ7,A0A0R0GPH9,0
I1KEG8,A0A0R0EDS9,0
C6SYF3,I1JHJ0,0
A0A0R0G5V6,K7MFE5,0
K7LWN2,I1M1D5,0
K7M142,I1MF50,0
C6SYE0,I1JD52,0
I1JL13,A0A0R0GPH9,0
I1L8L5,I1JD36,0
I1JTW0,C6TCH4,0
A0A0R0JLD5,I1JMH3,0
C6TEP1,I1MJJ9,0
I1LUL7,C6TBL4,0
I1KJH7,A0A0R0JBV0,0
I1MLZ0,I1JD52,0
I1MK96,K7M4E0,0
I1LS70,I1K115,0
A0A0R0F2G6,I1JRJ3,0
C6T3G1,K7MRF5,0
I1NBC2,I1KTI0,0
I1LVX2,I1MJJ9,0
I1N8P5,A0A0R0ESZ8,0
A0A0R0JYB5,A0A0R0K0K3,0
K7KPJ4,K7MXH5,0
A0A0R0I8Z5,I1K2I1,0
I1LPZ3,I1M998,0
I1L4B6,I1JK31,0
K7KKB2,C6TFX5,0
I1JML1,I1MRP6,0
I1M0C2,C6TK73,0
I1LBV2,I1K970,0
I1LIS4,A0A0R4J488,0
I1NF54,K7M841,0
A0A0R0FJF0,I1LGD6,0
I1JHC2,I1KFL5,0
I1M9T4,I1LVN3,0
I1KAJ2,K7LSG2,0
I1N0I7,K7MXH5,0
I1KP31,A0A0R0JRI8,0
I1KVX9,K7MC85,0
I1LD74,A0A0R0GFL3,0
K7L3K3,K7LSG2,0
I1N8M4,I1K115,0
I1LKU1,I1JA95,0
I1KV60,C6TGZ1,0
I1K2J5,K7LHS7,0
C6SVV7,I1MZV4,0
A0A0R0L8Y1,I1MEF5,0
C6T084,K7LNG6,0
I1KHL6,I1NG45,0
I1LJ94,A0A0R0FM97,0
K7KGC2,I1K115,0
C6SY25,I1MK72,0
I1KLS4,A0A0R0K6I2,0
K7KE09,K7LSJ2,0
A0A0R0HDM5,K7LK09,0
I1KAJ2,I1KAD1,0
O48901,I1N5D5,0
K7LKS0,C6T0A0,0
I1JNB0,I1LLK1,0
I1JNK6,I1KXK6,0
I1LPZ3,A0A0R0F214,0
A0A0R0JG07,I1KMS8,0
I1LYN0,I1KAR1,0
I1L1S1,K7LCS7,0
K7KDA5,I1KXK6,0
I1NGL5,C6TBL4,0
C6SWM1,I1JRJ3,0
I1JWH5,A0A0R4J2Q5,0
A0A0R0KCV3,I1MVC6,0
I1MP46,C6TIK0,0
M1FIU8,A0A0R0K6I2,0
A0A0R0FKK9,I1ML11,0
K7KDM1,A0A0R0L4P0,0
I1LBV2,A0A0R0JBL2,0
K7LQ96,C6TCH4,0
I1M6L1,C6TNW3,0
I1LD74,A0A0R0GAQ8,0
I1MWP7,A0A0R0GG06,0
C6T507,I1N780,0
C6TKC3,A0A0R4J5B7,0
I1JE38,A0A0R0EYS5,0
I1N056,K7LY43,0
I1LGI1,I1KFL5,0
K7MMG1,I1LPW2,0
C6SXP5,I1JMZ7,0
I1N8M4,I1L332,0
I1KQG7,I1MNU1,0
C6TCW7,I1MRP6,0
I1KCX1,A0A0R4J2Y1,0
I1J8W9,I1MGG7,0
C6TAW8,I1LPW2,0
I1MU29,O22518,0
A0A0R0GBL8,K7KQZ8,0
I1K5H2,I1KPE7,0
I1L4B6,I1J4B5,0
C6T3G1,A0A0R0FXD4,0
A0A0R4J3N1,I1K4R8,0
I1KZW4,K7KK86,0
A0A0R0FYN8,I1MEQ6,0
I1J9J7,I1JA95,0
I1JYG6,Q2PMR3,0
K7KLF0,K7M6Z2,0
A0A0R0EFE2,I1KJF2,0
I1NBQ2,A0A0R0GWH6,0
I1KQG0,K7KK74,0
I1MGG3,K7LFD7,0
I1MNM3,Q43463,0
P48513,C6SZ70,0
C6TBN8,K7KFY5,0
A0A0R0KCV3,I1MLF1,0
I1MVG5,K7KQZ8,0
A0A0R0H296,I1LFD2,0
C6TE07,I1MQC8,0
C6TCW7,A0A0R0JRI8,0
I1NDG6,A0A0R0L7U5,0
A0A0R0K5D9,A0A0R0FZM4,0
A0A0R0EZ39,K7KFY5,0
I1MVE9,I1JA95,0
A0A0R0GRI6,K7MMD7,0
A0A0R0EI44,I1M1D5,0
I1KHL6,C6SX83,0
I1NH98,A0A0R0KE62,0
A0A0R0KCV3,I1MZV0,0
I1LG61,A0A0R0FX75,0
A0A0R0E907,C6TK73,0
C6T5Z0,I1KTI0,0
K7MNC0,I1KXK6,0
I1LY25,A0A0R0K6I2,0
I1JHC2,I1KEC8,0
I1MGB0,C6SW04,0
I1J9J7,I1JMZ7,0
I1JZC3,I1J547,0
C6TD73,A0A0R0GS25,0
I1JNK6,A0A0R0JYX3,0
I1KJL3,I1NG45,0
A0A0R0LB39,A0A0R4J488,0
I1LDY7,K7M6Z2,0
K7MCD1,I1K467,0
A0A0R0F0T6,I1MLF1,0
K7MS88,I1LPJ8,0
I1KTL9,I1LLS8,0
I1KBL4,I1LIU7,0
K7MH53,A0A0R0EDS9,0
C6SY99,I1KM19,0
I1KJ56,I1JYT2,0
I1KJW4,K7KK86,0
C6TD73,I1L9K4,0
A0A0R0F0T6,I1KAR1,0
C6TE07,A0A0R0FEN3,0
I1N0I7,I1LHS8,0
I1JR41,I1LY15,0
I1KTD4,A0A0R0FTI5,0
I1KR80,I1MLF1,0
I1M100,K7L2D7,0
I1KS36,K7M846,0
I1J6B5,A0A0R0H141,0
C5NTE7,A0A0R4J5C5,0
A0A0R0HSV1,I1N7F4,0
I1N1V6,K7MFZ6,0
I1JS66,I1M269,0
I1K650,I1MW51,0
I1LKQ4,K7LK09,0
K7LUF9,A0A0R0EG78,0
I1JAG0,C6SZ70,0
K7KDA5,I1KZK2,0
C6SYQ2,K7LNG6,0
I1JE38,I1LR48,0
I1LJA4,A0A0R0GFL3,0
I1LPD3,I1LIT1,0
I1JWH5,I1M269,0
I1JL13,C6T0A0,0
Q2PMU2,C6T4V3,0
A0A0R0JS60,I1MVC6,0
P07506,I1LEC4,0
A0A0R0JJ98,K7N145,0
I1NF54,I1KYL4,0
A0A0R0GBL8,C6SZQ0,0
I1LPJ3,K7LQV0,0
A0A0R4J354,A0A0R0K6I2,0
C6TMM7,Q2PMR3,0
I1MY43,I1LG13,0
K7LA18,I1LPW2,0
I1NFU9,A0A0R0FER5,0
K7KGJ8,C6SX83,0
A0A0R0J2L9,I1N5D5,0
I1J5U5,A0A0R0H141,0
A0A0R0EJE2,I1L3P5,0
I1LZT5,I1LLS8,0
C6T530,I1N7F4,0
I1KUT8,I1KD82,0
I1LZT5,I1MNU2,0
I1K8C1,C6TN69,0
K7LXT7,I1N7F4,0
A0A0R0GE56,I1JA95,0
I1NDC0,I1J547,0
I1K4U3,I1NAJ5,0
I1KH45,C6TCH4,0
A0A0R0HDM5,I1M277,0
I1MJM9,A0A0R0KPE1,0
I1JYG6,K7M6J1,0
A0A0R0FNV7,I1J8C9,0
M1FIU8,A0A0R0JJK0,0
C6T2L5,K7L2R0,0
I1N1V6,I1MF50,0
A0A0R4J2K3,K7MMD7,0
K7MC09,A0A0R4J426,0
I1N439,K7M846,0
I1JXQ3,I1KVC1,0
I1L690,K7LCS7,0
I1NH73,C6T0A0,0
I1JE83,I1L2H4,0
I1K9P1,I1KUS2,0
I1J4E1,K7MC85,0
I1N9E1,A0A0R0GBB6,0
A0A0R0HDM5,C6T2G5,0
I1LS70,I1N780,0
I1LCX3,I1JUQ0,0
I1K096,C6SYE1,0
I1MSC6,I1KYL4,0
I1J7A8,I1N780,0
I1JDP3,C6TIK0,0
I1JT28,A0A0R0L4P0,0
I1L0M6,C6T0A0,0
I1MZ47,C6SYE1,0
I1JVP4,I1KXK6,0
C6T5Z0,A0A0R0L0E7,0
I1LR08,A0A0R0K0K3,0
I1N8Y6,A0A0R0FX75,0
C6SWM1,A0A0R4J4D0,0
I1KQ68,A0A0R0GS25,0
K7N3F6,I1K2I1,0
I1KQB9,K7L9M2,0
I1LJI8,I1NCV4,0
A0A0R0GE56,I1JFW6,0
I1NIJ9,I1M1D5,0
K7KTT9,K7LCS7,0
I1JVN0,I1LR48,0
I1N8M4,I1LIA8,0
I1MTX9,K7MFZ6,0
A0A0R0FNM4,K7LK09,0
K7KDX2,I1N780,0
I1J5Q1,A0A0R0FGT9,0
C6SVU4,A0A0R4J4D0,0
I1MY72,A0A0R0KWL0,0
K7MMG1,K7K894,0
K7M142,K7N129,0
A0A0R0I8Z5,A0A0R0IF42,0
K7K1Z2,A0A0R0FZM4,0
I1KS36,A0A0R0L828,0
A0A0R0HSJ1,A0A0R0JTV5,0
I1JMZ3,A0A0R0FGT9,0
P48513,K7L7W0,0
I1N0I7,A0A0R0FGT9,0
C6T2Z2,I1K5K7,0
P48513,I1MQC8,0
I1MVE9,C6TIQ7,0
Q2PMS6,I1JV03,0
K7KEV0,A0A0R4J4D0,0
I1MZ47,I1JD52,0
I1JU70,I1NCF6,0
I1MNK0,A0A0R0JJK0,0
I1N1Y6,I1KJF2,0
I1J5B0,I1MW74,0
I1LVX2,I1MW74,0
I1NF12,I1K215,0
I1LWR7,I1LH27,0
I1NDC0,I1KAD1,0
I1KHL6,A0A0R0L4P0,0
I1MY43,O22518,0
I1M100,I1MEQ6,0
C6SYA3,I1LH27,0
I1LJW2,K7M841,0
A0A0R0EU45,A0A0R0L828,0
I1MZ32,K7L939,0
I1LVX2,I1MLF1,0
I1M3V1,I1KJD2,0
I1LCX3,C6SZ70,0
I1KY58,I1K6E7,0
I1KUP5,K7N145,0
I1MM89,I1M1D5,0
K7KDX2,I1LUL2,0
K7K1Z2,A0A0R0FGT9,0
I1LYQ9,A0A0R0JYX3,0
I1KEY6,I1K642,0
A0A0R0EFE2,A0A0R0L4P0,0
I1KS36,K7M6I1,0
I1MQB5,K7LLV5,0
I1L3P6,I1NCF8,0
C6TAF0,A0A0R0KE62,0
I1MU29,K7LSJ2,0
I1JMZ4,I1M269,0
I1LJ94,C6TIK0,0
I1JRA0,I1KTI0,0
I1L690,K7LHS7,0
K7KPJ4,K7KW44,0
I1MRS5,I1KQE3,0
I1N0W9,C6TN69,0
I1J9J7,K7N5K2,0
I1N6N9,I1M277,0
Q2PMU0,I1MW51,0
I1K911,I1LUL2,0
I1L690,A0A0R0JT51,0
C6SW69,K7M849,0
I1MDC4,A0A0R0KPE1,0
C6SYF3,C6SZ70,0
I1KJ98,K7M841,0
C6SVH9,I1LIU7,0
A0A0R0JKU3,I1KM19,0
C6T9S5,A0A0R0GFL3,0
A0A0R0JLD5,K7LLV5,0
I1LM73,A0A0R0F214,0
A0A368UHC3,I1MQC8,0
A0A0R0IAV3,A0A0R0FER5,0
K7K2H1,I1LFD2,0
A0A0R0GNH6,K7N129,0
C6T868,I1LPW2,0
I1JCY0,K7M6J1,0
A0A0R0EJE2,C6TBL4,0
O48548,I1MNU1,0
K7LGW1,I1MZV0,0
I1LMP2,K7M6J1,0
I1JRA0,K7MYK9,0
C6TKW2,A0A0R0FB78,0
A0A0R0E907,A0A0R0HV63,0
I1MQD0,A0A0R0EJV2,0
I1LZM7,I1KEC8,0
I1MWP7,I1K9J7,0
I1LA00,A0A0R0H141,0
A0A0R0KTM7,I1NAJ5,0
I1MGG3,A0A0R0EKI7,0
K7MAP3,I1LXQ3,0
A0A0R0G6V6,K7K894,0
I1M4Y9,K7MQG6,0
C6TG91,I1N780,0
A0A0R0K6F4,I1MW51,0
I1JZC3,I1MZV4,0
C6TMM7,I1MVC6,0
I1MK36,I1K9J7,0
I1K4U3,C6TGZ1,0
I1LH11,I1MK72,0
I1LP18,A0A0R0EDS9,0
K7MI53,I1LVN3,0
I1JUJ6,I1M1D5,0
I1NBQ2,I1KJD2,0
K7KGC2,K7K4C7,0
K7KDA5,C6TBL4,0
C6SYQ2,K7L2R0,0
I1LPJ3,K7LLV5,0
I1L524,I1KCY5,0
K7LWC5,K7M4E0,0
C6T083,A0A0R0JT51,0
I1K725,I1LR48,0
C6SYF3,C6TK73,0
A0A0R0E907,A0A0R4J4C5,0
I1NGL5,Q43463,0
I1KPQ8,K7KES3,0
K7LZZ5,A0A0R0G7B5,0
K7KGE9,I1JK31,0
I1NC77,K7MGQ2,0
I1MHH7,A0A0R4J2Y1,0
I1M7C7,K7LSG2,0
I1K911,I1MNU2,0
I1LQ02,I1M269,0
A0A0R0IAV3,K7LNG6,0
I1LUI7,K7L6K2,0
I1M3V1,I1LPK5,0
A0A0R0GG96,I1LFD2,0
K7MMG1,C6TGA9,0
I1KCX1,I1NCV4,0
I1K9B8,K7M9T4,0
I1M3U2,C6TGA9,0
I1K2J5,A0A0R0JYX3,0
I1MLH9,I1JUQ6,0
A0A0R4J354,C6T065,0
K7MZ38,A1YZE0,0
I1MBM5,K7LNG6,0
I1KCN1,I1MZV4,0
I1N9I5,A0A0R0KPE1,0
A0A0R0LA89,K7N1L5,0
K7LWC5,A0A0R0FTI5,0
K7KE09,I1LH18,0
I1KTL9,K7KH93,0
I1JDR2,A0A0R0GG06,0
I1KCB7,K7KTS8,0
I1LRB0,A0A0R0L828,0
I1L8L5,A0A0R0FEN3,0
I1KJ98,A0A0R0JBL2,0
A0A0R0GYG1,I1JYT2,0
I1M3Q8,C6SZG1,0
A0A0R0L2U1,A0A0R4J4C3,0
H2D4C3,I1NIE5,0
I1KBB6,I1LUL2,0
K7KKB2,I1MNU2,0
I1JNK6,C6TIQ7,0
K7M097,I1KSL6,0
K7MD28,K7MFZ6,0
I1KQE2,I1JB64,0
K7LSH9,K7MXE0,0
K7KGC2,K7KAB4,0
A0A0R0F2Z4,I1JAH7,0
K7KYE0,A0A0R0EUJ0,0
I1KJW4,A0A0R0GFM7,0
K7MMR4,K7MFE5,0
I1JFF6,I1L3P5,0
A0A0R0L098,I1M277,0
I1LR08,A0A0R0KWL0,0
I1L3P6,K7MYK9,0
C5NTE7,I1KVC1,0
I1KP31,C6TIQ7,0
I1MP46,I1MZV4,0
A0A0R0ESI3,K7KVK2,0
I1KHY2,K7LIE3,0
A0A0R0GZZ6,I1JE09,0
I1K3P0,A0A0R0EUJ0,0
C6T567,C6T065,0
A0A0R0G342,I1MRI5,0
I1JI73,A0A0R0FJR0,0
I1LD74,I1NG45,0
K7M9K9,I1MNU2,0
K7MC09,I1K3X9,0
K7MS88,A0A0R0JT51,0
A0A0R0KNE1,I1NAJ5,0
C6T868,I1NIE5,0
I1JML1,I1KPE7,0
I1JWH5,I1NAF6,0
I1LJ94,I1LUL2,0
I1KKD9,A0A0R0GFL3,0
I1JML1,A0A0R0JT51,0
I1KV60,A0A0R0GJV8,0
A0A0R0JB42,K7M864,0
C6SZG8,K7LTR0,0
A0A0R0F2G6,I1JM18,0
I1KHJ6,I1KXK6,0
K7K2H1,I1K2I1,0
Q2PMS6,A0A0R0EJV2,0
C6TFN5,A0A0R0FJR0,0
A0A368UHM1,K7MXH5,0
A0A0R0E3E6,I1M1D5,0
A0A0R0GE84,I1MRP6,0
K7LLK0,I1M5B6,0
C6T8L7,A0A0R0GWH6,0
I1KQE8,C6TK73,0
A0A0R0FYN8,I1N5D5,0
I1L412,A0A0R0EDS9,0
C6TD73,I1JUQ0,0
I1L1N3,C6TIQ7,0
C6SZG8,I1JMH3,0
I1MNE4,K7KK86,0
K7LVE4,A0A0R0EUJ0,0
I1L250,I1JMK4,0
I1JP52,Q2PMR3,0
I1JG98,I1KYL4,0
I1KQE8,I1MNS7,0
I1KVS3,A0A0R4J488,0
I1JUT9,A0A0R4J4D0,0
I1J6B5,I1KYL4,0
I1JE93,K7KAB4,0
P07506,I1LHS8,0
K7K9E1,A0A0R0KWL0,0
K7MWR1,K7MQG6,0
A0A0R0JH35,I1LM96,0
I1L653,I1MEF5,0
I1JCY0,K7LK09,0
I1K4D7,A0A0R0FGT9,0
I1LZT5,I1LPK5,0
A0A0R0K0L0,A0A0R0EKI7,0
I1JUJ6,K7L2D7,0
K7KGC2,K7MRF5,0
I1LS70,I1MNV2,0
C6TEP1,I1LEC4,0
I1LRE4,I1K642,0
I1N7K6,I1LH18,0
I1JHN5,A0A0R4J4C5,0
I1M273,I1MC28,0
A0A368UHM1,A0A0R0JJK0,0
I1KHY2,I1JMH3,0
I1LM73,A0A0R0FER5,0
K7KDX2,I1K9J7,0
I1K5H2,K7KES1,0
I1MK36,A0A0R0IF42,0
I1LDA7,K7N5K2,0
K7LW22,I1KCY5,0
I1M3V1,I1MLJ0,0
I1M273,K7LQV0,0
C6SXM9,K7K8K7,0
I1KJ98,I1JYT2,0
I1NJ79,A0A0R0KE62,0
I1KJ98,K7L6K2,0
I1MIE5,I1MNV2,0
I1K912,A0A0R0F214,0
C6SZL0,C6TBL4,0
A0A0R0EYA9,I1MZV4,0
A0A0R0J7Q5,K7MNP5,0
K7M5I5,A0A0R0L7U5,0
C6SZL0,K7L6N7,0
I1LJI8,C6T4V3,0
I1LKU1,I1JUQ0,0
I1KYS6,A0A0R0K6I2,0
I1N3M5,I1MNV2,0
A0A0R0JG07,I1JFW6,0
I1MY72,C6TBL4,0
I1LIH7,I1KHJ4,0
C6T9S5,O22518,0
I1K096,A0A0R0L0E7,0
I1NJ79,I1K5K7,0
I1LJA4,I1JHJ0,0
C6TAW8,C6TGA9,0
I1MNE4,I1MNU2,0
K7LDR8,A0A0R0GS25,0
K7KZ42,I1JRU7,0
I1NIJ9,I1M277,0
I1JML1,I1NAF6,0
K7MAP3,I1N761,0
I1MLK3,A0A0R0GFL3,0
I1M7C7,A0A0R0JTV5,0
I1LIK8,A0A0R0L5Q1,0
A0A0R0KNS7,I1MSN3,0
I1JRL7,A0A0R0H141,0
C6T883,C6TIQ7,0
A0A0R0KCV3,I1JAH7,0
A0A0R4J4C8,A0A0R4J5C5,0
K7KNJ6,K7K4C7,0
I1J5U5,I1MU00,0
A0A0R0LFT0,I1KD82,0
I1MQD0,K7LY43,0
A0A0R4J2N2,I1K146,0
I1MBM5,I1MNS7,0
I1KQP3,I1K970,0
I1MYX8,K7KK86,0
I1NFS4,A0A0R0KE62,0
A0A0R0LA89,I1MNU2,0
P46279,A0A0R0KWL0,0
I1LPJ3,I1J8W6,0
I1L1N3,A0A0R0GJV8,0
I1K5H2,I1NIE5,0
K7KDM1,K7KH93,0
I1MLZ0,A0A0R0KE62,0
I1M100,I1KFL5,0
A0A0R0FX46,I1KVC1,0
I1K2J5,I1N8M8,0
A0A0R0EJE2,P62302,0
I1M9F7,K7K8Y9,0
I1KP31,K7MRF5,0
K7MMR3,K7M466,0
I1N8P5,I1MZV4,0
C6SZG8,I1M225,0
K7MMG1,C6TFX5,0
C6TD73,K7MC85,0
I1JW21,A0A0R0FEN3,0
I1LKU1,A0A0R0FZM4,0
A0A0R4J3R4,I1JUQ6,0
A0A0R0F077,A0A0R0JYX3,0
C6TNL5,I1LLS4,0
C6SVH9,A0A0R0ENB3,0
C6TFN5,I1L332,0
A0A0R0L372,I1LM96,0
I1LPI3,K7KAB4,0
C6T868,A0A0R0ESZ8,0
K7M097,I1L332,0
C6SWG4,K7KVK2,0
A0A0R0JYY8,I1K146,0
I1K2U0,I1KLS1,0
K7KE09,I1JE09,0
K7LLK0,I1N8M8,0
K7M9K9,I1M277,0
A0A0R4J3D2,P62302,0
A0A0R0GE56,I1LH18,0
I1M0S4,I1KCY5,0
I1NHI4,I1JRV0,0
I1KBB6,I1LLK1,0
K7K794,I1LM96,0
K7KKB2,A0A0R0FJR0,0
K7N0U1,C6SZ70,0
C6TGR3,K7K8K7,0
I1LVX2,K7K8K7,0
I1KPA1,A0A0R0G7I0,0
K7KDM1,I1MW51,0
I1M9T4,K7L4N7,0
K7KLF0,A0A0R0L5Q1,0
C6SWM1,I1JA95,0
I1LCX3,K7K318,0
A0A0R4J2K3,C6T5R4,0
K7LRU2,K7L6N7,0
I1KUP5,K7LNG6,0
C6TD73,I1KVC1,0
I1JU70,A0A0R0L4P0,0
A0A0R0J7J3,I1L171,0
I1M5E2,I1KH38,0
I1NGD2,I1LLS4,0
I1LIH7,A0A0R4J4D0,0
A0A0R0F2G6,I1JB64,0
C6TBJ1,A0A0R4J4D0,0
K7KLI7,A0A0R0HSH0,0
A0A0R0GBL8,I1LVN3,0
K7K1Z2,I1NC50,0
A0A0R0ESI3,A0A0R0L7U5,0
I1MNU7,I1KZK2,0
I1L1S1,A0A0R0EJV2,0
I1M273,A0A0R0EYS5,0
A0A0R0H8M3,I1L171,0
I1JQR6,A0A0R0EJV2,0
I1LZT5,K7LLV5,0
C6SXP5,K7N1L5,0
I1MVE9,K7KJB2,0
A0A0R0GC27,K7K318,0
K7K8U8,I1MC28,0
I1JW21,C6SZQ0,0
C6TL77,I1NCV4,0
I1KCB7,I1MNS7,0
I1JNV3,I1LVN3,0
I1KJL3,K7KFY5,0
A0A0R0EZ39,A0A0R0GFH3,0
I1JL13,K7KW44,0
C6TBQ2,I1KYL4,0
I1LIR4,I1MGG7,0
K7K415,I1K970,0
I1KVL0,A0A0R0K7U0,0
K7KYY0,A0A0R0EUJ0,0
I1MZ32,I1LLS4,0
K7LIW2,I1LXQ3,0
I1MC39,A0A0R0G7I0,0
I1M7V7,I1KFL5,0
O48548,Q2PMR3,0
I1MEN1,K7KFY5,0
C6T2L5,I1NCF6,0
A0A0R0KNE1,K7L7W0,0
I1LIK8,A0A0R0L0E7,0
A0A0R0HHZ3,K7LSJ2,0
I1N4X7,C6TIK0,0
C6TCW7,I1JD52,0
I1JML1,A0A0R0JSJ9,0
K7LLK0,K7MFZ6,0
K7MNC0,I1LH27,0
C6SVH9,C6T065,0
A0A0R4J2W3,I1LW00,0
I1LQ02,I1MW51,0
A0A0R0GJ85,I1K642,0
K7M787,A0A0R0E934,0
I1M5E2,A0A0R0GPH9,0
I1JWH5,A0A0R0L4P0,0
I1MNU7,I1KSD0,0
A0A0R0FX70,I1KXK6,0
I1KJW4,I1J4B5,0
A0A0R0JES0,K7M864,0
I1KTL9,I1JHJ0,0
I1M273,K7K8K7,0
I1LDY7,I1M225,0
K7MMF4,I1MF50,0
C5NTE7,A0A0R0EYS5,0
I1KJT5,I1MVC6,0
C6T530,I1LR48,0
I1LIR4,I1MNS7,0
K7LUF9,A0A0R0FM97,0
I1KTL9,K7M6I1,0
P48513,I1KHJ4,0
I1M100,A0A0R0K7U0,0
K7M1G4,K7M864,0
K7K1Z2,K7L6K2,0
C6SYA3,A0A0R0ESZ8,0
I1KPQ8,I1KJD2,0
K7K676,C6TIK0,0
I1L5H8,A0A0R0GBB6,0
I1LAR7,C6T5U0,0
A0A368UH03,K7L7W0,0
I1J7A8,I1MZV4,0
I1LPI3,K7LHS7,0
I1N3M5,I1MLF1,0
I1KCH6,K7K8Y9,0
C6TD73,I1KCY5,0
K7L1B9,K7K894,0
C6TKW2,A0A0R0JYX3,0
C6T3K0,K7L6N7,0
A0A0R0K0L0,K7LLV5,0
A0A0R0JJK8,A0A0R0EKI7,0
I1N8P5,I1LIU7,0
A0A0R0JLD5,I1LPJ8,0
I1MRY0,I1LL05,0
I1JMZ4,A0A0R0GFH3,0
I1K650,I1LIU7,0
A0A0R0JZD5,I1LIT1,0
A0A0R0JZD5,K7K318,0
K7K3W5,I1MW51,0
A0A0R0E907,A0A0R4J2Q5,0
C6SVU4,I1L7G4,0
A0A368UH03,C6T5R4,0
I1M3Q3,I1JMH3,0
I1KBQ5,I1J547,0
C6SWL3,I1LPK5,0
K7L9V3,C6TK73,0
I1JIJ4,C6T065,0
I1LPZ2,A0A0R0GPH9,0
K7KGJ8,A0A0R0JJI0,0
K7LVE4,I1KJF2,0
C6SWI9,K7L2D7,0
I1LZW4,K7LSJ2,0
I1KVX9,K7K8K7,0
C6SZG8,A0A0R0KVY6,0
I1M0C2,A0A0R0JSJ9,0
C6T567,I1KSL6,0
I1KJW4,C6TJM4,0
A0A0R0L2U1,I1MRI5,0
M1FIU8,I1K642,0
K7L240,A0A0R0EWR2,0
K7LTQ1,I1LXQ3,0
I1KYF8,A0A0R0EWR2,0
I1MVE9,I1ML11,0
A0A0R0GYG1,K7N0V8,0
K7MH53,A0A0R0IZY4,0
I1JHC2,I1LUL2,0
I1M7C1,I1JD52,0
I1L219,A0A0R0EYS5,0
I1N7K6,I1JD07,0
K7N5D4,Q43463,0
I1KYF8,A0A0R0FXD4,0
I1MLK3,C6TIQ7,0
I1JUJ6,A0A0R0KWT5,0
I1KRF9,I1KVC1,0
K7N5D4,A0A0R0KWL0,0
C6SWA0,A0A0R0GS25,0
A0A368UH03,I1NIE5,0
K7MST2,I1M5B6,0
K7MS88,I1KYL4,0
K7KZ42,A0A0R4J4D0,0
I1MC39,I1LLK1,0
I1JU70,A0A0R0G7I0,0
C6SYA3,I1NAJ5,0
A0A0R0E3E6,A0A0R4J426,0
K7L395,I1MZV0,0
C6T2Z2,A0A0R0HSA0,0
I1KFI5,I1MF50,0
K7MCH3,I1KM19,0
C6SVF8,I1J4B5,0
A0A0R0KR16,A0A0R0G7I0,0
A0A0R0L2U1,I1JMZ7,0
I1MY72,I1KTI0,0
M1FIU8,A0A0R0FZM4,0
I1JAG0,K7MM40,0
A0A0R0EYA9,C6TIK0,0
C6T7N2,K7N145,0
I1KQG7,I1MEQ6,0
I1N9S5,I1LH18,0
A0A0R0L372,K7L2D7,0
A0A0R0K0L0,A0A0R0ESZ8,0
I1KUP5,I1LL05,0
I1LHR1,K7M6I1,0
I1JE38,A0A0R0L7U5,0
C6T083,I1K215,0
I1MSD9,A0A0R0EG78,0
I1K4U3,C6SW04,0
C6SVR8,K7L9M2,0
K7M5I5,A0A0R0GUR9,0
K7KYE0,I1NAF6,0
C6TKZ4,I1MNV2,0
I1K328,K7N1L5,0
K7KGJ8,K7M841,0
K7MTC4,I1K642,0
I1M7C1,A0A0R0JT51,0
I1LC20,I1LVN3,0
O48548,I1MJJ9,0
Q2PMT2,K7KVK2,0
I1JIJ4,A0A0R0HSH0,0
K7M5W5,I1MF50,0
A0A0R0KFE8,I1KD82,0
I1M3Q8,K7MYK9,0
A0A0R0GCF5,I1K5K7,0
I1KTD4,I1JMZ7,0
M1FN39,I1LHS8,0
I1LRB0,A0A0R0EDS9,0
I1L524,K7MFE5,0
I1L478,A0A0R4J488,0
C6T426,I1KYL4,0
K7K3W5,K7MTL2,0
I1KV60,K7KWE4,0
I1LHY4,I1NIE5,0
K7L1D3,A0A0R0JTV5,0
I1M9T4,I1KM19,0
I1KIB3,I1KFL5,0
I1L8S1,I1LLS8,0
I1KQG0,A0A0R4J4C5,0
I1N0I7,I1KSL6,0
I1K9P1,I1MLF1,0
I1JW21,A0A0R4J4C5,0
A0A0R0FKK9,K7KFY5,0
A0A0R0HN81,I1JAH7,0
I1KVS3,I1JMK4,0
I1KS88,I1MU00,0
I1KCH6,I1LIA8,0
I1LC20,A0A0R0EUJ0,0
C6SWL3,K7MTL2,0
C6TBQ2,I1KJD2,0
A0A0R0KE73,I1N7F4,0
C6SXM9,A0A0R0EJV2,0
I1JWF0,A0A0R0GJV8,0
I1NJ79,I1JHJ0,0
I1KR80,K7KAB4,0
I1N8Y6,A0A0R0JSJ9,0
A0A0R0JG07,C6SZG1,0
I1JTW0,I1KXK6,0
I1K5G1,C6SZG1,0
A0A0R0JH35,A0A0R0HSA0,0
I1NC77,C6T065,0
I1MQB5,I1KCY5,0
I1NBE9,A0A0R0EJV2,0
I1M4Y9,K7LNG6,0
A0A0R0JZD5,K7LTB2,0
I1L0M6,K7N145,0
I1LGB1,A0A0R0E934,0
K7MNC0,C6T2G5,0
I1MLK3,A0A0R0GFM7,0
A0A0R0JYY8,C6SZ70,0
A0A0R0L8Y1,I1NJ53,0
I1J8W9,C6TFX5,0
I1JI73,I1KUB2,0
I1JYG6,A0A0R0L4P0,0
K7MAP3,C6T5R4,0
I1KP31,K7LSJ2,0
C6TC92,I1JHJ0,0
K7L3K3,A0A0R4J4H3,0
K7K2H1,A0A0R0L7U5,0
C6TFR5,I1NAF6,0
K7KYE0,I1JMH3,0
I1KMS4,I1MNV2,0
I1MEN1,K7LQV0,0
I1N6Z0,A0A0R0F214,0
I1LZT5,K7M6R4,0
I1KAJ2,I1M1D5,0
C6TD73,I1LIT1,0
I1KTS9,I1N761,0
I1JVN0,A0A0R0GWH6,0
I1JL13,K7LCS7,0
C6T4Z6,K7N1L5,0
I1KS36,I1KHJ4,0
O48901,A0A0R0GUR9,0
Q2PMS6,I1MF50,0
C6SYQ2,A0A0R0EG78,0
I1KFU0,I1KLS1,0
I1LRE4,K7N0V8,0
I1JHC2,I1MW74,0
I1MWF0,I1JV03,0
I1M6L1,A0A0R4J5K6,0
I1KXG2,I1M225,0
A0A0R0IAV3,C6TBL4,0
A0A0R0EZ39,I1LWZ0,0
I1MJM9,A0A0R0FJR0,0
I1KMS4,K7K8K7,0
A0A0R0KE73,A0A0R0GJV8,0
O48901,I1MGG7,0
I1L219,A0A0R0GJV8,0
I1KQE8,I1MNV2,0
C6TBJ1,I1N7F4,0
K7MPL4,I1KEC8,0
K7M4N3,I1L3P5,0
I1JW21,I1JD52,0
I1LPI3,I1JV03,0
I1JAF7,K7MMD7,0
A0A0R0F2Z4,I1L9K4,0
I1N8Q6,C6T065,0
I1KGN6,C6T5U0,0
I1JM69,A0A0R0KWL0,0
A0A368UJ64,A0A0R0IF42,0
I1MY33,I1LHS8,0
C6TFN5,I1KEC8,0
I1L8G3,I1KUS2,0
A0A0R0K6F4,I1LPJ8,0
K7MMG1,A0A0R0FEN3,0
A0A0R0GJ85,I1NIE5,0
A0A0R0G342,K7M864,0
I1JR41,I1MEQ6,0
I1M0C3,C6T5R4,0
I1KY58,I1NC50,0
I1MXT2,A0A0R0EUJ0,0
A0A0R0GCF5,Q43463,0
C6T0E4,M1FN34,0
I1NGL5,I1NJ53,0
I1LR08,C6T2G5,0
C6SYQ2,K7MMD7,0
I1LMQ5,I1KZK2,0
I1JMT0,A0A0R4J384,0
C6T3K0,I1KLS1,0
C6SVB5,I1LH27,0
I1JE83,A0A0R0ESZ8,0
I1JZC3,I1J8W6,0
I1LMP2,K7MQG6,0
K7MZP6,I1N7F4,0
I1NBC2,A0A0R4J2Q5,0
C6SVV7,A0A0R0JQJ0,0
I1MBM5,I1J4B5,0
A0A0R0H2V0,K7M864,0
I1J553,I1NAJ5,0
I1KTD4,K7N1L5,0
I1KS20,K7LSG2,0
K7KYY0,I1MRP6,0
A0A0R0I0B9,I1KMS8,0
A0A0R0JJK8,I1J8W6,0
I1J8W9,A0A0R0JJK0,0
I1NF12,K7K318,0
K7M097,A0A0R0FB78,0
I1KDB2,C6TN69,0
A0A0R0GNH6,I1KUS2,0
A0A0R0GNH6,I1MPJ4,0
I1J5U5,I1K5B6,0
I1J9J7,A0A0R0FZM4,0
I1LMQ5,C6SWS6,0
I1M3Q3,Q2PMR3,0
A0A0R0FX70,K7L6K2,0
I1MXT2,I1KXK6,0
I1N3M5,A0A0R0JTV5,0
I1MSD9,K7KWE4,0
I1LUL7,A0A0R0L0E7,0
I1JAF7,K7MNN5,0
I1L1L2,I1JMH3,0
I1KQG7,A0A0R0JSJ9,0
A0A0R0LFT0,K7K4C7,0
I1MBR7,I1MVC6,0
I1LIS4,P17093,0
K7MNC0,I1KUB2,0
I1M273,I1KAD1,0
I1MZ47,I1M5B6,0
I1MJM9,A0A0R4J4C3,0
K7KP66,I1ML11,0
A0A0R0F2Z4,K7MTL2,0
I1LPZ2,K7KH93,0
I1MHH7,I1LUE0,0
I1LG61,I1K1W8,0
C6TKC3,I1LIU7,0
I1N4X7,I1LPW2,0
A0A0R4J2K3,A0A0R0GUR9,0
I1JDH6,A0A0R0JBL2,0
I1KGZ6,A0A0R0GBB6,0
K7KLI7,A0A0R0EG78,0
I1LJA4,I1KTI0,0
C6TFN5,K7KW44,0
A0A368UHE3,I1MNS7,0
I1M0N9,K7LSJ2,0
I1JRA0,I1LWZ0,0
I1LMW7,I1KUB2,0
I1M7B9,K7KNC5,0
I1KJL3,A0A0R4J5B7,0
K7KIU3,I1KYL4,0
I1M7B9,I1NG45,0
I1MBM5,I1KCY5,0
K7L1B9,K7LSJ2,0
C6SWI9,I1LW00,0
K7MCH3,K7K8Y9,0
I1M717,I1KCY5,0
A0A0R0FQN0,I1NG45,0
K7N5D4,I1MEQ6,0
K7KZ42,I1LXQ3,0
A0A0R0INQ5,I1M269,0
A0A368UHM1,A0A0R0ESZ8,0
K7KP66,I1JFW6,0
I1LY25,I1LIA8,0
I1LUF0,K7KH93,0
I1NBQ2,C6TGZ1,0
A0A368UHC3,I1N780,0
I1KBB6,K7LY43,0
I1JW64,K7L9M2,0
C6SY25,A0A0R0GFH3,0
A0A0R0FJF0,I1LLK1,0
K7MI53,K7LCS7,0
I1KCB7,A0A0R0IF42,0
A0A0R0GYG1,I1K467,0
A0A0R0L4N1,A0A0R0IF42,0
I1JAG0,A0A0R4J4H3,0
C6TBQ2,A0A0R0F214,0
K7K8U8,A0A0R0HCS6,0
K7M5T0,I1MVC6,0
K7LWC5,I1MLF1,0
I1N0W9,K7KFY5,0
K7KZ42,I1JMZ7,0
K7MWR1,A0A0R0FER5,0
I1JY87,A0A0R0G7I0,0
I1MBA2,K7M864,0
I1L8L5,I1NCF6,0
I1JNK6,C6TJ17,0
K7MH53,I1LUE0,0
A0A0R0KFE8,A0A0R0JT51,0
I1MM64,A0A0R4J4C5,0
K7L3P2,C6T4V3,0
K7M097,I1KJF2,0
I1L8H7,I1LL05,0
K7LWN2,K7MTL2,0
A0A0R0IHF9,K7L6K2,0
I1NIJ9,I1MEF5,0
I1MNU7,I1LW00,0
K7KP66,K7LQV0,0
I1J8V4,I1LIA8,0
I1LKU1,P62302,0
K7MGK0,A0A0R0L828,0
I1L219,K7MFZ6,0
C6T0E4,A0A0R0KVY6,0
C6SW43,A0A0R4J2Q5,0
C6SXP5,I1K146,0
I1JQR6,K7N1T9,0
I1M7C7,I1KUB2,0
A0A0R0H296,I1LLS8,0
I1K9P1,I1MU00,0
Q2TFP1,I1JUQ6,0
I1KUP5,K7KK86,0
K7KP67,K7LY43,0
I1LJA4,K7KTS8,0
I1KZJ7,K7KTS8,0
Q2TFP1,A0A0R0JT51,0
A0A0R0F2G6,K7MXE0,0
I1LQ02,A0A0R0GFH3,0
A0A368UHC3,I1J547,0
I1MQD0,I1MPJ4,0
A0A0R0FX46,I1LLK1,0
C6TKC3,K7KES3,0
I1MNK0,I1JV03,0
C6TC92,A0A0R0EUJ0,0
I1MQB5,I1KSL6,0
P48513,A0A0R0FB78,0
I1K2U0,K7M6J1,0
K7KGC2,C6SX83,0
I1KZI6,A0A0R0KWT5,0
A0A0R4J3R4,I1KXK6,0
I1NCS8,I1JK31,0
M1FN39,I1JB64,0
I1JS58,I1K215,0
K7L395,K7M841,0
A0A0R0JS60,I1MC28,0
I1K725,I1NAF6,0
I1JT85,I1KUB2,0
I1M2R5,K7KWE4,0
C6T083,A0A0R0FER5,0
A0A0R0K0L0,I1J8W6,0
I1JR41,I1LWZ0,0
K7K676,A0A0R0EWR2,0
I1L4B6,I1JHJ0,0
I1L8S1,C6TJ17,0
C6TC92,A0A0R0IT62,0
C6TKL8,I1KD82,0
P48513,I1KQE3,0
K7L3K3,K7LTR0,0
K7N0X7,A0A0R0JQJ0,0
C6SVU4,C6T0A0,0
A0A0R0I1I4,I1J4B5,0
I1L1N3,A0A0R0GBB6,0
C6T1P2,A0A0R4J4H3,0
I1MUC0,I1JMH3,0
I1LRE4,I1LII4,0
C6T507,A0A0R0IF42,0
C6TGR3,I1NG45,0
I1LYN0,I1LH18,0
I1LQ02,K7KJB2,0
K7KY63,C6T065,0
I1JU70,I1MPJ4,0
O48901,K7KW44,0
I1KUP5,I1MQC8,0
I1KPU4,I1LW00,0
K7KZ42,A0A0R0L5Q1,0
I1J6B5,K7KES1,0
I1LDU4,I1K115,0
A0A0R0G342,K7M849,0
C6TAF0,K7L4N7,0
C6SY25,K7L2R0,0
C6TBJ1,K7LNG6,0
I1JVU8,I1N5D5,0
K7KLI7,K7LTR0,0
I1MUC0,K7LTB2,0
I1LVX2,A0A0R0FTI5,0
I1LYQ9,I1JMZ7,0
I1LRE4,I1NAJ5,0
I1JS58,I1JA95,0
I1JAF7,K7KW44,0
C6SXF5,I1MGG7,0
I1JRA0,A0A0R0GG06,0
A0A0R4J3Y6,K7MQG6,0
C6TG99,I1K1W8,0
I1MHA4,K7LFD7,0
I1KPQ8,K7KK86,0
I1KU09,I1K642,0
I1KGZ6,I1MNV2,0
I1JNK6,C6SZ70,0
C6T2Z2,I1KZ09,0
I1LIS4,I1LIU7,0
I1KUP5,I1KMS8,0
A0A368UHE3,I1JV03,0
I1KJ56,K7LSJ2,0
A0A0R0JYY8,A0A0R0EUJ0,0
I1LUF0,A0A0R0JSJ9,0
I1NHI4,K7LCS7,0
I1KX98,C6TJM4,0
I1MC39,I1K970,0
A0A0R0JZD5,K7K8Y9,0
C6SZG8,A0A0R4J5C5,0
I1LC20,A0A0R0JT51,0
A0A368UHE3,K7MFE5,0
I1JCY0,I1LH27,0
K7L240,I1M277,0
A0A0R0KNS7,I1MLF1,0
I1KU09,A0A0R0FGT9,0
I1JVU8,I1KVC1,0
I1LDY7,A0A0R0JRI8,0
I1LIM0,I1M1D5,0
I1MY43,I1LII4,0
A0A0R0FNM4,A0A0R0JQJ0,0
A0A0R0G5A8,I1M225,0
I1N9I5,I1LVN3,0
I1LDY7,K7MNP5,0
C6SVF8,A0A0R0KWT5,0
C6TLV6,K7LNG6,0
C6TNX5,A0A0R0JT51,0
I1MLK3,K7N5K2,0
K7K676,I1JFW6,0
I1K628,I1JUQ6,0
A0A0R0EFE2,A0A0R0KPE1,0
A0A0R0JS60,K7K894,0
I1LGI1,K7LK09,0
K7KIU3,A0A0R4J5K6,0
K7N0U1,I1MNU2,0
I1KJ98,K7N129,0
I1LZT5,K7MC85,0
I1KU09,I1NCF6,0
I1KCH6,A0A0R0FER5,0
C6SVF8,C6TBL4,0
I1J553,A0A0R0GFL3,0
I1J6B5,I1J547,0
I1MIE5,P62302,0
I1LYG4,I1JFW6,0
I1KU09,K7M864,0
I1LYG4,I1LUL2,0
A0A0R0F7J9,K7K894,0
K7MTC4,I1L2H4,0
A0A0R0JG07,A0A0R0FJR0,0
I1LKQ4,K7KNC5,0
A0A0R0HSV1,I1K642,0
A0A0R0KFE8,K7L6K2,0
I1KFI5,P62302,0
K7K8U8,I1KM19,0
A0A0R0EU45,I1LM96,0
I1J870,I1NCV4,0
A0A0R0LA89,I1M998,0
C6TLT3,K7N0V8,0
I1MNV4,I1KHJ4,0
I1KMP8,A0A0R0L5Q1,0
I1N9E1,K7K894,0
A0A368UHE3,I1M1W3,0
K7MWR1,K7K4C7,0
I1NDG6,C6T065,0
I1LY25,I1KQE3,0
I1LPD3,I1K2I1,0
K7L8H2,I1JK31,0
I1KDB2,I1JRV0,0
I1KYF8,I1JUQ6,0
I1MUQ7,I1KZ09,0
I1KBM7,I1KHJ4,0
A0A368UH03,I1M269,0
I1MJ97,K7L939,0
A0A0R0JKU3,K7LCS7,0
A0A0R0F2Z4,I1JFW6,0
C6TG99,I1MEQ6,0
A0A0R0GYG1,C6TD23,0
I1JIW3,A0A0R0FJR0,0
I1N1Y6,C6TIQ7,0
I1JL13,I1K970,0
I1JMT0,K7M846,0
I1LYN0,K7MFZ6,0
I1K5L7,I1JMK4,0
I1NC77,I1NCF6,0
A0A0R0F2Z4,K7KVK2,0
I1MNM3,K7MFZ6,0
A0A0R0FEI0,A0A0R0IT62,0
A0A0R0L115,I1KAR1,0
K7K676,I1K9J7,0
I1N1X8,I1LR48,0
P48513,K7M849,0
I1LGQ1,A0A0R4J5C5,0
K7MS88,A0A0R0EJV2,0
I1L478,I1JFW6,0
I1KBM7,I1M998,0
Q2PMU0,K7L939,0
K7LZZ5,I1JE09,0
I1KS20,K7KWE4,0
K7LHR2,I1JC65,0
I1LC01,K7LSG2,0
I1KAJ2,I1MNU1,0
A0A0R0JG07,I1KLS1,0
I1LKU1,I1MRI5,0
C6TGR3,I1K6E7,0
I1JFN0,I1MNS7,0
I1JKP1,A0A0R0IF42,0
I1KBQ5,I1KSD0,0
I1NC77,I1J547,0
C6TLT3,K7L9M2,0
I1KRF9,I1MVC6,0
I1KJW4,C6TGA9,0
I1L478,I1KLS1,0
A0A0R0GNH6,I1MU00,0
K7M5T0,I1MRP6,0
I1MM64,I1KVC1,0
A0A0R0EWX9,I1KHJ4,0
C6SVB5,I1M1D5,0
I1JMZ3,A0A0R0L828,0
I1LY25,I1NG45,0
I1L219,I1MC28,0
C6TLT3,I1KFL5,0
I1KB25,A0A0R0JRI8,0
I1K5L7,K7M9T4,0
A5Z2K3,A0A0R0GG06,0
I1KTS9,K7LTB2,0
K7M4N3,C6T0A0,0
I1LFW0,I1LII4,0
A0A0R0JB42,K7MYK9,0
I1MQD0,K7M6I1,0
I1M3Q3,I1L7G4,0
I1N8P5,I1JMK4,0
A0A0R0E907,K7LHS7,0
K7MI53,I1LG13,0
A0A0R0L8Y1,I1LG13,0
K7KY63,I1NCF8,0
K7MMF4,I1KZY8,0
I1JCY0,A0A0R0KWT5,0
I1N8P5,C6T0A0,0
A0A368UHE3,I1MK72,0
A0A0R0L098,A0A0R0IF42,0
I1LKQ4,I1MLF1,0
I1JIW3,K7LIE3,0
I1JVN0,K7LSG2,0
I1MWF0,A0A0R0FJR0,0
I1N8Y6,A0A0R4J5C5,0
I1JZC3,A0A0R0JJI0,0
I1KR80,A0A0R0HCS6,0
I1L1S1,I1K970,0
I1K8C1,K7M6R4,0
A0A0R0E3E6,P62302,0
I1LZW4,K7LTR0,0
K7K553,A0A0R4J5C5,0
I1LRH8,I1JYT2,0
I1KS20,I1LVN3,0
A0A0R0L2U1,I1JK31,0
A0A0R0ET54,C6TD23,0
C6T2Z2,A0A0R0FEN3,0
I1MK96,I1KZK2,0
C6T426,P17093,0
C6SVF8,I1J8W6,0
I1J9J7,I1MNV2,0
I1LC20,A0A0R0HCS6,0
K7MI53,I1LH27,0
I1KXI7,K7KTS8,0
I1L1N3,K7MC85,0
I1JP52,A0A0R0GG06,0
C6SXP5,A0A0R4J4H3,0
I1L524,I1LVN3,0
C6SZY0,I1K2I1,0
C6TKG0,I1MW74,0
K7K794,Q2PMR3,0
K7LSH9,K7MXH5,0
K7L9V3,I1KLS1,0
K7L395,I1MNV2,0
A0A0R0E907,I1MNS7,0
K7MRX6,I1N761,0
K7LUF9,C6TIQ7,0
A0A0R0G5V6,I1M269,0
I1KUP5,K7KJB2,0
I1M100,K7MXH5,0
K7MH53,I1KLS1,0
I1MLZ0,I1N898,0
C6TG81,I1KFL5,0
I1LKU1,I1L171,0
I1K3U2,I1LIA8,0
I1J6B5,A0A0R0E934,0
I1MEF8,A0A0R0L828,0
K7MTC4,A0A0R0L0E7,0
I1LPC3,K7L9M2,0
I1NH98,I1LY15,0
I1J7A8,A0A0R0G7I0,0
C6TG91,K7L6N7,0
I1KHL4,C6T065,0
A0A0R0H9H8,C6TD23,0
I1LD74,I1JRV0,0
I1KQG7,A0A0R0GFH3,0
K7LTQ1,A0A0R0EKI7,0
I1LS70,A0A0R0EUJ0,0
A0A0R4J3R4,I1LW00,0
I1LIR4,A0A0R0EYS5,0
C6SZM2,I1MZV4,0
I1JRA0,C6SYE1,0
A0A0R0E3E6,I1LR48,0
K7KGJ8,I1LLS4,0
C6SYF3,I1M277,0
A0A0R0I8Z5,K7M466,0
I1JQR6,K7KES3,0
I1LPJ3,C6SZQ0,0
I1KHL4,I1JRJ3,0
I1KGZ6,C6SWS6,0
A0A368UH03,K7K4C7,0
I1KYD6,I1LEC4,0
C6TG99,K7K894,0
I1LMP2,I1NAJ5,0
Q2TFP1,I1LHS8,0
I1MUN3,I1KH38,0
I1NFU9,K7MGQ2,0
I1K7N0,I1JA95,0
I1MUN3,I1J8C9,0
C6T0E4,I1MRP6,0
C6TBJ1,A0A0R0JJI0,0
I1LWR7,I1M277,0
I1JZC3,I1N5D5,0
K7M5I5,I1LWZ0,0
I1MM64,I1JMK4,0
I1JDP3,A0A0R0FB78,0
I1K5H2,I1MTV9,0
I1KEY6,I1KH38,0
P48513,A0A0R0K6I2,0
I1M3V1,I1M5B6,0
I1KJ98,K7KES3,0
K7M2D8,I1NAJ5,0
A0A0R0HSJ1,C6TCH4,0
I1L0M6,I1NIE5,0
I1LJ93,I1ML11,0
A0A0R0K6F4,A0A0R0E934,0
I1LJA4,K7KAB4,0
I1NJ79,I1M3W1,0
I1JP52,K7K8Y9,0
I1JL13,I1KCY5,0
A0A0R4J389,I1KM19,0
I1K9P1,I1LUE0,0
K7KDA5,A0A0R0KPE1,0
A0A0R0FX70,I1ML11,0
I1M4Y9,A0A0R4J4C5,0
K7MNC0,I1K970,0
I1MY33,I1L171,0
C6T8R7,I1MGG7,0
I1JNB0,I1MSN3,0
I1NDG6,I1K5B6,0
I1KXG2,I1KJD2,0
I1KHL6,I1K5K7,0
I1MBA2,K7M4E0,0
C6TKW2,K7MNP5,0
C6SYF3,A0A0R0JTV5,0
I1L8S1,I1KH38,0
K7MH53,K7MM40,0
K7MXS9,I1JC65,0
I1L478,Q2PMR3,0
I1JI73,I1MEQ6,0
I1L3P6,K7M846,0
I1MRS5,I1LIA8,0
I1LUF0,K7MRF5,0
A0A0R0GCF5,I1KYL4,0
I1LDA7,C6SZ70,0
A0A0R0F2G6,I1JFW6,0
I1JP52,A0A0R0G7B5,0
I1LMQ5,K7MNP5,0
I1KBL4,K7LSJ2,0
I1LLA9,I1LW00,0
I1JDP3,A0A0R0GWH6,0
I1LDA7,K7KAB4,0
I1LA00,C6SYE1,0
I1JCY0,K7M6I1,0
I1JFS9,A0A0R4J488,0
H2D4C3,A0A0R0L828,0
A0A0R0FKK9,A0A0R0L4P0,0
I1K3P0,K7L6N7,0
I1JWF0,I1K970,0
K7LDR8,I1KH38,0
I1L6W0,C6TFX5,0
C6T567,K7MQG6,0
I1KQC7,I1JAH7,0
I1J4E1,I1LW00,0
C6SYQ2,I1LLS8,0
I1MC26,C6TGA9,0
I1N3M5,A0A0R0L828,0
C6T567,I1LIU7,0
I1JDH6,C6TD23,0
K7LEG0,K7L939,0
K7M097,I1N7F4,0
C6T2H2,A0A0R0GJV8,0
O48901,K7N0V8,0
K7MMG1,I1LXQ3,0
I1KXI7,K7KH93,0
C6SYA3,I1LPW2,0
K7K1Z2,C6SYW6,0
I1LFQ4,A0A0R0KWT5,0
I1K5G1,K7MNP5,0
C6TC92,A0A0R4J384,0
C6SVV7,I1MEF5,0
A0A0R0F0T6,I1M1W3,0
I1LYN0,I1J547,0
K7LEG0,I1L3P5,0
I1KCN1,I1JMZ7,0
A0A0R0JZD5,I1K642,0
K7MD28,A0A0R4J2Y1,0
I1KHL6,I1NAF6,0
I1LGB7,I1K215,0
A0A0R0L115,I1KVC1,0
I1LDU4,I1KEC8,0
Q2PMU2,A0A0R0FB78,0
C5NTE7,I1MVC6,0
I1MKM3,A0A0R0GFH3,0
A0A0R0KCY1,I1K115,0
A0A0R0KE73,K7LY43,0
A0A0R0HDM5,K7L6N7,0
K7M5T0,A0A0R0HCS6,0
I1NCS8,I1NG45,0
K7LUF9,I1JV03,0
I1JHC2,I1K467,0
I1K9B8,I1MGG7,0
I1KPU4,A0A0R4J4C3,0
A0A0R4J3Y6,I1JV03,0
K7N5D4,A0A0R0EG78,0
I1MBR7,I1LII4,0
A0A0R0KCY1,I1MC28,0
I1KIY3,K7M841,0
A0A0R0G2B9,K7N129,0
I1LIK8,A0A0R0IR73,0
I1L653,K7KJB2,0
I1MFH3,I1LW00,0
A0A368UHM1,A1YZE0,0
I1MGG3,K7LTR0,0
K7LEG0,A0A0R0KVY6,0
I1KCX1,K7M846,0
K7KY63,I1LPJ8,0
A0A0R0FEN9,I1KFL5,0
I1N6Z0,I1JFW6,0
C6TCW7,K7LSJ2,0
K7MMR3,I1NCV4,0
I1K096,K7MNN5,0
I1KBB6,A0A0R0HCS6,0
I1K9B8,A0A0R0FJR0,0
I1JW21,A0A0R4J488,0
C6SVF8,P17093,0
C6T883,I1LPJ8,0
A5Z2K3,I1KAD1,0
A0A0R0IGP2,K7LTB2,0
A0A0R0GZZ6,I1JHJ0,0
I1MZ47,I1MQC8,0
A0A0R0GZZ6,I1MRI5,0
I1KU09,K7MRF5,0
C6TAW8,A0A0R0FB78,0
I1M3V1,A0A0R0JSJ9,0
I1MLZ0,I1JD36,0
I1N0W9,K7L6K2,0
I1M0C3,K7MNP5,0
A0A0R0GZZ6,K7LCS7,0
I1L653,I1N780,0
I1M7C1,I1KYL4,0
I1KX98,I1LIT1,0
A0A368UHC3,K7KFY5,0
K7MI53,I1L3P5,0
C6SW43,A0A0R0ESZ8,0
C6SWD4,K7MMD7,0
I1JU70,Q43463,0
I1MGB0,K7K4C7,0
K7KVG4,I1JM18,0
K7KLI7,A0A0R0KWT5,0
I1KBM7,K7M841,0
I1N1V6,I1MNU1,0
K7K2H1,I1LLK1,0
A0A0R0LA89,K7LCS7,0
K7MRX6,K7M841,0
I1MUQ7,K7LTR0,0
I1LPC3,I1M269,0
A0A0R0HSV1,A0A0R0ESZ8,0
I1JFN0,I1MVC6,0
I1MC39,A0A0R0EUJ0,0
I1N1X8,A0A0R0KWT5,0
K7KDM1,I1LL05,0
I1KHL4,I1KCY5,0
A0A0R0F0T6,A0A0R0JBV0,0
A0A368UH03,K7MRF5,0
C6SVF8,I1LPW2,0
C6TKB2,I1KSD0,0
I1NC77,K7KQZ8,0
I1JFS9,I1LLK1,0
I1KRZ2,Q2PMR3,0
C6TNX5,I1J9I1,0
C6T883,I1MNU1,0
I1J9J7,K7K894,0
C6SWA0,I1MSN3,0
A0A0R0FNM4,K7KW44,0
I1MRY0,I1LIA8,0
C6SY81,C6T065,0
A0A0R0IAV3,A0A0R0HSA0,0
A0A0R0FX46,I1MK72,0
I1MFH3,I1K467,0
I1MLZ0,C6TGA9,0
A0A0R0JKU3,K7K8K7,0
C6SYQ2,I1K5B6,0
I1KPT1,C6TFX5,0
A0A0R0JYY8,C6TBL4,0
I1M717,A0A0R0GUR9,0
I1JXB4,I1NCF8,0
A0A0R0G6V6,I1JRV0,0
C6SZ22,I1KVC1,0
I1LA00,K7M864,0
C6SYA3,I1MF50,0
I1KBB6,K7MNP5,0
C6SY99,A0A0R0L4P0,0
A0A0R0G5A8,A0A0R0FM97,0
I1M273,K7MNP5,0
C6TNL5,I1L171,0
A0A0R0J7Q5,C6TK73,0
K7MWR1,I1K467,0
A0A0R0EFE2,I1L171,0
I1J870,K7M849,0
I1MVK7,I1KSL6,0
I1KHL6,K7KAB4,0
I1MNU7,A0A0R0JBV0,0
I1MNK0,A0A0R0L5Q1,0
I1LUL7,I1L3P5,0
I1KHY2,I1MW51,0
I1LRH8,K7K4C7,0
K7MC09,I1KZ09,0
I1MSD9,C6TN69,0
I1N8M4,A0A0R0GAQ8,0
I1KQE8,I1JK31,0
K7KZ42,I1LWZ0,0
C6SXM9,I1KEC8,0
I1K5K3,I1K3X9,0
I1L0M6,K7N5K2,0
I1M7V7,I1K467,0
C6T2Z2,I1KD82,0
I1K0C4,I1N7F4,0
A0A0R0EI44,I1KD82,0
C6TG81,A0A0R0JJK0,0
K7M787,A0A0R0GS25,0
A0A0R0KJP6,I1LIT1,0
I1MQD0,I1LGD6,0
I1M717,C6TD23,0
I1MSC6,I1L2H4,0
I1M0S4,K7L2R0,0
I1KRF9,A0A0R0FM97,0
A0A0R0HDM5,I1JRV0,0
K7LIW2,A0A0R0EG78,0
I1JMZ3,C6TD23,0
C6SW43,C6T4V3,0
I1K2J5,K7KW44,0
A0A368UHC3,I1LIA8,0
K7KLF0,I1LIA8,0
C6SWA0,I1L2H4,0
A0A0R0H9H8,A0A0R0L4P0,0
C6T0U3,I1NIE5,0
I1KTS9,I1JHJ0,0
I1MTZ8,K7L939,0
I1KUP5,A0A0R0GFL3,0
C6TD73,I1NC50,0
I1KZI6,K7MFZ6,0
I1MSD9,I1NJ53,0
C6SZL0,I1KZ09,0
A0A0R0EFE2,K7M6J1,0
I1MLK3,K7KWE4,0
K7KZ42,I1KEC8,0
I1NIE7,A0A0R0HSA0,0
I1KJ56,I1JM18,0
Q2PMS6,A0A0R0L4P0,0
A0A0R0GYG1,K7KAB4,0
I1LPI3,A0A0R0L5Q1,0
I1M2R5,I1L9K4,0
A0A368UJ64,A0A0R0FB78,0
K7K3W5,I1MNV2,0
I1K096,I1JRV0,0
I1LM73,K7KAB4,0
I1KRZ2,K7N1T9,0
I1JM69,I1LUL2,0
I1M7C1,I1LIA8,0
I1K8N0,A0A0R0K0K3,0
K7MZ38,C6TIQ7,0
I1NBE9,A0A0R4J5B7,0
K7M4N3,I1KYL4,0
A0A0R0FEI0,A0A0R0GFH3,0
I1KQP3,A0A0R0GJV8,0
C6SYQ2,I1NAJ5,0
I1L6W0,P62302,0
A0A0R0JZD5,A0A0R0G7I0,0
I1MEF8,A0A0R0GFL3,0
I1NGD2,A0A0R0GWH6,0
K7MXD1,K7M6R4,0
I1J5B0,K7KAB4,0
I1MJM9,I1LUL2,0
A0A0R0GC27,A0A0R0L4P0,0
C6SYA3,I1KCY5,0
I1KQE8,I1MZV0,0
I1KB25,C6SW04,0
A0A0R0FEN9,I1MZV4,0
A0A0R0K5X4,I1LLS8,0
I1L690,A0A0R0IT62,0
I1MHS1,A0A0R0JSJ9,0
I1NJ79,A0A0R0FZM4,0
K7L8H2,A0A0R4J426,0
I1JMZ4,A0A0R0JSJ9,0
A0A0R0HDM5,A0A0R0GG06,0
I1JIW3,I1KH38,0
I1NGL5,I1MF50,0
K7M142,K7MQG6,0
I1M5E2,P17093,0
I1LIR4,I1L332,0
A0A0R0LFT0,I1JHJ0,0
A0A0R0L4N1,I1MSN3,0
A0A0R4J3R4,I1KJD2,0
I1MLN7,A0A0R0ENB3,0
I1K4D7,I1JE09,0
I1NDG6,I1LL05,0
A0A0R0H8M3,A0A0R0GJV8,0
I1LYN0,I1MQC8,0
A0A0R0HDM5,I1J8W6,0
I1J870,I1JE09,0
A0A0R0L2U1,I1J547,0
I1J5B0,C6TNW3,0
I1M100,I1LFD2,0
I1JIW3,K7L7W0,0
C6TG81,I1MNS7,0
A0A0R0EFE2,I1JM18,0
I1KRD4,I1NCF6,0
C6TG81,I1MSN3,0
I1MFH3,A0A0R0JT51,0
I1KS88,Q2PMR3,0
A0A0R0KE73,I1M1W3,0
I1M6L1,A0A0R0GAQ8,0
I1LKU1,I1K3X9,0
A0A0R0G5V6,I1JHJ0,0
I1MP46,I1NC50,0
K7L3P2,I1JM18,0
I1NH98,K7K894,0
A0A368UHC3,I1MZV0,0
I1LJI8,K7L7W0,0
P48513,A0A0R0GFH3,0
I1MY43,I1JHJ0,0
C6SXM9,I1MK72,0
C6SWA0,I1M5B6,0
I1JWF0,I1KUB2,0
A0A0R0F0T6,K7MNP5,0
I1JZC3,K7MRF5,0
I1NFS4,C6SW04,0
I1JUT9,A0A0R4J2Q5,0
K7M2D8,I1JD52,0
K7L1D3,I1JAH7,0
A0A0R0E907,C6T5U0,0
K7KNJ6,I1LR48,0
A0A0R0HIA6,A0A0R0JJI0,0
I1MBM5,I1J8W6,0
I1JP52,I1MNU2,0
I1J5U5,I1JRU7,0
K7LWN2,I1LHS8,0
I1KJH7,K7KFY5,0
I1N1X8,K7LK09,0
A0A0R0F077,A0A0R0L5Q1,0
I1K650,K7LCS7,0
C6TCW7,C6SYW6,0
C6SZ22,C6SZ70,0
I1KH45,A0A0R0GFL3,0
I1LC20,I1N8M8,0
K7KLI7,A0A0R4J4H3,0
I1MGG3,A0A0R0GFH3,0
K7L395,I1MNU1,0
A0A0R0H296,A0A0R4J4C5,0
I1LGB7,A0A0R0EUJ0,0
C6TMM7,I1JC65,0
A0A0R4J2K3,I1J8C9,0
I1NHQ1,I1LLK1,0
I1KQG0,I1M1D5,0
I1JXQ3,I1L7G4,0
Q2PMQ9,K7KVK2,0
A0A0R0E907,A0A0R0EYS5,0
I1KMP8,I1JM18,0
I1L653,K7LFD7,0
I1LUI7,A0A0R0JBV0,0
I1KMP8,I1LH27,0
K7KGC2,I1L2H4,0
I1MM89,A0A0R0GG06,0
C6SY99,I1LY15,0
I1M757,I1MPJ4,0
I1MVE9,C6T5R4,0
I1NF54,I1LL05,0
I1KRD4,I1LUE0,0
K7K676,A0A0R4J4H3,0
I1LZW4,I1LXQ3,0
I1K911,I1LHS8,0
K7K415,C6TBL4,0
A0A0R0H7N0,I1MGG7,0
I1JT28,A0A0R0GG06,0
I1NIJ9,I1NCF6,0
I1N8M4,C6SYE1,0
K7MNC0,I1LUL2,0
C6SYF3,I1MZV0,0
I1M3U2,A0A0R0GS25,0
I1JVU8,K7MMD7,0
I1LPZ2,I1MU00,0
I1MV96,C6TIQ7,0
K7M4N3,K7MFZ6,0
A0A0R0K0L0,K7LNG6,0
I1LUF0,I1JFW6,0
Q2TFP1,C6TIQ7,0
I1N8Y6,K7LLV5,0
I1K9P1,A0A0R0FZM4,0
I1LHY4,C6T4V3,0
I1KP31,K7LSG2,0
A0A0R0GCF5,K7LTB2,0
I1KQB9,K7KAB4,0
C6F117,I1J8C9,0
I1L219,I1MZV4,0
I1JXQ3,I1MNV2,0
A0A0R0IGP2,I1KUB2,0
I1LCX3,I1KD82,0
I1LJA4,I1MGG7,0
I1M9F7,K7KW44,0
I1K8N0,K7KAB4,0
A0A0R0HSJ1,A0A0R4J4C3,0
I1LPZ3,K7KWE4,0
K7LWN2,P17093,0
I1JFN0,K7LIE3,0
I1KVS3,A0A0R0G7B5,0
I1KS20,A0A0R0FB78,0
A0A0R0EI44,I1JMH3,0
I1JUI1,A0A0R0E934,0
A0A368UJ64,I1JRV0,0
A0A0R0KCV3,A0A0R0K0K3,0
K7MVB9,A0A0R0JRI8,0
K7MGQ3,C6SX83,0
I1L5H8,K7L2R0,0
I1LYG4,I1ML11,0
I1JT28,I1JVX3,0
K7KYY0,I1MU00,0
C6SY81,K7N145,0
C6SY25,I1K4R8,0
I1KJH7,I1MNS7,0
C6SWL3,I1MJJ9,0
I1LYN0,I1JYT2,0
I1KP31,I1LG13,0
I1M3U2,A0A0R0EYS5,0
I1N0I7,K7L2R0,0
A0A0R0H296,A0A0R0FX75,0
A0A0R0H8M3,A0A0R0FGT9,0
I1N6Z0,A0A0R0IR73,0
C6TLV6,I1K215,0
I1MLN7,K7K8K7,0
A0A0R0FSY2,I1KCY5,0
K7MC09,I1MZV4,0
I1KQ68,A0A0R0FGT9,0
I1N9S5,I1KPE7,0
I1JIJ4,I1MPJ4,0
I1J7A8,K7KK86,0
A0A0R0G5V6,I1M3W1,0
K7MAP3,A0A0R0KE62,0
I1L412,C6TFX5,0
I1LHR1,C6TFX5,0
A0A0R0H2V0,C6TIK0,0
A0A0R0HSJ1,K7KES1,0
P09755,K7L4N7,0
I1JUR7,I1JK31,0
I1LMW7,A0A0R0KPE1,0
K7KVG4,I1N761,0
I1JMT0,K7LK09,0
C6TKG0,A0A0R0GS25,0
I1LR08,I1LWZ0,0
I1JG98,I1KCY5,0
I1LGQ1,I1JYT2,0
I1MGB0,I1M225,0
K7KCG5,A0A0R4J384,0
I1JY87,I1MRI5,0
I1K4U3,K7LQV0,0
I1MNU7,A0A0R4J384,0
C6TG81,I1LM96,0
A0A0R0EI44,I1MGG7,0
A0A0R0E907,A0A0R0GG06,0
I1LZ09,C6TN69,0
K7MNC0,A0A0R0FEN3,0
I1JBJ2,C6T5U0,0
K7N5D4,I1MRI5,0
I1MXT2,I1KHJ4,0
A0A0R0G342,I1N761,0
K7LW22,K7MTL2,0
I1KHY2,I1J9I1,0
I1MHS1,A0A0R0EJV2,0
I1LPI3,K7L4N7,0
C6SZM9,A0A0R0JJI0,0
I1KZJ7,I1J547,0
I1M7B9,I1M1D5,0
I1JG98,A0A0R0ENB3,0
I1LGI1,I1LG13,0
I1LPD3,A0A0R0HV63,0
I1JFS9,A0A0R0L4P0,0
I1KHJ6,I1KSD0,0
I1K8N0,K7LNG6,0
I1KZW4,A0A0R0EUJ0,0
I1LIS4,I1MPJ4,0
A0A0R0G342,C6TD23,0
I1KZJ7,C6TD23,0
C6SXJ9,A0A0R4J5K6,0
K7MMG1,K7L2D7,0
A0A0R0LB39,I1MW74,0
I1JW64,K7MXH5,0
I1N6Z0,I1JMZ7,0
Q2PMU2,I1JE09,0
K7MMR3,I1M1D5,0
C6T2Z2,I1KQE3,0
I1NDG6,I1L332,0
I1JT28,I1LFD2,0
I1L5Z7,I1LUE0,0
K7M4N3,C6TGZ1,0
I1K8N0,I1NAJ5,0
A0A0R0KH89,K7N129,0
K7K9E1,I1M269,0
C6TKW2,A0A0R0GFL3,0
A0A0R0L2U1,I1K1W8,0
I1K725,I1JD07,0
I1MHS1,C6TN69,0
A0A0R0KXY9,A0A0R0GPH9,0
I1LJ94,K7M846,0
K7L8H2,K7MNP5,0
I1KHL6,C6TGZ1,0
K7KP67,I1MF50,0
C6TEP1,I1LL05,0
K7KLF0,K7K4C7,0
K7KEV0,K7M6R4,0
I1LLA9,K7LSJ2,0
I1MBW8,I1MW74,0
I1LMW7,I1M277,0
A0A0R0FYN8,I1KCY5,0
A0A0R0GZZ6,A0A0R0G7I0,0
I1JV48,K7MFE5,0
K7K3W5,K7M841,0
K7KE09,K7MM40,0
I1MEN1,A0A0R0F214,0
I1JRA0,A0A0R0GPH9,0
I1JW64,I1N7F4,0
C6T3K0,I1KH38,0
I1KQB9,A0A0R0HSH0,0
C6TKW2,A0A0R0HCS6,0
A0A0R0KH89,I1L7G4,0
I1LUF0,C6SZ70,0
I1NF54,I1MF50,0
I1L478,A0A0R4J5C5,0
I1K2U0,A0A0R0JQJ0,0
C6TLV6,K7KK86,0
I1J4E1,A0A0R0E934,0
I1MYV4,C6TJM4,0
I1MM64,C6T4V3,0
I1KYS6,K7L6N7,0
I1NGQ5,A0A0R4J4C3,0
I1MY33,I1KEC8,0
K7L3P2,I1LLK1,0
A0A0R0L115,C6T4V3,0
I1LGI1,A0A0R0IF42,0
C6SXP5,K7MFE5,0
K7MI53,C6T5U0,0
I1L478,K7KTS8,0
C6SWA0,I1KD82,0
I1KVX9,K7N5K2,0
K7MWR1,C6T0A0,0
I1N056,K7M592,0
I1M6L1,A0A0R0KVY6,0
I1KEY6,I1K6E7,0
I1LA00,C6TJ17,0
I1KYD6,A0A0R0ESZ8,0
A0A0R0L7S1,A0A0R0GFM7,0
K7LUF9,I1M1W3,0
I1MY43,I1MNV2,0
I1JE83,A0A0R4J2Y1,0
A0A0R0FQN0,K7M466,0
I1JUI1,A0A0R0FGT9,0
A5Z2K3,I1LUE0,0
A0A0R0JS60,P62302,0
I1NF54,C6TJ17,0
K7KYE0,A0A0R0FZM4,0
A0A0R0I8Z5,A0A0R0KWT5,0
I1KMP8,I1MNS7,0
I1MGG3,K7L2R0,0
I1KEG8,I1KAR1,0
K7MGQ3,I1M3W1,0
K7L9V3,K7N5K2,0
K7LHR2,I1MLF1,0
I1M3Q3,A0A0R0L7U5,0
I1J870,C6T0A0,0
I1LPD3,I1NAF6,0
I1MP46,A0A0R0GAQ8,0
I1LFQ4,I1K115,0
I1LPC3,A0A0R0G7I0,0
K7KE09,A0A0R0ENB3,0
K7MCH3,I1K5B6,0
A0A0R0GJ85,I1KPE7,0
I1M6L1,I1MQC8,0
I1KXI7,I1JYT2,0
I1JW21,C6TK73,0
C6T0E4,K7LK09,0
K7KYY0,I1L7G4,0
I1L478,A0A0R0JBL2,0
I1KGZ6,Q43463,0
C6TLT3,I1J547,0
H2D4C3,I1J8W6,0
K7KFV5,K7LFD7,0
I1JHC2,I1LM96,0
I1K2Z9,I1KUB2,0
I1MSC6,K7LSJ2,0
C6SWG4,I1NAJ5,0
I1LGB7,A0A0R0F214,0
I1MLZ0,I1LPJ8,0
A0A0R0GNH6,I1JVX3,0
C6SVF8,I1MNV2,0
A0A0R0HDM5,I1MW51,0
I1KVS3,K7LQV0,0
C6SZM2,K7N1T9,0
A0A0R0FNM4,I1LPK5,0
I1KGN6,K7MNN5,0
C6TBQ2,I1M225,0
C6TG91,I1NCF6,0
A0A0R0K5D9,C6TJM4,0
C6SVF8,A0A0R0GG06,0
I1LUL7,A0A0R4J5B7,0
C6SVV7,I1JM18,0
I1JNB0,K7M846,0
I1K3P0,K7N129,0
K7N5D4,I1KUS2,0
C6TG99,I1KPE7,0
I1J5B0,K7M9T4,0
I1L8S1,K7M864,0
A0A0R0JES0,I1JUQ6,0
I1KFU0,I1KFL5,0
A0A0R0F077,I1MLJ0,0
H2D4C3,A0A0R0L4P0,0
I1LA00,A0A0R4J488,0
C6SXF5,A0A0R0K0K3,0
A0A0R4J3R4,A0A0R0FZM4,0
A0A0R0ESI3,K7LSG2,0
A0A0R0LA89,A0A0R0KPE1,0
I1L6W0,A0A0R0EDS9,0
K7MZ38,K7K894,0
I1NGL5,A0A0R0FGT9,0
K7K8U8,A0A0R0KE62,0
K7MCH3,I1K4R8,0
K7LTQ1,P62302,0
I1N0I7,C6T5U0,0
I1JHN5,A0A0R0EKI7,0
I1L215,A0A0R0L4P0,0
I1L1S1,I1JMH3,0
C6T084,K7KAB4,0
I1NJ79,I1J8W6,0
I1JW21,K7KJB2,0
A0A368UHG0,I1LHS8,0
I1LR08,A0A0R0HV63,0
I1LYG4,I1LEC4,0
I1LZM7,A0A0R0K7U0,0
A0A368UHM1,I1K2I1,0
K7LHR2,A0A0R0EG78,0
K7KLF0,K7N5K2,0
I1M0S4,A0A0R0L828,0
I1JVU8,I1KFL5,0
K7KGE9,A0A0R0L828,0
P46279,I1NAJ5,0
I1K628,K7LHS7,0
A0A0R0JJ98,I1K146,0
C6TNL5,K7MNP5,0
I1JU70,A0A0R0JBL2,0
I1N0R5,A0A0R0EG78,0
Q2PMS6,I1LXQ3,0
I1KRD4,K7LFD7,0
I1KAJ2,I1N7F4,0
I1MSC6,C6TFX5,0
C6SZ22,I1MPJ4,0
K7MVB9,P62302,0
I1K650,C6SYE1,0
A0A0R0K6F4,A0A0R0FTI5,0
A0A0R0G3G4,C6TJ17,0
I1LFW0,K7L7W0,0
A0A0R4J2K3,K7MXH5,0
K7N0X7,I1NAF6,0
I1JXQ3,I1LW00,0
A0A0R0IAV3,Q2PMR3,0
A0A0R4J389,A0A0R0JT51,0
I1MRS5,I1KSD0,0
I1MJ97,I1LG13,0
I1KV60,A0A0R0IZY4,0
I1JKP1,I1LM96,0
I1KQE2,I1JV03,0
I1JAF7,K7M846,0
A0A0R0J2L9,K7LNG6,0
I1KXG2,C6TIQ7,0
I1MTH0,A1YZE0,0
A0A0R4J3R4,A0A0R0GJV8,0
C6T7N2,K7MYK9,0
I1JMT0,I1JA95,0
K7LGW1,K7KAB4,0
I1MQD0,A0A0R0JQJ0,0
I1MYV4,C6TN69,0
I1KY58,A0A0R0IR73,0
I1MBW8,I1JHJ0,0
I1JDP3,K7M466,0
I1KJW4,K7LTR0,0
K7LKS0,I1K642,0
K7N3F6,I1LGD6,0
I1K620,I1LLS4,0
K7MWR1,C6TN69,0
K7L395,A0A0R0EWR2,0
I1JZC3,I1LUL2,0
I1KH45,I1L332,0
C6SWI3,K7LHS7,0
K7L395,A0A0R0E934,0
A0A0R0G2B9,I1LG13,0
I1JV48,I1NAF6,0
I1KPT1,A0A0R4J4D0,0
I1KEY6,K7L4N7,0
A0A0R0ESI3,A0A0R0KVY6,0
A0A0R0JS60,K7M466,0
I1MNV4,A0A0R0GFL3,0
C6TFN5,K7MNN5,0
I1MK96,I1K642,0
I1J7S6,A0A0R0EUJ0,0
I1JYG6,I1LIA8,0
K7MXD1,I1N780,0
I1KCN1,I1JYT2,0
A0A0R0KJP6,A0A0R0KVY6,0
I1LIM0,I1KPE7,0
A0A0R0FEI0,I1K9J7,0
I1JE93,I1K5B6,0
K7KDX2,I1JRV0,0
C6TKB2,I1J8C9,0
C6SZL0,A0A0R4J5K6,0
K7M097,I1K5B6,0
I1LP56,I1MNU1,0
C6SVU4,A0A0R0GFM7,0
K7MNC0,I1LLS4,0
K7MXD1,C6SW04,0
I1KCX1,I1NC50,0
A0A0R0HDM5,K7LFD7,0
C6TL77,A0A0R0L4P0,0
I1KBM7,I1L3P5,0
A0A0R0EJE2,A0A0R0L5Q1,0
I1N6Z0,K7MFZ6,0
I1MSC6,A0A0R0JSJ9,0
A0A0R0EFE2,I1NAF6,0
I1NFS4,C6SWS6,0
A0A0R0ESI3,I1M3W1,0
I1LY25,A0A0R0L4P0,0
I1KTD4,I1KHJ4,0
K7MS88,K7M592,0
I1JFF6,C6TD23,0
I1NDG6,I1NCF6,0
A0A0R0G2B9,K7MNP5,0
A0A0R0KR16,A0A0R4J5K6,0
I1MSD9,K7MNP5,0
C6TNX5,I1MC28,0
I1JKS2,I1KM19,0
I1MY33,I1M5B6,0
I1NFU9,C6T5R4,0
I1LHR1,I1M998,0
C6SVB5,I1LR48,0
I1LPD3,K7MMD7,0
I1LA00,I1L7G4,0
C6SWL3,I1KLS1,0
I1MGB0,K7K8Y9,0
C6TK75,C6SZG1,0
I1MFH3,A0A0R4J384,0
I1LZM7,I1MU00,0
K7KIU3,I1LW00,0
K7MCD1,K7M6Z2,0
A0A0R0F2Z4,A0A0R0L7U5,0
C6T0U3,I1N7F4,0
K7MXS9,K7L2R0,0
K7LVE4,P17093,0
I1KIB3,K7M6J1,0
I1LDY7,I1KJD2,0
I1M2R5,A0A0R0GS25,0
I1MDC4,C6SZ70,0
C6T2H2,K7KAB4,0
A0A0R0L115,A0A0R0JRI8,0
I1LPD3,I1KZ09,0
I1K7N0,A0A0R0JT51,0
I1JWF0,K7M864,0
C6SZG8,K7K318,0
I1LRH8,I1JRV0,0
I1JNK6,I1LUL2,0
I1L478,C6SZQ0,0
I1M273,K7L6N7,0
K7L395,K7KK86,0
C6SXM9,A0A0R4J488,0
I1MLH9,A0A0R0ESZ8,0
C6SYR1,K7LFD7,0
A0A0R0GNH6,I1LR48,0
I1JV48,C6T065,0
I1MYX8,K7N1L5,0
C6SW69,I1JC65,0
I1K3U2,I1LXQ3,0
K7MRX6,A0A0R4J5B7,0
I1LPD3,K7M6Z2,0
I1LIK8,I1MEF5,0
I1LGB7,K7M9T4,0
I1KQG0,I1LHS8,0
C6SWD4,A0A0R0FJR0,0
I1LH11,I1JVX3,0
I1M5E2,I1LG13,0
I1JHN5,I1KLS1,0
I1JE83,A0A0R4J2Q5,0
I1KJT5,A0A0R0KWL0,0
I1N0R5,I1LY15,0
C6TFN5,A0A0R0F214,0
C6T2L5,A0A0R0GJV8,0
I1JY67,A0A0R0HSA0,0
I1LJI8,I1L332,0
I1NBC2,A0A0R0HV63,0
I1N8P5,K7LTB2,0
I1JBJ2,A0A0R0G7B5,0
C6T5Z0,K7M864,0
I1L5H8,I1NJ53,0
K7KPJ4,A0A0R0EKI7,0
I1KMP8,K7LSG2,0
C6T1E6,A0A0R0JRI8,0
I1L9A1,A0A0R0KE62,0
I1LJ94,C6TD23,0
I1J5U5,K7LY43,0
I1KU09,I1NC50,0
P48513,I1NCF6,0
I1NDG6,I1NAF6,0
I1L478,A0A0R4J5B7,0
I1LC20,I1MW74,0
K7KZ42,A0A0R0K0K3,0
I1JCY0,A0A0R0JT51,0
A0A0R0GNH6,I1NIE5,0
I1LH11,A0A0R0GFL3,0
I1KPU4,C6T065,0
C6TLV6,I1LH27,0
A0A0R0JKU3,K7MXE0,0
I1N439,K7KH93,0
I1JXQ3,K7LLV5,0
A0A0R4J3Y6,C6TBL4,0
A0A0R0L098,I1MNV2,0
I1LJ93,K7K8Y9,0
K7L240,I1LM96,0
I1JNB0,A0A0R4J5K6,0
A0A0R0I0B9,I1N761,0
I1MWF0,I1J9I1,0
A0A0R0H9H8,A0A0R0EYS5,0
A0A0R0H296,C6T4V3,0
I1KNN1,I1JD36,0
I1N9S5,I1KVC1,0
C6TGR3,I1JD07,0
I1KX98,I1MPJ4,0
I1M273,C6TFX5,0
I1NHQ1,A1YZE0,0
I1MFH3,K7MC85,0
A0A368UH03,A0A0R0JYX3,0
A5Z2K3,K7M6Z2,0
A0A0R0F077,K7KK86,0
A0A0R0GRI6,I1MNV2,0
I1JU70,K7LQV0,0
K7LW22,A0A0R0EJV2,0
I1MTZ8,I1NCF6,0
K7LWI3,I1LII4,0
I1N3M5,A0A0R0EDS9,0
C6SVF8,K7M864,0
C6T507,K7M6J1,0
I1NHI4,I1LWZ0,0
K7M142,A0A0R0ENB3,0
A0A0R0J7J3,A0A0R4J384,0
C6SY25,K7M592,0
C6SXM9,A0A0R0FER5,0
A0A0R0EU45,K7LTB2,0
I1K9B8,A0A0R0FZM4,0
A0A0R0GBL8,K7L6K2,0
I1LJW2,K7MYK9,0
I1N5E8,I1K4R8,0
I1LZW4,A0A0R0FB78,0
A0A0R0KFE8,I1L7G4,0
I1K8N0,I1MTV9,0
I1MSD9,C6TK73,0
I1JWF0,I1N5D5,0
K7MRX6,I1LXQ3,0
I1MHH7,K7MGQ2,0
I1MWF0,I1K2I1,0
K7MXD1,I1K146,0
I1NGL5,A0A0R0K7U0,0
I1L4B6,C6SZG1,0
I1MKM3,I1KD82,0
C6F117,K7KAB4,0
I1KCX1,I1MNS7,0
A0A0R0G5A8,I1LHS8,0
K7KDA5,A0A0R0EDS9,0
I1KQG7,K7LHS7,0
C6SZM2,C6TGA9,0
A0A0R0L4N1,I1LPK5,0
I1LH11,I1K970,0
C6SWL3,C6SZG1,0
I1JDP3,A0A0R0IT62,0
I1N7K6,I1MJJ9,0
I1MM89,C6SZ70,0
I1KQB9,I1MNU2,0
I1MUQ7,K7LIE3,0
I1KP31,M1FN34,0
I1N6N9,C6TD23,0
A0A0R0L8Y1,I1JD52,0
C6TBQ2,A0A0R4J4H3,0
I1MLH9,I1JRJ3,0
A0A0R0G5A8,C6SZG1,0
I1KHY2,I1LY15,0
I1M3V1,I1LPJ8,0
I1NBQ2,K7KW44,0
A0A0R0L7S1,A0A0R0JQJ0,0
I1JBJ2,I1LR48,0
A0A0R0JZD5,I1LIU7,0
I1JM69,I1L332,0
I1KBQ5,I1K4R8,0
I1KQE8,I1LVN3,0
A0A0R0H2V0,A0A0R0FJR0,0
I1JBJ2,I1NIE5,0
I1MKM3,A0A0R0GG06,0
A0A0R0H7N0,K7MFE5,0
I1LIS4,A0A0R0L5Q1,0
A0A0R0L4N1,I1LEC4,0
C6T1P2,I1LGD6,0
I1LDY7,C6TJM4,0
I1M0S4,A0A0R4J5B7,0
A0A0R0EFE2,I1MC28,0
I1KLE1,A0A0R0K6I2,0
I1LFW0,I1LLK1,0
K7KPJ4,A0A0R0IZY4,0
K7M5T0,A0A0R4J4D0,0
I1LD74,A0A0R0K7U0,0
A0A0R0KXY9,I1K3X9,0
I1NIE7,K7LHS7,0
Q2PMT2,I1JUQ6,0
I1J6B5,I1KZY8,0
K7LZZ5,A0A0R4J384,0
I1KTL9,I1L7G4,0
I1N8M4,I1LIT1,0
K7KEV0,I1LL05,0
P07506,A0A0R0L4P0,0
I1LDY7,K7KES1,0
I1L215,I1K4R8,0
I1MJM9,A0A0R0F214,0
I1KRD4,K7KWE4,0
Q2PMQ9,Q43463,0
I1JKP1,P62302,0
Q2TFP1,K7KJB2,0
I1KQC7,I1KFL5,0
I1JMZ4,C6SWS6,0
I1KPA1,K7K8K7,0
I1KQE2,I1JUQ0,0
K7MWR1,I1MVC6,0
I1N6Z0,I1NCF8,0
K7LQ96,I1MU00,0
I1MDC4,K7K8K7,0
I1KPQ8,I1LII4,0
I1KS20,I1JM18,0
I1JRA0,I1KFL5,0
I1MBW8,I1L171,0
I1LYQ9,K7N0V8,0
I1NF12,K7KNC5,0
I1N0U4,I1JRU7,0
C6T530,I1NC50,0
I1L8G3,A0A0R0FER5,0
I1MKM3,I1NCF8,0
A0A0R0G6V6,K7L9M2,0
K7L1B9,A0A0R0KWT5,0
I1JNB0,K7LNG6,0
I1LWR7,I1LPW2,0
A0A0R0H296,K7MXH5,0
I1NF54,I1KSL6,0
K7KDM1,I1L2H4,0
I1L524,K7KK86,0
C6SY81,I1KZK2,0
C6SY81,C6SZQ0,0
I1L8L5,I1KD82,0
K7LEG0,C6SYW6,0
I1KTL9,A0A0R0FER5,0
A0A368UJ64,A0A0R4J384,0
I1KRZ2,K7M849,0
K7LEG0,I1L332,0
A0A0R0H296,I1KZK2,0
I1KZJ7,K7MXH5,0
A0A0R0K5X4,I1K115,0
I1KCB7,I1J9I1,0
I1MZ32,C6SW04,0
I1KIB3,I1K467,0
I1MNE4,A0A0R0KE62,0
C6TLV6,K7N145,0
C6T083,I1KD82,0
C6TD73,I1MNU1,0
I1NGQ5,A0A0R0ESZ8,0
I1JVU8,I1MVC6,0
C6SVH9,I1JRJ3,0
K7LEG0,A0A0R4J4C5,0
I1MP46,K7KJB2,0
I1KUT8,A0A0R4J4D0,0
I1M3V1,P62302,0
A0A0R0EI44,K7MXE0,0
I1MY33,C6TFX5,0
A0A0R0ET54,A0A0R0GWH6,0
I1MWP7,A0A0R0K6I2,0
A0A0R0JB42,K7M6J1,0
C6SY25,I1JB64,0
A0A0R0EZ39,I1N7F4,0
A0A0R0EJE2,I1LG13,0
I1KXG2,I1KAD1,0
I1JY87,I1LFD2,0
C6TC92,I1LIU7,0
K7KP66,I1KVC1,0
O48901,I1N780,0
C6TE07,K7KVK2,0
C6SWG4,I1J4B5,0
I1N3M5,A0A0R0GAQ8,0
I1J5U5,I1K6E7,0
I1NH73,I1ML11,0
C6T3K0,I1K1W8,0
I1LKU1,I1N761,0
I1KZI6,C6TIK0,0
A0A0R0GRI6,I1M1W3,0
I1N5E8,A0A0R0GPH9,0
C6SWL3,K7L6K2,0
A0A0R0LA89,K7K8Y9,0
K7M5W5,I1KMS8,0
I1JP52,K7MGQ2,0
I1MGG3,A0A0R0FGT9,0
I1MBM5,K7N145,0
I1KQE8,K7KQZ8,0
K7KCG5,K7K8K7,0
I1N1V6,C6T065,0
A0A0R0EZ39,A0A0R0JBL2,0
I1L8L5,K7KWE4,0
I1M3U2,A0A0R0JJK0,0
I1N3M5,I1MSN3,0
I1NDC0,A0A0R0KWT5,0
A0A0R0H9H8,K7L9M2,0
A0A368UJ64,I1LPW2,0
I1L6W0,A0A0R0F214,0
I1KVS3,I1K467,0
K7L8H2,I1NIE5,0
C6SYQ2,I1J9I1,0
I1KGN6,A0A0R0FM97,0
I1M0N9,K7M6R4,0
I1L653,I1NCF6,0
Q2PMT2,I1JRJ3,0
I1KQE2,A0A0R0G7I0,0
A0A0R0JYB5,K7MXH5,0
I1JFS9,K7MRF5,0
I1KDB2,I1KSL6,0
K7K676,I1NCF8,0
I1KCB7,A0A0R4J4C5,0
K7LWN2,K7LCS7,0
A0A0R0JYB5,I1K115,0
I1KNN1,I1N5D5,0
C6SW69,I1K467,0
A0A0R0JJ98,A0A0R0HV63,0
A0A0R0FSS2,I1K5K7,0
K7MS88,K7N145,0
I1LYN0,A0A0R0FER5,0
I1N0F1,K7M6J1,0
I1KQC7,K7MRF5,0
K7MCD1,I1MRI5,0
I1MBA2,K7K4C7,0
C6T968,K7M9T4,0
C6TBQ2,A0A0R0H141,0
I1K912,C6TFX5,0
I1KS20,K7LHS7,0
I1L5Z7,I1LR48,0
I1M2R5,A1YZE0,0
I1LKQ4,K7M6I1,0
I1M0S4,I1JHJ0,0
A0A0R0KXY9,I1KUS2,0
A0A0R0GNH6,C6TIQ7,0
C6TKC3,Q2PMR3,0
I1LMQ5,C6SW04,0
A0A0R4J2W3,C6TIQ7,0
I1KZI6,I1JK31,0
I1L4B6,I1JMZ7,0
I1KYS6,A0A0R0HV63,0
K7MZ38,I1J9I1,0
A0A368UJ64,A0A0R0GAQ8,0
I1MGG3,K7M6R4,0
K7KDM1,K7MFZ6,0
I1LLA9,A0A0R0ESZ8,0
A0A0R0G3G4,A0A0R0KWT5,0
A0A0R0JJ98,I1LUL2,0
I1LM73,I1MPJ4,0
I1MY43,A0A0R0JYX3,0
I1KRD4,C6TBL4,0
A0A0R4J3Y6,I1LHS8,0
A0A0R0JLD5,C6TN69,0
I1K5J5,K7M6R4,0
I1K0C4,I1K115,0
I1N6N9,A0A0R0FM97,0
C6TNX5,A0A0R4J5C5,0
I1JY67,I1MZV0,0
I1LQ02,A0A0R0FXD4,0
I1L5H8,C6SW04,0
A0A0R0JB42,A0A0R0GBB6,0
I1JUR7,A0A0R0IF42,0
I1J8V4,I1MNS7,0
C6T9S5,C6SWS6,0
I1N4X7,A0A0R0HSA0,0
I1LMW7,I1MJJ9,0
K7LWN2,K7MMD7,0
I1KQC7,C6TIK0,0
I1LIH7,K7KES1,0
A0A0R0H8M3,K7MMD7,0
I1M0C3,I1KSD0,0
I1NFU9,I1JMK4,0
I1JBJ2,I1JD52,0
A0A0R0JYB5,A0A0R0JJK0,0
A0A0R0E3E6,K7N0V8,0
I1KQG0,I1K115,0
A0A0R0F2G6,K7KES3,0
I1LDY7,I1K4R8,0
C6T1P2,A0A0R0G7I0,0
C6SWZ1,K7M6Z2,0
I1KCX1,C6SZ70,0
I1LFW0,I1MRI5,0
I1N6Z0,A0A0R0KWL0,0
I1MC26,K7LCS7,0
I1K628,A0A0R4J2Q5,0
I1JAG0,A0A0R0JBV0,0
K7MH53,K7LQV0,0
I1NH98,C6SWS6,0
A0A0R0ERF9,I1MZV0,0
C6SXM9,P62302,0
I1JYG6,K7N129,0
I1KYF8,I1L332,0
I1LPC3,C6TIK0,0
I1LUI7,K7MNN5,0
K7MVB9,I1KPE7,0
C6SXP5,A0A0R0FGT9,0
K7L3K3,C6SYE1,0
C6T968,A0A0R0FXD4,0
K7N3F6,I1KAD1,0
I1N0R5,I1MW74,0
A0A0R0I1I4,I1LW00,0
C6TC92,I1M5B6,0
A0A0R0FQN0,I1M998,0
C6TAW8,K7MYK9,0
K7MCD1,K7K8Y9,0
A0A0R0HN81,I1N8M8,0
I1L524,K7MQG6,0
I1LA00,I1LPK5,0
A0A0R0F2Z4,A0A0R0GS25,0
K7KGC2,C6SZG1,0
I1LRH8,A0A0R0GUR9,0
I1M2R5,K7KNC5,0
I1M9F7,I1LGD6,0
A0A0R0KCV3,I1LVN3,0
I1JRL7,K7MNP5,0
K7LA18,A0A0R0EG78,0
P48513,K7LLV5,0
C6SZG8,I1KEC8,0
I1KNN1,I1N898,0
K7KNJ6,I1K5K7,0
I1NH98,A0A0R4J2Q5,0
A0A0R0LFT0,K7L4N7,0
C5NTE7,C6TGA9,0
K7KLF0,I1MNV2,0
K7LUF9,I1LXQ3,0
C6SVF8,K7LY43,0
I1MKM3,A0A0R0GWH6,0
I1KZJ7,M1FN34,0
I1LLA9,I1KTI0,0
A0A0R0GRI6,C6TK73,0
I1M2R5,I1MW51,0
I1N0R5,K7N145,0
H2D4C3,I1KVC1,0
I1MC26,I1K2I1,0
A0A0R0GC27,K7KFY5,0
K7KGE9,A0A0R0EG78,0
C6T8R7,I1KFL5,0
K7M1G4,I1M3W1,0
A0A0R4J2K3,K7N1L5,0
I1KHY2,C6TGA9,0
I1KAJ2,K7K8K7,0
K7LQ96,Q2PMR3,0
I1M273,A0A0R0FGT9,0
I1N8Y6,A0A0R0L828,0
I1JAF7,K7L4N7,0
I1LPJ3,I1LH27,0
K7LGW1,A0A0R4J4H3,0
I1KC19,I1MNS7,0
I1MHH7,K7L6N7,0
I1LYN0,A0A0R0GAQ8,0
K7L8H2,I1LH18,0
A0A0R0GG96,I1M269,0
I1K3P0,I1N780,0
I1KNN1,A0A0R4J4H3,0
I1NFS4,I1MVC6,0
K7MZ38,K7KES1,0
I1KYD6,I1K2I1,0
I1KQB9,A0A0R4J488,0
C6TG99,K7LFD7,0
A0A0R0JH35,C6TJ17,0
I1MBR7,I1JRV0,0
I1KBM7,I1LPK5,0
I1LJA4,I1MRI5,0
I1LMW7,I1MW51,0
M1FIU8,I1LIA8,0
A0A0R0KCY1,K7M849,0
I1N8M4,I1J547,0
I1LYG4,I1NCV4,0
A0A0R0FQN0,A0A0R0E934,0
I1KGI6,A0A0R0EUJ0,0
I1K5K3,I1L332,0
I1M9F7,A0A0R0GFH3,0
K7LLK0,K7MTL2,0
C6TCW7,I1MK72,0
I1JHN5,A0A0R0EWR2,0
A0A0R0E907,K7KAB4,0
C6T3I8,A0A0R0FX75,0
I1N056,I1KJD2,0
C6T8L7,I1K2I1,0
I1KQB9,K7LFD7,0
I1LIK8,K7MYK9,0
I1KBM7,K7MXE0,0
K7KVG4,K7KQZ8,0
C6SW43,A0A0R0JRI8,0
I1MBA2,K7KTS8,0
A0A0R0G3G4,C6SZQ0,0
I1KB25,A0A0R4J4D0,0
I1JML1,A0A0R0ENB3,0
I1K2J5,C6TIQ7,0
I1JXB4,I1JYT2,0
I1JYG7,I1MNU2,0
C6SVH9,I1MTV9,0
K7MPL4,A0A0R0GJV8,0
I1JZC3,K7KES1,0
K7L1D3,K7MM40,0
I1KCN1,A0A0R4J4C5,0
K7KLI7,A0A0R0FB78,0
K7KDM1,I1K4R8,0
C6SY81,A0A0R0JSJ9,0
A0A0R0KJP6,K7LY43,0
I1LZW4,A0A0R0FGT9,0
I1M100,I1NG45,0
C6TBJ1,I1MRP6,0
I1KXG2,K7KAB4,0
K7L8H2,A0A0R0KWT5,0
K7LW22,K7L2R0,0
I1KPU4,K7LFD7,0
C6SW43,I1LEC4,0
C6TBJ1,C6T5U0,0
I1KUP5,C6TIQ7,0
A0A368UHE3,I1KQE3,0
I1JW64,K7MQG6,0
I1N8P5,I1JRJ3,0
C6SWM1,I1JB64,0
A0A0R0KNS7,I1KZ09,0
K7LEG0,A0A0R0FZM4,0
I1MZ47,A0A0R0FM97,0
I1KJ98,A0A0R0FXD4,0
I1N9I5,I1MNS7,0
I1JW21,K7N1T9,0
I1J9W0,I1MNU1,0
I1K7N0,A0A0R0EDS9,0
A0A0R0G5V6,I1JK31,0
A0A0R4J3Y6,K7M841,0
C6SVH9,A0A0R0JBL2,0
I1KVX9,I1N5D5,0
I1KBL4,A0A0R0GWH6,0
I1M3Q8,A0A0R0L7U5,0
I1JHC2,O22518,0
A0A0R0KR16,I1KVC1,0
K7MWR1,I1M998,0
I1JY87,A0A0R0ESZ8,0
I1LJI8,A0A0R0JJI0,0
C6TG81,A0A0R0G7I0,0
A0A0R4J3R4,K7L6N7,0
I1NF12,I1MNU1,0
I1MZ47,A0A0R0K7U0,0
I1M0C3,P62302,0
I1LIM0,C6TFX5,0
K7MPL4,K7LNG6,0
K7LKS0,I1K5B6,0
I1M4Y9,I1LR48,0
I1J4E1,A0A0R4J4H3,0
I1KTD4,I1LWZ0,0
I1J5B0,C6TD23,0
I1LJW2,K7M4E0,0
I1LZ09,I1JMZ7,0
A0A0R0F2G6,C6TD23,0
C6T2Z2,A0A0R4J5C5,0
I1L412,K7MFZ6,0
C6T426,K7L7W0,0
I1MLZ0,I1KJF2,0
I1JE83,I1NIE5,0
I1MGG3,C6SX83,0
I1MEN1,I1LLK1,0
I1L3P6,A0A0R0JQJ0,0
A0A0R4J3D2,A0A0R0EYS5,0
C6TGR3,I1N780,0
A0A0R0KR16,A0A0R0JQJ0,0
A0A0R4J3R4,I1JMH3,0
A0A0R0KTM7,K7K318,0
I1LUF0,I1N7F4,0
I1M0N9,A0A0R0HV63,0
I1MY43,I1JMH3,0
I1MSD9,I1L3P5,0
C6T084,A0A0R0JJI0,0
K7LA18,I1JM18,0
I1JUT9,A0A0R0FX75,0
K7KCG5,I1LII4,0
I1N1V6,I1KVC1,0
K7N0X7,I1MK72,0
I1K8C1,A0A0R0KPE1,0
I1JI73,I1K6E7,0
K7M5I5,I1JMZ7,0
I1LQ02,I1N761,0
C6TCW7,I1MSN3,0
A0A0R0L8Y1,I1LM96,0
K7KLI7,I1JFW6,0
K7KCG5,I1MPJ4,0
A0A0R0I1I4,I1KQE3,0
K7M4N3,A0A0R4J5B7,0
I1K3P0,I1LH27,0
I1M4P0,A0A0R0EG78,0
K7K415,K7N145,0
I1JR41,A0A0R4J426,0
C6T426,K7M592,0
K7KIU3,A0A0R0ENB3,0
I1M7C7,C6TFX5,0
I1NH73,I1K115,0
I1M7B9,I1L332,0
I1L8L5,I1LUE0,0
C6SW69,C6TIQ7,0
I1JAG0,I1KUS2,0
I1N1Y6,A0A0R0FXD4,0
K7MH53,K7LLV5,0
K7N0U1,A0A0R4J2Q5,0
I1LQ02,K7L939,0
I1N1Y6,C6SZG1,0
I1JUJ8,I1M269,0
I1MLH9,I1LW00,0
A0A0R0LB39,K7M466,0
I1L653,I1LIA8,0
I1J4E1,C6T4V3,0
I1K0C4,A0A0R4J5K6,0
K7L240,I1NAJ5,0
C6SZ22,A0A0R0K6I2,0
I1J6B5,A0A0R0F214,0
I1NFU9,C6SW04,0
I1MYV4,A0A0R0KWT5,0
I1L8G3,I1M225,0
A0A0R0L372,I1LUE0,0
K7KY63,I1JC65,0
I1NGL5,I1ML11,0
A0A368UJ64,A0A0R0GFL3,0
I1L250,I1KJF2,0
A0A0R0JLD5,A0A0R0FTI5,0
I1LC20,I1LL05,0
C6TKW2,K7M849,0
I1LPC3,A0A0R0H141,0
I1LPJ3,A0A0R0FER5,0
K7M097,I1MF50,0
Q2TFP1,A0A0R0EDS9,0
I1K4D7,I1NIE5,0
I1MK36,I1M1W3,0
I1L8H7,A0A0R0L828,0
A0A0R4J2N2,I1M3W1,0
K7KDA5,I1N761,0
I1JUJ8,K7L6N7,0
I1K628,K7N1L5,0
I1J7A8,I1K115,0
A0A0R0ESI3,A0A0R0GFH3,0
I1NFS4,I1MNU1,0
I1J4E1,I1L7G4,0
K7K2H1,I1KMS8,0
I1LGI1,I1KTI0,0
K7LWI3,I1JMK4,0
I1JS58,I1L2H4,0
I1L8S1,A0A0R0K6I2,0
I1M7C1,I1M5B6,0
M1FN39,I1LII4,0
A0A0R0ERF9,A0A0R0FB78,0
A0A0R0FSY2,I1KAR1,0
I1N4X7,I1MZV0,0
I1MC26,I1LH27,0
I1LD74,K7KQZ8,0
I1KZI6,I1LM96,0
C6SWA0,I1MW74,0
A0A0R0G342,I1MW74,0
I1MY43,C6SYE1,0
A0A368UHC3,C6TN69,0
I1M0N9,I1JRV0,0
I1J5Q1,I1N7F4,0
I1JE93,K7N5K2,0
C6TKG0,A0A0R0EJV2,0
K7KE09,I1K3X9,0
C6T1P2,I1MRI5,0
I1KJ56,I1KPE7,0
K7M5I5,I1MTV9,0
I1KY58,A0A0R0GG06,0
I1NH98,K7MNP5,0
I1MP46,A0A0R0HV63,0
I1LH11,I1MQC8,0
I1KHJ6,I1LUE0,0
C6TL77,C6T0A0,0
K7K794,I1KYL4,0
I1JW21,I1KZ09,0
A0A0R0EYA9,I1N8M8,0
I1JV48,A0A0R0JSJ9,0
C6TE07,I1LM96,0
K7L3K3,I1KZY8,0
K7N3F6,I1KMS8,0
K7L1B9,A0A0R0JBV0,0
I1KLS4,A0A0R0JT51,0
I1MRS5,I1K970,0
I1LRE4,A0A0R0FM97,0
I1NGQ5,I1KSL6,0
I1L1S1,A0A0R0GG06,0
I1KZJ7,I1MNU1,0
I1MSC6,I1JA95,0
I1J7S6,A0A0R0JRI8,0
A0A0R0JS60,K7KES3,0
K7LWC5,A0A0R0GBB6,0
I1KC19,K7K8Y9,0
I1JXQ3,Q2PMR3,0
A0A0R0FX46,K7MGQ2,0
I1LZT5,C6SZG1,0
I1KGN6,I1JHJ0,0
A0A368UJ64,I1MTV9,0
C6SXF5,A0A0R0H141,0
I1JMT0,I1MW74,0
I1JML1,I1K5K7,0
I1JIJ4,I1MJJ9,0
I1K5L7,A0A0R0HSA0,0
I1KQB9,K7M4E0,0
C6SVF8,K7M846,0
C6T2Y4,K7L7W0,0
I1KHL4,C6T5R4,0
I1LY25,I1NCV4,0
C6T567,A0A0R0HV63,0
C6SYE0,I1JMZ7,0
C6T9S5,I1KUB2,0
A0A0R0L2U1,I1NAJ5,0
C6SY99,A0A0R0EDS9,0
I1K8C1,I1MC28,0
I1NFU9,I1MSN3,0
P07506,I1M269,0
I1KBQ5,K7K8K7,0
I1K911,I1MSN3,0
K7LJV1,A0A0R4J4D0,0
I1KAJ2,C6TIQ7,0
I1N8Y6,I1JHJ0,0
I1K9P1,I1L9K4,0
A0A0R0EWX9,A0A0R4J2Y1,0
Q2PMU0,K7L9M2,0
K7K3W5,A0A0R0GBB6,0
I1NFU9,A0A0R0JYX3,0
I1LWR7,A0A0R0G7B5,0
I1MT74,A0A0R0L4P0,0
C6SY99,A0A0R0KE62,0
I1KB25,I1LPK5,0
I1JL13,K7KNC5,0
C6TKL8,A0A0R0FX75,0
I1L4B6,I1JV03,0
I1JE93,C6TFX5,0
A0A0R0J7Q5,I1LG13,0
K7M4N3,K7L7W0,0
K7N3F6,I1KJD2,0
I1LSM6,K7L6N7,0
I1MHA4,K7LTB2,0
A0A0R0KXY9,C6SX83,0
I1JW64,I1L332,0
K7LXT7,K7KTS8,0
I1KGN6,K7M6I1,0
I1N0W9,I1N761,0
I1MTZ8,A0A0R0GPH9,0
I1L5H8,I1JUQ6,0
I1KGZ6,I1JV03,0
A0A368UHC3,K7LCS7,0
I1JW21,A0A0R0KWT5,0
K7MI53,I1L332,0
C6T507,A0A0R0GFH3,0
K7LJF6,I1MNV2,0
I1K0C4,A0A0R0JYX3,0
I1JIP5,I1MGG7,0
A0A0R0L2U1,I1JV03,0
I1MZ47,I1KMS8,0
A0A0R0FEI0,A0A0R0EDS9,0
I1JVN0,A0A0R0JT51,0
I1JXB4,I1NG45,0
A0A0R0INQ5,K7MM40,0
K7KLI7,I1L7G4,0
C6TG81,I1L2H4,0
Q2PMQ9,C6TCH4,0
I1KD09,K7LLV5,0
I1LR08,A0A0R0IT62,0
I1LXH0,C6SYE1,0
I1N0R5,K7L7W0,0
K7LJV1,A0A0R0JJI0,0
I1LSM6,A0A0R0L0E7,0
I1MLK3,K7LCS7,0
C6SVV7,A0A0R0GAQ8,0
I1L3P6,I1KHJ4,0
I1N0I7,K7L2D7,0
K7MVB9,A0A0R0G7I0,0
I1KEY6,I1KLS1,0
I1KVS3,K7KFY5,0
I1L4B6,I1KHJ4,0
I1K2U0,I1KTI0,0
I1KTD4,A0A0R0KVY6,0
I1LIS4,I1K146,0
K7LWN2,I1KJF2,0
C6SVU4,A0A0R0GUR9,0
I1NF54,K7M6R4,0
I1K911,A0A0R0IR73,0
K7MD28,C6TBL4,0
I1MIE5,K7KTS8,0
C6SYQ2,I1JK31,0
A0A0R0JJ98,I1J9I1,0
A0A0R0ESI3,K7L6K2,0
I1KS36,K7MTL2,0
I1N8Y6,I1NC50,0
K7MNC0,K7MMD7,0
I1N4X7,C6TJM4,0
A0A0R0GC27,K7K4C7,0
K7LJV1,K7M6J1,0
C6T530,K7LY43,0
I1JUR7,K7M841,0
I1KQE2,K7LLV5,0
K7MC09,K7MFE5,0
I1MVE9,K7M6R4,0
I1N0W9,I1LY15,0
C6TNL5,K7LLV5,0
I1JIP5,A0A0R0K6I2,0
I1LDY7,K7N5K2,0
K7LWI3,I1LEC4,0
K7L9V3,C6TJM4,0
I1KYD6,I1L171,0
I1JAG0,A0A0R0GPH9,0
K7MMF4,I1KZK2,0
K7MMG1,K7M6R4,0
A0A0R0JYB5,I1M5B6,0
K7MZP6,I1LPJ8,0
A0A0R4J389,C6T2G5,0
I1KEG8,A0A0R0K6I2,0
A0A0R0GCF5,I1MNS7,0
K7KDM1,I1LPK5,0
A0A0R0JES0,I1MQC8,0
C6SW43,I1JRJ3,0
C6TBJ1,A0A0R0KPE1,0
I1JYG6,I1JMH3,0
C6TBJ1,I1MW51,0
I1MEN1,I1KAR1,0
I1JXQ3,A0A0R0HCS6,0
K7LWN2,A0A0R0FER5,0
I1JYG7,A0A0R0JBV0,0
I1JDH6,A0A0R0HSH0,0
I1LJW2,K7K894,0
I1N9E1,I1NCV4,0
C6SWZ1,I1LH18,0
I1MGG3,K7KTS8,0
C6T1E6,P62302,0
K7K9E1,A0A0R4J5K6,0
I1J5B0,K7KVK2,0
K7KDX2,A0A0R0FTI5,0
I1LGB7,A0A0R0EG78,0
I1KQP3,K7N1L5,0
I1MUC0,C6SZG1,0
I1LFW0,K7LK09,0
I1JAG0,A0A0R0JBL2,0
I1LQ02,A0A0R0EG78,0
I1NFU9,I1M998,0
Q2TFP1,I1MK72,0
I1MY72,I1LEC4,0
I1JG98,I1KMS8,0
C6TAF0,I1KZK2,0
A0A0R0G2B9,I1N7F4,0
A0A0R0G2B9,A0A0R0L4P0,0
A0A0R4J4C8,A0A0R0FX75,0
I1N0R5,C6SZQ0,0
I1K9B8,K7M6J1,0
I1NBC2,I1KSD0,0
I1MNU7,I1JA95,0
K7L1B9,I1N5D5,0
I1N8P5,I1LIA8,0
M1FN39,K7KW44,0
I1L250,A0A0R0GS25,0
I1KQE2,K7L2R0,0
I1L8S1,I1KHJ4,0
C6T968,C6TNW3,0
P09755,I1K1W8,0
K7K415,I1KZK2,0
A0A0R4J4C8,I1J8W6,0
I1JZC3,A0A0R0EDS9,0
I1LMP2,K7KNC5,0
I1LZW4,I1LII4,0
A0A0R4J2W3,I1N5D5,0
A0A0R0IAV3,I1LEC4,0
I1KU09,K7M6I1,0
I1LUF0,C6TFX5,0
I1J5U5,I1NG45,0
I1KIB3,C6TD23,0
I1LUI7,I1JRU7,0
I1LJI8,I1K467,0
I1L8H7,K7MYK9,0
A0A0R0K6F4,K7M6R4,0
I1KRD4,K7LTB2,0
K7MPL4,C6SYE1,0
I1JMT0,I1KUS2,0
Q2PMT2,C6TIK0,0
I1KVL0,K7MYK9,0
A0A0R0JB42,A0A0R0F214,0
K7MZ38,I1NC50,0
K7KVG4,I1LEC4,0
A0A0R0LFT0,K7K8K7,0
K7MRX6,I1N5D5,0
C6SVB5,I1LUL2,0
C6SXP5,O22518,0
A0A0R0L098,A0A0R0FM97,0
K7MXS9,A0A0R0KWL0,0
I1K650,K7KJB2,0
I1NIE7,C6SW04,0
I1M3Q3,A0A0R0L5Q1,0
I1KLE1,I1MNS7,0
I1MBW8,K7L6N7,0
K7LSH9,K7L2R0,0
C6SYR1,I1JRV0,0
I1K8C1,K7M4E0,0
I1JFF6,I1JMZ7,0
I1LR08,C6SWS6,0
K7LA18,A0A0R0ENB3,0
A0A0R0FSY2,I1N780,0
I1K5G1,K7N129,0
I1JY67,I1K146,0
C6SZ22,A0A0R4J5C5,0
C6TAW8,A0A0R0E934,0
I1N7K6,A0A0R0IZY4,0
I1KVS3,C6TGA9,0
I1LGB7,I1MNS7,0
I1JDH6,I1JB64,0
A0A0R0JJ98,I1M3W1,0
A0A0R0EFE2,I1K642,0
K7LJF6,A0A0R0HSA0,0
I1J7S6,I1MF50,0
K7KDM1,A0A0R0H141,0
I1LIM0,K7M864,0
K7L1D3,A0A0R0EDS9,0
I1JV48,I1KJF2,0
I1JIW3,P62302,0
I1N0R5,A0A0R4J384,0
I1N4X7,I1K642,0
I1K096,C6TIK0,0
I1N6Z0,I1LLK1,0
C6TG99,C6TIK0,0
I1JE83,I1LPK5,0
I1MKM3,I1KSD0,0
A0A0R0KH89,I1JMH3,0
C6TD73,A0A0R0ESZ8,0
A0A0R4J354,M1FN34,0
I1KMP8,I1KZK2,0
A0A0R0J7Q5,A0A0R0HV63,0
A0A368UHG0,K7M864,0
I1MNK0,I1LII4,0
A0A0R0FSS2,A0A0R0JYX3,0
I1LPZ3,K7LTB2,0
I1M9F7,K7MNP5,0
K7LA18,A0A0R0L0E7,0
I1LHR1,K7MFZ6,0
I1KBB6,A0A0R0ENB3,0
A0A0R0F2G6,A0A0R0KE62,0
I1KUT8,I1JA95,0
I1LZT5,A0A0R0IR73,0
I1J7S6,I1LM96,0
I1MVK7,C6SZ70,0
I1KLE1,C6T5U0,0
A0A0R0JYY8,I1LFD2,0
K7M097,I1KH38,0
I1KGI6,A0A0R0GG06,0
K7LEG0,A0A0R0G7I0,0
K7LKS0,I1LII4,0
A0A0R0JG07,I1LPW2,0
I1JMT0,A0A0R0JYX3,0
I1LWR7,I1MEF5,0
I1L8H7,I1MGG7,0
I1MRS5,I1LY15,0
I1KJT5,Q2PMR3,0
A0A0R0ET54,A0A0R0ESZ8,0
I1MGG3,A0A0R0FX75,0
A0A0R0IGP2,C6TGA9,0
A0A0R0K6F4,A0A0R0JTV5,0
C6SZ22,I1JRJ3,0
A0A0R0F077,A0A0R0FXD4,0
I1JWH5,I1LIT1,0
I1JU70,K7M841,0
I1LYN0,K7LCS7,0
I1M9F7,C6TN69,0
I1JIJ4,K7KFY5,0
A0A0R0EI44,A0A0R0KE62,0
I1LPZ3,I1L2H4,0
I1KB26,K7MXE0,0
I1KKD9,K7LSJ2,0
I1MEZ1,K7MNN5,0
K7LQ96,C6T065,0
C6SYQ2,I1KHJ4,0
I1JRA0,C6T4V3,0
I1MLZ0,I1NG45,0
I1JDH6,K7MFZ6,0
I1KYS6,I1JUQ6,0
A0A0R0EWX9,I1JA95,0
I1LDA7,K7LNG6,0
I1KQE2,A0A0R0ENB3,0
I1LD74,A0A0R0IR73,0
I1LP56,I1KZY8,0
I1LUF0,A0A0R0K6I2,0
I1JNV3,I1MU00,0
A0A0R0JS60,K7L6N7,0
I1KLE1,A0A0R0KE62,0
A0A0R0J2L9,I1L332,0
K7K794,K7MYK9,0
K7LTQ1,A0A0R0JBV0,0
C6T507,K7MFZ6,0
I1LUF0,I1LL05,0
K7K2H1,C6T0A0,0
I1K4U3,I1JC65,0
K7K676,K7K4C7,0
I1MTZ8,I1K215,0
I1K650,A0A0R0FER5,0
A0A0R0JES0,K7MFE5,0
I1M0C2,I1LPK5,0
I1LGQ1,I1JRJ3,0
I1JFN0,K7L6N7,0
C6TKG0,I1LVN3,0
K7LA18,I1MPJ4,0
A0A0R0J7J3,I1MSN3,0
K7MH53,A0A0R0KE62,0
I1KCB7,I1KMS8,0
I1MYV4,I1LVN3,0
I1LLA9,K7MFZ6,0
I1MNU7,I1LGD6,0
I1MC26,I1LWZ0,0
I1JBJ2,K7L6K2,0
C6T530,A0A0R0IT62,0
C6T1E6,K7M466,0
I1JS58,I1KXK6,0
K7KCG5,C6SW04,0
K7MI53,A0A0R0L0E7,0
I1MNM3,I1KD82,0
K7L9V3,I1LLS4,0
I1JFN0,A0A0R0HV63,0
I1LGB1,K7N0V8,0
I1KXG2,I1JA95,0
C6T083,K7LFD7,0
A0A0R0I0B9,I1JC65,0
A0A0R0GC27,I1NC50,0
A0A0R0I0B9,K7L6K2,0
C6TBQ2,A0A0R0L0E7,0
I1JYG7,K7N129,0
C6T8R7,I1MQC8,0
I1LHR1,K7N145,0
C6TKZ4,A0A0R0JRI8,0
I1L5Z7,K7LY43,0
A0A0R0IGP2,A0A0R0JRI8,0
I1LP56,K7MTL2,0
I1JI73,I1KYL4,0
K7K676,K7MM40,0
I1LMP2,Q43463,0
C6T2Z2,P17093,0
A0A0R0H9H8,K7MYK9,0
I1MY43,K7KTS8,0
I1KQ68,A0A0R0H141,0
I1K8N0,I1K467,0
I1JDH6,C6TK73,0
I1J9J7,I1LLS4,0
C6TCW7,I1KYL4,0
I1MFH3,K7MQG6,0
I1MNU7,A0A0R0FM97,0
I1MNV4,I1MW74,0
K7LIW2,K7M4E0,0
A0A0R0H8M3,A0A0R0K6I2,0
I1LC01,K7LHS7,0
C6TGR3,A0A0R0FGT9,0
I1JI73,I1LII4,0
A0A0R0E907,I1J9I1,0
I1MBR7,K7LTB2,0
I1N439,C6TN69,0
I1MU29,K7KAB4,0
I1KS36,I1JA95,0
I1N0U4,I1MNV2,0
I1NIJ9,A0A0R0GPH9,0
I1LAR7,K7MNN5,0
I1J5Q1,K7KQZ8,0
I1JU70,I1LLS8,0
A0A368UHE3,K7M846,0
K7M142,C6SYE1,0
I1M9F7,I1K970,0
I1K7J4,I1LPK5,0
A0A0R0EI44,K7LFD7,0
C6T883,I1LPW2,0
K7L9V3,I1ML11,0
I1M0S4,K7M6R4,0
P07506,I1KFL5,0
K7LW22,I1L332,0
I1KTS9,I1MK72,0
I1KLE1,K7LSJ2,0
I1JMZ3,C6SW04,0
A0A0R0GG96,I1KAD1,0
I1NHQ1,I1NJ53,0
I1LKU1,A0A0R0K7U0,0
K7MXD1,I1KMS8,0
C6TLV6,I1KJF2,0
A0A0R0JLD5,A0A0R4J2Q5,0
K7KPJ4,I1NG45,0
I1LWR7,K7K4C7,0
I1JS58,I1KAD1,0
K7MD28,A0A0R0KVY6,0
I1KRZ2,A0A0R0GG06,0
K7KVG4,A0A0R0F214,0
I1LIS4,A0A0R0FM97,0
A0A0R0FYN8,I1M1D5,0
I1L1N3,K7MNN5,0
I1KHJ6,I1LLK1,0
I1KS88,I1LR48,0
I1KTD4,A0A0R0JTV5,0
I1LKQ4,K7N0V8,0
I1KCB7,A0A0R0EKI7,0
I1LLA9,I1M1W3,0
I1JWH5,K7M9T4,0
I1NJ79,M1FN34,0
I1LPZ2,I1NIE5,0
C6SVB5,K7LHS7,0
I1J9J7,K7L9M2,0
I1M0S4,I1KZY8,0
I1KS36,I1LL05,0
K7MAP3,A0A0R0GFH3,0
C6TEP1,I1LXQ3,0
I1K7N0,I1K467,0
I1NFU9,C6TFX5,0
K7KP67,K7MNN5,0
A0A0R0JS60,A0A0R0GWH6,0
A0A0R0GZZ6,I1LVN3,0
A0A0R0KCY1,K7L6K2,0
A0A0R0JYY8,C6TN69,0
A0A0R0J2L9,A0A0R0KWL0,0
I1KYD6,I1JMZ7,0
I1KCX1,A0A0R0L0E7,0
A0A0R0GJ85,I1LPW2,0
A0A0R0FX46,I1JUQ6,0
Q2PMU2,I1MZV0,0
I1LDY7,K7LLV5,0
I1KGZ6,K7MRF5,0
I1JU70,A0A0R0EYS5,0
I1JS58,A0A0R4J384,0
I1MKM3,A0A0R0JYX3,0
I1K725,I1MW51,0
C6SZM9,K7L4N7,0
I1L250,A0A0R0L7U5,0
I1LSM6,I1K115,0
K7LHR2,C6TBL4,0
I1JT85,C6TIQ7,0
K7KKB2,A0A0R0L7U5,0
I1J6B5,K7LK09,0
A0A0R0JJ98,C6SYW6,0
A0A0R0JES0,C6TFX5,0
I1NBE9,I1MNV2,0
I1M0C2,I1KMS8,0
I1KFU0,A0A0R0ENB3,0
K7L3K3,I1NIE5,0
A5Z2K3,I1KUS2,0
I1N8M4,I1JRU7,0
C6TG99,I1LPJ8,0
C6SWD4,K7K8K7,0
K7MH53,I1M277,0
I1JAF7,C6T065,0
C6T2Z2,A0A0R0ENB3,0
C6T2Y4,C6TD23,0
I1KMS4,I1JRU7,0
A0A0R0JYB5,K7KTS8,0
A0A0R0FYN8,I1KMS8,0
I1KR80,I1JA95,0
I1LJ93,K7KK74,0
I1K4U3,I1N8M8,0
I1K5L7,I1K1W8,0
I1LPC3,A0A0R0JRI8,0
K7KYE0,I1N780,0
Q2PMU2,A0A0R0GWH6,0
C6SY25,I1NCF8,0
I1L1L2,I1NIE5,0
C6T8L7,I1LLS4,0
C6T968,I1MJJ9,0
I1LPZ3,K7MYK9,0
K7K676,A0A0R0JSJ9,0
A0A0R0GC27,C6TK73,0
I1MY72,K7L6N7,0
M1FN39,K7L4N7,0
I1JE93,A0A0R0H141,0
I1LKU1,A0A0R0HV63,0
I1NJ79,K7K894,0
I1N1V6,K7M6I1,0
A0A0R0JJK8,I1NJ53,0
A0A0R0EZ39,I1M1D5,0
I1N8P5,I1LIT1,0
A0A0R0KNS7,I1LII4,0
A0A0R0FX46,K7M841,0
I1M3Q3,A0A0R0FGT9,0
I1MNV4,I1J8C9,0
I1MNU7,I1K642,0
C6TKW2,K7M466,0
I1KYF8,Q2PMR3,0
I1LMP2,I1LHS8,0
I1K096,I1KVC1,0
I1JQR6,C6T0A0,0
K7N0U1,K7M841,0
I1KPQ8,I1LUE0,0
K7LWN2,K7LTB2,0
I1N9I5,I1KJF2,0
I1LPC3,C6SW04,0
I1K8N0,I1LLK1,0
C6SWI9,K7N1L5,0
I1LUI7,I1NIE5,0
I1K650,I1LR48,0
I1KQG0,A1YZE0,0
I1JKS2,A0A0R0GFM7,0
A0A0R0HHZ3,A0A0R0JQJ0,0
I1MM64,C6SYW6,0
K7LZZ5,C6T4V3,0
I1NFS4,I1JA95,0
K7K794,I1MZV4,0
I1KTD4,A0A0R4J5C5,0
K7LJV1,K7M4E0,0
C6SY81,I1MLF1,0
A0A368UH03,I1KSL6,0
A0A0R0H9H8,I1MLF1,0
A0A0R0EZ39,C6SZQ0,0
I1KUP5,A0A0R0IZY4,0
I1N8M4,K7LFD7,0
I1JRL7,C6TJM4,0
I1M7C1,A0A0R0L828,0
I1KJT5,I1JMZ7,0
K7LEG0,K7LIE3,0
A0A0R0EWX9,I1L332,0
I1JT28,A0A0R4J488,0
I1K9B8,K7MYK9,0
A0A0R0LFT0,C6T4V3,0
A0A0R4J2N2,I1JB64,0
I1MP46,I1M3W1,0
I1KMS4,I1KLS1,0
I1LH11,I1K3X9,0
I1LGB1,A0A0R0G7I0,0
I1MM64,I1JA95,0
I1LY25,C6SZG1,0
I1LHY4,C6TBL4,0
I1N6N9,K7M466,0
I1KLE1,C6SYW6,0
I1N9S5,I1MZV0,0
K7KDM1,I1KCY5,0
A0A0R0INQ5,A0A0R0FB78,0
C6TG81,A0A0R0FGT9,0
I1J9W0,K7M466,0
I1KFU0,C6SYE1,0
I1MLZ0,K7M849,0
I1KP31,A0A0R0K0K3,0
I1KIY3,I1N5D5,0
K7N5D4,I1NC50,0
A0A0R0JYY8,I1LG13,0
I1JV48,A0A0R0HSH0,0
I1N9I5,A0A0R0HV63,0
A0A0R0KH89,I1JHJ0,0
C6SXM9,I1KUB2,0
A0A0R0G5V6,K7M841,0
I1L6W0,K7KES1,0
I1N3M5,I1L332,0
I1L653,I1KM19,0
I1LYN0,A0A0R0KPE1,0
A0A0R0G342,I1K5B6,0
C6SYE0,I1K115,0
K7M2D8,K7L7W0,0
I1KQG0,K7MRF5,0
I1M3Q3,K7M592,0
C6SWG4,I1MVC6,0
A0A0R0L7S1,K7MFE5,0
P46279,I1K9J7,0
I1KFU0,A0A0R0GWH6,0
I1MVK7,I1M5B6,0
I1K911,K7M592,0
I1M4P0,I1LUL2,0
I1LYN0,I1KAD1,0
I1J4E1,A0A0R0HSH0,0
I1JY67,A0A0R0GFL3,0
I1KJL3,A0A0R4J5C5,0
I1JUT9,K7MFZ6,0
A0A0R0K5X4,A0A0R0FXD4,0
A0A0R0KTM7,I1NG45,0
C6T084,A0A0R0G7B5,0
I1JDR2,I1NCF8,0
K7MMR3,K7KJB2,0
A0A0R0KNS7,C6SZ70,0
I1N6N9,K7M849,0
I1LA00,I1MPJ4,0
I1K328,I1JV03,0
I1KTL9,I1JMK4,0
I1M5E2,A0A0R0GAQ8,0
I1N0F1,A0A0R0JBV0,0
I1JG98,K7MNN5,0
K7LWC5,K7KW44,0
K7LWI3,I1LIA8,0
A0A0R0EZ39,K7MFE5,0
C6TGR3,P62302,0
I1M0C2,I1M998,0
A0A0R0INQ5,K7L6K2,0
I1LPD3,A0A0R4J384,0
A0A0R0GBL8,A0A0R0G7B5,0
I1MHS1,I1LGD6,0
I1LYQ9,A0A0R0FJR0,0
I1LFQ4,C6SZ70,0
C6TMM7,I1LPW2,0
I1KZI6,A0A0R0FJR0,0
C6TK75,A0A0R0F214,0
A0A0R0GE84,K7KES3,0
I1MY33,K7M9T4,0
C6TKB2,I1JYT2,0
I1L524,A0A0R0L0E7,0
I1KGN6,K7M4E0,0
I1LD74,A0A0R4J488,0
I1LUF0,I1L2H4,0
I1N8M4,K7K4C7,0
I1LDU4,I1KMS8,0
I1JVP4,A0A0R0HV63,0
A0A0R0IGP2,K7K8Y9,0
I1KIY3,I1KSD0,0
K7L3P2,I1KYL4,0
C6SZY0,A0A0R0JBV0,0
I1KEY6,A0A0R0GAQ8,0
I1M7C7,C6T0A0,0
I1KGN6,I1L9K4,0
K7LTQ1,K7M849,0
I1J9W0,Q2PMR3,0
I1K8C1,I1LXQ3,0
I1MZ47,I1MEQ6,0
I1MNM3,I1KTI0,0
A0A0R0GYG1,K7N145,0
A0A0R0JES0,C6TIK0,0
I1MZ32,I1LM96,0
A0A0R0KNE1,I1MQC8,0
I1LPI3,K7KTS8,0
I1L3P6,K7MRF5,0
K7MWR1,K7KAB4,0
K7LXT7,I1LGD6,0
K7LWN2,A0A0R0H141,0
C6TBQ2,I1NIE5,0
K7M787,K7N5K2,0
I1JCY0,C6TGA9,0
I1L8G3,I1MZV4,0
K7LDR8,I1K215,0
K7LKS0,K7KES1,0
I1KIB3,M1FN34,0
K7K1Z2,K7MFZ6,0
K7LWC5,A0A0R0GWH6,0
C6SYF3,K7M6Z2,0
K7N0X7,I1JAH7,0
I1K5G1,A0A0R0L0E7,0
I1M7C1,A0A0R0JSJ9,0
I1JG98,I1LWZ0,0
I1MWP7,K7KAB4,0
I1JDR2,K7LIE3,0
I1L219,C6TN69,0
C6T8R7,I1KHJ4,0
I1K7J4,K7LCS7,0
K7L240,A0A0R0FB78,0
I1MC39,K7N145,0
K7KGE9,A0A0R4J5B7,0
C6TBQ2,A0A0R0KE62,0
I1N8Q6,I1LVN3,0
I1JI73,C6SX83,0
I1JZC3,K7K318,0
K7M1G4,I1JMZ7,0
I1LQ02,K7M6J1,0
I1KNN1,I1KXK6,0
K7L240,A0A0R0JBV0,0
A0A0R0HN81,C6SWS6,0
C6TG81,K7LTB2,0
K7M097,A0A0R0EKI7,0
I1N439,A0A0R0H141,0
C6SXJ9,I1M998,0
K7L395,A0A0R0FZM4,0
I1KHL6,I1LXQ3,0
I1LMW7,I1LHS8,0
K7L240,K7KFY5,0
I1LBV2,I1JRJ3,0
C6SY99,I1K5K7,0
C6TBQ2,A0A0R0FGT9,0
I1MNU7,I1LVN3,0
A0A0R0F0T6,K7MNN5,0
I1MTZ8,K7MMD7,0
I1KH45,C6TIK0,0
I1JTW0,C6TD23,0
I1KCH6,C6TNW3,0
C6SVH9,K7MNP5,0
A0A0R0JB42,I1K215,0
I1J553,I1JUQ0,0
A0A0R4J389,K7MC85,0
K7LIW2,K7L4N7,0
A0A0R0GNH6,I1JRV0,0
I1NDC0,A0A0R4J426,0
I1KHJ6,I1N5D5,0
I1J5U5,C6TGZ1,0
I1KNN1,I1KYL4,0
I1M5E2,I1J8C9,0
I1LJA4,I1MNU1,0
A0A0R0KH89,A0A0R0EYS5,0
K7MRX6,I1KCY5,0
I1L690,I1MLJ0,0
I1JY87,K7KES3,0
C6T083,K7M4E0,0
I1J6B5,K7LLV5,0
I1JR41,I1LH27,0
A0A0R0KNS7,I1N7F4,0
I1JBJ2,K7K894,0
K7MXS9,A0A0R0KVY6,0
I1K8C1,K7L939,0
C6T8L7,I1MEF5,0
A0A0R0K5D9,I1NG45,0
I1JVU8,A0A0R4J384,0
I1KGI6,I1NC50,0
K7KDX2,I1JMK4,0
K7M2D8,A0A0R0FB78,0
C6SY81,Q43463,0
I1NF54,K7N0V8,0
I1KCN1,C6TGZ1,0
C6SZ22,I1JRU7,0
A0A0R0FX46,I1K970,0
K7LTQ1,C6T4V3,0
I1J6B5,I1L3P5,0
I1NH98,K7M466,0
A0A0R0KR16,K7KNC5,0
A0A0R4J4C8,C6TK73,0
A0A0R0GE56,I1M277,0
A0A0R0ERF9,I1KD82,0
I1JS58,K7M466,0
I1LM73,I1JUQ6,0
I1JUJ8,I1LR48,0
A0A0R0KXY9,I1N898,0
C6SVF8,A0A0R4J4C3,0
C6T2Z2,A0A0R0JTV5,0
A0A0R0L4N1,K7MRF5,0
I1KQ68,A0A0R0G7I0,0
A0A0R0JES0,K7MXE0,0
I1LLA9,I1LFD2,0
A0A0R4J389,I1KUS2,0
I1J553,I1M269,0
I1LIH7,A0A0R0FGT9,0
A0A0R0FNV7,A0A0R0L5Q1,0
I1M0C2,A0A0R4J4C3,0
I1KNN1,I1L332,0
I1K4D7,A0A0R0JJI0,0
A0A0R4J3Y6,I1NCF8,0
P07506,I1JMH3,0
I1K725,A0A0R4J5K6,0
I1KHL4,K7L9M2,0
A0A0R0HIA6,C6TIQ7,0
K7MCH3,A0A0R4J5K6,0
I1KQE2,A0A0R0JBL2,0
K7L1B9,A0A0R0GWH6,0
A0A0R0G342,A0A0R0G7B5,0
I1L215,A0A0R0L0E7,0
O48548,P17093,0
I1LRH8,I1JC65,0
P48513,I1LM96,0
I1MIE5,I1LL05,0
I1MTX9,I1KD82,0
I1KUT8,I1J547,0
I1MC26,C6TN69,0
C6TG81,C6SZ70,0
I1L412,I1KLS1,0
I1KNN1,I1LH27,0
K7MVB9,I1NAF6,0
C6SVB5,K7M592,0
I1N9I5,A0A0R0K7U0,0
C6T0U3,A0A0R0HSA0,0
I1L215,A0A0R0FEN3,0
C6SVF8,I1KZK2,0
I1KXI7,A0A0R0JQJ0,0
I1N5E8,I1K3X9,0
A0A0R4J354,C6SWS6,0
I1LZT5,I1LLK1,0
I1KKD9,K7MNN5,0
I1MZ32,Q2PMR3,0
A0A0R0FEI0,I1M277,0
I1JZC3,I1MRI5,0
I1LIR4,A0A0R0F214,0
A0A0R0J7J3,K7KK86,0
A0A0R0L115,I1MNV2,0
A0A0R0KNE1,I1KM19,0
C6T084,I1JFW6,0
Q2PMT2,I1MC28,0
I1JDP3,I1MEF5,0
C6TKB2,I1KM19,0
I1JWH5,C6TD23,0
A0A0R4J4C8,I1M225,0
C6T2Z2,K7N0V8,0
A0A0R4J354,C6SZG1,0
A0A0R0K5D9,A0A0R0EDS9,0
I1L5Z7,I1N5D5,0
K7LW22,K7LSJ2,0
A0A0R0FX46,I1LM96,0
K7L3P2,I1JD52,0
K7KGE9,A0A0R4J488,0
C6SXP5,I1L9K4,0
A0A0R0JYY8,A0A0R0GJV8,0
I1K7J4,K7MMD7,0
I1KVX9,A0A0R0F214,0
I1N7K6,K7M9T4,0
I1MHA4,I1KFL5,0
Q2PMU2,I1JD07,0
C6TGR3,I1LIA8,0
C6SWG4,C6TJM4,0
I1LC01,C6SZQ0,0
A0A0R0IHF9,I1M5B6,0
K7KTT9,A0A0R0EUJ0,0
C6SVR8,K7LNG6,0
I1LJI8,C6SWS6,0
I1M3Q8,C6SYW6,0
C6TMM7,K7LIE3,0
I1MQB5,I1KZY8,0
I1NGD2,A0A0R0EYS5,0
I1MY33,A0A0R4J5C5,0
I1LH11,A0A0R0ENB3,0
I1MY43,I1MSN3,0
A5Z2K3,I1NAJ5,0
K7MMR3,I1JD52,0
I1LHY4,I1KEC8,0
A0A0R0FSS2,K7MGQ2,0
A0A0R4J2W3,I1K9J7,0
I1K0C4,C6SZ70,0
C6TAW8,A0A0R4J4D0,0
K7KLF0,I1NCF6,0
I1LIK8,I1M3W1,0
I1K9P1,I1N780,0
I1N439,I1N7F4,0
A0A0R0H2V0,A0A0R4J2Q5,0
I1JCY0,I1JVX3,0
K7KKB2,K7MNP5,0
I1LYG4,C6TCH4,0
I1MDC4,C6SYW6,0
I1JIP5,A0A0R0EG78,0
K7K3W5,A0A0R0IZY4,0
I1KU09,I1KAD1,0
K7KFV5,K7K8Y9,0
I1L690,I1J8C9,0
I1KTL9,I1N780,0
I1KMS4,A0A0R0H141,0
I1MDC4,I1LR48,0
I1MK36,I1KM19,0
I1KTS9,I1LPJ8,0
I1MK96,I1MEF5,0
C6SWA0,A0A0R4J4C5,0
K7KGE9,I1MU00,0
I1N439,C6TGZ1,0
I1JWH5,K7MFZ6,0
I1LRE4,A0A0R0FB78,0
I1MYV4,I1KSD0,0
A0A0R0GNH6,K7LLV5,0
I1NGQ5,I1NJ53,0
Q2PMS6,K7K318,0
I1M3V1,K7KW44,0
C6T7N2,A0A0R0HCS6,0
C6TFN5,I1LUE0,0
A5Z2K3,I1MC28,0
I1KJ98,I1KAR1,0
I1K5H2,I1M277,0
I1LIH7,I1KCY5,0
I1LA00,I1LPJ8,0
I1L3P6,P17093,0
I1LYU9,A0A0R0KWT5,0
I1KTL9,A0A0R0IF42,0
I1JMZ4,K7M4E0,0
I1KQG7,I1JVX3,0
I1LMP2,I1LPJ8,0
I1KZI6,I1MZV0,0
I1KIB3,A0A0R4J4C3,0
I1N8Y6,A0A0R0FB78,0
C6SWI3,A0A0R4J5B7,0
C6SZM9,A0A0R0EUJ0,0
I1MHA4,A0A0R0L4P0,0
K7KDX2,I1M225,0
I1L1S1,I1LPJ8,0
I1NBQ2,I1MK72,0
C6TBQ2,A0A0R0JRI8,0
C6TKW2,A0A0R0FTI5,0
C6TAW8,C6TN69,0
K7MTC4,I1KTI0,0
I1M0S4,A0A0R0HSA0,0
K7K8U8,I1JE09,0
I1N4X7,K7LNG6,0
I1NGD2,I1MLJ0,0
I1MTH0,A0A0R0FJR0,0
I1NF12,A0A0R0KE62,0
A0A0R0EJE2,Q43463,0
K7LGW1,I1KMS8,0
I1L4B6,I1NCF8,0
I1LKU1,A0A0R0JJK0,0
C6SVU4,O22518,0
A0A0R0I8Z5,K7KWE4,0
C6SVR8,I1JRJ3,0
K7K676,I1M277,0
C6SVU4,I1MNU1,0
A0A368UHM1,I1JRV0,0
I1M4P0,A0A0R0HV63,0
C6SWI3,K7M592,0
I1LAR7,I1NCF8,0
I1LZW4,K7MMD7,0
A0A0R0H296,C6TD23,0
I1K650,A0A0R4J2Y1,0
I1LJI8,O22518,0
I1N9S5,A0A0R0FJR0,0
I1K5H2,I1JD07,0
I1KQG7,I1LXQ3,0
I1M0C2,K7L9M2,0
I1N0F1,A0A0R0L4P0,0
I1LPD3,I1L332,0
C6SWI9,A0A0R0GBB6,0
K7LGW1,I1LIU7,0
I1KX98,A0A0R0ESZ8,0
A0A0R0GC27,I1JE09,0
I1LUF0,K7M592,0
I1JXQ3,I1MW51,0
I1NCS8,I1LLK1,0
I1M7B9,I1KLS1,0
I1N056,A0A0R0K0K3,0
I1M4P0,I1MNU1,0
I1MM64,A0A0R0FGT9,0
A0A0R0KJP6,I1MEQ6,0
I1J870,I1K467,0
I1M9T4,A0A0R4J5K6,0
I1JNB0,A0A0R0GWH6,0
I1MY33,C6TBL4,0
I1KIB3,I1NCF6,0
K7KGC2,I1KZY8,0
I1KGI6,C6T5U0,0
A0A0R0GYG1,A0A0R0FB78,0
I1KXG2,K7MQG6,0
K7K2H1,A0A0R0FGT9,0
I1N1X8,A0A0R0L4P0,0
A0A0R0FSS2,I1K467,0
C6TG81,I1JA95,0
I1M3V1,I1MRP6,0
I1JDH6,K7KAB4,0
C6SWI9,K7MC85,0
I1KCB7,I1LHS8,0
I1KTL9,A0A0R0GAQ8,0
I1LIS4,I1K115,0
I1KDB2,I1LWZ0,0
A0A0R0H296,K7KVK2,0
I1K5G1,C6SZQ0,0
K7MMR4,I1KZY8,0
A0A0R0HN81,K7M6J1,0
I1MLZ0,A0A0R0ESZ8,0
I1KQG7,A0A0R0KWT5,0
I1LJI8,A0A0R0JRI8,0
A0A0R4J389,I1K4R8,0
I1LPC3,A0A0R0FXD4,0
A0A0R0ESI3,I1NC50,0
K7K9E1,K7KW44,0
C6SXM9,I1KPE7,0
K7MS88,I1KD82,0
I1K328,K7L2D7,0
I1NGD2,I1MSN3,0
I1MLK3,I1LH27,0
C6SXJ9,K7MNN5,0
I1NBE9,I1MNU1,0
I1MP46,K7LHS7,0
A0A0R0FNV7,I1MEF5,0
I1M6L1,I1JB64,0
C6T2Z2,I1LIT1,0
A0A0R0J2L9,A0A0R0GUR9,0
I1MYV4,I1KZ09,0
C6TKL8,I1J4B5,0
I1LGI1,A0A0R4J4C5,0
I1LRB0,K7L2R0,0
A0A0R0JZD5,A0A0R0HSA0,0
C6TKZ4,K7N1L5,0
I1N0U4,K7LTR0,0
I1KFU0,K7KK86,0
I1JE83,I1KCY5,0
I1MYV4,I1KYL4,0
I1N8Y6,I1NAJ5,0
I1LJA4,I1M5B6,0
A0A0R0EI44,C6T5U0,0
C6T8L7,K7MXE0,0
C6SWI9,I1KVC1,0
A0A0R0ERF9,I1MW74,0
K7L395,I1J8W6,0
C6T083,I1JYT2,0
I1MEF8,I1JMH3,0
I1MIE5,A0A0R0L4P0,0
I1JXB4,C6T065,0
K7KY63,I1K9J7,0
I1LPD3,A0A0R0JBL2,0
A0A0R0LFT0,I1KSD0,0
I1LQ02,C6T4V3,0
K7KP66,A0A0R0JYX3,0
I1LYU9,O22518,0
I1K3P0,I1KMS8,0
C6T9S5,K7MFE5,0
A0A0R0E907,I1JUQ6,0
C6TAW8,A0A0R0FGT9,0
K7LJF6,I1KUB2,0
K7LRU2,I1JRJ3,0
I1LJA4,C6SYE1,0
I1LDA7,C6T0A0,0
I1KTS9,Q43463,0
I1JDH6,A0A0R0IZY4,0
I1JNK6,A0A0R0EWR2,0
A0A368UHM1,I1LEC4,0
I1KBM7,I1KUS2,0
I1KBQ5,Q2PMR3,0
I1LD74,K7KFY5,0
I1JG98,K7MQG6,0
K7KVG4,K7MM40,0
I1LMW7,I1J9I1,0
A0A0R0JB42,I1JRU7,0
A0A0R0FEN9,A0A0R0FER5,0
I1L215,A0A0R0EDS9,0
I1KMS4,I1JUQ6,0
I1K9B8,A0A0R0GBB6,0
K7KVG4,K7MFZ6,0
I1LY25,K7MXH5,0
I1LSM6,C6T0A0,0
I1LXH0,I1L2H4,0
K7L8H2,K7KQZ8,0
I1JDR2,K7KES1,0
C6TBN8,I1KD82,0
I1LM73,C6TBL4,0
I1JKS2,I1KAD1,0
A0A0R0J7Q5,I1LLK1,0
I1J5U5,I1K115,0
P48513,I1L2H4,0
M1FIU8,I1MNS7,0
C6T2H2,I1MRI5,0
I1JIJ4,I1MNU2,0
I1J6B5,I1K9J7,0
C6TKG0,K7M9T4,0
I1NGD2,A0A0R0FX75,0
K7N3F6,I1MU00,0
I1JMZ3,A0A0R4J5B7,0
I1M7C1,I1KPE7,0
I1MHS1,A0A0R0FX75,0
I1N3M5,I1LWZ0,0
I1KRD4,K7L9M2,0
A0A0R0GCF5,I1JUQ6,0
K7M2D8,I1MQC8,0
I1KS88,K7M6J1,0
I1N4X7,I1L9K4,0
I1MP46,K7MNN5,0
A0A0R4J3D2,I1NC50,0
P48513,C6SZQ0,0
I1L8H7,I1KVC1,0
K7MTC4,I1J9I1,0
I1J5U5,I1K2I1,0
I1K2Z9,K7KQZ8,0
I1KS88,K7M864,0
A0A0R0IAV3,I1JHJ0,0
C6SWZ1,I1JRV0,0
A0A368UHE3,K7MGQ2,0
I1NIE7,I1KLS1,0
A0A0R0KE73,I1JRJ3,0
I1JM69,I1K5K7,0
I1KYS6,I1MRI5,0
I1L8G3,K7N5K2,0
I1LSM6,I1LIU7,0
I1N0F1,I1KTI0,0
K7MMR3,I1MNU1,0
Q2TFP1,K7LHS7,0
K7KDA5,I1K3X9,0
I1L412,I1KJF2,0
I1KQ68,A0A0R0GG06,0
K7LUF9,I1J8C9,0
I1LZW4,C6TCH4,0
K7KP67,I1JYT2,0
K7N0U1,A0A0R0EKI7,0
I1N1V6,I1MJJ9,0
I1MRY0,I1MRI5,0
K7MZ38,K7MYK9,0
I1K5K3,I1KHJ4,0
C6TCW7,P17093,0
I1LPI3,C6SZ70,0
A0A0R0H7N0,K7LNG6,0
I1LPJ3,I1MNU2,0
I1L9A1,A0A0R4J4C3,0
I1M717,I1LFD2,0
I1LZT5,A0A0R4J5B7,0
A0A0R0J2L9,I1LLS4,0
I1KS20,A0A0R0IT62,0
C6T2L5,A0A0R0K7U0,0
I1M0N9,I1KMS8,0
I1JNK6,K7M841,0
I1KJW4,I1L332,0
A0A0R0L098,I1KAD1,0
I1MRS5,A0A0R0HSH0,0
I1MGB0,K7KQZ8,0
A0A0R0L098,I1NCF6,0
I1M9F7,A0A0R0FM97,0
C6T2H2,I1LII4,0
C6TG81,I1N7F4,0
I1KYF8,C6TK73,0
Q2PMU2,K7M4E0,0
A0A0R0FNV7,I1KAD1,0
I1MGG3,K7M864,0
C6TLT3,I1KCY5,0
I1LJ94,C6TNW3,0
A0A0R0EWX9,I1LFD2,0
I1LHR1,I1JFW6,0
K7LA18,K7K4C7,0
I1N1Y6,C6TGZ1,0
I1MVE9,A0A0R0EYS5,0
I1K5H2,A0A0R0IZY4,0
A0A368UJ64,K7K318,0
I1K9P1,A0A0R4J4C3,0
A0A0R0L2U1,I1JA95,0
A0A0R0FKK9,A0A0R0KWL0,0
C6T2Y4,A0A0R0JJI0,0
I1JAG0,A0A0R0EYS5,0
K7MMF4,I1K6E7,0
A0A0R0FNV7,K7KQZ8,0
C6TCW7,K7KJB2,0
O48548,K7L2D7,0
K7M5W5,I1K215,0
C6T4Z6,I1LII4,0
I1N4X7,I1JRU7,0
I1KX98,K7LSG2,0
I1MYV4,I1JUQ0,0
A0A0R0J7Q5,I1LPK5,0
I1J870,I1K6E7,0
K7LDR8,I1JMZ7,0
C6TFR5,I1MRI5,0
I1M0S4,I1JVX3,0
C6SVB5,A0A0R0GG06,0
I1KDB2,I1JE09,0
I1K2Z9,A0A0R0FB78,0
I1L8S1,I1KSL6,0
I1KKD9,I1MU00,0
A0A0R0GE84,I1JD07,0
I1KCH6,K7L2D7,0
K7KNJ6,I1LIT1,0
I1J9W0,I1J9I1,0
I1KHY2,A0A0R0L828,0
I1MNK0,I1LIT1,0
I1KBL4,A0A0R0GPH9,0
I1NIJ9,K7N145,0
K7L3P2,I1NCF8,0
I1N8Y6,K7MXE0,0
A0A0R0H296,C6TGZ1,0
I1M100,C6TN69,0
C6SYR1,I1LGD6,0
C6T3G1,K7LY43,0
I1KTD4,I1L9K4,0
I1L8S1,A0A0R0EWR2,0
I1LR08,C6TJ17,0
A0A0R0I1I4,I1JRV0,0
K7KGJ8,I1MRP6,0
A0A0R0JS60,I1LPK5,0
I1LMW7,K7LHS7,0
K7KP67,A0A0R0E934,0
I1K2U0,A0A0R0K6I2,0
K7N5D4,K7MC85,0
A0A0R0K0L0,A0A0R0FGT9,0
I1LY25,M1FN34,0
I1MLZ0,A0A0R0FTI5,0
I1N8P5,I1JMZ7,0
I1LYG4,A0A0R4J488,0
K7N0U1,I1LLS8,0
I1L1S1,A0A0R0L4P0,0
I1K5J5,K7M864,0
I1LIK8,A0A0R0JRI8,0
A0A0R0F077,A0A0R0JTV5,0
I1KH45,K7M6I1,0
K7K2H1,K7MMD7,0
K7MZP6,A0A0R0HCS6,0
I1JWH5,I1K467,0
I1NGD2,I1MF50,0
I1NGD2,I1KVC1,0
K7L240,K7K318,0
I1K911,I1KVC1,0
I1MWP7,K7LY43,0
Q2TFP1,K7M849,0
A0A0R0JKU3,A0A0R0FXD4,0
K7LVE4,I1MVC6,0
I1NDC0,K7M466,0
I1LBV2,A0A0R0JRI8,0
K7M2D8,C6TIQ7,0
I1KC19,I1K9J7,0
I1KVX9,I1N780,0
I1LDY7,K7L939,0
I1LA00,I1LXQ3,0
I1MP46,I1KAR1,0
I1LJ94,A0A0R0EDS9,0
A0A0R0GG96,C6T065,0
I1K5L7,I1LH27,0
K7MST2,I1JV03,0
I1JZC3,P62302,0
I1MJ97,I1MQC8,0
I1MHS1,A0A0R0FEN3,0
K7MTC4,I1JVX3,0
K7LLK0,I1MRI5,0
K7MAP3,I1N7F4,0
K7MC09,I1N8M8,0
K7MRX6,K7N0V8,0
K7KVG4,I1KJF2,0
C6TGR3,I1KXK6,0
I1MQB5,I1KJF2,0
A0A0R0GYG1,I1JD52,0
C6T083,I1M269,0
I1NBE9,I1M1D5,0
K7N0U1,K7K8K7,0
A0A0R0HN81,K7N129,0
A0A0R0I8Z5,C6TCH4,0
I1MV96,I1MW51,0
A0A0R0GJ85,I1JC65,0
I1KHY2,C6TFX5,0
I1LDY7,A0A0R0GJV8,0
K7KPJ4,I1NC50,0
K7MAP3,I1LLK1,0
C6SZM9,I1MU00,0
I1JVN0,K7K4C7,0
I1KFU0,I1LFD2,0
A0A0R0ESI3,K7M466,0
I1LP56,C6T2G5,0
I1MUN3,C6SZQ0,0
A0A368UJ64,I1MW74,0
I1LRB0,K7KH93,0
I1KHY2,I1KXK6,0
I1N439,A0A0R0JBL2,0
K7KGE9,I1JAH7,0
K7KP66,I1KUS2,0
C6SYA3,I1N761,0
C6SW69,I1MEQ6,0
A5Z2K3,C6T0A0,0
I1MBA2,A0A0R0FGT9,0
I1JR41,I1KAD1,0
I1JXB4,K7LQV0,0
I1LMQ5,A0A0R0G7I0,0
A0A0R4J3Y6,A0A0R4J426,0
I1MBA2,I1J8W6,0
A0A0R0G6V6,C6TIK0,0
K7N0U1,K7KK86,0
A0A0R0L4N1,I1JHJ0,0
I1M4Y9,A0A0R0FJR0,0
I1KD09,I1LH27,0
A0A0R0GE56,I1JVX3,0
I1JUJ6,A0A0R0FER5,0
K7LW22,K7K8Y9,0
I1MNU7,I1JMK4,0
I1N4X7,C6SWS6,0
I1KQP3,K7MYK9,0
I1N5E8,A0A0R0GFH3,0
I1NBE9,I1LG13,0
A0A0R4J3N1,I1JV03,0
I1LPZ2,A0A0R0JTV5,0
I1KHL6,I1L7G4,0
I1LZT5,K7LQV0,0
I1MU29,I1MRP6,0
K7L1D3,K7LTB2,0
I1N8M4,K7KWE4,0
I1JAF7,I1MC28,0
I1NFS4,A0A0R0JBV0,0
K7L1D3,I1K6E7,0
C6T084,I1MJJ9,0
I1M3V1,I1KAR1,0
I1JCY0,K7L2R0,0
I1K628,A0A0R0FXD4,0
I1JKS2,I1K115,0
I1N5E8,I1K115,0
I1LG61,C6TJM4,0
I1MUC0,K7N0V8,0
I1MDC4,I1JD36,0
I1JDH6,I1L3P5,0
A0A0R0H9H8,K7M6J1,0
I1JU70,I1KVC1,0
I1JG98,K7M849,0
I1LHY4,A0A0R0L4P0,0
I1KD09,P17093,0
C6T5Z0,K7MC85,0
I1J6B5,I1KSD0,0
I1MHA4,I1KSL6,0
K7MXD1,A0A0R4J384,0
I1KB25,K7K8K7,0
I1KBQ5,I1MEF5,0
K7KZ42,A0A0R0FEN3,0
C6T530,A0A0R4J2Y1,0
C6SW69,K7KK86,0
I1L250,K7KW44,0
C6TKW2,A0A0R0GG06,0
K7KVG4,K7M846,0
I1KHJ6,A0A0R0L4P0,0
K7KTT9,K7KH93,0
I1KDB2,I1NAJ5,0
A0A0R0ET54,A0A0R0FGT9,0
C6SW43,I1LPW2,0
I1LGQ1,I1NJ53,0
I1K5K3,Q43463,0
P48513,K7L4N7,0
I1JT85,I1JMZ7,0
A0A0R4J3D2,C6T5U0,0
I1JUJ6,I1L9K4,0
I1LJI8,K7L6N7,0
C6SY25,I1K5K7,0
I1JE83,A0A0R0FER5,0
I1KPU4,I1KJF2,0
C6TFN5,I1LW00,0
A0A0R0F2Z4,K7MNP5,0
I1MWP7,C6TCH4,0
K7LA18,I1LIU7,0
I1JRA0,I1L332,0
K7KE09,K7LY43,0
I1NF54,C6SYE1,0
I1MUC0,I1N898,0
K7K3W5,K7KES1,0
I1N1X8,A0A0R0FX75,0
I1JVN0,I1KD82,0
I1K2U0,K7MC85,0
K7MGQ3,I1N780,0
C6SYE0,K7MFZ6,0
A0A0R4J3N1,I1L9K4,0
A0A0R0KE73,I1J4B5,0
A0A0R0L4N1,I1MC28,0
A0A0R0KTM7,K7LHS7,0
I1LGQ1,A0A0R0GJV8,0
I1L524,K7M849,0
I1LPJ3,K7L7W0,0
A0A0R0H296,C6SX83,0
I1KH45,K7MC85,0
I1MLZ0,K7N5K2,0
A0A0R0GYG1,I1MW74,0
C6TCW7,I1JVX3,0
I1L8S1,I1KZ09,0
K7LKS0,K7LTR0,0
A0A0R0FNM4,A0A0R0KVY6,0
I1LPD3,I1JRV0,0
I1N439,A0A0R0JYX3,0
K7KYE0,I1KVC1,0
I1MKM3,C6TGZ1,0
K7KDA5,A0A0R4J5C5,0
A0A0R0JLD5,I1K115,0
I1JP52,K7M592,0
I1LRH8,I1KZY8,0
A0A0R4J3N1,I1KZK2,0
K7KDM1,C6TNW3,0
K7KTT9,K7M9T4,0
A0A0R0FSY2,K7KK74,0
K7MCH3,K7L939,0
I1N8M4,I1K970,0
K7LW22,I1MW74,0
C6TEP1,K7MC85,0
I1K5J5,I1JRV0,0
A0A0R0ET54,I1MNV2,0
A0A0R0GE84,C6SW04,0
I1NBC2,A0A0R0GWH6,0
C6T5Z0,K7MFE5,0
I1NFS4,I1L332,0
I1LKU1,C6TFX5,0
I1JIP5,A0A0R4J2Y1,0
I1JAF7,I1N5D5,0
I1MLZ0,I1KJD2,0
A0A368UJ64,A0A0R0EJV2,0
I1KBM7,K7MFZ6,0
A0A0R4J4C8,I1K9J7,0
C6T868,K7LTR0,0
A0A0R4J2N2,I1KLS1,0
I1LRE4,I1KAR1,0
I1KVL0,K7LSJ2,0
K7MPL4,I1KJD2,0
I1JKS2,A0A0R0JJI0,0
I1LRB0,I1M269,0
I1NH98,I1KTI0,0
C6T3K0,A0A0R0FTI5,0
I1NH73,I1J4B5,0
I1JFS9,A0A0R0FTI5,0
K7MCH3,A0A0R0L5Q1,0
K7L9V3,I1N898,0
C6SWD4,I1K9J7,0
A0A0R0J2L9,I1M998,0
I1JS66,I1M998,0
I1LPZ2,A0A0R0L7U5,0
I1J7S6,I1LY15,0
I1KR80,A0A0R0F214,0
A0A0R4J2K3,K7M9T4,0
I1NH73,I1LL05,0
I1N9E1,A0A0R0FM97,0
I1M7B9,I1NCV4,0
I1NBC2,A1YZE0,0
I1N3M5,K7LNG6,0
A0A0R0KR16,K7LSG2,0
I1KGI6,K7LCS7,0
I1LCX3,I1MW74,0
I1KX98,K7KW44,0
A0A0R0JYB5,I1KZ09,0
I1LP18,C6T4V3,0
C6SVF8,A0A0R0G7B5,0
C6TK75,K7K8K7,0
K7LXT7,K7LSG2,0
I1L9A1,K7KVK2,0
K7L8H2,I1MNV2,0
I1JML1,I1LIU7,0
C6TC92,I1JE09,0
I1JV48,A0A0R0E934,0
I1KU09,I1MNV2,0
I1NJ79,Q2PMR3,0
I1JUI1,I1JRV0,0
K7LWI3,A0A0R4J426,0
C6T5Z0,I1KFL5,0
C6TCW7,A0A0R0HCS6,0
C6TKL8,A0A0R0FZM4,0
I1JE93,I1K4R8,0
I1MBW8,Q2PMR3,0
A0A0R0GZZ6,I1MPJ4,0
I1KEY6,I1N5D5,0
I1NF12,A0A0R0GS25,0
I1LHY4,K7MM40,0
I1LSM6,I1LPW2,0
A0A0R0L7S1,A0A0R0JTV5,0
I1K2J5,I1M1D5,0
I1JM69,I1LH27,0
I1LC01,I1KD82,0
I1KZW4,A0A0R0KE62,0
I1K328,A0A0R0FEN3,0
I1L219,I1K467,0
C6T530,I1MPJ4,0
A0A0R0JKU3,A0A0R0GFH3,0
A0A0R0H2V0,I1KAR1,0
I1KIY3,A0A0R0JRI8,0
I1JDP3,K7MNP5,0
A0A0R0JJ98,A0A0R0FB78,0
I1N3M5,I1LM96,0
I1MUC0,I1KXK6,0
K7MCD1,C6TJ17,0
I1KTD4,I1MSN3,0
I1K2J5,I1LH18,0
K7KPJ4,A0A0R4J4D0,0
I1N0I7,I1MPJ4,0
I1M757,A0A0R0L4P0,0
C6SVH9,I1LL05,0
I1KQP3,A0A0R0JSJ9,0
A0A0R0KR16,I1JYT2,0
A0A368UJ64,A0A0R0KVY6,0
I1KFI5,I1MSN3,0
I1JM69,K7KNC5,0
C6T883,I1K2I1,0
I1N9S5,K7KWE4,0
A0A0R0IHF9,I1KZK2,0
I1J8W9,I1KUB2,0
K7LDR8,I1KSL6,0
I1J870,I1KZY8,0
A0A0R0FEN9,I1JRU7,0
C6T530,I1L171,0
C6SZM2,K7L4N7,0
K7LGW1,I1KSL6,0
I1KEY6,I1MNS7,0
K7N0U1,I1JMK4,0
C6SYR1,A0A0R0K0K3,0
I1NC77,A0A0R0GS25,0
K7KGE9,K7M466,0
I1JHN5,A0A0R0F214,0
K7KGE9,K7MYK9,0
I1K7J4,A0A0R0G7I0,0
I1M5E2,K7M849,0
I1K725,I1MW74,0
I1KRF9,A0A0R4J488,0
I1K2J5,C6SYE1,0
I1MK36,I1KUB2,0
C6TC92,A0A0R4J2Q5,0
I1MBM5,C6TNW3,0
I1JUT9,A0A0R0FTI5,0
K7KCG5,I1MGG7,0
I1MIE5,I1LIU7,0
I1MP46,C6TJM4,0
I1MEZ1,K7KNC5,0
A0A368UJ64,A0A0R0EDS9,0
I1JAG0,A0A0R0GFH3,0
I1MYV4,C6TGZ1,0
K7KDX2,K7L7W0,0
I1NDC0,A0A0R0GAQ8,0
I1KP31,A0A0R0FB78,0
C6TKW2,K7M592,0
I1NBE9,A0A0R0KPE1,0
K7MCD1,K7KW44,0
I1LRH8,K7K8K7,0
C6TFR5,I1JFW6,0
C6TGR3,I1LM96,0
A0A0R0G6V6,A0A0R0G7I0,0
C6T3G1,I1L9K4,0
A0A0R0L2U1,I1MNS7,0
I1N954,Q43463,0
I1J5Q1,I1LY15,0
I1JTW0,I1LII4,0
I1LJI8,A0A0R0GBB6,0
I1N0W9,C6T0A0,0
I1JNV3,I1M277,0
I1LJ93,A0A0R0L7U5,0
I1KS20,I1KPE7,0
A0A0R0KTM7,A0A0R0KPE1,0
A0A0R0IHF9,C6T5R4,0
I1JFS9,A0A0R0FB78,0
I1MXT2,K7KNC5,0
I1NCS8,I1J8C9,0
I1LM73,K7LQV0,0
K7N0U1,I1LFD2,0
C6TCW7,A0A0R0ESZ8,0
I1KDB2,C6TIK0,0
C6SYA3,A0A0R0JBL2,0
C6T883,I1LVN3,0
I1LDA7,C6SYE1,0
A0A0R0FKK9,K7M9T4,0
A0A0R4J3D2,O22518,0
I1MLK3,I1MLF1,0
C6TD73,P17093,0
K7MS88,I1NC50,0
Q2PMU0,K7L7W0,0
C6SWA0,A0A0R0GG06,0
I1KKD9,O22518,0
I1LS70,I1KHJ4,0
K7KFV5,I1K467,0
I1N4X7,C6SYW6,0
I1LIK8,A0A0R0G7B5,0
I1KHL4,I1J8C9,0
I1L4B6,A0A0R0JYX3,0
I1KYS6,I1ML11,0
M1FIU8,A0A0R4J384,0
I1KR80,A0A0R0KWL0,0
I1MGG3,I1LIA8,0
A0A0R0FSY2,P17093,0
K7LUF9,A0A0R0EYS5,0
K7MZP6,I1N8M8,0
C6SY25,K7MFZ6,0
I1N056,A0A0R0GAQ8,0
I1L412,I1LH18,0
K7LSH9,K7M849,0
Q2PMQ9,I1LIT1,0
C6SZ22,K7L939,0
A0A0R0F2G6,I1KUB2,0
I1L1S1,K7M6J1,0
I1JVP4,A0A0R0L4P0,0
I1JYG7,I1J8C9,0
I1MC26,K7LFD7,0
C6TG99,A0A0R0L828,0
K7L395,I1JB64,0
A0A0R0FSS2,I1N780,0
C6SVR8,A0A0R0L828,0
I1J8W9,I1LM96,0
I1N5E8,I1MNU2,0
I1JZC3,I1KSD0,0
K7LUF9,A0A0R0FJR0,0
K7LWI3,K7K318,0
I1K2Z9,K7M864,0
A0A0R0GRI6,A0A0R0JQJ0,0
I1JAG0,A0A0R0F214,0
K7KDX2,K7M6I1,0
I1MLK3,I1L9K4,0
I1LMW7,I1LIT1,0
K7M9K9,A0A0R0KPE1,0
C6SZG8,I1L332,0
C6SWZ1,K7L6N7,0
A0A0R0H2V0,A0A0R4J5K6,0
I1JXB4,C6SYE1,0
I1LP56,C6TD23,0
I1K0C4,A0A0R0EUJ0,0
C6T3I8,I1MPJ4,0
A0A0R4J2N2,I1MZV4,0
I1KXI7,I1JMH3,0
I1L4B6,A0A0R4J4H3,0
K7MVB9,I1M269,0
A0A0R0J2L9,I1JC65,0
K7N3F6,C6TJM4,0
I1MHA4,A0A0R0GUR9,0
K7KFV5,A0A0R0JBV0,0
A0A0R0JH35,K7LSG2,0
I1K911,I1LLS4,0
I1JUJ8,I1N7F4,0
I1KZI6,I1J8C9,0
I1NIJ9,A0A0R0EWR2,0
C6TG81,K7KES3,0
C6TKL8,I1JHJ0,0
A0A0R0G5V6,I1JD07,0
C6TC92,A0A0R0KWL0,0
I1LWR7,K7MM40,0
I1M2R5,I1JYT2,0
I1NBE9,I1KTI0,0
K7LZZ5,I1K115,0
A0A0R0JYY8,K7KQZ8,0
I1LJ93,I1KXK6,0
A5Z2K3,I1J547,0
P09755,K7M6I1,0
I1NHI4,I1MRI5,0
I1KRD4,A0A0R0L828,0
C6TL77,C6TIK0,0
I1J7A8,K7N129,0
I1KMP8,I1LUE0,0
A0A0R0EFE2,C6TCH4,0
C5NTE7,C6TJ17,0
I1K9B8,I1NCV4,0
I1KBM7,A0A0R0FZM4,0
I1M717,A0A0R0JTV5,0
O48548,I1MRP6,0
K7KYE0,A0A0R0L0E7,0
C6T084,I1JK31,0
I1KJH7,I1MK72,0
I1KQC7,K7L939,0
I1LYU9,K7KWE4,0
A0A0R0HIA6,C6TN69,0
K7K553,I1JYT2,0
A0A0R0H8M3,K7MNP5,0
I1MSD9,I1M1W3,0
I1MV96,A0A0R0EYS5,0
I1MSD9,A0A0R0L5Q1,0
I1KYD6,A0A0R0G7B5,0
C6TKL8,I1KM19,0
I1N1Y6,K7K8Y9,0
I1LSM6,A0A0R0L828,0
I1JS66,I1MF50,0
I1KMS4,I1NCF6,0
C6SVU4,I1MTV9,0
I1LIM0,K7K894,0
A0A0R0FSY2,A0A0R4J4D0,0
A0A368UHC3,A0A0R0K0K3,0
I1N4X7,A0A0R0FM97,0
I1KYS6,I1L7G4,0
C6TKB2,I1MQC8,0
C6SWI3,K7KK86,0
I1KU09,I1KXK6,0
A0A0R0HN81,K7KFY5,0
I1M0C3,C6SZQ0,0
A0A0R0J2L9,I1NIE5,0
I1M0C2,I1JM18,0
I1M6L1,A0A0R4J2Y1,0
I1KJ56,K7KK74,0
I1MFH3,A0A0R0KWL0,0
I1LKQ4,I1KZY8,0
A0A0R0FX70,I1LPJ8,0
K7LTQ1,I1LLS8,0
C6T7N2,I1NC50,0
I1JL13,A0A0R0JTV5,0
I1KXI7,K7M864,0
C6SWM1,I1N898,0
I1JI73,A0A0R4J426,0
I1LIH7,I1KYL4,0
K7M787,K7LQV0,0
I1KVL0,K7KK86,0
K7L9V3,A0A0R0G7I0,0
C6T1P2,A0A0R0GFM7,0
A0A0R0GNH6,I1LL05,0
I1K096,C6TIQ7,0
I1KBQ5,I1JMZ7,0
A0A0R0FQN0,I1KUB2,0
A0A0R0KNE1,I1KZK2,0
I1JFS9,C6SYE1,0
A0A0R0H9H8,I1JD52,0
K7N5D4,A0A0R0HSA0,0
I1MM64,K7LIE3,0
I1JML1,K7KW44,0
I1LR08,I1KZK2,0
K7KP67,I1LPW2,0
I1JHN5,K7K8K7,0
C6SVU4,I1LM96,0
I1MK36,A0A0R0GS25,0
I1MIE5,I1LVN3,0
I1LA00,C6T5R4,0
A0A0R0JG07,A0A0R0GFH3,0
I1K5L7,I1N780,0
C6TLV6,A0A0R0GAQ8,0
A0A0R4J3R4,I1K6E7,0
C6SXJ9,I1JV03,0
A0A0R0JH35,I1NAF6,0
K7MI53,A0A0R4J4C3,0
C6T3G1,A0A0R0GFM7,0
K7KKB2,I1LH27,0
I1KJT5,A0A0R4J5C5,0
I1MKM3,I1LG13,0
K7N0X7,K7LFD7,0
A0A0R0ERF9,I1LWZ0,0
I1KQG7,A0A0R0E934,0
I1LVX2,K7LFD7,0
I1K0C4,K7KAB4,0
I1N8P5,K7LNG6,0
C6SVF8,I1LUE0,0
K7L9V3,I1MLF1,0
I1KPU4,C6T2G5,0
I1KC19,I1LUE0,0
I1MV96,I1LGD6,0
C6T084,C6T0A0,0
I1JS58,I1LH27,0
A0A0R0KFE8,I1J4B5,0
I1NIE7,A0A0R0GAQ8,0
I1MVE9,I1KD82,0
I1JVN0,C6TGZ1,0
K7KKB2,I1MZV0,0
I1LWR7,A0A0R0F214,0
A0A0R0KE73,I1MVC6,0
I1JW64,I1NJ53,0
A0A0R0KCY1,I1KAD1,0
I1KPU4,I1LH27,0
C6TBN8,K7MGQ2,0
A0A0R4J2N2,I1KCY5,0
C6SWZ1,C6T5U0,0
I1J5U5,C6SX83,0
Q2PMS6,I1NG45,0
K7L1B9,A0A0R0KE62,0
I1M0S4,I1K642,0
C6T2Z2,A0A0R0GS25,0
A0A0R0L8Y1,C6TN69,0
C6SXM9,A0A0R0GUR9,0
I1KR80,I1NCV4,0
I1JKS2,I1KPE7,0
K7M142,I1JK31,0
I1JKP1,I1N7F4,0
I1KQ68,K7N0V8,0
A0A0R0HSJ1,C6TJM4,0
A0A0R0KTM7,I1LY15,0
I1K5H2,I1L332,0
I1L524,K7LHS7,0
I1MBW8,K7MYK9,0
A0A0R0F2G6,K7M841,0
I1MJ97,I1L171,0
C6TKZ4,K7K8Y9,0
I1KRF9,I1K1W8,0
C6T8L7,I1M1W3,0
I1LIH7,C6TCH4,0
A0A0R0FNV7,A0A0R0FX75,0
A0A0R0JYB5,I1LFD2,0
I1MP46,C6TJ17,0
K7KP66,I1MSN3,0
I1K9B8,I1KXK6,0
I1LD74,Q43463,0
A0A0R0JYB5,I1MGG7,0
I1MLN7,A0A0R0IT62,0
C6T4Z6,I1KSL6,0
K7MMR4,K7LHS7,0
C6TKB2,K7M6I1,0
A0A0R0L372,I1JD07,0
I1K8N0,K7MMD7,0
I1M7V7,K7L9M2,0
I1L478,I1LIU7,0
K7KNJ6,I1LLS8,0
I1KVX9,K7MNP5,0
I1JNB0,I1N7F4,0
K7MAP3,A0A0R0GFM7,0
C6SZL0,K7LIE3,0
K7KNJ6,K7MFE5,0
C6T9S5,A0A0R0IZY4,0
I1KFU0,A0A0R0JQJ0,0
K7KP67,Q43463,0
A0A0R0G5V6,I1LII4,0
I1L653,A0A0R0KWL0,0
I1K725,A0A0R0JJI0,0
I1NBQ2,I1N8M8,0
A0A0R4J3D2,I1KLS1,0
I1J5U5,K7KES1,0
A0A0R0HXE9,I1LEC4,0
I1KHY2,K7MXH5,0
I1LGQ1,I1M998,0
C6SZM9,I1J9I1,0
K7KIU3,A0A0R0FER5,0
I1NBQ2,K7LK09,0
I1K5L7,I1L332,0
I1L1N3,I1MEQ6,0
I1N0R5,K7LTB2,0
K7KFV5,A0A0R0GFH3,0
Q2TFP1,K7L7W0,0
C6SY81,K7L2D7,0
C6SWL3,A0A0R0GFM7,0
I1JVP4,A0A0R0ESZ8,0
I1LRH8,C6SX83,0
I1N8Q6,C6T4V3,0
A0A0R0KE73,A0A0R0FGT9,0
C6T2Y4,I1JD07,0
A0A0R0IGP2,I1NIE5,0
I1MLZ0,C6T5R4,0
I1M3U2,I1KSL6,0
K7MWR1,K7LSJ2,0
C6SWI3,C6TFX5,0
I1KCX1,A0A0R0FXD4,0
I1JVP4,K7MNP5,0
A0A0R0F7J9,A0A0R0IF42,0
A0A0R0JZD5,I1NJ53,0
K7MVB9,I1K1W8,0
I1LGQ1,I1KUB2,0
A0A0R0GRI6,K7L2R0,0
I1MBR7,C6SYE1,0
I1NGQ5,K7M6R4,0
A0A368UHG0,C6SWS6,0
A0A0R0H8M3,K7KWE4,0
I1KJ56,K7M6R4,0
I1K9P1,I1LVN3,0
I1KD09,A0A0R4J488,0
I1KY58,C6TN69,0
H2D4C3,I1LH18,0
I1M757,K7LSG2,0
I1KZW4,K7MGQ2,0
A0A0R0EJE2,A0A0R0GAQ8,0
A0A0R0ESI3,K7L939,0
K7MMF4,A0A0R0JBV0,0
I1KZW4,C6T5U0,0
I1JBJ2,I1K146,0
I1KS36,A0A0R0HSA0,0
A0A0R0EWX9,I1JV03,0
I1MKM3,K7KES1,0
C6SXP5,I1JD07,0
I1KH45,I1LHS8,0
I1NBC2,I1JMH3,0
A0A0R0GBL8,K7KJB2,0
I1MEZ1,I1LLS4,0
C6T4Z6,I1N780,0
I1MLK3,C6SWS6,0
I1MY43,A0A0R0JJI0,0
I1KIB3,I1K2I1,0
I1K5K3,K7KJB2,0
K7KDM1,A0A0R0IR73,0
I1LSM6,I1LR48,0
C6T2L5,I1K467,0
A0A0R0FQN0,K7M6R4,0
A0A0R4J2K3,I1KSD0,0
I1MUN3,K7LIE3,0
I1JM69,K7M846,0
C6SZL0,A0A0R0GUR9,0
I1MEF8,A0A0R4J5C5,0
C6T968,I1MSN3,0
I1LGQ1,A0A0R0JQJ0,0
I1JVP4,I1JV03,0
I1JXB4,I1K115,0
K7MXS9,K7KES3,0
A0A0R4J2N2,A0A0R0GBB6,0
A0A368UHM1,I1K6E7,0
I1KBQ5,O22518,0
A0A0R0H9H8,I1LEC4,0
I1MY43,K7L2R0,0
A0A0R0IGP2,I1JE09,0
C6TLV6,I1NIE5,0
C6TBQ2,I1KAR1,0
A0A0R0I8Z5,K7MFZ6,0
C6SZY0,I1MJJ9,0
I1M0C2,A0A0R0L828,0
A0A0R0J2L9,A0A0R0F214,0
A0A0R0K5D9,I1K467,0
I1LHR1,K7M6Z2,0
I1L215,I1LHS8,0
I1JCY0,K7LY43,0
C6SY25,A1YZE0,0
K7MPL4,A0A0R0GS25,0
Q2TFP1,I1LM96,0
I1JMZ3,K7L2D7,0
I1JBJ2,I1N898,0
C6T530,K7MNP5,0
A0A0R0J2L9,I1LG13,0
I1JCY0,I1M3W1,0
I1M4P0,C6SX83,0
C6TLV6,I1JV03,0
K7N5D4,I1M998,0
I1MBA2,K7K894,0
I1JVN0,I1MQC8,0
I1JUT9,I1JD07,0
K7LWC5,I1NCV4,0
I1MIE5,K7KH93,0
I1KGI6,Q43463,0
I1LP56,C6SYE1,0
K7MXS9,I1M998,0
I1LPZ3,I1JRV0,0
I1LPZ3,A0A0R0JJK0,0
I1L1L2,K7M864,0
I1K620,K7KVK2,0
K7MXS9,I1M5B6,0
I1J5U5,C6TN69,0
A0A0R0GG96,A0A0R0FB78,0
C6SWZ1,A0A0R0KWT5,0
I1LUF0,I1N761,0
K7KLF0,A0A0R0E934,0
I1LPJ3,A0A0R0FZM4,0
I1JR41,I1LPJ8,0
I1MWP7,I1LPJ8,0
I1J870,K7LIE3,0
C6T4Z6,I1MW74,0
I1JE93,C6TGA9,0
K7M4N3,A0A0R0HV63,0
I1LMW7,I1LLS8,0
I1JL13,A0A0R0GUR9,0
I1LKQ4,I1KQE3,0
I1KQE2,A0A0R0JYX3,0
A0A368UH03,K7MM40,0
I1K5H2,I1MZV0,0
I1K620,I1MZV0,0
C6TMM7,K7M9T4,0
I1JS58,K7K894,0
K7MGQ3,I1KAD1,0
K7MST2,I1JAH7,0
I1M757,K7K4C7,0
I1N439,I1L3P5,0
A0A0R4J2N2,K7LY43,0
I1J8V4,I1MVC6,0
A5Z2K3,I1MK72,0
A0A0R0IHF9,A0A0R4J4C3,0
K7LWC5,A0A0R0FB78,0
I1KVL0,K7MMD7,0
I1LGB1,I1M998,0
I1LPZ3,C6T0A0,0
I1KBM7,K7KNC5,0
I1L250,I1KZY8,0
I1K725,I1LXQ3,0
I1MK96,I1KSL6,0
K7LGW1,I1K970,0
K7LWC5,C6TGZ1,0
A0A0R0GJ85,I1JFW6,0
I1L8G3,A0A0R0GG06,0
I1KZI6,A0A0R0FEN3,0
I1MRS5,I1N761,0
C6TKZ4,I1L332,0
I1KJW4,I1M998,0
I1NJ79,I1NAF6,0
I1L524,A0A0R0GFM7,0
C6TEP1,A0A0R0GFL3,0
A0A0R0JKU3,I1LPJ8,0
C6TKC3,I1LLK1,0
I1MRY0,I1K5K7,0
I1L4B6,A0A0R4J426,0
I1MC39,K7N0V8,0
C6SW43,I1J8W6,0
I1KH45,I1KLS1,0
I1JT28,I1MZV0,0
I1MTH0,I1NG45,0
C6SWM1,I1JM18,0
I1JKS2,I1LW00,0
Q2PMQ9,K7KES1,0
I1JWH5,I1MLF1,0
A0A0R0EWX9,I1LLS8,0
Q2PMQ9,A0A0R0FZM4,0
I1L3P6,I1K2I1,0
I1J8W9,I1JHJ0,0
I1MBA2,C6SX83,0
K7MVB9,K7KK74,0
I1MT74,I1K2I1,0
K7K676,I1LLS4,0
I1MIE5,I1LII4,0
C6TK75,K7LHS7,0
I1KXG2,K7MGQ2,0
I1LYG4,I1KH38,0
I1LPC3,Q2PMR3,0
C6T2L5,I1MTV9,0
C6TBQ2,I1LWZ0,0
I1KYD6,A0A0R0L4P0,0
I1K2Z9,A0A0R0JRI8,0
I1KP31,A0A0R0EJV2,0
K7MGK0,I1MLJ0,0
I1LIR4,K7M864,0
C6SZL0,A0A0R0L828,0
K7KGE9,C6SZ70,0
A0A0R0G5A8,I1LEC4,0
I1LJI8,I1N898,0
I1KHJ6,A0A0R0JT51,0
C6TCW7,K7KNC5,0
K7MMR3,I1K2I1,0
K7KYE0,I1MW74,0
I1J8W9,I1KZY8,0
I1K628,K7M846,0
C6TL77,K7LHS7,0
K7M5W5,I1NG45,0
K7MNC0,I1L7G4,0
I1N0R5,A0A0R0FGT9,0
O48548,C6T5U0,0
I1L8G3,K7LTB2,0
A0A0R0ESI3,K7M6I1,0
C6TC92,A0A0R0FER5,0
C6TC92,C6TIK0,0
I1NIJ9,A0A0R0ENB3,0
I1MYV4,I1LW00,0
I1LIS4,A0A0R0JQJ0,0
A0A0R0GE56,I1LII4,0
I1KQE8,I1K5B6,0
I1LMQ5,I1L3P5,0
A0A0R4J4C8,A0A0R0GFM7,0
A0A0R0FX70,K7MYK9,0
C6TFR5,I1NCF6,0
I1L478,I1KFL5,0
K7KDM1,K7L6K2,0
K7K9E1,K7M846,0
K7KGE9,I1KSL6,0
I1KTD4,C6TJM4,0
K7KNJ6,K7LFD7,0
C6SY81,A0A0R4J4D0,0
A0A0R0F7J9,I1MVC6,0
I1LIM0,I1LHS8,0
K7MXD1,A0A0R0EYS5,0
I1JML1,I1MVC6,0
A0A0R0JZD5,I1MNU1,0
C6SY81,I1KLS1,0
C6SZL0,I1N761,0
I1MJM9,K7M6R4,0
I1JFF6,I1K146,0
I1J8W9,I1LWZ0,0
A0A0R0HSJ1,A0A0R0JSJ9,0
I1JZC3,I1LLS4,0
K7KEV0,A0A0R0L5Q1,0
I1K5H2,A0A0R0KWL0,0
K7LVE4,A0A0R0H141,0
I1LA00,I1KZY8,0
C6TLT3,I1JV03,0
C6TG91,K7L2R0,0
K7MC09,A0A0R0JJK0,0
C6T084,I1JC65,0
I1JS66,I1J4B5,0
I1K725,I1KFL5,0
I1MK36,C6TCH4,0
K7MMG1,K7N145,0
I1LSM6,C6TBL4,0
K7K553,K7LNG6,0
I1KDB2,K7M466,0
I1MNK0,C6TGZ1,0
A0A368UH03,I1MLF1,0
A0A0R0GNH6,I1LVN3,0
I1KX98,C6TNW3,0
I1KDB2,C6T065,0
I1LC20,I1LLK1,0
I1J7S6,I1L171,0
I1KLE1,A0A0R4J4C3,0
A0A0R4J389,I1K3X9,0
I1L5Z7,P17093,0
I1KJ56,K7L7W0,0
K7MMF4,A0A0R0HCS6,0
A0A0R0ERF9,K7KAB4,0
K7KCG5,I1NG45,0
O48548,I1KMS8,0
A0A0R0HHZ3,P17093,0
A0A0R0K6F4,K7LIE3,0
A0A0R0L7S1,I1N780,0
I1KP31,C6TN69,0
K7KPJ4,C6TJ17,0
I1LDU4,I1KUS2,0
I1KDB2,I1LY15,0
K7LW22,I1L2H4,0
C6SY81,K7M6Z2,0
I1LP18,I1KPE7,0
C6TFN5,A0A0R0FEN3,0
A0A0R0I1I4,A0A0R0GG06,0
A0A0R0JES0,I1ML11,0
I1LP56,I1NG45,0
C6SXP5,I1KZK2,0
C6T883,A0A0R0K0K3,0
K7MH53,K7MC85,0
A0A0R0HSJ1,K7L2D7,0
I1MYX8,A0A0R0JJK0,0
I1KBM7,A0A0R4J426,0
A0A0R0KXY9,A0A0R0HSA0,0
I1KMS4,I1JUQ0,0
A0A0R0JG07,K7N1T9,0
I1JL13,K7MGQ2,0
A0A0R0GE56,I1MSN3,0
I1NC77,I1ML11,0
C6TGR3,A0A0R0KPE1,0
A0A0R0L7S1,A0A0R0EYS5,0
K7L3P2,I1K3X9,0
Q2TFP1,I1LXQ3,0
I1KMP8,K7N5K2,0
A0A0R0G5A8,I1KSD0,0
I1KHL6,I1M1D5,0
A0A0R0ESI3,K7KW44,0
I1M7C1,I1K6E7,0
K7MS88,I1N780,0
C5NTE7,I1NAF6,0
C6SY99,I1M1D5,0
I1JV48,I1KQE3,0
I1LYU9,C6TD23,0
I1LZW4,C6TK73,0
K7M787,K7L9M2,0
A0A0R0L7S1,I1LVN3,0
K7LWC5,I1JMK4,0
I1LS70,A0A0R0G7I0,0
A0A0R0FKK9,A0A0R4J4D0,0
K7MTC4,A0A0R0H141,0
I1JMT0,I1KH38,0
I1MEZ1,I1KM19,0
I1K5L7,I1NIE5,0
I1KEY6,C6TN69,0
K7KTT9,I1K5K7,0
K7KE09,I1LEC4,0
A0A0R0K0L0,I1J9I1,0
K7LWC5,I1LGD6,0
I1N6N9,I1LPJ8,0
I1KCX1,I1KM19,0
I1MZ32,K7LCS7,0
A0A0R0FQN0,K7KK86,0
I1KXI7,I1JUQ6,0
I1LUI7,K7KFY5,0
K7KLF0,I1M1D5,0
I1NFS4,K7K318,0
K7L240,A0A0R0EKI7,0
I1JML1,K7M849,0
I1LA00,I1KLS1,0
K7MWR1,A0A0R0FEN3,0
C6TD73,A0A0R0HSH0,0
O48548,K7MNN5,0
I1N056,I1LWZ0,0
A0A0R0ERF9,I1MRI5,0
C6TKG0,K7N5K2,0
I1L8S1,C6TIK0,0
I1KVX9,I1M998,0
I1NFU9,I1K5B6,0
C6SY81,A0A0R0JT51,0
A0A0R0F7J9,I1M225,0
K7KTT9,K7N1L5,0
I1M7C7,A0A0R0L4P0,0
I1KEG8,K7M6R4,0
C6SZG8,C6TCH4,0
A0A0R0HXE9,A0A0R0FX75,0
I1MNE4,A0A0R0FJR0,0
K7MAP3,I1MVC6,0
C6TFR5,A0A0R0GPH9,0
I1N8Y6,A0A0R0L0E7,0
K7KNJ6,A0A0R4J4D0,0
A0A0R0HIA6,P17093,0
I1KFU0,A0A0R0HSH0,0
C6T083,C6TIK0,0
A0A0R0KH89,I1LPK5,0
A0A0R0EWX9,I1JD52,0
A0A0R0GRI6,I1N761,0
I1LPI3,A0A0R0K6I2,0
K7LW22,I1K115,0
I1JIJ4,I1MGG7,0
I1MM64,I1L332,0
I1LPZ2,C6TIK0,0
C6SZL0,I1LWZ0,0
C6T567,I1MLF1,0
K7L9V3,K7K8Y9,0
I1JRL7,I1MVC6,0
I1LVX2,I1MC28,0
I1MNM3,I1LIT1,0
A0A368UHE3,A0A0R0ENB3,0
K7KDA5,I1N8M8,0
I1N1Y6,I1K467,0
I1MVG5,I1M1W3,0
I1J4E1,C6SW04,0
I1MT74,A0A0R0GFH3,0
I1MFH3,I1JAH7,0
I1LPI3,A0A0R0GFL3,0
I1KU09,K7LIE3,0
I1MLK3,K7L7W0,0
I1KQB9,C6SZG1,0
I1N0U4,K7LK09,0
I1JAG0,I1JD07,0
I1MLK3,A0A0R0JQJ0,0
A0A368UHC3,I1JMK4,0
I1L524,K7K4C7,0
C6SVF8,K7KQZ8,0
A0A0R0EU45,I1MQC8,0
I1JTW0,I1L2H4,0
I1JTE4,I1L2H4,0
C6SXP5,I1NAF6,0
I1NIJ9,I1LEC4,0
A0A0R0KXY9,I1MRI5,0
I1M7V7,C6T2G5,0
I1M5E2,I1NCF8,0
I1K5J5,K7N1T9,0
C6TCW7,K7LTB2,0
I1J4E1,I1NC50,0
I1KH45,I1KYL4,0
I1LIR4,A0A0R0JJK0,0
K7LWC5,K7L2R0,0
I1LJI8,Q43463,0
C6SYQ2,K7L2D7,0
A0A0R0I8Z5,I1JC65,0
I1M3Q3,A0A0R0JTV5,0
A0A0R0G5A8,I1MLJ0,0
I1MYX8,K7LTR0,0
K7L1D3,I1L171,0
I1JNK6,I1JHJ0,0
I1M2R5,I1N8M8,0
A0A0R0J7J3,A0A0R0G7I0,0
I1LGQ1,A0A0R0FER5,0
I1MNU7,K7KAB4,0
I1LHR1,A0A0R0JTV5,0
K7MCH3,C6T4V3,0
K7MNC0,I1KJD2,0
C6T8R7,I1M5B6,0
K7L9V3,I1K1W8,0
I1M9F7,K7MFZ6,0
I1JY67,I1LFD2,0
K7MMR4,I1JK31,0
K7N5D4,K7LQV0,0
I1LGQ1,I1JK31,0
I1JRL7,I1N898,0
I1LZW4,I1N780,0
I1LC01,K7N5K2,0
C6SZL0,K7MXH5,0
Q2PMS6,I1KSL6,0
I1LPZ2,A0A0R0KPE1,0
I1JNK6,K7LSG2,0
I1J870,A0A0R0L0E7,0
C6SWA0,I1LXQ3,0
I1KPU4,K7N129,0
K7L3K3,I1M5B6,0
I1N8Y6,I1MZV0,0
K7LQ96,I1L171,0
K7KEV0,I1N898,0
I1LCX3,I1LWZ0,0
I1M3U2,K7M841,0
K7KPJ4,I1LXQ3,0
I1JVN0,K7M864,0
I1NGQ5,I1K4R8,0
C6TNX5,I1MEF5,0
K7KFV5,C6TK73,0
I1LKQ4,K7MM40,0
A0A0R0JB42,A0A0R0EKI7,0
I1LUL7,I1LLS4,0
A0A0R0FSY2,A0A0R0FER5,0
C6T3I8,C6T0A0,0
I1JW21,I1NCF6,0
P46279,K7KES1,0
K7KFV5,K7L939,0
I1JY87,I1K215,0
I1LYN0,I1M269,0
I1JDH6,A0A0R4J4D0,0
I1LAR7,I1MLF1,0
I1NCS8,I1JA95,0
C6TEP1,I1ML11,0
I1KXI7,A0A0R0EWR2,0
K7LSH9,I1KMS8,0
Q2PMQ9,A0A0R4J4C3,0
I1JUJ8,Q2PMR3,0
K7LVE4,I1MZV4,0
K7KKB2,I1NCF8,0
K7MXS9,I1JRJ3,0
C6SZG8,I1MC28,0
I1KQG0,C6SW04,0
I1K328,A0A0R4J426,0
C6T2H2,I1MW51,0
I1MIE5,K7MFE5,0
K7KIU3,C6SWS6,0
I1K5H2,K7M6I1,0
I1K3U2,A0A0R0FEN3,0
K7L3P2,A0A0R0EJV2,0
C6T083,I1KYL4,0
Q2PMQ9,K7N145,0
K7N3F6,A0A0R0H141,0
I1K8C1,I1LIT1,0
C6SXF5,C6TGZ1,0
A0A0R4J3D2,A0A0R0ENB3,0
I1M3Q8,I1K5K7,0
C6SXM9,I1J8C9,0
K7M2D8,K7LLV5,0
A0A0R0KNE1,A0A0R0K6I2,0
I1K628,C6SX83,0
A0A0R0ESI3,A0A0R0JBV0,0
I1MZ32,A0A0R0JBV0,0
I1LYU9,K7MMD7,0
I1K5J5,K7MQG6,0
A0A0R0L115,K7KK86,0
I1K3U2,A0A0R0FXD4,0
I1KY58,A0A0R0JJI0,0
I1L6W0,K7N129,0
C6SYF3,C6TN69,0
A0A0R0IHF9,C6TJ17,0
I1L8L5,K7L939,0
I1LUL7,A0A0R0IZY4,0
A0A0R0GC27,I1LM96,0
C6SZM2,I1N898,0
I1KQC7,I1LPK5,0
A0A0R0JJ98,K7L9M2,0
I1LZM7,I1LPK5,0
I1K4D7,A0A0R0L7U5,0
I1J870,K7LSG2,0
I1N1V6,K7M592,0
C6SXP5,A0A0R4J426,0
I1KHL4,K7KK86,0
Q2PMT2,A0A0R0L828,0
I1MY72,I1MLF1,0
I1J9W0,I1NCF6,0
C6T507,I1LIT1,0
I1K620,A0A0R0EUJ0,0
I1LDU4,K7LHS7,0
I1LAR7,K7MGQ2,0
I1MUC0,K7MQG6,0
A0A0R0FEI0,A0A0R4J5K6,0
I1L3P6,A0A0R0JT51,0
I1JWH5,I1LL05,0
I1LKQ4,I1JHJ0,0
I1MEN1,K7MFZ6,0
I1JM69,I1LH18,0
I1KRZ2,A0A0R0EYS5,0
I1N954,A0A0R0GG06,0
I1M273,I1JE09,0
K7K553,A0A0R0GWH6,0
I1KZW4,I1KYL4,0
A0A0R0EJE2,I1KQE3,0
A0A0R0K0L0,I1LIA8,0
I1J7A8,K7KFY5,0
I1JE83,A0A0R0EG78,0
I1MVG5,I1LLS8,0
I1JNB0,I1JVX3,0
A0A0R0GBL8,I1MEQ6,0
K7MH53,A0A0R0EKI7,0
I1MGG3,I1KM19,0
C6SYF3,I1JRU7,0
A0A0R0GZZ6,A0A0R0EDS9,0
A0A0R0GJ85,K7K4C7,0
K7L1B9,A0A0R0GAQ8,0
K7LRU2,I1LEC4,0
I1NH73,I1LPK5,0
I1M7C7,A0A0R0FB78,0
I1LKQ4,K7L2R0,0
I1L5H8,K7K894,0
I1N9S5,I1MVC6,0
A0A0R4J3Y6,A0A0R0GFH3,0
C6SXP5,I1NIE5,0
C6SWM1,I1LL05,0
I1MLZ0,K7KAB4,0
A0A0R0ERF9,A0A0R0L4P0,0
C6SWL3,I1K215,0
A0A0R0HSV1,I1K215,0
K7MWR1,K7M592,0
K7K676,I1JD52,0
A0A0R0GRI6,A0A0R0FGT9,0
I1N0R5,A0A0R0JBV0,0
A0A0R0LB39,A0A0R0FX75,0
A0A0R0HXE9,C6TFX5,0
I1K5K3,K7MM40,0
K7KGC2,I1KTI0,0
I1KTS9,K7MRF5,0
A0A0R0FNV7,I1KZK2,0
A0A0R0JKU3,I1KXK6,0
I1LPI3,K7MGQ2,0
I1L8L5,K7LK09,0
I1N9I5,P62302,0
I1KTS9,K7MTL2,0
I1KRZ2,A0A0R0JJK0,0
I1LS70,I1NJ53,0
I1J8V4,C6T5U0,0
A0A0R0L4N1,A0A0R0ENB3,0
I1L219,K7L2D7,0
I1K5J5,I1MZV4,0
I1N8Y6,K7N1T9,0
A0A0R0HHZ3,A0A0R0IF42,0
K7KDM1,A0A0R0JRI8,0
K7KKB2,K7MYK9,0
I1J5B0,A0A0R0JJI0,0
A0A0R0G2B9,A0A0R0FJR0,0
I1LZM7,K7M6Z2,0
K7MMF4,A0A0R0FEN3,0
I1MEN1,I1KLS1,0
I1L478,A0A0R0GFM7,0
I1JYG6,K7MFE5,0
I1MLZ0,A0A0R4J426,0
A0A0R0ESI3,I1LIU7,0
K7KZ42,A0A0R4J2Q5,0
K7KDA5,I1JC65,0
K7M2D8,K7LSJ2,0
K7K3W5,I1K146,0
A0A0R0EU45,K7KH93,0
I1LDA7,K7M846,0
C6SWI3,K7N0V8,0
K7N5D4,I1LIU7,0
I1L4B6,I1KSD0,0
I1LZT5,A0A0R0HSA0,0
I1KQE2,K7MNN5,0
K7MVB9,I1K4R8,0
A0A0R0KR16,A0A0R4J4C3,0
I1LZT5,I1LEC4,0
K7MCD1,K7MYK9,0
I1KXG2,I1JD36,0
I1M100,I1MJJ9,0
I1MSC6,C6SZ70,0
I1L9A1,A0A0R0JYX3,0
I1NF54,C6TGA9,0
I1KYS6,I1MLF1,0
K7MWR1,A0A0R0EUJ0,0
I1KTD4,I1KYL4,0
I1N1X8,I1LH18,0
I1L219,I1M5B6,0
C6TL77,I1KQE3,0
A0A0R0HXE9,I1MC28,0
I1LRE4,K7K8Y9,0
A0A0R0H2V0,I1L7G4,0
K7KE09,I1ML11,0
A0A0R0KNE1,C6TGZ1,0
I1N6N9,I1KQE3,0
I1N8M4,C6TGA9,0
A5Z2K3,K7L2D7,0
A0A0R0FNV7,A0A0R4J4C5,0
I1M7C1,I1K5K7,0
C6T8R7,K7L7W0,0
I1KQ68,Q2PMR3,0
C6T1P2,A0A0R0L7U5,0
I1KJT5,C6TJM4,0
A0A0R4J389,K7KWE4,0
I1LLA9,K7MQG6,0
A0A0R0JS60,I1LM96,0
I1K911,I1JRJ3,0
I1N0R5,K7MNN5,0
A0A0R0HSJ1,I1M225,0
C6TLV6,A0A0R0GUR9,0
I1MJ97,I1L9K4,0
C6SWD4,I1LIT1,0
I1LPZ3,K7LK09,0
A0A0R0F2Z4,K7M849,0
I1JU70,K7K8K7,0
I1MK36,I1MRI5,0
I1LGB7,I1KVC1,0
A0A0R0FJF0,I1L171,0
I1K5H2,C6TIQ7,0
K7L3K3,K7KW44,0
C6T1E6,A0A0R0GG06,0
A0A0R0H8M3,A0A0R4J2Q5,0
I1L478,I1JMH3,0
A0A0R0EU45,I1LEC4,0
P07506,A0A0R4J488,0
I1LUL7,I1KQE3,0
Q2PMQ9,K7M6Z2,0
I1MC26,K7MGQ2,0
I1K9B8,I1K5B6,0
I1L250,I1JMZ7,0
K7L1D3,I1LUE0,0
I1J7A8,K7KK74,0
I1JVU8,I1KQE3,0
I1KDB2,I1JC65,0
K7KLI7,I1MNS7,0
A0A0R0JS60,I1M277,0
C6SYQ2,I1JRV0,0
I1KPT1,A0A0R0FTI5,0
K7LW22,A0A0R0GG06,0
C6SVF8,C6T5R4,0
I1LJW2,A0A0R0L828,0
A0A0R4J3R4,A0A0R4J5K6,0
A0A0R0JJK8,K7M466,0
I1LKQ4,I1LHS8,0
A0A0R0EFE2,I1LW00,0
I1JMZ3,I1LG13,0
I1JXB4,I1LHS8,0
A0A0R0G3G4,I1MNU2,0
K7KP67,K7LLV5,0
I1L412,A0A0R0GFH3,0
I1LPD3,C6SYW6,0
A0A0R0EYA9,I1KEC8,0
A0A0R0EFE2,A0A0R0FZM4,0
K7LWN2,K7MNP5,0
I1JL13,M1FN34,0
A0A0R0JYB5,K7MNN5,0
K7MPL4,A0A0R0GAQ8,0
I1KPA1,I1M1W3,0
K7MH53,I1LLK1,0
I1JRL7,I1LM96,0
C6TNL5,I1LY15,0
C6TE07,A0A0R0E934,0
C6TKB2,I1NG45,0
I1KD09,K7N1T9,0
I1K725,K7LQV0,0
M1FN39,K7LCS7,0
A0A0R0HIA6,K7MC85,0
I1K3P0,K7K318,0
C6T0U3,C6SW04,0
I1MC26,C6TBL4,0
K7LSH9,A0A0R0GBB6,0
I1KRD4,I1M3W1,0
A0A0R0L098,I1NCF8,0
I1MQD0,I1JMZ7,0
K7KP66,A0A0R0G7B5,0
I1J870,A0A0R4J384,0
K7MNC0,I1KHJ4,0
P46279,I1MNU1,0
A0A0R0J7Q5,I1M1W3,0
I1JVP4,K7N5K2,0
I1MTZ8,I1MW74,0
I1NHQ1,A0A0R0ENB3,0
K7LDR8,I1KAR1,0
I1MEN1,C6TJM4,0
C6TFN5,A0A0R0IT62,0
K7KCG5,I1KFL5,0
I1JU70,I1JYT2,0
K7MST2,A0A0R0JBL2,0
I1NH73,I1K642,0
I1MRS5,I1MGG7,0
P46279,C6TBL4,0
C6T8L7,I1MC28,0
A0A0R0JLD5,K7K8Y9,0
K7M4N3,I1NCV4,0
I1MKM3,A0A0R0JT51,0
A0A0R0JG07,A0A0R0JBL2,0
A0A0R0GRI6,K7M9T4,0
I1NGD2,I1KXK6,0
A0A0R0GCF5,I1ML11,0
I1JW21,A0A0R0K0K3,0
I1N0W9,K7KAB4,0
Q2TFP1,K7M6R4,0
C6T426,I1MLJ0,0
I1MTH0,I1NCF6,0
I1N6N9,A0A0R0HCS6,0
A0A0R0F0T6,I1JHJ0,0
C6TG81,I1KJF2,0
I1KIB3,I1JB64,0
K7MZ38,C6TFX5,0
I1MLN7,I1LFD2,0
C6SXJ9,I1K5B6,0
I1MKM3,K7MFE5,0
I1N0U4,I1K146,0
I1J7S6,I1KHJ4,0
I1LPJ3,K7KJB2,0
I1J9J7,A0A0R0GJV8,0
I1KHL4,A0A0R0L0E7,0
I1K5J5,I1MPJ4,0
I1MVK7,A0A0R0GS25,0
I1K328,K7N145,0
K7MXD1,I1JRU7,0
I1MLH9,A0A0R0L5Q1,0
I1N9E1,A0A0R0KWT5,0
K7LKS0,C6TN69,0
K7MMR4,A0A0R4J2Q5,0
K7N0U1,K7M846,0
C6TKB2,I1LPJ8,0
K7M097,C6T4V3,0
I1M2R5,I1LPW2,0
I1L1L2,M1FN34,0
C6SWZ1,I1KAR1,0
I1KCH6,I1LGD6,0
I1N0U4,I1M998,0
I1MTH0,A0A0R0L0E7,0
A0A0R0GE84,I1MW74,0
I1MQB5,C6TGZ1,0
A0A0R0L4N1,K7LHS7,0
I1KY58,I1MPJ4,0
I1K5L7,A0A0R0JBV0,0
A0A0R0L372,A0A0R0EG78,0
I1KUT8,I1KM19,0
I1KV60,K7M6R4,0
P09755,A0A0R0EYS5,0
I1KJ56,A0A0R0GWH6,0
A0A0R0GZZ6,K7N0V8,0
A0A0R0GG96,A0A0R0FEN3,0
I1KS88,K7K8K7,0
I1L1S1,A0A0R4J4D0,0
C6T9S5,I1JE09,0
C6SWD4,I1KQE3,0
I1N9E1,A0A0R0K6I2,0
I1KHL4,A0A0R0IT62,0
I1NIJ9,K7L4N7,0
A0A0R0IHF9,C6TGZ1,0
I1M7C1,A0A0R0FGT9,0
I1KB26,I1K4R8,0
I1K725,I1JVX3,0
I1LYN0,A0A0R4J426,0
I1LLA9,I1MW51,0
K7KVG4,K7LQV0,0
A0A0R4J3N1,I1NAJ5,0
C6SVR8,M1FN34,0
A0A0R0JES0,I1JMZ7,0
A0A0R0KTM7,K7KK86,0
I1KR80,C6SX83,0
I1NHQ1,I1LVN3,0
A0A0R0I8Z5,I1JHJ0,0
C6T3G1,I1KZ09,0
I1KBM7,I1KD82,0
A0A0R0FX70,K7KJB2,0
A0A0R0F2G6,K7L6K2,0
K7KDA5,K7M4E0,0
I1LJI8,A0A0R0JTV5,0
C6T530,K7N0V8,0
I1MJM9,C6TJ17,0
A0A0R0FQN0,I1NJ53,0
I1LBV2,I1M998,0
I1MYX8,K7LK09,0
A0A0R0FSS2,I1L3P5,0
I1M3V1,I1LLS4,0
I1LMQ5,C6TNW3,0
I1NCS8,I1LPJ8,0
I1J553,I1KMS8,0
K7KIU3,K7MGQ2,0
I1LUL7,K7M6Z2,0
I1LMW7,I1JYT2,0
A0A0R0GJ85,A0A0R0HSH0,0
K7KPJ4,I1MPJ4,0
Q2PMU0,I1K970,0
K7LGW1,A0A0R0EWR2,0
K7N5D4,I1MGG7,0
I1LCX3,C6TNW3,0
K7MMF4,A0A0R0L7U5,0
K7LDR8,I1MZV4,0
I1KQG0,I1MNV2,0
C6SYF3,K7MNP5,0
A0A0R0LB39,I1MNU1,0
I1JMT0,K7M849,0
I1JTE4,I1KEC8,0
I1KRZ2,I1N8M8,0
C6SWM1,C6T5U0,0
I1KC19,I1K6E7,0
H2D4C3,K7MM40,0
I1MFH3,I1MK72,0
I1K650,I1JD07,0
C6T2Z2,I1LIU7,0
I1MQB5,A0A0R4J4H3,0
I1LIK8,A0A0R0FX75,0
I1M4P0,I1JMK4,0
I1MIE5,I1M5B6,0
I1KV60,K7KNC5,0
C6SY81,A0A0R0L828,0
C6SWM1,A0A0R4J5B7,0
I1JZC3,I1LG13,0
I1MSC6,M1FN34,0
A0A0R0JYY8,A0A0R4J2Q5,0
I1JWF0,I1MZV0,0
A0A0R4J389,I1MJJ9,0
I1LP56,I1LPK5,0
I1M4P0,K7LLV5,0
I1L8L5,I1LUL2,0
I1LLA9,Q43463,0
P07506,I1MNU1,0
K7MH53,A0A0R4J2Q5,0
K7MRX6,I1JUQ6,0
I1KRD4,I1N761,0
I1JY87,K7MQG6,0
A0A0R0EI44,I1LXQ3,0
I1JUJ8,I1LG13,0
I1MY72,I1KJF2,0
A0A0R0FKK9,A0A0R0GFH3,0
A0A0R0F2G6,A0A0R0IR73,0
K7KE09,I1MVC6,0
I1K5J5,A0A0R0K6I2,0
I1MBW8,I1NAF6,0
I1KBL4,C6TJ17,0
I1KPT1,I1NIE5,0
I1LUL7,A0A0R0FEN3,0
I1K3U2,I1K467,0
I1M3U2,A0A0R0JTV5,0
I1MQB5,A0A0R0G7I0,0
I1L3P6,I1KZ09,0
K7KDM1,K7MFE5,0
I1N954,I1L171,0
C6SW69,C6TJM4,0
I1KIY3,A0A0R0FTI5,0
K7K2H1,I1K4R8,0
I1K3P0,I1KSD0,0
I1NIE7,K7KK86,0
A0A0R0EFE2,A0A0R0GS25,0
I1N1Y6,C6TNW3,0
C6SYE0,I1LWZ0,0
I1NDG6,I1JB64,0
I1MEN1,I1NC50,0
K7MMR3,C6SZG1,0
K7KVG4,I1KD82,0
K7KPJ4,K7KAB4,0
I1K5H2,A0A0R0FER5,0
C6TL77,K7M846,0
I1MZ47,I1MC28,0
I1LJI8,A0A0R0HSH0,0
I1L8G3,I1NC50,0
I1JFF6,K7KVK2,0
I1JUJ8,C6TGZ1,0
K7KY63,C6TN69,0
I1LG61,I1K467,0
I1KUT8,I1LPJ8,0
C6SVB5,I1JV03,0
K7MZP6,I1JYT2,0
A0A0R0HHZ3,C6T4V3,0
A0A0R0FEN9,I1MGG7,0
I1JRL7,C6SZQ0,0
I1JUJ8,A0A0R4J4H3,0
I1LUI7,A0A0R0GS25,0
K7LW22,I1NAF6,0
I1JBJ2,I1MNU1,0
K7KFV5,A0A0R0HSA0,0
I1LKQ4,I1MSN3,0
I1JNV3,I1MNU1,0
C6T8R7,K7M592,0
K7KPJ4,K7KK86,0
C6TEP1,A0A0R0JRI8,0
C6SYR1,K7N0V8,0
A0A368UHM1,K7K8Y9,0
I1JNV3,I1L2H4,0
I1KQE2,A0A0R0KPE1,0
K7M4N3,K7M849,0
I1N9I5,I1MJJ9,0
K7L9V3,A0A0R0H141,0
I1KCX1,I1JD36,0
C6T507,I1J8W6,0
I1KLE1,I1LXQ3,0
I1JUJ6,I1L3P5,0
K7MWR1,A1YZE0,0
I1KCB7,C6T5R4,0
A0A0R0EFE2,C6SZ70,0
I1MY72,K7N0V8,0
I1L524,I1NCF8,0
C6SVU4,I1JC65,0
A0A0R0H9H8,A0A0R0GUR9,0
I1JRA0,C6TGZ1,0
I1NBC2,K7LQV0,0
I1LP18,K7MMD7,0
I1LDU4,K7N129,0
I1J4E1,K7KH93,0
C6T0E4,I1LIA8,0
C6TG81,A0A0R4J4C5,0
I1JV48,K7KFY5,0
K7MMR4,A0A0R0FEN3,0
A0A0R0G5V6,I1K215,0
I1LP18,I1KAD1,0
I1JRA0,A0A0R0L7U5,0
K7MH53,K7MNN5,0
K7KNJ6,A0A0R0GFL3,0
I1KH45,I1KEC8,0
I1JMZ3,A1YZE0,0
C6SY81,I1KYL4,0
K7MCD1,A0A0R0FB78,0
I1MYX8,I1MPJ4,0
I1KMS4,A0A0R0FXD4,0
I1L1N3,I1JHJ0,0
I1M7C7,A0A0R0KVY6,0
C6TG99,A0A0R0F214,0
A0A0R4J2K3,K7L939,0
A0A0R0EJE2,K7M9T4,0
C6TNL5,A0A0R4J5B7,0
I1K911,I1JA95,0
I1LIS4,K7LCS7,0
C6TL77,I1JD52,0
I1KAJ2,A0A0R0FER5,0
Q2TFP1,A0A0R0K7U0,0
A0A0R4J3Y6,A0A0R0HV63,0
I1MNU7,C6TNW3,0
I1KTD4,K7MFZ6,0
A0A0R0GC27,C6T5R4,0
I1N439,A0A0R0FZM4,0
I1MHH7,A0A0R0JBL2,0
A0A0R0LA89,K7N1T9,0
C6SW43,K7MTL2,0
A0A0R0EWX9,A0A0R0GBB6,0
I1LAR7,K7LTR0,0
I1LPD3,A0A0R0L4P0,0
I1MVG5,I1LR48,0
C6SVV7,K7LQV0,0
C6SWG4,A0A0R4J5C5,0
I1NFS4,A0A0R0GS25,0
P48513,I1JE09,0
I1M0C2,K7K8K7,0
C6SZL0,I1K5K7,0
C6SYR1,I1LY15,0
C6SZY0,K7LTB2,0
I1KCN1,A0A0R0KVY6,0
I1MK96,A0A0R0L828,0
I1KP31,I1J8C9,0
I1MGB0,I1JMK4,0
I1LZ09,A0A0R0KE62,0
I1KQG7,K7KVK2,0
A0A0R0KFE8,K7LSG2,0
Q2PMQ9,K7N0V8,0
I1KVX9,A0A0R0L5Q1,0
C6TG99,A0A0R0JSJ9,0
I1LGB1,I1LIU7,0
C6SWM1,A0A0R0EWR2,0
I1M4Y9,I1KAR1,0
I1MY43,I1M1W3,0
I1N056,I1N761,0
A0A0R0HIA6,A0A0R0IR73,0
I1LWR7,A0A0R0KWL0,0
K7MH53,I1LPJ8,0
I1LYU9,A0A0R0L828,0
K7LA18,I1JAH7,0
I1J5U5,A0A0R0EWR2,0
I1KS36,I1LVN3,0
I1KVL0,I1JV03,0
I1JMZ4,A0A0R0KPE1,0
I1KJH7,M1FN34,0
I1KP31,I1K4R8,0
A0A0R0EZ39,A0A0R0JQJ0,0
K7LDR8,Q2PMR3,0
K7KIU3,K7KFY5,0
I1KX98,I1LPW2,0
A0A0R0F077,K7KFY5,0
I1MLN7,I1MGG7,0
I1KTS9,I1MF50,0
I1LA00,P62302,0
I1J5Q1,I1KH38,0
C6TC92,K7LK09,0
I1LKU1,I1KXK6,0
K7MVB9,I1LEC4,0
I1LJI8,K7LHS7,0
I1JE83,I1JC65,0
A0A0R0LFT0,I1K5K7,0
I1KMP8,A0A0R4J4C5,0
C6TG81,I1MW74,0
I1LMW7,A0A0R0GFM7,0
A0A0R0KH89,I1K9J7,0
K7M9K9,I1KFL5,0
K7K2H1,C6TJ17,0
I1L219,C6SZ70,0
C6SVB5,I1KMS8,0
I1JL13,I1LW00,0
I1JUT9,I1L9K4,0
C6TKG0,I1JRV0,0
I1M0N9,K7LNG6,0
I1JV48,A0A0R0G7I0,0
I1N0W9,A0A0R0FM97,0
I1L478,I1LH27,0
I1LP56,K7M846,0
K7KGE9,A0A0R0JYX3,0
K7LW22,I1KEC8,0
I1JKP1,I1NJ53,0
A0A0R0EU45,K7L6N7,0
I1JNK6,I1J4B5,0
A0A0R0H7N0,C6T4V3,0
I1KV60,A0A0R0EYS5,0
I1JT85,I1LEC4,0
I1JUT9,O22518,0
I1KGU0,A0A0R0FB78,0
I1MM89,I1JMZ7,0
A0A0R0JZD5,I1MVC6,0
I1MTZ8,Q43463,0
A0A0R4J3R4,I1NCV4,0
A0A0R0KFE8,I1NG45,0
K7KEV0,K7LSG2,0
C6TNX5,I1ML11,0
I1NFU9,A0A0R0KWL0,0
I1MTH0,K7L4N7,0
C6T530,A0A0R0G7I0,0
I1L8H7,A0A0R0EWR2,0
I1K2J5,A0A0R0G7B5,0
I1N1X8,I1M1W3,0
A0A0R4J2K3,I1LLS8,0
I1LSM6,A0A0R0GAQ8,0
I1JQR6,A0A0R0GFL3,0
C6T5Z0,A0A0R0GPH9,0
K7K415,I1LEC4,0
A0A0R0H7N0,A0A0R0EYS5,0
I1LC01,I1K970,0
K7MRX6,A0A0R0KWT5,0
I1JHC2,I1KTI0,0
I1JHC2,I1LIA8,0
I1NDG6,I1MZV0,0
I1KX98,I1K467,0
I1K912,K7M6Z2,0
I1L5H8,I1K9J7,0
I1LHR1,C6T4V3,0
I1LPC3,A0A0R0F214,0
I1LUI7,I1J8C9,0
I1JHN5,K7LLV5,0
A0A0R0EJE2,I1N898,0
K7MXD1,I1NCV4,0
I1NF12,K7KFY5,0
K7LIW2,I1K4R8,0
A0A0R0J7Q5,K7M846,0
A0A0R0FJF0,I1MLJ0,0
K7MCH3,C6SW04,0
I1K2U0,Q2PMR3,0
I1MHH7,I1NCV4,0
C6T084,C6TIK0,0
A0A0R0GZZ6,A0A0R0GFM7,0
A0A0R0JJ98,A1YZE0,0
C6T5Z0,I1LXQ3,0
I1JIJ4,I1K5K7,0
I1L1S1,I1M3W1,0
A0A0R0KR16,I1JHJ0,0
I1LDA7,I1K642,0
C6SYE0,K7M864,0
C6SWG4,I1J547,0
I1LLA9,K7N129,0
K7KE09,I1K4R8,0
I1LPI3,A0A0R0H141,0
I1L4B6,I1MZV0,0
I1LIS4,C6TIK0,0
C6TKG0,K7L7W0,0
I1NCS8,A0A0R0IZY4,0
I1MM64,I1MSN3,0
I1K912,A0A0R0JRI8,0
I1M3Q8,I1LIT1,0
K7MXS9,I1MNS7,0
K7L395,P17093,0
I1JI73,A0A0R0FM97,0
C6TBN8,K7M849,0
I1NHQ1,I1LM96,0
I1NCS8,A0A0R0L7U5,0
I1MV96,I1K115,0
I1KNN1,I1LY15,0
K7KTT9,I1KAR1,0
I1K4U3,A0A0R0HSH0,0
P09755,A0A0R0EDS9,0
A0A0R0HDM5,I1JAH7,0
C6F117,I1JAH7,0
A0A0R0GG96,K7L939,0
I1JP52,I1N761,0
I1KGZ6,A0A0R0G7I0,0
I1M9F7,I1MRP6,0
K7LZZ5,I1LIT1,0
K7LA18,A0A0R0K7U0,0
I1J5Q1,I1LIA8,0
I1M5E2,I1K115,0
C6TKC3,K7MYK9,0
I1M0N9,K7MXE0,0
K7KP66,K7MFZ6,0
A0A0R0FSS2,K7L4N7,0
K7KP66,K7MM40,0
I1K628,A0A0R0KWT5,0
K7K415,I1N761,0
C6TNL5,A0A0R0EG78,0
I1JUR7,I1LUE0,0
K7LGW1,C6SYE1,0
I1JYG6,I1MW74,0
I1KIY3,A0A0R0K6I2,0
I1KJH7,C6SZQ0,0
I1KX98,I1LL05,0
I1MP46,K7L2D7,0
C6TAW8,I1JMK4,0
C6T083,K7LY43,0
A0A0R0H9H8,A0A0R0GS25,0
I1K650,K7L7W0,0
A0A0R0K0L0,I1LII4,0
A0A0R0H8M3,K7KES1,0
I1LXH0,I1LGD6,0
I1K3U2,C6T0A0,0
I1MBA2,I1MZV4,0
I1MTZ8,I1K467,0
Q2PMU0,C6TFX5,0
C6T0E4,A0A0R0IZY4,0
I1KGN6,C6SYE1,0
I1MNU7,I1LFD2,0
I1LIH7,I1LIA8,0
I1JYG7,A0A0R0HCS6,0
A0A368UHE3,A0A0R0KWL0,0
I1N7K6,I1LGD6,0
I1MNU7,A0A0R0G7I0,0
I1MHS1,K7MM40,0
I1L1L2,A0A0R0EG78,0
K7N0X7,I1LXQ3,0
A0A0R0E3E6,I1LY15,0
A0A0R0L2U1,A0A0R0L4P0,0
I1JS58,A0A0R0EJV2,0
A0A0R0J7Q5,I1M998,0
I1KYD6,I1KEC8,0
I1JV48,A0A0R0L828,0
A0A0R0H2V0,K7MXH5,0
I1L478,I1MRP6,0
I1KX98,I1MF50,0
K7KKB2,A0A0R0IZY4,0
C6SW43,I1JMZ7,0
Q2PMU0,I1K1W8,0
C6T3K0,C6SZQ0,0
I1M0C2,C6SW04,0
K7MTC4,I1LPK5,0
A0A368UH03,K7KWE4,0
I1NGQ5,K7M846,0
C6TKB2,Q43463,0
K7KZ42,K7L4N7,0
I1LBV2,K7K8Y9,0
I1KTS9,I1LPK5,0
I1MVE9,A0A0R0L5Q1,0
I1JMZ3,Q2PMR3,0
I1LJA4,A0A0R0HCS6,0
A0A0R0I8Z5,A0A0R0GJV8,0
K7MST2,I1LXQ3,0
C6SY99,I1M277,0
M1FIU8,K7M864,0
I1M3U2,I1JUQ6,0
I1KU09,I1LUE0,0
I1M0C2,A0A0R0FM97,0
I1K5J5,Q43463,0
I1JNB0,A0A0R0K6I2,0
I1LLA9,I1LUL2,0
I1J4E1,I1M1W3,0
I1MNE4,K7M6I1,0
C6SZM2,I1MSN3,0
A0A0R0EI44,I1KFL5,0
I1N8M4,I1LXQ3,0
I1NH73,I1KQE3,0
A0A0R0FKK9,I1JRV0,0
I1KHJ6,O22518,0
I1JKP1,A0A0R0JYX3,0
C6TBN8,A0A0R0GFM7,0
P07506,K7K318,0
I1M0C2,A0A0R0HCS6,0
I1JW64,I1K9J7,0
C6SZM2,I1K5B6,0
I1LC01,A0A0R0JRI8,0
A0A0R0E3E6,K7LHS7,0
K7MPL4,I1LEC4,0
I1JUJ6,A0A0R0IT62,0
I1K2J5,A0A0R0L4P0,0
I1KDB2,I1MSN3,0
I1MUQ7,C6TFX5,0
A0A0R0LB39,K7N1L5,0
C6SXJ9,C6T0A0,0
I1M9T4,C6T5U0,0
I1KQE8,A0A0R0G7B5,0
C6T7N2,A0A0R0L0E7,0
I1JI73,I1KXK6,0
I1JV48,K7N129,0
A0A368UJ64,C6SZQ0,0
I1MEZ1,C6TD23,0
I1M4Y9,I1KJD2,0
I1JYG7,I1MF50,0
I1JY67,C6TBL4,0
K7LKS0,I1K970,0
C6TAW8,I1KAD1,0
I1MGB0,C6TD23,0
I1K5G1,I1L9K4,0
K7LLK0,I1KCY5,0
I1MHA4,I1MTV9,0
A0A0R0KJP6,K7KES1,0
A0A0R0GYG1,A0A0R0ESZ8,0
I1JVU8,I1LEC4,0
C6T2Z2,K7MC85,0
I1M4Y9,A0A0R0GFH3,0
I1LMQ5,K7LTR0,0
I1MVG5,I1KSD0,0
K7KDM1,A1YZE0,0
I1JIJ4,I1LLS4,0
A0A0R4J2W3,I1MNU1,0
I1KTS9,C6TGZ1,0
I1M717,K7L7W0,0
K7KE09,K7LSG2,0
I1LYU9,A0A0R0GWH6,0
K7KCG5,A0A0R0G7I0,0
A0A0R4J2N2,A0A0R4J4C3,0
I1MRS5,I1MVC6,0
I1LYG4,K7M6R4,0
K7KYY0,I1KLS1,0
K7KPJ4,K7N0V8,0
I1JDR2,I1M225,0
I1MIE5,K7L4N7,0
A0A0R0L098,C6TJ17,0
M1FIU8,A0A0R0L4P0,0
K7MPL4,I1MPJ4,0
I1J5B0,I1LY15,0
I1KMS4,K7LFD7,0
I1JS66,I1NCF8,0
I1LJI8,I1LLS4,0
I1JUT9,K7LNG6,0
I1NBE9,I1M1W3,0
I1KJ98,I1MZV0,0
I1KQG0,I1LWZ0,0
K7LQ96,I1LUL2,0
I1JQR6,I1KPE7,0
M1FN39,I1JD36,0
A0A368UHE3,A0A0R0IZY4,0
I1M3Q8,K7KNC5,0
K7MAP3,I1K467,0
I1LJW2,I1K2I1,0
I1LDY7,I1JHJ0,0
M1FN39,A0A0R0KE62,0
C6SZY0,I1K9J7,0
C6TMM7,K7N1T9,0
I1JY87,K7M4E0,0
I1M7C7,I1LH18,0
I1N056,I1K146,0
I1M7V7,I1JD36,0
A0A0R0L115,A0A0R0KWL0,0
C6TKL8,A0A0R0EJV2,0
P48513,K7MM40,0
A0A0R0INQ5,K7KH93,0
I1JRA0,K7KFY5,0
C6SXM9,I1JB64,0
I1KEY6,K7M9T4,0
I1JML1,K7N1T9,0
I1LD74,K7N145,0
K7KTT9,I1K642,0
I1L524,K7N1T9,0
C6SZY0,A0A0R4J5C5,0
Q2PMU2,I1MF50,0
I1JAF7,A0A0R0IT62,0
K7KE09,K7LNG6,0
I1KCH6,A0A0R0KWT5,0
C6SVF8,I1L9K4,0
I1LIH7,A0A0R0L4P0,0
I1K725,I1LLS8,0
K7K9E1,A0A0R0GPH9,0
K7MMR4,I1LVN3,0
A0A0R4J2N2,C6TN69,0
K7L1D3,A0A0R4J5B7,0
I1KD09,I1MPJ4,0
I1MJ97,A0A0R0IF42,0
I1MY43,I1NG45,0
I1LUF0,I1MW51,0
I1JUT9,K7L7W0,0
I1NHI4,I1LL05,0
A0A0R0GE84,C6TN69,0
I1M7V7,K7M592,0
I1JRA0,I1JMH3,0
I1MU29,I1MPJ4,0
I1JXQ3,I1ML11,0
I1KYF8,I1JAH7,0
C6TFN5,I1MC28,0
K7K553,K7MRF5,0
A0A0R0KFE8,I1N898,0
C6SZM2,A0A0R4J4C5,0
I1K9B8,I1LIT1,0
I1JFS9,I1K5B6,0
K7M2D8,I1MJJ9,0
K7MZP6,I1KFL5,0
I1J4E1,I1MNS7,0
I1JIW3,I1NAF6,0
C6T3K0,A0A0R0EYS5,0
I1JHN5,A0A0R0L828,0
I1MNV4,I1LEC4,0
C6F117,I1KJF2,0
I1MEN1,C6T5U0,0
A0A0R0I0B9,K7M4E0,0
I1K5K3,A0A0R0GJV8,0
I1LYG4,A0A0R0FGT9,0
A0A0R0GCF5,K7LLV5,0
I1LGI1,A0A0R0EG78,0
A0A0R0FSS2,I1N761,0
A0A0R0GJ85,K7LLV5,0
C6SYR1,I1KVC1,0
A0A0R0L2U1,A0A0R0GAQ8,0
A0A0R0G5A8,A0A0R0IT62,0
A0A0R0JG07,I1LH18,0
I1KEY6,K7LSJ2,0
C6T2L5,I1N761,0
I1NJ79,A0A0R0ENB3,0
K7MGQ3,I1K467,0
O48548,A0A0R0JYX3,0
I1MUN3,I1LL05,0
I1KJ98,I1NG45,0
I1L1L2,A0A0R0FB78,0
K7MVB9,K7KVK2,0
I1MP46,I1KAD1,0
I1LS70,I1K6E7,0
I1LP18,A0A0R0FM97,0
I1MNE4,I1MNU1,0
I1KBM7,I1JMK4,0
I1JVN0,I1M1D5,0
A0A368UHC3,I1KJD2,0
I1MLZ0,I1K146,0
A0A0R0F2G6,C6TGZ1,0
I1LRH8,K7N1T9,0
I1MLH9,M1FN34,0
I1JZC3,A0A0R0G7B5,0
C6TNX5,I1M1W3,0
K7MAP3,K7N1L5,0
K7KTT9,I1M277,0
I1N6N9,A0A0R0IR73,0
I1MLN7,I1LH27,0
I1KQB9,I1LUL2,0
A0A0R0H9H8,K7M592,0
K7LWC5,I1JB64,0
I1KVL0,K7KH93,0
I1N5E8,A0A0R0GWH6,0
I1J6B5,A0A0R0JQJ0,0
I1LIR4,I1JFW6,0
I1L524,I1KSL6,0
I1KQP3,I1KUS2,0
I1KH45,K7MRF5,0
A0A0R0KCY1,A0A0R0JRI8,0
A0A0R0KNE1,A0A0R0FEN3,0
I1LH11,K7MFE5,0
I1JKS2,I1N761,0
I1MYX8,K7M6I1,0
I1LJW2,A0A0R4J5C5,0
I1LJA4,I1LIA8,0
I1LC01,I1JMH3,0
C6SVR8,I1K4R8,0
K7MZP6,I1JMZ7,0
I1KYS6,I1JMK4,0
C6SW69,A0A0R0L828,0
I1LJI8,K7M9T4,0
A0A0R0EJE2,I1K467,0
I1NBC2,K7MYK9,0
I1LR08,A0A0R0JJI0,0
K7KY63,A0A0R0FM97,0
K7LUF9,A0A0R0IT62,0
A0A0R0GYG1,I1JA95,0
I1JMZ3,K7K894,0
K7KVG4,I1LLS4,0
A0A0R0G342,I1LY15,0
C6TEP1,A1YZE0,0
K7KY63,I1LY15,0
I1KVS3,I1NCF6,0
I1MBW8,K7LY43,0
I1MHS1,I1MSN3,0
K7KPJ4,A0A0R0GBB6,0
I1LCX3,A0A0R4J5K6,0
A0A0R4J3Y6,I1KLS1,0
K7K3W5,A0A0R0JSJ9,0
Q2PMU2,K7MYK9,0
C6TAF0,I1JMK4,0
I1K912,A0A0R0KPE1,0
I1KPT1,I1MGG7,0
I1KS36,A0A0R0FER5,0
I1LJW2,I1ML11,0
C6SW69,A0A0R0GG06,0
A0A0R0IAV3,K7MFZ6,0
I1JUJ8,I1MSN3,0
A0A0R0GE84,K7KES1,0
A0A0R0HSV1,I1LL05,0
I1JMZ4,K7M6Z2,0
I1MM89,I1N761,0
C6TC92,I1LW00,0
A0A0R0GE56,I1KLS1,0
I1JHC2,I1JRU7,0
C6TBJ1,K7K8K7,0
C6T084,O22518,0
K7K9E1,C6SZG1,0
A0A0R0IAV3,I1N898,0
I1KTD4,A0A0R4J4D0,0
I1LZT5,I1NCF8,0
K7LRU2,I1LPW2,0
I1LJI8,K7MFZ6,0
Q2TFP1,K7N129,0
A0A0R0GCF5,I1JRU7,0
I1LYQ9,C6SYW6,0
K7MC09,I1K467,0
I1KB25,I1KCY5,0
A0A0R0L115,I1KZY8,0
I1MU29,K7M592,0
I1LZT5,C6T4V3,0
I1KP31,I1LUE0,0
I1KQG7,I1LIT1,0
C6T507,A0A0R0ESZ8,0
I1KQE8,I1MU00,0
I1JFS9,I1LIU7,0
I1L1N3,A0A0R0EJV2,0
I1MWF0,K7M6I1,0
A0A0R0L7S1,K7L6N7,0
C6SZM9,K7N0V8,0
I1NHQ1,K7LNG6,0
K7MZ38,I1MW51,0
I1MTH0,K7MM40,0
K7LIW2,I1MC28,0
I1L1L2,I1LII4,0
I1M7V7,A0A0R4J426,0
I1MV96,A0A0R0JBV0,0
A0A0R0FX70,A0A0R0GAQ8,0
C6T883,I1LR48,0
I1MBR7,A0A0R0IZY4,0
K7MH53,I1KZ09,0
I1MNK0,I1J9I1,0
I1N1X8,I1M277,0
I1N6N9,C6SWS6,0
I1MLH9,I1K146,0
K7M787,K7K4C7,0
K7KGJ8,I1K3X9,0
I1JKP1,I1J547,0
I1J553,I1K215,0
C6SVU4,I1N780,0
C6T084,A0A0R0FXD4,0
C6TL77,A0A0R0KPE1,0
A0A0R0I1I4,C6SYE1,0
I1KBB6,K7KQZ8,0
C6SZM2,A0A0R0JBV0,0
A0A0R0JKU3,C6TFX5,0
I1M4Y9,I1LIU7,0
K7LVE4,A0A0R0E934,0
I1K5G1,I1L332,0
A0A0R0LA89,I1KJF2,0
A0A0R0K0L0,I1KTI0,0
K7MWR1,I1LHS8,0
K7L3P2,K7M4E0,0
I1JCY0,K7KVK2,0
Q2PMU2,K7MNP5,0
I1LHY4,A0A0R0IR73,0
A0A0R0KH89,P17093,0
A0A0R0HN81,C6SZ70,0
C6SWL3,K7MM40,0
A0A0R0JES0,I1LY15,0
C6TCW7,I1NJ53,0
K7MXD1,I1N7F4,0
I1KU09,K7MFZ6,0
I1LCX3,K7MGQ2,0
I1L1S1,K7LTR0,0
K7LA18,K7LIE3,0
I1MHH7,Q2PMR3,0
I1N6N9,I1JHJ0,0
C6SXF5,C6TGA9,0
A0A0R4J3N1,C6SW04,0
I1L1N3,K7LTB2,0
I1L250,A0A0R0IR73,0
A0A0R0L115,A0A0R0GUR9,0
I1LP18,K7KES1,0
K7M5I5,A0A0R0GBB6,0
K7MCD1,A0A0R0FTI5,0
K7L8H2,A0A0R0H141,0
I1KBM7,I1JA95,0
I1JMZ3,I1N780,0
K7M5W5,K7KVK2,0
I1LMP2,K7MRF5,0
A0A0R0HSJ1,K7MGQ2,0
K7LW22,K7MMD7,0
A0A0R0KNS7,A0A0R4J4C5,0
K7L1B9,A0A0R0GBB6,0
A0A0R0KJP6,I1JFW6,0
A0A0R0JG07,K7L2D7,0
A0A0R0KCV3,A0A0R0JSJ9,0
I1KQ68,A0A0R4J426,0
I1JW21,A0A0R0KE62,0
A0A0R0FSS2,K7K8Y9,0
I1LJI8,I1MW51,0
I1JR41,K7LY43,0
C6T8L7,A0A0R0EDS9,0
I1KZJ7,O22518,0
A0A0R0FNV7,K7M592,0
K7MNC0,I1KYL4,0
I1MNK0,K7KK74,0
I1JW64,K7LNG6,0
Q2PMU0,I1K215,0
I1JW21,I1JMH3,0
A0A0R0ERF9,K7LTB2,0
I1M5E2,A0A0R0GBB6,0
I1MUN3,K7MMD7,0
I1LPZ2,I1M277,0
I1MUQ7,A0A0R4J5B7,0
I1KBL4,A0A0R0GFM7,0
I1K628,K7LSJ2,0
I1LJ93,I1KLS1,0
K7LA18,I1MRP6,0
C6SYA3,K7N1T9,0
I1LZM7,C6TIQ7,0
I1LD74,I1LFD2,0
I1KGU0,I1L7G4,0
C6SVV7,I1KD82,0
I1KAJ2,K7K4C7,0
C6T883,A0A0R0JBV0,0
I1N7K6,K7KK74,0
A0A0R4J2N2,I1JC65,0
A0A0R0JS60,A0A0R0JJK0,0
I1JMZ3,I1M1D5,0
I1N1V6,I1KEC8,0
I1N0I7,I1JRJ3,0
I1M3Q3,K7MFE5,0
I1M717,K7M849,0
C6T083,I1NJ53,0
I1M7C1,A0A0R4J5B7,0
A0A0R0JLD5,I1NC50,0
I1LP18,C6SW04,0
I1K0C4,A0A0R4J4C5,0
C6T567,K7LCS7,0
A0A0R0GC27,I1KVC1,0
I1NHQ1,I1K215,0
A0A0R0GJ85,I1KQE3,0
I1MC26,I1JK31,0
A0A0R4J3Y6,C6TIQ7,0
I1JI73,I1MRP6,0
I1KQC7,I1M5B6,0
I1JY67,I1KSL6,0
I1MFH3,I1NJ53,0
I1MTX9,A0A0R0FB78,0
I1JBJ2,I1LPJ8,0
A0A0R4J2K3,P17093,0
I1MLN7,I1K115,0
K7K3W5,I1LIU7,0
I1KD09,I1L9K4,0
I1K5G1,A0A0R4J4C5,0
I1JIJ4,K7MXH5,0
I1NGD2,A0A0R4J4C5,0
I1MGG3,A0A0R0GWH6,0
A0A0R0H296,A0A0R0GFH3,0
I1KXI7,I1LM96,0
I1MUQ7,C6T5U0,0
K7MGQ3,I1KJD2,0
C6T9S5,I1LH18,0
A0A0R0F077,K7L939,0
K7MTC4,A0A0R4J5C5,0
K7KDA5,I1L2H4,0
A0A0R0GCF5,I1M277,0
K7L1D3,I1JE09,0
I1L1N3,A0A0R0K0K3,0
I1LPC3,I1LLS8,0
K7L8H2,A0A0R0G7B5,0
I1MTH0,I1KJD2,0
I1KRZ2,A0A0R0G7I0,0
K7KY63,C6TFX5,0
I1JT85,A0A0R0H141,0
A0A0R0FQN0,I1M5B6,0
A0A0R0I0B9,I1JHJ0,0
I1J4E1,I1N5D5,0
I1LY25,I1LW00,0
A0A0R0JES0,I1MU00,0
A0A0R0FJF0,I1MPJ4,0
I1N9S5,K7KW44,0
I1JIJ4,I1JD36,0
A0A368UHC3,K7KW44,0
I1LGI1,K7M841,0
I1KJT5,C6TK73,0
A0A0R0JYB5,A0A0R0ENB3,0
K7MPL4,A0A0R0FTI5,0
C6SXP5,I1LHS8,0
I1LYU9,K7MFE5,0
K7LLK0,I1MLF1,0
I1N1Y6,I1LR48,0
K7MS88,A0A0R0FM97,0
I1LD74,C6TIK0,0
I1N9E1,I1LII4,0
M1FN39,A0A0R0JSJ9,0
I1M7B9,K7N0V8,0
A0A0R0F2Z4,K7MFZ6,0
I1KQE2,I1J8C9,0
C5NTE7,I1LEC4,0
C6TG81,I1KQE3,0
I1K2U0,K7MRF5,0
C6TBQ2,A0A0R0G7B5,0
I1MUC0,I1MZV0,0
K7LHR2,I1LG13,0
I1LGQ1,A0A0R0JSJ9,0
I1JTW0,K7L7W0,0
K7N3F6,I1KTI0,0
I1JFF6,A0A0R0L828,0
I1LIH7,P17093,0
A0A0R4J3Y6,A0A0R0L5Q1,0
A0A0R0L7S1,I1LXQ3,0
I1LUI7,I1K4R8,0
I1L524,A0A0R0FX75,0
A0A0R0G2B9,I1MW51,0
I1MC39,K7KES3,0
Q2PMS6,C6SWS6,0
I1M0C3,I1K2I1,0
I1KQE8,I1JD52,0
I1KS20,A0A0R0IF42,0
I1KIY3,I1MRP6,0
C6T2L5,A0A0R0JBV0,0
A0A0R0ESI3,I1M998,0
I1KHL4,K7M4E0,0
A0A0R0F077,K7LNG6,0
C6TKL8,I1NAF6,0
I1KHY2,K7MFE5,0
C6TEP1,I1KZY8,0
C6T3K0,C6TJ17,0
A5Z2K3,I1KYL4,0
I1LIS4,I1L171,0
I1KMS4,K7MFE5,0
C6TBN8,A0A0R0GAQ8,0
C6SYR1,I1M3W1,0
I1K5L7,I1KAD1,0
I1L5Z7,K7MQG6,0
A0A368UHM1,K7K8K7,0
I1J5Q1,A0A0R0GUR9,0
A0A0R0GC27,A0A0R0FEN3,0
I1M3U2,I1MW74,0
I1MM89,I1MW51,0
A0A0R0FX46,C6TK73,0
K7MMR3,M1FN34,0
A0A0R0KXY9,I1KQE3,0
I1L9A1,C6T065,0
I1MNE4,I1MLF1,0
I1LIK8,I1J547,0
C6TKL8,I1LM96,0
A0A0R0HIA6,C6TFX5,0
I1L8S1,K7M6R4,0
A0A0R4J354,I1ML11,0
I1JDR2,I1NAJ5,0
K7KLF0,C6TFX5,0
Q2PMU2,A0A0R0GPH9,0
C6SWI3,A1YZE0,0
A0A0R0HSJ1,I1MZV0,0
I1KBQ5,I1LY15,0
I1MIE5,C6SYW6,0
A0A0R4J3R4,K7M849,0
I1LIM0,I1MRP6,0
I1NH73,I1M5B6,0
I1LYN0,I1JUQ6,0
C6T2L5,A0A0R0FTI5,0
I1MTZ8,I1JRJ3,0
I1KQE2,A0A0R0HSA0,0
I1MSD9,I1MSN3,0
I1JYG6,K7KAB4,0
I1L219,I1JRU7,0
K7KLI7,A0A0R0IR73,0
K7KDX2,K7MC85,0
K7MPL4,A0A0R0KWL0,0
I1LRH8,I1K970,0
I1KNN1,K7LHS7,0
K7LHR2,A0A0R0GFH3,0
K7M787,C6SZ70,0
I1L690,K7MTL2,0
I1MC39,I1JM18,0
I1K2Z9,A0A0R0IR73,0
I1JIJ4,I1L2H4,0
I1KRD4,I1KUS2,0
I1LPI3,I1MLJ0,0
C6TAF0,I1NJ53,0
A0A0R0EU45,A0A0R0GWH6,0
K7LVE4,K7MTL2,0
I1MY72,A0A0R0KE62,0
I1MYX8,A0A0R0L828,0
I1LYG4,K7N1L5,0
A0A368UHG0,K7KJB2,0
A0A0R0K5D9,K7M846,0
C6T7N2,I1MEF5,0
I1MUQ7,I1KQE3,0
I1LHY4,I1NAJ5,0
I1JVU8,K7KVK2,0
C6SVV7,A0A0R0L5Q1,0
I1L215,K7M864,0
I1LZW4,I1LL05,0
C6SWA0,C6SZQ0,0
I1J553,I1LPJ8,0
I1MHH7,K7LHS7,0
I1M7C7,I1KTI0,0
A0A0R4J389,A0A0R0JQJ0,0
I1JY67,A0A0R0GFM7,0
I1MVE9,A0A0R0F214,0
I1N6Z0,C6TJ17,0
A0A0R0F7J9,I1KEC8,0
K7MCH3,C6TIK0,0
C6SWA0,I1MJJ9,0
I1J6B5,I1JUQ0,0
I1LVX2,K7MRF5,0
A0A0R0G5V6,A0A0R0EYS5,0
I1J5B0,I1MRI5,0
I1J870,I1KLS1,0
K7LTQ1,A0A0R0L0E7,0
I1LQ02,C6SX83,0
A0A0R0JB42,A0A0R0HSH0,0
I1K4U3,C6TD23,0
C6T2Y4,C6T0A0,0
I1M100,K7M6I1,0
I1NHI4,K7KQZ8,0
C6SVR8,A0A0R4J4C5,0
I1KTL9,C6SYW6,0
I1NJ79,K7M6Z2,0
A0A0R0INQ5,K7M864,0
I1L219,C6TIQ7,0
I1KQG0,I1L9K4,0
C6SYR1,A0A0R0GG06,0
I1KD09,I1KPE7,0
I1NC77,I1MSN3,0
A0A368UHE3,I1LW00,0
I1KXI7,I1JUQ0,0
K7KE09,K7MFE5,0
C6SXJ9,C6TBL4,0
I1JUI1,A0A0R0GFL3,0
I1JP52,K7MQG6,0
A0A0R0F2G6,I1LPJ8,0
I1LPI3,C6TGZ1,0
A0A0R0FQN0,K7N1T9,0
C6SVH9,I1K970,0
I1JE93,I1J8C9,0
I1JW64,I1M225,0
K7MVB9,A0A0R0L828,0
I1J5B0,I1LM96,0
I1M717,I1K642,0
O48548,I1N780,0
K7K2H1,K7LQV0,0
A0A0R0FEN9,A0A0R0EYS5,0
I1L9A1,K7N145,0
I1MTH0,I1LH18,0
I1M7C1,I1MSN3,0
K7M097,I1KZY8,0
A0A0R0G342,A0A0R0EG78,0
A0A0R0I1I4,A0A0R4J2Y1,0
C6SYF3,A0A0R0IT62,0
K7KZ42,I1KM19,0
I1KHJ6,C6SYE1,0
K7M4N3,I1MRI5,0
C6T2L5,I1LW00,0
I1MTZ8,K7M6J1,0
K7MMR3,I1LFD2,0
I1MEN1,A0A0R0EWR2,0
A0A0R0JG07,I1JMZ7,0
I1MC26,C6SZQ0,0
A0A0R0GC27,I1LR48,0
I1J5Q1,I1KFL5,0
I1JMT0,I1N780,0
I1LUF0,K7L939,0
A0A0R0JJK8,K7KFY5,0
C6T0E4,A0A0R0FM97,0
I1MLZ0,A0A0R0ENB3,0
I1MHS1,I1J8C9,0
C6SYQ2,A0A0R4J4C5,0
K7LQ96,K7KES1,0
I1M7C7,I1J8C9,0
I1L5Z7,I1KZ09,0
I1LDY7,A0A0R0JTV5,0
I1MU29,I1N780,0
K7MGQ3,A0A0R4J4H3,0
A0A0R0H8M3,I1LEC4,0
I1MRS5,K7KVK2,0
C6T0U3,C6SZQ0,0
K7KCG5,A0A0R4J5C5,0
I1M2R5,I1LY15,0
K7KDX2,K7LCS7,0
I1LD74,I1KQE3,0
I1LGB7,K7LLV5,0
K7LQ96,A0A0R0KE62,0
I1KVX9,I1JE09,0
I1JV48,C6TD23,0
I1JRA0,I1N761,0
I1JI73,A0A0R0KWT5,0
A0A368UH03,I1LVN3,0
I1N4X7,A0A0R0KWT5,0
K7K3W5,P17093,0
I1KTS9,I1LL05,0
I1LY25,A0A0R0HV63,0
I1JL13,K7LNG6,0
A0A0R0FQN0,I1NC50,0
I1KMP8,I1LW00,0
I1NF12,K7L6N7,0
I1MHH7,A0A0R0JRI8,0
K7M5T0,A0A0R0JYX3,0
A0A0R0F0T6,I1MU00,0
I1MNU7,A0A0R0L5Q1,0
I1NHI4,P17093,0
I1M4Y9,I1KMS8,0
A0A0R0JJ98,A0A0R0JBV0,0
K7KE09,A0A0R4J4H3,0
C6SVF8,I1LR48,0
A0A0R0FJF0,K7K8K7,0
A0A0R0JG07,I1NG45,0
C6TEP1,I1MZV0,0
C6T084,I1M998,0
I1MZ32,K7KAB4,0
A0A0R0LA89,I1JA95,0
I1MY33,A0A0R0FEN3,0
A0A0R0I0B9,A0A0R4J2Q5,0
I1MLZ0,K7N1L5,0
I1LFW0,A0A0R0K0K3,0
I1LIS4,K7KK86,0
I1KY58,C6T2G5,0
I1J4E1,C6TJM4,0
C6SY99,K7MTL2,0
K7LEG0,K7MGQ2,0
I1LPD3,K7KES3,0
K7LJV1,I1NAF6,0
C6SWZ1,A0A0R0GFM7,0
K7LIW2,I1K146,0
K7LIW2,K7MXH5,0
A0A0R0JH35,I1KFL5,0
K7LQ96,I1K642,0
A0A0R4J389,K7LFD7,0
I1M3Q3,K7MMD7,0
A0A0R0H8M3,A0A0R0IR73,0
A0A368UHG0,I1MZV4,0
I1J4E1,I1KAD1,0
C6T1P2,C6T065,0
K7MMG1,A0A0R4J4C3,0
A0A0R0GZZ6,I1MLF1,0
I1LP56,K7K894,0
K7MZP6,K7LQV0,0
I1MTZ8,I1LR48,0
C6TMM7,A0A0R0EKI7,0
I1MVK7,I1MEQ6,0
A0A0R0GYG1,I1N8M8,0
I1MIE5,C6TK73,0
I1N7K6,A0A0R0KE62,0
I1M3V1,I1JUQ0,0
C6TBJ1,A0A0R0FER5,0
I1J7A8,K7L9M2,0
A0A0R0KNS7,I1K9J7,0
C6SZL0,K7L4N7,0
K7LTQ1,I1NG45,0
C6SY99,I1JE09,0
I1MGB0,C6SX83,0
I1JNV3,A0A0R0FXD4,0
C6TEP1,I1K4R8,0
C6T5Z0,I1KMS8,0
I1KMP8,I1NCF8,0
A0A0R0JYY8,K7M849,0
I1LFQ4,I1LPW2,0
C6SWL3,K7LK09,0
I1JYG6,A0A0R0IF42,0
I1MTX9,I1KPE7,0
I1M3U2,I1L3P5,0
I1MHA4,A0A0R0HSH0,0
C6SWL3,I1MW51,0
C6TMM7,A0A0R0GS25,0
A0A0R0L7S1,K7MRF5,0
C6TNL5,I1JFW6,0
I1JMZ3,A0A0R0IZY4,0
I1N1X8,I1MNU1,0
K7K415,C6SW04,0
A0A0R0I1I4,A0A0R0EWR2,0
I1JY67,I1MW51,0
I1M4Y9,I1JRJ3,0
I1JZC3,I1LH27,0
I1L653,I1KFL5,0
I1MNK0,I1MK72,0
I1LYQ9,C6SZQ0,0
I1JYG7,I1L171,0
I1M0C3,A0A0R0JRI8,0
C6SYA3,I1JV03,0
I1MQD0,I1KM19,0
A0A368UHG0,Q43463,0
K7KDM1,A0A0R0EJV2,0
C6SXP5,A0A0R0JSJ9,0
C6SVU4,K7K8Y9,0
C6SVF8,I1JUQ6,0
I1KJL3,I1LHS8,0
K7MH53,K7M6I1,0
C6T2Y4,A0A0R0FEN3,0
I1KD09,I1L171,0
K7MWR1,A0A0R0IT62,0
C6T9S5,I1JRU7,0
I1KGI6,I1LVN3,0
C6TGR3,K7L2R0,0
A0A0R4J2K3,A0A0R0IT62,0
K7K553,K7KK86,0
K7LWN2,A0A0R0JBV0,0
O48548,I1LIT1,0
I1LGI1,A0A0R0JBL2,0
I1N9S5,K7MQG6,0
K7MVB9,A0A0R0EG78,0
K7KKB2,I1MLJ0,0
C6TKW2,A0A0R0GFH3,0
C6TKL8,I1L9K4,0
I1MEZ1,A0A0R0KE62,0
A0A0R4J4C8,I1K2I1,0
I1KTL9,I1JYT2,0
I1LRB0,K7N145,0
A0A0R0G342,A0A0R0KWT5,0
I1LIK8,I1MVC6,0
K7K3W5,I1LLK1,0
I1K911,K7KW44,0
I1MM89,K7L4N7,0
C6TKC3,K7M466,0
I1N8M4,A0A0R0JTV5,0
I1L1L2,A0A0R0L7U5,0
I1KV60,I1LUE0,0
I1KC19,I1JM18,0
A0A0R0JKU3,C6T5R4,0
C6TCW7,I1LXQ3,0
I1LIK8,I1K4R8,0
I1M273,A0A0R0JJK0,0
I1K7N0,I1N5D5,0
I1J553,I1NG45,0
I1LIH7,A0A0R0KWT5,0
K7KIU3,I1JB64,0
I1J9J7,K7KWE4,0
K7LVE4,A0A0R0FM97,0
I1LHR1,K7KK86,0
I1LGI1,I1K146,0
K7LW22,P17093,0
A0A0R0GG96,K7M6J1,0
I1JVU8,I1MNV2,0
I1KPQ8,I1JV03,0
A0A0R0GRI6,A0A0R0FTI5,0
I1LFQ4,I1KLS1,0
K7L3K3,A0A0R0EWR2,0
I1M9F7,I1M998,0
A0A0R0HN81,A0A0R4J4D0,0
I1LKU1,I1NCF8,0
I1KR80,K7KFY5,0
I1J9J7,A0A0R0EYS5,0
I1JG98,I1MGG7,0
I1MRY0,O22518,0
I1K5J5,I1L171,0
I1MY43,K7MNP5,0
K7MC09,I1KXK6,0
I1MFH3,I1MEF5,0
I1KJ56,A0A0R0JJI0,0
C6SZM9,I1MGG7,0
K7M097,I1LIA8,0
Q2PMU2,K7KFY5,0
C6TLV6,K7KWE4,0
I1JYG6,I1LLS8,0
C6TKG0,I1MPJ4,0
I1N8Y6,I1L3P5,0
C6TBJ1,A0A0R0FX75,0
I1JE83,I1LPW2,0
C6TKB2,A0A0R0KVY6,0
I1L8H7,I1KAR1,0
I1L1L2,I1KVC1,0
Q2PMT2,A0A0R0HSH0,0
I1M273,I1J547,0
P09755,K7LHS7,0
A0A0R0I1I4,C6TIK0,0
I1JYG7,A0A0R0JJI0,0
K7M2D8,K7KAB4,0
A0A0R0KCV3,I1MSN3,0
A0A0R0J7J3,I1JRU7,0
I1KB25,K7KK86,0
A0A0R0FX46,A0A0R0EG78,0
I1L9A1,A0A0R0FEN3,0
I1N056,I1JUQ0,0
I1KJT5,I1K970,0
I1M7V7,I1JC65,0
I1K0C4,K7M6I1,0
I1K2U0,C6TCH4,0
A0A0R0JJK8,I1LHS8,0
I1JDR2,K7MM40,0
I1K5J5,A0A0R0HSH0,0
A0A0R0E907,C6TJM4,0
A0A0R4J3R4,A0A0R0GFM7,0
I1JBJ2,I1MF50,0
I1MM64,I1LW00,0
A0A0R4J354,I1KD82,0
A0A0R0E3E6,C6TIK0,0
C6TD73,A0A0R0JRI8,0
A0A0R0KCY1,C6SX83,0
I1KPT1,I1LLS8,0
C6TBJ1,I1MEQ6,0
I1N8Q6,I1K5B6,0
I1KXI7,K7K8K7,0
I1K8C1,I1K1W8,0
A0A0R0HDM5,I1N898,0
Q2PMS6,K7LLV5,0
I1NDC0,C6SZG1,0
K7LJV1,C6SYE1,0
C6TE07,I1MNU2,0
I1N9E1,K7MMD7,0
I1JY67,K7LSG2,0
I1KJH7,I1MTV9,0
I1MM89,K7LSG2,0
I1JE93,I1JAH7,0
I1KGN6,A0A0R0JJK0,0
I1L8H7,A0A0R4J488,0
I1MZ32,A0A0R0JBL2,0
I1JVN0,I1NC50,0
I1JCY0,K7L6N7,0
I1JNB0,I1NAF6,0
I1N0U4,I1J9I1,0
I1MIE5,I1JD36,0
I1LAR7,I1K215,0
I1KGN6,A0A0R0IR73,0
K7N5D4,K7K8K7,0
K7KEV0,A0A0R0IZY4,0
K7LW22,K7MRF5,0
I1LCX3,I1LLK1,0
K7M5W5,I1MEF5,0
I1MY43,K7M849,0
I1MV96,C6TK73,0
K7KGE9,C6SX83,0
K7KP66,A0A0R0GWH6,0
I1LRH8,I1KFL5,0
C6TG91,A0A0R0JSJ9,0
A0A0R0FJF0,K7KW44,0
I1M273,A0A0R4J5B7,0
I1LXH0,I1LM96,0
I1KYS6,I1MW51,0
K7MGQ3,I1LWZ0,0
C6SVU4,P62302,0
I1KXI7,I1M998,0
I1KJ56,K7M4E0,0
I1L250,C6TD23,0
A0A0R0GRI6,I1KJD2,0
I1JY67,K7K318,0
I1KJ98,I1J8C9,0
I1LDU4,I1NAF6,0
A0A0R0F2Z4,A0A0R4J2Q5,0
I1JUT9,K7N145,0
A0A0R0EYA9,A0A0R0FX75,0
I1L8S1,K7LNG6,0
I1L3P6,A0A0R4J5K6,0
I1JVP4,K7KQZ8,0
K7LKS0,I1JA95,0
I1K2U0,A0A0R0ENB3,0
I1LYQ9,I1MC28,0
I1M9F7,A0A0R0JTV5,0
I1JML1,A0A0R0HSH0,0
I1K3P0,A0A0R0K6I2,0
K7KKB2,K7KW44,0
A0A0R0IAV3,K7L2R0,0
A0A0R0H2V0,C6SZG1,0
I1N0U4,C6TFX5,0
I1L0M6,I1MPJ4,0
I1L1S1,I1LHS8,0
C6T507,A0A0R4J4C3,0
K7MTC4,A0A0R0HCS6,0
K7MMF4,I1K4R8,0
A0A0R0LB39,I1J4B5,0
I1J6B5,A0A0R0EG78,0
I1MBM5,A0A0R0EDS9,0
I1KXI7,I1J4B5,0
I1JFS9,K7LFD7,0
I1JW64,I1LUL2,0
I1MK96,I1L2H4,0
K7KGE9,K7L7W0,0
Q2TFP1,I1MJJ9,0
K7MCD1,A0A0R0E934,0
I1KMP8,C6TBL4,0
I1JTE4,A0A0R0JSJ9,0
K7K2H1,A0A0R0FB78,0
I1K650,I1KAR1,0
I1MBA2,A0A0R0FEN3,0
A0A0R0ESI3,A0A0R0EWR2,0
I1J9W0,I1MW51,0
I1KRF9,I1N5D5,0
I1M5E2,I1M5B6,0
C6TG91,A0A0R4J384,0
I1LRB0,A0A0R0EG78,0
C6SVV7,C6T5R4,0
I1JT85,I1LPJ8,0
C6TL77,A0A0R0KVY6,0
C6TGR3,I1MSN3,0
I1LP56,A0A0R0JJI0,0
I1LIS4,I1J9I1,0
I1K620,M1FN34,0
K7KIU3,I1JM18,0
I1KQP3,A0A0R0L4P0,0
I1JIP5,A0A0R0GUR9,0
I1JFN0,K7MTL2,0
A0A0R0JES0,K7N0V8,0
A0A0R0KXY9,K7MM40,0
I1KJ98,A0A0R4J4C3,0
I1LPZ3,A0A0R0JRI8,0
I1NGD2,I1JE09,0
A0A0R0EU45,A0A0R0GG06,0
C6SYQ2,A0A0R0GPH9,0
I1LKQ4,I1J547,0
K7KVG4,I1JHJ0,0
I1JWH5,I1KEC8,0
I1MIE5,I1KSD0,0
I1KUT8,C6TCH4,0
K7LWN2,A0A0R4J4C5,0
K7L1B9,K7L4N7,0
I1J870,A0A0R4J5B7,0
I1LBV2,A0A0R0EJV2,0
I1LD74,C6T0A0,0
I1MM89,A0A0R0FB78,0
A0A0R4J4C8,K7K8K7,0
C6SZM9,C6TIK0,0
C6TLV6,A0A0R0KWL0,0
A0A0R0GNH6,I1KH38,0
I1JIW3,C6SZQ0,0
K7N0U1,A0A0R0HCS6,0
I1L9A1,A0A0R0L4P0,0
I1M273,C6SX83,0
I1N439,A0A0R0L7U5,0
K7KPJ4,I1M1D5,0
A0A0R0JS60,I1K642,0
I1LBV2,I1ML11,0
I1LMW7,I1KLS1,0
A0A0R0FX46,I1K3X9,0
I1MTH0,K7LSJ2,0
A0A0R0G5A8,K7M6Z2,0
A0A0R0JLD5,C6T2G5,0
K7LUF9,A0A0R0GBB6,0
I1L3P6,A0A0R0L7U5,0
A0A0R0KJP6,K7N5K2,0
I1LGI1,K7KWE4,0
K7M4N3,I1LH27,0
A0A0R0JJ98,I1JAH7,0
A0A0R0EI44,A0A0R0GFL3,0
K7N0U1,C6TJM4,0
I1LKQ4,I1NC50,0
I1K8N0,K7L4N7,0
C6F117,K7LHS7,0
I1KBB6,K7M9T4,0
C6TCW7,I1MNU2,0
I1JAF7,A0A0R0ENB3,0
I1LCX3,I1JE09,0
I1LMW7,I1L3P5,0
I1LMQ5,I1LPW2,0
C6TK75,A0A0R0JJI0,0
C6T426,I1K970,0
I1LRE4,A0A0R4J5K6,0
I1L5H8,K7MNP5,0
I1L219,I1M1W3,0
I1JAF7,A0A0R0JJK0,0
K7KGE9,C6TBL4,0
I1JTE4,I1KQE3,0
K7KYY0,I1MW51,0
A0A0R0IAV3,I1M269,0
C6SY99,A0A0R0GFH3,0
I1N4X7,K7LY43,0
K7LJF6,K7MTL2,0
I1KPA1,I1KAD1,0
I1LC01,I1M277,0
K7L240,I1K115,0
I1LGB7,K7LHS7,0
I1L8H7,K7K8K7,0
I1MK96,I1MNU2,0
C6TC92,I1LXQ3,0
I1N8P5,I1JB64,0
A0A0R0HDM5,C6SW04,0
I1JS66,K7LIE3,0
I1MVE9,A0A0R0GFM7,0
C6TAW8,I1MTV9,0
A0A0R0FQN0,K7LHS7,0
I1K2J5,K7KES1,0
A0A0R0F077,C6TFX5,0
C6TCW7,A0A0R0GFL3,0
K7LJV1,K7LTB2,0
I1LC01,A0A0R0FER5,0
I1KYS6,I1KTI0,0
I1MLN7,K7MYK9,0
I1K3P0,K7N1L5,0
I1KGN6,I1LIU7,0
K7KFV5,A0A0R4J4C3,0
A0A0R0K6F4,I1MLF1,0
K7LWI3,I1MZV4,0
I1M100,I1JC65,0
C6T7N2,A0A0R4J4C5,0
I1N4X7,A0A0R4J2Y1,0
I1LKU1,K7KAB4,0
I1LIR4,A0A0R0L7U5,0
K7K8U8,I1K5B6,0
I1KCH6,I1JHJ0,0
I1KGN6,K7N0V8,0
C6TG81,C6TK73,0
K7KKB2,A0A0R0JYX3,0
I1K3U2,K7KWE4,0
A0A0R0G3G4,K7K894,0
K7KNJ6,I1K4R8,0
K7LWI3,I1K970,0
K7KCG5,I1KXK6,0
I1NHQ1,C6TFX5,0
A0A0R0F077,I1JA95,0
I1NH98,A0A0R0K6I2,0
A0A0R0KXY9,I1MLJ0,0
K7KPJ4,C6TNW3,0
I1MVE9,I1M5B6,0
A0A0R0H296,C6TGA9,0
I1JQR6,K7KK86,0
I1KXG2,A0A0R0KE62,0
C6SWM1,I1KTI0,0
I1M7V7,K7KW44,0
I1KGN6,I1MZV0,0
A0A0R0H7N0,I1LY15,0
C6SY81,K7MNN5,0
C6SYR1,K7L6K2,0
I1N0I7,I1LII4,0
I1LPZ2,K7L6K2,0
A0A0R0G5A8,A0A0R0JRI8,0
I1MJ97,K7LTR0,0
K7L1B9,I1MNS7,0
I1MNE4,A0A0R4J4C3,0
I1KS36,A0A0R0IF42,0
K7MMR4,C6TGZ1,0
K7LW22,I1KQE3,0
I1K5G1,A0A0R4J4C3,0
I1K0C4,P62302,0
I1KAJ2,I1K9J7,0
C6TCW7,A0A0R4J384,0
I1LWR7,A0A0R4J488,0
I1JVP4,I1K5B6,0
I1K620,A0A0R0JJI0,0
I1MP46,I1KD82,0
I1MEF8,K7N1L5,0
C6SVR8,K7K8K7,0
I1M717,I1NC50,0
I1LH11,I1JHJ0,0
I1MLZ0,K7LCS7,0
A0A0R0KFE8,Q43463,0
I1NHI4,K7LY43,0
I1JHN5,A0A0R4J4D0,0
I1LGQ1,I1JMK4,0
I1NH98,C6TIK0,0
K7MH53,I1KQE3,0
K7MCD1,I1N5D5,0
A0A0R0K6F4,C6TJM4,0
A0A0R0K0L0,I1JD07,0
I1K620,I1LVN3,0
I1KBL4,I1JUQ6,0
A0A0R0KJP6,A0A0R0GFH3,0
I1N5E8,A0A0R4J4C3,0
K7KDM1,I1KAR1,0
I1LIK8,K7N145,0
K7KDX2,C6TFX5,0
I1NHI4,I1KHJ4,0
I1JYG6,O22518,0
K7LQ96,A0A0R0FZM4,0
C6SWG4,K7KWE4,0
P09755,I1MU00,0
I1JVN0,I1K9J7,0
I1MHH7,A0A0R0FEN3,0
I1LUL7,I1JHJ0,0
Q2PMS6,I1ML11,0
C6TD73,P62302,0
I1KCH6,I1KZY8,0
I1KCN1,A0A0R0HSA0,0
A0A0R0EZ39,K7N129,0
I1LRB0,A0A0R0FJR0,0
I1KY58,I1L3P5,0
A0A0R0G342,C6TGZ1,0
I1LHY4,A0A0R0JTV5,0
I1L653,K7MGQ2,0
K7KKB2,A0A0R0JRI8,0
I1KJW4,I1LH18,0
C6T2Z2,I1NIE5,0
I1LKQ4,K7M849,0
I1JR41,I1L332,0
K7MD28,A0A0R0K6I2,0
K7LRU2,A0A0R0K0K3,0
I1KBM7,I1KH38,0
C6T8L7,I1NC50,0
I1KB25,I1K4R8,0
K7MTC4,I1K215,0
C6TNL5,I1K1W8,0
I1LMW7,I1KZK2,0
K7M4N3,I1J547,0
I1KQC7,K7LSG2,0
K7KYE0,A0A0R0IT62,0
I1MLZ0,A0A0R0JYX3,0
C6SYQ2,I1MEF5,0
C6SYQ2,I1MPJ4,0
C6TE07,I1N8M8,0
I1JKP1,C6T065,0
I1N7K6,A0A0R0GFH3,0
C6SVU4,I1KZ09,0
A0A0R0L372,K7KH93,0
A0A0R0J7Q5,I1MEQ6,0
I1K2J5,A0A0R0HCS6,0
I1LZW4,A0A0R0JRI8,0
I1KFU0,K7KJB2,0
K7LIW2,I1LFD2,0
K7KEV0,K7L6K2,0
I1JYG7,I1K215,0
P48513,I1MLF1,0
K7L8H2,K7M864,0
A0A0R0GE56,Q43463,0
I1LH11,K7KNC5,0
C6T868,A0A0R0L0E7,0
I1NHI4,I1LPK5,0
P09755,C6TNW3,0
C6SYA3,K7MXE0,0
K7MC09,A0A0R0JQJ0,0
I1K9P1,I1JB64,0
C6T7N2,A0A0R0KWL0,0
I1JS66,M1FN34,0
C6TBQ2,K7KNC5,0
A0A0R0J7Q5,A0A0R0FX75,0
P09755,I1LR48,0
A0A0R0E907,I1JMK4,0
I1LP18,A0A0R0FTI5,0
I1MFH3,I1MF50,0
A0A0R0KNE1,A0A0R0EUJ0,0
A0A0R0IAV3,K7L939,0
I1JW64,I1KHJ4,0
I1M0S4,I1L7G4,0
K7KGE9,I1K5B6,0
I1J7S6,A0A0R0K0K3,0
C6SVF8,A0A0R4J2Q5,0
C6TBQ2,K7MFE5,0
A0A0R0L8Y1,I1M277,0
I1MY72,K7LCS7,0
I1JBJ2,A0A0R0FTI5,0
I1KTD4,A0A0R0JBL2,0
I1N8M4,C6TBL4,0
A0A0R0I8Z5,A0A0R0FEN3,0
C6TC92,I1KAR1,0
I1KRD4,A0A0R0JJK0,0
K7MMR3,I1N761,0
I1N8M4,K7LY43,0
I1K5G1,K7LTB2,0
A0A0R0JYY8,A0A0R0KWL0,0
I1K5H2,C6SYW6,0
A0A0R0KH89,I1KZK2,0
I1JMZ4,K7MNP5,0
A0A0R0FYN8,K7M592,0
I1MLN7,K7KH93,0
A0A0R0J2L9,A0A0R0H141,0
C6T426,K7KH93,0
K7M5I5,A0A0R0JT51,0
A0A0R0K6F4,I1KYL4,0
C6T0U3,K7N1L5,0
K7LHR2,A0A0R4J426,0
I1M0C3,K7M6R4,0
A0A0R0L372,I1NJ53,0
K7LWC5,A0A0R0L4P0,0
I1N8Q6,C6T5U0,0
I1MC26,C6SYE1,0
I1KZI6,A0A0R0FM97,0
A0A0R0GE84,I1LLS4,0
I1N9E1,K7M6I1,0
A0A0R0HIA6,I1JFW6,0
A0A0R0H2V0,A0A0R0L828,0
C6TMM7,I1KZ09,0
I1K4D7,K7KK86,0
K7LLK0,A0A0R0JJI0,0
I1LRB0,I1LH18,0
I1N439,A0A0R4J2Y1,0
C6SY99,K7KWE4,0
I1MNK0,I1LG13,0
I1KQC7,C6SZ70,0
I1L5Z7,I1MW51,0
I1LDA7,O22518,0
C6T530,A0A0R0F214,0
I1KLE1,A0A0R0L4P0,0
C6T2Y4,I1JD52,0
I1KTS9,K7LIE3,0
I1N8M4,A0A0R0EJV2,0
I1M9T4,I1MEQ6,0
I1JRA0,I1K146,0
I1K620,K7KK74,0
A0A0R0IGP2,I1MF50,0
C6T567,A0A0R0HSA0,0
K7L3K3,K7MYK9,0
K7LJF6,K7M849,0
K7LWC5,A0A0R0EUJ0,0
I1L1N3,K7LCS7,0
C6SW43,A0A0R0GUR9,0
K7KPJ4,A0A0R0EYS5,0
C6T0E4,I1KEC8,0
I1LJ94,A1YZE0,0
C6T2L5,A0A0R0IZY4,0
C6SWA0,I1LGD6,0
I1K328,A0A0R0GUR9,0
I1JAF7,I1MF50,0
A0A0R0F0T6,I1JV03,0
I1MXT2,I1LPK5,0
K7LEG0,K7MNP5,0
I1MYV4,A0A0R0JTV5,0
K7MMG1,A0A0R0EWR2,0
C6TG81,A0A0R4J5B7,0
I1L6W0,C6SYE1,0
I1L5Z7,I1JHJ0,0
I1MFH3,I1M5B6,0
K7KP66,I1J8C9,0
A0A0R0FNV7,A0A0R0JBL2,0
C6SZM2,I1MW51,0
C6T1E6,I1LEC4,0
I1NGL5,I1JFW6,0
A5Z2K3,I1JRV0,0
A0A0R0GE56,K7MNP5,0
K7LSH9,C6TIK0,0
C6TCW7,I1M3W1,0
I1JIW3,K7L2D7,0
I1MSC6,K7M6Z2,0
I1NHI4,I1JC65,0
A0A0R0KTM7,I1ML11,0
I1N056,I1JAH7,0
I1JFF6,C6T5R4,0
I1J5B0,C6TGA9,0
I1LRH8,A0A0R0EG78,0
I1J8W9,I1JD52,0
K7LXT7,I1LXQ3,0
I1JRL7,I1JAH7,0
I1KPQ8,A0A0R0GBB6,0
A0A0R4J389,C6SZ70,0
I1LPD3,I1MNS7,0
I1KFU0,I1LLK1,0
A0A0R0GYG1,I1LW00,0
I1J7A8,C6T4V3,0
K7LZZ5,A0A0R0GWH6,0
K7MI53,C6SYE1,0
A0A0R0GNH6,K7MM40,0
A0A0R0G342,I1LH18,0
A0A368UHC3,I1MVC6,0
I1JIP5,C6T0A0,0
I1MC26,I1LEC4,0
I1LRH8,C6SW04,0
A0A0R0FKK9,K7L939,0
H2D4C3,K7N145,0
I1MKM3,I1K3X9,0
I1KHL4,K7L6N7,0
P46279,I1J4B5,0
A0A0R0HIA6,I1L3P5,0
I1MYX8,K7K4C7,0
I1LA00,A0A0R0FZM4,0
A0A0R0FNV7,K7MYK9,0
I1JUR7,K7LSJ2,0
K7MXS9,A0A0R0K0K3,0
I1KLS4,I1L332,0
A0A0R0G5A8,I1MRI5,0
I1LH11,I1LY15,0
I1JDR2,A0A0R0FX75,0
C6SZM2,C6SZQ0,0
C6T2Y4,I1L171,0
K7N0U1,I1MQC8,0
A0A0R4J389,K7LSJ2,0
A0A0R4J3D2,I1MNU2,0
I1M4Y9,I1N898,0
I1JNB0,I1MQC8,0
I1LIH7,K7M841,0
I1KRZ2,K7M846,0
K7N5D4,I1K146,0
A0A368UHG0,A0A0R0FX75,0
A0A0R0K5D9,A0A0R0K0K3,0
A0A0R0EJE2,A0A0R0FB78,0
I1JWF0,A0A0R0FX75,0
C6T1E6,I1LFD2,0
I1LRB0,I1LH27,0
I1JXB4,C6SZG1,0
I1M717,A0A0R0FGT9,0
C6TKB2,A0A0R4J426,0
C6TG81,I1MW51,0
C6T507,I1J8C9,0
K7MMR3,A0A0R0FM97,0
K7L3P2,K7MFE5,0
I1MHH7,A0A0R0IZY4,0
A0A0R4J3D2,I1NCF6,0
I1JAG0,K7KWE4,0
K7KFV5,I1KAD1,0
I1KRZ2,K7MRF5,0
C6T2Y4,I1K642,0
A0A0R0K5X4,C6TK73,0
I1KHL4,A0A0R0EWR2,0
A0A0R0L8Y1,I1LLS8,0
I1LZM7,A0A0R4J4C5,0
I1LRB0,K7L2D7,0
C6SY99,I1MPJ4,0
K7KP66,I1N780,0
I1JUR7,K7KFY5,0
A0A0R0LFT0,I1J9I1,0
I1KLE1,I1LII4,0
K7KKB2,C6T5U0,0
C6SYR1,A0A0R0L4P0,0
I1KGN6,I1KQE3,0
I1JHN5,C6TFX5,0
A0A0R0J2L9,I1MW74,0
A0A0R0K5D9,A0A0R0JT51,0
C6TLV6,I1K3X9,0
I1JVN0,K7LK09,0
C6SXF5,A0A0R0EDS9,0
K7MD28,A0A0R0ESZ8,0
I1KTL9,A0A0R0E934,0
C6SXM9,K7MC85,0
C6T8L7,I1JUQ0,0
I1JS66,I1LXQ3,0
I1MLH9,I1JRV0,0
K7M5W5,A0A0R0K6I2,0
I1K7N0,I1KCY5,0
I1L3P6,K7LK09,0
Q2PMU0,A0A0R0GWH6,0
A0A0R0HIA6,K7LCS7,0
I1L8S1,A0A0R0GFL3,0
I1JP52,C6TK73,0
I1KB25,I1MLF1,0
K7N5D4,K7N0V8,0
A0A0R0KCY1,I1N8M8,0
K7KLF0,K7MNP5,0
I1MY43,K7LLV5,0
I1JR41,I1KUS2,0
A0A0R0K6F4,K7LTB2,0
I1JG98,I1NCF6,0
K7M097,A0A0R0HCS6,0
K7N0X7,I1KSD0,0
K7K676,I1J8W6,0
K7KDX2,C6TNW3,0
K7L240,P62302,0
A0A0R0EYA9,I1KAR1,0
I1KU09,I1LGD6,0
K7KYY0,I1KH38,0
I1N954,K7L939,0
I1L3P6,K7L6K2,0
I1MP46,A0A0R0E934,0
I1MT74,C6TNW3,0
C6T2Y4,C6TIK0,0
K7LEG0,K7LY43,0
I1JT85,I1N761,0
I1JP52,C6TIQ7,0
I1M273,I1MW51,0
I1N8P5,A0A0R0EUJ0,0
K7M787,A0A0R0JBV0,0
C6T2Z2,I1N8M8,0
K7KGC2,I1KZK2,0
I1JY67,I1K4R8,0
I1JFF6,I1MF50,0
I1JAF7,O22518,0
I1NJ79,A0A0R4J4C3,0
I1MKM3,I1J9I1,0
I1LYU9,I1MEF5,0
I1MNM3,I1L332,0
I1L8G3,I1N761,0
K7M4N3,I1K3X9,0
I1N9I5,A0A0R0JJI0,0
I1JR41,A0A0R0GS25,0
A0A0R0INQ5,I1L332,0
A0A0R0JYY8,C6TGZ1,0
C6TG91,A0A0R4J4D0,0
I1N8P5,I1MSN3,0
I1MNE4,I1N761,0
I1MVG5,K7K8Y9,0
I1K628,I1JYT2,0
K7K1Z2,C6SWS6,0
I1M7C1,I1LUL2,0
I1KJ98,M1FN34,0
A0A0R4J2N2,I1N7F4,0
I1MZ47,I1N8M8,0
K7N3F6,I1LR48,0
I1JRA0,I1K5K7,0
K7KPJ4,C6TGZ1,0
K7L9V3,I1JHJ0,0
I1M7B9,A0A0R0KPE1,0
A0A0R0F7J9,I1LPJ8,0
K7K794,A0A0R0EG78,0
I1JP52,K7N0V8,0
C6SZM2,K7KES1,0
I1KBM7,K7K8Y9,0
I1NH73,I1KPE7,0
A0A0R0L8Y1,C6SX83,0
I1JMT0,I1K467,0
C6TG91,K7LQV0,0
I1N1V6,A0A0R4J4H3,0
C6SVH9,A0A0R0IR73,0
I1M3U2,I1KEC8,0
C6T507,A0A0R0JRI8,0
I1LJI8,K7L4N7,0
I1MRS5,I1KM19,0
I1L8G3,I1JD07,0
K7MH53,C6SZQ0,0
A0A0R0L8Y1,A0A0R0L828,0
P09755,K7KES1,0
I1JT28,I1NAF6,0
K7M5W5,I1KJD2,0
A0A0R0F0T6,K7KVK2,0
I1KC19,I1KAR1,0
I1LUL7,I1MSN3,0
I1KVX9,A0A0R0FM97,0
I1KGU0,C6SYE1,0
A0A0R0F2Z4,I1MEQ6,0
I1L8G3,I1LPW2,0
I1MWF0,I1KAR1,0
I1N0R5,I1JMZ7,0
I1JIP5,I1LLS4,0
A0A0R0FQN0,C6TIK0,0
I1K096,I1KSD0,0
A0A368UH03,K7LHS7,0
Q2PMS6,I1J9I1,0
I1JE93,I1N8M8,0
I1NF12,C6SZQ0,0
A0A0R0ET54,A0A0R0KWL0,0
I1J870,K7N5K2,0
K7LW22,C6T0A0,0
I1N3M5,I1KVC1,0
I1M3V1,I1M1W3,0
I1KRF9,A0A0R0FX75,0
I1M3Q8,K7L4N7,0
I1KC19,K7K318,0
I1NF12,K7L7W0,0
I1MRS5,I1KD82,0
I1LIK8,A0A0R0GWH6,0
C6SW43,K7M9T4,0
I1LPJ3,K7L6K2,0
I1KS36,I1K970,0
I1LH11,A0A0R0JRI8,0
C6T868,I1JE09,0
A0A0R0HXE9,A0A0R0JBV0,0
I1LIR4,I1LPW2,0
I1JHC2,K7N1L5,0
I1N8P5,I1MVC6,0
I1K2Z9,I1N5D5,0
I1JS66,I1MRI5,0
I1LXH0,C6SX83,0
C6SXF5,I1L3P5,0
I1JL13,I1LUE0,0
I1LFQ4,A0A0R0FTI5,0
I1JE83,I1KSL6,0
I1KHL4,I1LY15,0
I1KQP3,I1K2I1,0
A0A0R0IAV3,I1LHS8,0
I1MY43,K7L4N7,0
I1J8W9,I1LL05,0
C6TMM7,K7KW44,0
I1NF54,A0A0R0GPH9,0
I1N8Y6,I1K115,0
P48513,I1J547,0
K7LA18,I1JK31,0
A0A0R0HHZ3,K7M6R4,0
I1LYQ9,K7LHS7,0
K7L240,I1K467,0
I1K2U0,A0A0R0HSA0,0
K7MXS9,A0A0R0JQJ0,0
A0A0R0F2G6,I1KMS8,0
I1L1N3,C6TFX5,0
I1KJH7,I1K6E7,0
I1KJ56,C6SYE1,0
A0A0R4J3R4,K7N0V8,0
C6TMM7,A0A0R4J2Q5,0
K7M142,I1JYT2,0
A0A0R0KNE1,A0A0R0JT51,0
A0A0R0HSV1,I1LIU7,0
I1K8C1,I1KQE3,0
I1LQ02,Q43463,0
C6T3I8,A0A0R0FGT9,0
I1LRH8,I1KTI0,0
K7K2H1,I1K6E7,0
K7K9E1,A0A0R0JBL2,0
I1JU70,I1KSD0,0
A0A0R4J3Y6,K7MXE0,0
K7MNC0,K7MC85,0
I1MV96,K7L4N7,0
A0A0R0IHF9,K7L2D7,0
I1KHL6,A0A0R0GG06,0
I1MV96,I1JRU7,0
I1J5Q1,C6SWS6,0
I1LPD3,K7MNP5,0
I1MBA2,K7KNC5,0
C6T2Y4,K7MYK9,0
K7K8U8,A0A0R0EG78,0
I1L219,I1NCV4,0
I1MEF8,K7MTL2,0
I1KD09,I1NCF6,0
I1M3Q3,I1L332,0
I1JUJ8,I1MRI5,0
I1NGQ5,I1MEF5,0
C6T2Z2,I1LUL2,0
I1LZM7,I1MNS7,0
I1MLZ0,K7N129,0
I1N0R5,I1LVN3,0
I1LD74,I1JVX3,0
I1JT85,A0A0R0K6I2,0
K7MMR4,I1KXK6,0
I1JI73,A0A0R0FB78,0
C6T2H2,K7KNC5,0
I1LYQ9,K7LTB2,0
I1JTW0,I1MC28,0
A0A0R0F2G6,I1LIA8,0
I1J553,A0A0R0GJV8,0
A0A0R0K6F4,A0A0R0JBL2,0
A0A0R0L2U1,C6T4V3,0
I1J7S6,I1K215,0
I1JFN0,I1MQC8,0
A0A0R0H296,I1NIE5,0
K7KLI7,K7MRF5,0
A0A0R0JJK8,K7M864,0
K7MZ38,A0A0R0JJK0,0
C6TNL5,Q2PMR3,0
I1KVS3,K7KAB4,0
I1KGN6,I1N8M8,0
A0A0R0HSJ1,K7KK74,0
C6SWI3,A0A0R0HCS6,0
A0A0R0FNM4,I1JRJ3,0
I1KVS3,A0A0R4J5B7,0
I1JUJ6,A0A0R0JBL2,0
C6TLT3,A0A0R0JSJ9,0
I1KPQ8,C6T0A0,0
C6T3I8,I1N761,0
K7KDA5,K7LLV5,0
I1M3U2,K7KVK2,0
I1KLE1,A0A0R0JRI8,0
I1M757,K7KK74,0
I1KDB2,I1JMH3,0
I1LHY4,I1LXQ3,0
K7MVB9,K7KH93,0
C6SWA0,K7KWE4,0
K7KNJ6,A0A0R0HSA0,0
C6TKC3,K7N1T9,0
A0A0R0KTM7,C6T2G5,0
I1J5U5,A0A0R0EG78,0
I1KVS3,K7KH93,0
I1KQC7,I1K3X9,0
I1KZI6,I1N8M8,0
I1KQG0,K7KNC5,0
I1KGN6,K7L6N7,0
A0A0R0EWX9,I1LH27,0
I1JXQ3,I1KTI0,0
I1K9P1,I1JA95,0
I1KLS4,K7KES3,0
C6SWD4,I1LY15,0
I1JW64,A0A0R0JBV0,0
K7M9K9,I1KEC8,0
K7M5I5,K7LQV0,0
I1MYV4,I1M269,0
C6T2H2,A0A0R4J4D0,0
I1JNV3,A0A0R0FZM4,0
I1M0C3,K7LSG2,0
K7L240,K7L2R0,0
I1NJ79,A0A0R0EG78,0
C6SW69,I1JD52,0
I1LM73,I1KH38,0
I1MY33,K7MXH5,0
A0A0R0FEI0,C6TIQ7,0
I1MYX8,K7M592,0
I1J870,I1K970,0
I1N0W9,I1KSL6,0
K7LEG0,I1LM96,0
I1L1S1,I1LH27,0
Q2PMT2,I1KYL4,0
I1K4D7,K7M466,0
I1N7K6,I1JC65,0
I1KY58,C6SW04,0
C6SZM2,A0A0R0JTV5,0
I1KCN1,K7KW44,0
I1MTZ8,I1LUL2,0
K7KDX2,I1K642,0
I1J8W9,K7MXH5,0
K7KZ42,K7LLV5,0
I1J9J7,I1MTV9,0
I1LFW0,A0A0R0ENB3,0
A0A0R0EFE2,A0A0R0GWH6,0
I1J4E1,A0A0R0L828,0
A0A0R0G6V6,A0A0R0K6I2,0
K7LQ96,I1J8C9,0
I1JHC2,A0A0R0L5Q1,0
I1L6W0,C6TIQ7,0
K7M4N3,I1KEC8,0
I1MC39,I1MJJ9,0
I1NGL5,I1JA95,0
K7MZ38,C6SZG1,0
K7LKS0,C6SWS6,0
I1MTH0,A0A0R4J4D0,0
I1MYX8,I1KVC1,0
I1KS36,A0A0R0L4P0,0
I1LGB7,K7LK09,0
Q2PMU2,C6TIK0,0
K7L3P2,I1KSD0,0
I1KJT5,A0A0R4J4C3,0
I1KYF8,C6SZG1,0
I1N6N9,I1K642,0
I1LYU9,I1KHJ4,0
I1KQE8,I1LY15,0
C6TFN5,I1JFW6,0
I1LGB7,I1MQC8,0
K7KP67,C6T5R4,0
K7N0X7,I1JUQ0,0
I1LGB1,C6TCH4,0
A0A0R0KJP6,I1N7F4,0
I1KRD4,K7KAB4,0
A0A0R0GYG1,K7L9M2,0
I1N5E8,O22518,0
I1JWH5,C6TGA9,0
I1JBJ2,K7M4E0,0
I1NHQ1,C6T4V3,0
I1L1L2,I1JM18,0
I1KXG2,I1MPJ4,0
I1KJH7,I1LPK5,0
Q2TFP1,I1L7G4,0
I1N1V6,I1LHS8,0
K7LUF9,C6SZ70,0
K7K3W5,K7M6Z2,0
K7KZ42,I1MLJ0,0
I1JE93,K7MFE5,0
I1L0M6,A0A0R0HCS6,0
I1MNM3,K7MNP5,0
C6T0U3,A0A0R0L828,0
C6SWL3,K7L2D7,0
K7L240,I1KJD2,0
C6T868,I1J547,0
I1L1L2,I1LFD2,0
I1MTX9,I1MW74,0
I1LC01,I1JRJ3,0
I1NH98,C6TJM4,0
C6T5Z0,C6T065,0
C6SXJ9,K7L9M2,0
I1KB25,I1K146,0
K7KZ42,C6TN69,0
I1KCN1,A0A0R0KE62,0
I1KRD4,I1LFD2,0
I1LPZ3,A0A0R0KE62,0
A0A0R0L115,I1JAH7,0
I1K096,I1MW51,0
I1KJH7,A0A0R0GUR9,0
I1LZT5,A0A0R0FJR0,0
I1KYF8,I1N5D5,0
I1LMW7,I1LLK1,0
I1JUR7,I1LY15,0
C6T0E4,I1N7F4,0
I1MM89,K7LNG6,0
I1N7K6,C6TNW3,0
I1N1V6,K7KJB2,0
I1LDY7,I1MLJ0,0
H2D4C3,I1M5B6,0
A0A0R0GJ85,I1MVC6,0
A0A0R0J7Q5,A0A0R0L7U5,0
I1MGG3,C6SZQ0,0
K7LWC5,I1N5D5,0
I1KR80,K7M864,0
I1MYV4,I1KJD2,0
I1LPZ2,A0A0R0JSJ9,0
I1MLH9,K7MMD7,0
A0A0R0H2V0,K7LY43,0
I1L0M6,A0A0R0GFH3,0
I1L653,O22518,0
C6TBN8,I1JRJ3,0
K7L3P2,I1LLS8,0
I1JDH6,K7LFD7,0
I1MYX8,I1JK31,0
I1JWH5,I1MW74,0
I1MEZ1,I1LL05,0
A0A0R0JJK8,K7LLV5,0
K7L1D3,K7N1T9,0
I1LA00,I1NJ53,0
C6SWL3,C6SWS6,0
I1MLH9,A0A0R4J4H3,0
Q2PMQ9,I1JM18,0
I1JV48,I1KZK2,0
K7MAP3,I1LIT1,0
C6SYR1,I1M998,0
I1M3V1,C6T5U0,0
A0A0R0GYG1,A0A0R0JBV0,0
A0A0R4J2W3,A0A0R4J4C3,0
I1JNK6,A0A0R0JT51,0
I1KS88,P62302,0
I1LRB0,A0A0R0ESZ8,0
I1M0C2,A0A0R0L7U5,0
I1L478,A0A0R0FJR0,0
C6SWZ1,I1L9K4,0
I1N8P5,K7LSG2,0
I1J5Q1,I1JD36,0
I1MNK0,C6T065,0
I1KD09,A0A0R4J4C5,0
A0A0R0JZD5,A0A0R0GBB6,0
I1M757,I1KTI0,0
C6SWD4,Q2PMR3,0
I1KPT1,I1NC50,0
I1JUR7,I1L7G4,0
I1J4E1,A0A0R0JQJ0,0
I1N6N9,A0A0R0JSJ9,0
I1KCX1,A0A0R0FZM4,0
I1KBQ5,I1JRJ3,0
A0A0R0G5V6,I1KZY8,0
C6SW69,C6TD23,0
Q2PMT2,K7N1T9,0
I1JVU8,I1KSD0,0
A0A0R0JS60,I1KVC1,0
I1LHY4,A0A0R0GBB6,0
I1KCH6,A0A0R0HSA0,0
I1JZC3,I1KZY8,0
I1K5L7,I1NJ53,0
A0A0R0J7Q5,C6T0A0,0
I1K911,A0A0R0KWL0,0
I1KXG2,A0A0R0GWH6,0
I1MK36,K7M841,0
I1LLA9,I1MQC8,0
I1L215,C6TIK0,0
I1N8Y6,I1NIE5,0
K7LKS0,I1KPE7,0
I1K328,I1NCF6,0
I1L250,A0A0R0JJI0,0
I1KBQ5,I1KEC8,0
K7KGE9,K7MFZ6,0
I1LC20,K7L6K2,0
A0A0R0KFE8,I1KPE7,0
I1LDY7,I1MGG7,0
I1L1S1,I1LLS8,0
A0A0R0GRI6,K7KTS8,0
A0A0R4J389,A0A0R0KWL0,0
C6T8L7,A0A0R0G7I0,0
I1L8H7,K7K318,0
A0A368UHM1,I1LGD6,0
I1KS36,I1K1W8,0
I1KTD4,I1K146,0
C6T968,A0A0R0FX75,0
I1MBW8,K7KJB2,0
I1KC19,K7KFY5,0
I1K328,I1LII4,0
I1JE93,A0A0R0GFM7,0
A0A0R0F0T6,C6SWS6,0
I1KH45,I1JA95,0
A0A0R0G342,K7N145,0
K7N0X7,A0A0R0L7U5,0
A5Z2K3,A0A0R0EG78,0
I1M7C1,K7MGQ2,0
A0A0R0HSV1,A0A0R0JRI8,0
I1JUJ6,I1NIE5,0
Q2PMU2,K7MXE0,0
A0A0R0KNE1,I1KUS2,0
I1JNB0,K7M849,0
I1KCN1,A0A0R0IZY4,0
A0A0R0HSJ1,A0A0R0E934,0
I1KMP8,I1J547,0
A0A368UHM1,I1L171,0
K7MGK0,K7KES3,0
I1LGI1,I1LLK1,0
A0A0R0FSS2,A0A0R4J2Q5,0
I1N8Y6,C6TN69,0
K7LLK0,K7LCS7,0
A0A0R0JB42,K7L6N7,0
C6SWL3,I1N780,0
K7L3P2,I1J9I1,0
I1NGQ5,I1JVX3,0
I1MNE4,K7MFZ6,0
C6SWL3,I1NG45,0
I1KS88,K7KAB4,0
A0A0R0ET54,I1NIE5,0
C6T507,I1JAH7,0
I1M7C1,K7KWE4,0
I1M100,I1J547,0
I1K096,A0A0R0KPE1,0
K7KE09,C6TFX5,0
A0A0R0L8Y1,A0A0R0EKI7,0
K7LVE4,I1MRP6,0
I1KQ68,A0A0R0GFH3,0
K7KKB2,K7K8Y9,0
I1KZW4,I1MVC6,0
I1MHH7,I1LWZ0,0
A0A0R0J7J3,I1JMK4,0
I1LUI7,A0A0R0K7U0,0
A0A0R0IHF9,I1KSL6,0
I1LJW2,I1KVC1,0
A0A0R0K5D9,A0A0R4J4H3,0
A0A0R0FQN0,I1JM18,0
I1MK36,K7KK86,0
I1LMP2,I1MPJ4,0
C6TFN5,A0A0R0H141,0
I1M3Q3,I1LW00,0
I1LIS4,I1NG45,0
I1KEG8,K7M6Z2,0
I1LJ93,I1JA95,0
I1N8M4,I1MW74,0
I1KPA1,I1JE09,0
A0A0R0G5A8,K7N5K2,0
A0A0R0FNM4,A0A0R0G7B5,0
I1KRD4,I1KEC8,0
C6T5Z0,A0A0R0G7B5,0
K7KTT9,K7M864,0
I1N1Y6,I1K1W8,0
C6TG91,C6SW04,0
K7MC09,A0A0R0IT62,0
A0A368UHM1,I1KZK2,0
K7LJV1,K7LK09,0
C6TFN5,I1NCF8,0
C6TEP1,A0A0R0GFM7,0
I1MSC6,K7N0V8,0
C6TCW7,A0A0R0L5Q1,0
A0A0R0EI44,I1KUB2,0
K7K415,K7M6Z2,0
I1MXT2,K7MNP5,0
K7MGK0,A0A0R0H141,0
A0A0R0LA89,K7LLV5,0
C6T3K0,A0A0R0L0E7,0
I1MQD0,K7MFE5,0
I1KGZ6,A0A0R0GJV8,0
A0A0R0KFE8,I1N7F4,0
I1LJI8,I1LR48,0
I1M2R5,K7MFE5,0
I1M9T4,K7N0V8,0
I1J5U5,I1M3W1,0
C6T8R7,A0A0R0K0K3,0
I1JML1,I1JRV0,0
K7LHR2,A0A0R0GUR9,0
I1JAG0,K7M9T4,0
A0A0R0KFE8,A0A0R0EDS9,0
I1JUJ8,A0A0R0FGT9,0
K7MTC4,C6TGA9,0
I1KEG8,I1MEQ6,0
A0A0R0HDM5,A0A0R0JYX3,0
I1K3U2,I1MVC6,0
I1M3U2,I1KYL4,0
C6SWM1,I1LEC4,0
I1M717,I1JUQ0,0
K7MI53,A0A0R0FX75,0
I1JL13,C6SZQ0,0
I1L9A1,I1JM18,0
I1LQ02,I1NC50,0
I1JW21,K7M6Z2,0
I1M3U2,A0A0R0GFL3,0
I1JMZ3,I1NAJ5,0
C6SZY0,K7MXE0,0
I1JTW0,A0A0R0L4P0,0
K7K2H1,I1K9J7,0
C6T0E4,I1KFL5,0
I1MNE4,A0A0R0JTV5,0
A0A368UJ64,K7L6N7,0
A0A0R0JG07,K7LY43,0
I1NIJ9,I1JK31,0
I1KEG8,I1KSL6,0
C6T2Y4,K7MM40,0
I1L8L5,I1J4B5,0
I1KXG2,I1KTI0,0
I1LG61,I1KZK2,0
K7M142,I1KSD0,0
A0A0R0ESI3,I1NCV4,0
K7L3K3,K7LHS7,0
I1NBQ2,K7MXE0,0
K7M2D8,P17093,0
I1LUI7,K7MGQ2,0
I1MC39,A0A0R4J5K6,0
I1LHY4,K7K4C7,0
I1M3U2,I1MF50,0
I1LMP2,A0A0R0FM97,0
I1J870,I1KCY5,0
I1K7J4,A1YZE0,0
I1JG98,A0A0R0JRI8,0
I1M3Q3,C6TIK0,0
I1JXB4,I1KM19,0
I1N8Q6,Q2PMR3,0
C6SY99,I1LLS4,0
I1M4Y9,K7M849,0
I1N7K6,I1KVC1,0
I1KFI5,A0A0R0EUJ0,0
C6SYE0,K7LHS7,0
I1N1V6,A0A0R0L7U5,0
I1NIE7,A0A0R0EJV2,0
I1N0R5,A0A0R0HSA0,0
I1MSD9,I1LLS4,0
I1NCS8,A0A0R0JJI0,0
I1N6N9,A0A0R0GUR9,0
I1KQE2,C6TFX5,0
K7KGE9,I1K215,0
I1MC39,C6T5U0,0
I1L5Z7,K7KQZ8,0
I1JAG0,K7L2R0,0
A0A0R0EWX9,I1J9I1,0
I1MJM9,I1KAR1,0
I1LDU4,K7M849,0
K7LTQ1,I1N780,0
I1MT74,K7KW44,0
I1JHN5,K7M841,0
I1KYD6,I1JV03,0
K7K2H1,A0A0R0JJK0,0
I1J553,I1KH38,0
I1LGQ1,A0A0R0HSH0,0
I1JCY0,K7KNC5,0
I1MZ32,A0A0R0K6I2,0
A0A0R0GRI6,K7LIE3,0
A0A0R0INQ5,A0A0R0JSJ9,0
I1LZM7,I1M1D5,0
K7KPJ4,K7KK74,0
A0A0R0F7J9,A0A0R0G7I0,0
I1KS36,C6SW04,0
C6T2L5,A0A0R0H141,0
I1NGD2,A0A0R4J488,0
I1J4E1,A0A0R0EKI7,0
K7LJV1,A0A0R0FXD4,0
I1LIH7,I1M1W3,0
A0A0R0GG96,C6T5U0,0
K7K9E1,I1KUB2,0
K7L240,A0A0R0JJI0,0
I1KHJ6,A0A0R0JSJ9,0
A0A0R0KH89,K7KES1,0
K7L240,I1LXQ3,0
K7LLK0,C6TD23,0
I1LWR7,I1K1W8,0
I1MK96,K7KAB4,0
I1KJ98,K7KWE4,0
I1KAJ2,I1K6E7,0
I1LPI3,I1MEQ6,0
K7M5W5,K7MQG6,0
A0A368UHG0,I1MQC8,0
I1JWF0,I1KCY5,0
K7LWC5,I1LG13,0
I1JAF7,I1ML11,0
I1L412,K7LTR0,0
K7L3P2,K7KW44,0
I1K650,A0A0R0ENB3,0
I1K9P1,K7MC85,0
K7MGQ3,K7KK86,0
I1LM73,I1J8W6,0
I1M0C3,K7KH93,0
C6TKL8,I1KFL5,0
K7M4N3,I1JE09,0
I1LZT5,I1KZK2,0
I1N1X8,A0A0R0ESZ8,0
I1NF12,I1K9J7,0
K7LDR8,A0A0R0IT62,0
A0A0R0HSJ1,C6SYE1,0
I1N9I5,K7N129,0
I1MVK7,A0A0R0EG78,0
I1MT74,A0A0R0KPE1,0
I1MK96,A0A0R0JT51,0
K7KP67,I1LWZ0,0
A0A0R0LFT0,A0A0R0FGT9,0
I1K4U3,I1LIT1,0
A0A0R0KNS7,I1JRJ3,0
K7K2H1,K7MXH5,0
O48901,I1MW74,0
C6SVF8,I1JRV0,0
I1KAJ2,A0A0R0GBB6,0
I1LPJ3,K7M6J1,0
K7LW22,I1M5B6,0
K7LWI3,A0A0R0FZM4,0
I1LP18,A0A0R4J2Y1,0
I1K5H2,A0A0R0JRI8,0
I1LCX3,I1N780,0
I1JP52,I1K115,0
I1K4D7,I1KZ09,0
I1N8Q6,A0A0R0IR73,0
Q2PMU2,K7KES1,0
I1MEZ1,A0A0R4J426,0
I1MSD9,A0A0R0JJI0,0
A0A0R0JS60,I1MK72,0
A0A0R0HDM5,I1KSD0,0
I1KVL0,C6SZ70,0
K7LVE4,A0A0R0GJV8,0
I1LR08,A1YZE0,0
I1KRD4,I1LL05,0
I1MRS5,K7M864,0
I1JFS9,A0A0R0JJK0,0
A0A0R0ET54,I1N5D5,0
K7M097,I1JAH7,0
I1KPQ8,I1KJF2,0
A0A0R0L7S1,I1KMS8,0
I1L8G3,A0A0R0JSJ9,0
A0A368UHG0,K7KTS8,0
K7LTQ1,I1KQE3,0
K7MS88,K7L939,0
I1JTW0,C6TN69,0
I1J4E1,I1MZV4,0
I1KEY6,I1KCY5,0
A0A0R0E3E6,C6SZ70,0
Q2PMT2,Q43463,0
I1MBM5,I1N898,0
C6TNL5,I1K9J7,0
K7L395,I1KTI0,0
K7LIW2,K7MFE5,0
I1KQB9,I1MVC6,0
I1M7B9,K7M841,0
I1K5G1,A0A0R0E934,0
K7M5W5,A0A0R0JJK0,0
I1LZM7,O22518,0
C6T9S5,I1K1W8,0
A0A0R0EYA9,I1J8W6,0
I1LC01,C6T2G5,0
I1KLE1,I1L7G4,0
C6SWZ1,K7M9T4,0
C6TG99,I1JYT2,0
A0A0R0ERF9,I1MEQ6,0
K7KDX2,K7MTL2,0
I1MGG3,I1MW51,0
I1LDU4,I1LR48,0
I1L1S1,I1LWZ0,0
A0A368UHG0,C6T5R4,0
I1KBL4,C6T4V3,0
K7KVG4,K7MFE5,0
I1MWF0,K7MFE5,0
I1K620,A0A0R0K0K3,0
A0A0R0JB42,A0A0R0GFH3,0
I1KVX9,K7L7W0,0
I1KJW4,K7KNC5,0
I1JFS9,A0A0R0EYS5,0
I1KJL3,K7MC85,0
K7KPJ4,I1LGD6,0
A0A0R0GRI6,K7N0V8,0
I1JCY0,I1MNV2,0
I1K7J4,I1LM96,0
C6SVH9,I1LLK1,0
A0A0R4J3D2,K7LTB2,0
I1KHY2,A0A0R0L5Q1,0
I1JVN0,K7KAB4,0
A0A368UHG0,I1NIE5,0
I1NC77,K7KW44,0
I1JW64,K7M849,0
K7MZ38,I1LH27,0
K7M5T0,K7M466,0
A0A0R0I8Z5,K7L9M2,0
I1J553,I1NIE5,0
I1JKS2,I1MNU1,0
A0A0R0GE56,C6T0A0,0
C6TFR5,I1JA95,0
I1MJM9,A0A0R0FX75,0
K7KGE9,K7K8K7,0
C6TLV6,A0A0R0GPH9,0
I1MEF8,K7MYK9,0
K7MC09,A0A0R0HCS6,0
A0A0R0JES0,K7MYK9,0
I1JKP1,I1M269,0
A0A0R0FSS2,K7MFZ6,0
I1M7C7,A0A0R0EUJ0,0
A0A0R0GYG1,C6SYE1,0
I1J870,K7LK09,0
I1MNK0,C6T5U0,0
C6SVB5,C6SYE1,0
A0A0R0FEI0,A0A0R0KE62,0
I1LIM0,I1JD52,0
C6TKC3,K7MFE5,0
I1JRA0,I1N8M8,0
I1LUL7,I1KZY8,0
I1K911,I1M5B6,0
I1LPC3,I1MLJ0,0
I1KGN6,A0A0R0JBV0,0
I1N9S5,I1M225,0
I1KGI6,I1JB64,0
K7K415,K7M846,0
I1KPT1,I1KTI0,0
C6SXJ9,K7M592,0
I1KVX9,K7KVK2,0
I1JIJ4,A0A0R0KWT5,0
A0A0R0E907,K7MNN5,0
C6T4Z6,I1M5B6,0
K7LIW2,A0A0R0FM97,0
I1LLA9,K7K8Y9,0
C6SYA3,I1MVC6,0
C6T4Z6,I1KVC1,0
I1KHY2,I1LPK5,0
K7MI53,I1LPW2,0
I1J8V4,I1J9I1,0
I1KC19,I1JMH3,0
I1JI73,K7M466,0
I1LJA4,I1MW51,0
C6TLT3,I1KSL6,0
I1L1L2,I1LUL2,0
I1LPZ2,K7MRF5,0
C6TNX5,A0A0R0JBL2,0
I1JVN0,I1J547,0
I1K3U2,I1KQE3,0
I1KQC7,K7M6R4,0
K7MMG1,A0A0R0GFH3,0
I1JNK6,K7L6K2,0
I1JYG6,I1NAF6,0
C6SWI9,I1KTI0,0
K7MAP3,K7L2D7,0
A0A0R0KXY9,K7KK86,0
I1K8C1,I1JD52,0
I1JT85,I1LR48,0
C6SZY0,A0A0R0IT62,0
I1KPT1,I1KVC1,0
I1MSD9,K7MMD7,0
I1N8Q6,K7L939,0
A0A0R0LB39,I1JUQ6,0
I1KVS3,K7M849,0
K7MMR3,I1MEQ6,0
A0A0R0IHF9,K7MNP5,0
I1KJT5,K7N5K2,0
I1L5H8,A0A0R0JTV5,0
A0A368UHE3,I1KYL4,0
I1KQG7,I1J8C9,0
I1KPA1,C6TIK0,0
P48513,A0A0R0GPH9,0
I1KZW4,I1J547,0
I1MBW8,K7LK09,0
I1K3P0,I1LY15,0
A0A0R4J3Y6,K7MNP5,0
K7K9E1,K7M6J1,0
I1L1L2,I1JB64,0
I1JE38,I1MJJ9,0
I1K4U3,I1JRV0,0
A0A0R0FNM4,A0A0R0L4P0,0
K7LWI3,K7LK09,0
K7MCD1,A0A0R0JSJ9,0
I1N7K6,A0A0R0JBV0,0
C6T1E6,I1LG13,0
I1M7B9,K7LY43,0
I1NIJ9,K7MM40,0
I1N0W9,A0A0R0KWL0,0
K7M4N3,C6T065,0
I1KZJ7,I1JD07,0
I1NF12,C6TIK0,0
I1J5B0,I1M5B6,0
I1KQB9,A0A0R0EKI7,0
A0A0R0HSJ1,K7LIE3,0
I1KJW4,I1JUQ6,0
I1JNK6,C6SYW6,0
I1KLS4,C6TNW3,0
I1LDY7,A0A0R0K0K3,0
I1MLZ0,A0A0R4J4D0,0
A0A0R0GC27,I1NAF6,0
K7N0U1,I1JVX3,0
K7MD28,I1JD36,0
I1MM89,C6SZQ0,0
K7MGK0,K7LNG6,0
K7L3K3,I1N780,0
C6T3K0,C6SZ70,0
A0A0R0L8Y1,K7MNN5,0
I1NIJ9,I1KMS8,0
C6SWZ1,A0A0R4J426,0
I1LIH7,K7KK86,0
K7N0U1,K7N129,0
A0A0R0FNM4,I1KYL4,0
I1KPU4,C6SWS6,0
I1L653,I1M3W1,0
I1LGQ1,A0A0R0HSA0,0
I1L1L2,I1KPE7,0
I1JML1,I1J9I1,0
I1M100,A0A0R0GBB6,0
I1K912,I1K6E7,0
I1KC19,K7M6I1,0
C6SYR1,I1MNU1,0
K7KNJ6,I1KUS2,0
I1NF12,K7M6J1,0
I1J5B0,K7L4N7,0
I1MV96,A0A0R0JJK0,0
I1LPZ3,A0A0R0EWR2,0
A0A0R0L7S1,K7KK74,0
I1JFF6,I1KYL4,0
I1KYD6,I1K146,0
A0A0R0GE84,I1MEF5,0
I1LFW0,C6TJ17,0
I1LPD3,K7LNG6,0
I1KQG7,I1MW74,0
I1LYG4,A1YZE0,0
A0A0R0I1I4,A0A0R0EUJ0,0
I1MEZ1,A0A0R0HSH0,0
I1LFW0,K7M6Z2,0
I1JXQ3,A0A0R0JQJ0,0
I1KGU0,I1KH38,0
I1LKQ4,K7L6N7,0
I1KVX9,I1LH18,0
I1JUR7,A0A0R0K7U0,0
I1LGI1,I1LPW2,0
I1K912,P17093,0
I1N1Y6,I1KZK2,0
I1K9P1,I1LH18,0
I1JS58,I1KUB2,0
A0A0R4J389,I1L9K4,0
I1NJ79,A0A0R0HSH0,0
A0A0R0L372,I1LL05,0
A0A368UH03,I1LPJ8,0
A0A0R0FEI0,A0A0R0GBB6,0
I1JR41,K7L2R0,0
C6TLT3,I1KZ09,0
K7MS88,I1KHJ4,0
K7LWC5,I1K9J7,0
C6SZL0,I1LIT1,0
I1K9P1,I1LIA8,0
A0A0R0FJF0,A0A0R0GPH9,0
I1JDH6,I1K467,0
K7LQ96,K7N1L5,0
I1LMQ5,K7KTS8,0
I1MTH0,A0A0R0EDS9,0
I1LGQ1,I1MRI5,0
I1N8M4,K7KES3,0
C6T968,A0A0R0GUR9,0
I1JNB0,A0A0R4J4C3,0
I1KYD6,A0A0R0E934,0
I1LJI8,A0A0R0GG06,0
A0A0R0HHZ3,I1KCY5,0
C6SVF8,I1LY15,0
I1JKS2,K7MYK9,0
Q2PMS6,K7M6R4,0
K7LWN2,I1MU00,0
I1NDC0,I1MSN3,0
A0A0R0F0T6,K7L2D7,0
A0A0R0HN81,A0A0R0EYS5,0
C6SYQ2,A0A0R0JQJ0,0
K7KCG5,A0A0R0HSA0,0
C6TLT3,I1JD52,0
I1LYN0,A0A0R0HSH0,0
I1KTD4,A0A0R0K6I2,0
K7M9K9,K7LNG6,0
I1NF54,K7MNP5,0
I1KJW4,I1LLS4,0
I1KYF8,A0A0R0JSJ9,0
I1MUQ7,I1MNS7,0
K7M142,I1KLS1,0
C6SY99,I1MLJ0,0
C6TCW7,I1JM18,0
I1LC20,K7MFZ6,0
I1MGB0,I1NCF8,0
I1KH45,K7L6K2,0
K7LUF9,A0A0R0K0K3,0
A0A0R0L098,I1JD36,0
I1L690,A0A0R0FB78,0
I1M6L1,I1NCF6,0
A0A0R0KH89,A0A0R0G7B5,0
K7MMG1,A0A0R0HSH0,0
I1J8W9,K7K894,0
I1M757,A0A0R0IR73,0
I1LIR4,I1JV03,0
Q2PMU0,I1JD36,0
C6T7N2,I1N761,0
I1MY72,I1K1W8,0
I1MHS1,C6TJM4,0
C6SYE0,A0A0R0FB78,0
K7KGE9,I1L2H4,0
A0A0R0J7Q5,I1K115,0
A0A0R0EFE2,K7N0V8,0
C6T2L5,K7N129,0
I1MY43,A0A0R0HSH0,0
I1JU70,A0A0R0JQJ0,0
I1N0R5,I1JMH3,0
I1MGB0,A0A0R0GFM7,0
I1JAG0,K7L7W0,0
K7KPJ4,C6TJM4,0
A0A0R0LA89,I1KVC1,0
I1JZC3,K7LQV0,0
I1KYS6,A0A0R4J5K6,0
A0A0R0F7J9,A0A0R0JSJ9,0
I1LG61,K7KJB2,0
K7LWC5,C6SYE1,0
I1LMQ5,A0A0R4J2Y1,0
C6SYR1,I1KSL6,0
K7KZ42,I1KSD0,0
I1JUT9,I1KAR1,0
A0A0R4J3R4,A0A0R0JTV5,0
A0A0R0LA89,K7KK86,0
K7LSH9,K7M6J1,0
K7MPL4,K7N1L5,0
I1LDY7,I1LL05,0
K7L1B9,I1N8M8,0
I1JXQ3,A0A0R4J4H3,0
K7MH53,I1JMK4,0
I1KEY6,C6SW04,0
K7M097,C6TN69,0
I1KD09,I1KZY8,0
K7LSH9,A0A0R0EWR2,0
I1MQD0,I1JM18,0
C6TKW2,I1MRP6,0
I1K5L7,A0A0R0GUR9,0
A0A0R0G2B9,A0A0R0IR73,0
I1MBM5,K7L2R0,0
I1KLE1,I1LY15,0
I1M273,I1JC65,0
I1LZW4,K7KQZ8,0
I1KVL0,A0A0R0GBB6,0
I1L478,K7L4N7,0
I1KTD4,I1M277,0
I1KUT8,I1K467,0
I1K0C4,C6T0A0,0
A0A0R0H9H8,Q43463,0
I1KRF9,K7M9T4,0
K7LHR2,C6SX83,0
I1KTS9,I1NCV4,0
A0A0R4J2N2,I1JFW6,0
K7L1B9,A0A0R0HSH0,0
I1LFQ4,A0A0R0E934,0
P07506,I1KJD2,0
K7LUF9,A0A0R4J4C3,0
A0A0R0F2G6,I1LEC4,0
C6TE07,K7L6K2,0
C6TBN8,A0A0R0EUJ0,0
I1JNB0,C6SYE1,0
I1NGD2,I1KCY5,0
A0A0R0JZD5,K7LSG2,0
A0A0R0GZZ6,C6SYW6,0
A0A0R0EFE2,I1JYT2,0
I1LRB0,A0A0R0FX75,0
I1MP46,A0A0R0KVY6,0
C6SVV7,M1FN34,0
C6T8L7,I1KSL6,0
I1L8H7,A0A0R0L5Q1,0
C6TFR5,A0A0R0JBL2,0
A0A368UHG0,K7M6Z2,0
I1MBW8,I1LM96,0
I1K5J5,A0A0R0JRI8,0
I1MSC6,K7KFY5,0
I1LC01,C6SW04,0
I1MQD0,I1JMH3,0
K7N5D4,A0A0R0L7U5,0
I1MEZ1,I1LW00,0
I1M7C7,I1LUL2,0
K7MNC0,A0A0R0IZY4,0
C6TBN8,I1KUB2,0
A0A0R0GZZ6,I1JA95,0
I1LR08,I1JM18,0
I1JRA0,K7LK09,0
I1N4X7,C6TJ17,0
C6TLT3,A0A0R0IF42,0
I1JR41,K7M6J1,0
I1KMP8,I1NAJ5,0
I1KQE2,I1KAR1,0
A0A0R0FX46,A0A0R0FER5,0
I1LIH7,C6T4V3,0
I1NBC2,C6SZG1,0
I1JG98,C6TJM4,0
I1N1X8,A0A0R4J5C5,0
A0A0R0FJF0,I1JA95,0
I1L6W0,A0A0R0KE62,0
A0A0R0ESI3,I1KZ09,0
I1L250,K7MM40,0
A0A0R0EU45,I1LY15,0
A0A0R0F077,I1LLK1,0
I1K3P0,I1K215,0
A0A0R0HHZ3,Q43463,0
P46279,I1LEC4,0
A0A0R4J2W3,A0A0R4J426,0
I1MVE9,I1KZK2,0
I1LJ94,I1KZ09,0
A0A0R0KCY1,I1LEC4,0
C6T2L5,I1K2I1,0
I1LP18,C6TGZ1,0
A0A0R0JS60,I1KSL6,0
I1N1Y6,A0A0R0K0K3,0
C6SXP5,K7M6Z2,0
K7N3F6,A0A0R0GJV8,0
P48513,K7LIE3,0
C6SYA3,A0A0R0L7U5,0
I1JM69,I1KAD1,0
C6SXF5,I1JVX3,0
K7KEV0,I1LPJ8,0
I1NIJ9,I1MC28,0
A0A0R0HSV1,I1N8M8,0
I1M0C2,I1L7G4,0
K7KYY0,A0A0R4J426,0
K7MZ38,I1N898,0
I1JP52,I1LVN3,0
I1KYS6,K7M6Z2,0
K7LWC5,A0A0R0JQJ0,0
K7LHR2,I1M1W3,0
C6T084,I1MNU2,0
A0A0R0JS60,I1M5B6,0
C6TL77,I1K5K7,0
K7MNC0,I1JVX3,0
I1MP46,A0A0R0KWL0,0
A0A368UHM1,C6TFX5,0
I1NHQ1,K7KK86,0
C6SXF5,K7MFZ6,0
I1MVK7,I1LXQ3,0
A0A0R0EYA9,K7M864,0
C6T968,A0A0R0IT62,0
I1L412,K7LK09,0
C6TD73,A0A0R0JBL2,0
I1LIR4,K7M6I1,0
I1M757,A0A0R0ENB3,0
I1L215,I1M5B6,0
A0A0R0FNM4,K7LIE3,0
A0A0R0K5D9,I1KFL5,0
I1JZC3,I1JM18,0
K7K676,K7LY43,0
I1LYG4,A0A0R0IR73,0
I1M100,A0A0R0JBV0,0
I1LJW2,K7LHS7,0
I1K2U0,I1K2I1,0
I1N5E8,I1NC50,0
K7LEG0,I1LUL2,0
I1J553,I1K642,0
I1LRB0,I1MU00,0
C6T968,C6SWS6,0
I1KCB7,K7KWE4,0
I1MUC0,A0A0R4J2Q5,0
A0A0R4J4C8,C6SWS6,0
I1KHJ6,I1LY15,0
I1NF12,K7MGQ2,0
I1KFI5,A0A0R0H141,0
I1MRY0,A0A0R0KWT5,0
I1JS66,A0A0R0HV63,0
A0A0R0LFT0,A0A0R0KVY6,0
I1JU70,I1LIA8,0
C6T883,A0A0R0GUR9,0
I1L5Z7,I1JV03,0
I1L215,K7M4E0,0
I1KFI5,I1KMS8,0
A0A0R0F0T6,I1NIE5,0
K7KP67,A0A0R0FEN3,0
I1KJT5,A0A0R0IZY4,0
C5NTE7,I1MTV9,0
A0A0R0FSS2,I1KTI0,0
I1LBV2,I1JYT2,0
I1JV48,I1LFD2,0
O48548,M1FN34,0
A0A0R0ERF9,C6SZ70,0
K7KYY0,A0A0R0HV63,0
C6SZM2,I1LIT1,0
I1LJA4,I1NAJ5,0
I1LJA4,K7MXH5,0
I1K911,A0A0R0FM97,0
K7KYE0,A0A0R0JBL2,0
C6SWA0,I1LWZ0,0
C6SVB5,I1LIU7,0
I1LYQ9,A0A0R0EWR2,0
I1K5G1,I1MJJ9,0
K7K794,C6T0A0,0
A0A0R0EU45,K7LQV0,0
I1LFW0,I1N5D5,0
I1LMQ5,I1MC28,0
I1MLN7,A0A0R0K0K3,0
I1MNE4,I1JA95,0
K7KFV5,I1JRU7,0
A0A0R0KH89,I1JUQ0,0
I1N0W9,K7M9T4,0
I1J7A8,K7KW44,0
I1N056,K7N5K2,0
C6SYR1,I1M269,0
I1LM73,K7LNG6,0
A0A0R4J354,C6SW04,0
I1KUT8,I1LGD6,0
I1MLH9,I1KM19,0
Q2PMS6,I1MRI5,0
I1K9P1,K7N1T9,0
I1KVL0,K7KJB2,0
C6SVH9,K7M592,0
I1M3Q8,I1M269,0
I1J7A8,C6TJ17,0
I1JDR2,K7N1L5,0
I1KXG2,K7MNN5,0
C6SWG4,C6TN69,0
K7M5I5,I1LEC4,0
A0A0R0GE84,C6TGA9,0
I1KQE2,A0A0R4J2Y1,0
I1LR08,A0A0R4J5C5,0
I1LIR4,I1L9K4,0
A0A0R4J2N2,I1LW00,0
I1MK36,I1K642,0
A0A0R0I1I4,A0A0R0GFL3,0
C6TCW7,I1JC65,0
A0A0R0JG07,A0A0R0KWL0,0
C6T1E6,I1L2H4,0
I1JT28,I1LR48,0
A0A0R0KNE1,I1NCF8,0
C6TFN5,C6TIQ7,0
I1J5U5,I1K3X9,0
K7KCG5,K7KAB4,0
A0A0R0FNV7,K7K8Y9,0
I1KV60,I1KVC1,0
I1MQD0,A0A0R4J426,0
I1L0M6,A0A0R0FER5,0
A0A0R0F2Z4,K7KK86,0
K7KPJ4,C6SW04,0
A0A0R4J2N2,I1M269,0
I1KRD4,I1JRU7,0
K7L240,K7K8Y9,0
K7M4N3,I1M3W1,0
C6TKB2,A0A0R4J4H3,0
C6T5Z0,I1KVC1,0
I1LBV2,I1LFD2,0
K7LWI3,I1LUL2,0
I1LQ02,I1N8M8,0
I1LZT5,M1FN34,0
A0A0R0JKU3,I1KSL6,0
A0A0R0FKK9,I1JMH3,0
I1M6L1,I1K2I1,0
I1MGB0,A0A0R0FGT9,0
I1N4X7,I1KSL6,0
I1L8L5,K7L2R0,0
I1L1S1,I1KHJ4,0
C6SXJ9,C6TN69,0
C6TKL8,K7M864,0
A0A0R4J2W3,C6T4V3,0
I1MYX8,I1LVN3,0
I1KY58,A0A0R4J4H3,0
K7MGK0,I1MF50,0
I1JUI1,K7LIE3,0
A0A0R0HN81,K7M846,0
I1KP31,K7L4N7,0
I1MIE5,A0A0R0K7U0,0
A0A368UHE3,I1LWZ0,0
C6SVV7,K7KH93,0
I1LDY7,I1JV03,0
I1MV96,K7M864,0
C6SWI9,K7N1T9,0
I1K8C1,A0A0R0IF42,0
K7KGE9,A0A0R0EYS5,0
A0A0R0EJE2,K7MFZ6,0
I1LSM6,C6TIK0,0
K7KP67,A0A0R0IR73,0
A0A0R4J3R4,K7MMD7,0
I1NGL5,I1LH27,0
I1LA00,A0A0R0GJV8,0
K7KLF0,K7KJB2,0
I1KGN6,A0A0R0FJR0,0
K7MD28,A0A0R0EWR2,0
I1KCX1,A0A0R0FTI5,0
I1K628,K7M4E0,0
I1JW21,I1MZV0,0
I1N439,I1JRU7,0
I1JP52,I1JE09,0
K7L3K3,I1M1D5,0
C6TLV6,C6SX83,0
I1MC26,A0A0R0FER5,0
I1MUQ7,I1NAJ5,0
I1MZ32,I1LPJ8,0
A0A0R0GE56,I1KCY5,0
I1LY25,K7KVK2,0
A0A0R0FNV7,I1JHJ0,0
I1KS36,A0A0R0IZY4,0
I1MV96,K7L6N7,0
A0A0R0LA89,A0A0R0JQJ0,0
I1KMS4,C6SX83,0
I1KUP5,C6T5R4,0
A0A0R0JJ98,I1LHS8,0
I1MLK3,A1YZE0,0
I1KLS4,I1K6E7,0
I1M7C1,I1M277,0
P09755,K7LIE3,0
K7LEG0,A0A0R0EG78,0
I1NH98,I1N898,0
I1J5B0,K7KES3,0
I1L1N3,I1KZ09,0
I1LJ94,A0A0R0GBB6,0
A0A0R0G6V6,I1NG45,0
A0A0R4J354,A0A0R0ENB3,0
I1L5Z7,Q2PMR3,0
A0A0R0L4N1,I1M1W3,0
A0A0R0G5V6,K7L6K2,0
K7KNJ6,K7L7W0,0
I1MJM9,A0A0R0JT51,0
I1MC39,K7M849,0
C6T3K0,A0A0R0L4P0,0
P07506,I1KJF2,0
C6SZM9,C6TJ17,0
A0A0R0H296,I1K215,0
A0A0R0GYG1,K7MFZ6,0
I1KYS6,K7K4C7,0
I1KRZ2,Q43463,0
I1JR41,C6SYE1,0
A0A0R0FKK9,K7KVK2,0
A0A0R0EYA9,A0A0R0IR73,0
I1L8S1,I1MQC8,0
I1JYG7,I1MRI5,0
I1KUP5,I1KZY8,0
A0A0R4J3Y6,I1JK31,0
I1LRB0,I1N5D5,0
I1K912,C6TNW3,0
A0A0R0HHZ3,I1JMZ7,0
K7M9K9,C6TNW3,0
C6T567,K7MFZ6,0
I1JQR6,I1MLJ0,0
K7L1D3,A0A0R0KVY6,0
C6T3G1,I1KYL4,0
I1LP18,A0A0R0K6I2,0
I1JRL7,A0A0R0GAQ8,0
C6SZY0,I1KLS1,0
K7MCH3,I1LH18,0
I1N6N9,K7KAB4,0
A0A0R0GE56,I1M269,0
I1LPI3,I1KMS8,0
K7KNJ6,K7MRF5,0
I1LXH0,A0A0R4J5K6,0
I1K2Z9,I1JRU7,0
I1JM69,K7MFE5,0
I1M7V7,A0A0R0FX75,0
I1KQ68,I1JMZ7,0
I1J5U5,A0A0R0K6I2,0
A5Z2K3,C6TGZ1,0
A0A0R0EJE2,A0A0R0KPE1,0
I1MQD0,I1LEC4,0
I1K4D7,A1YZE0,0
I1MNE4,I1KJD2,0
A0A0R0HIA6,I1LII4,0
K7MPL4,I1KPE7,0
I1J7A8,I1M225,0
I1N0I7,A0A0R0FX75,0
K7KKB2,I1N5D5,0
H2D4C3,I1JRV0,0
C6SW69,K7LTR0,0
A0A0R0FNV7,I1KHJ4,0
I1KBQ5,A0A0R0L828,0
I1KFI5,I1M225,0
I1NC77,A0A0R0GWH6,0
K7K3W5,K7LSG2,0
I1KIB3,I1MZV0,0
I1MTX9,I1MK72,0
A0A0R0I0B9,K7LK09,0
K7MXD1,C6TK73,0
K7KP67,A0A0R0GG06,0
K7M4N3,I1MZV0,0
A0A0R4J3N1,C6SYE1,0
Q2PMQ9,I1L2H4,0
P48513,A0A0R4J4C3,0
I1KJH7,A0A0R0KWL0,0
I1LUF0,I1MU00,0
K7KIU3,C6TCH4,0
A0A0R0J7Q5,I1MNS7,0
K7MI53,I1MEF5,0
C6SXP5,A0A0R0JRI8,0
I1LQ02,A0A0R4J488,0
K7KLI7,K7LY43,0
A0A0R0GBL8,C6TNW3,0
I1M3Q3,K7KJB2,0
I1L1L2,K7KTS8,0
I1KZI6,I1NCF8,0
I1LYQ9,A0A0R4J4C5,0
I1N6Z0,I1MNS7,0
C6T530,I1K1W8,0
A0A0R0EI44,I1JFW6,0
A0A0R0L098,C6SX83,0
I1LRE4,I1K215,0
A0A0R0I0B9,K7M466,0
I1N954,I1LFD2,0
I1KYS6,K7MC85,0
A0A0R0F077,I1JYT2,0
K7MWR1,I1JMH3,0
K7M5W5,I1NIE5,0
A0A0R0L7S1,K7L6K2,0
K7KZ42,K7M466,0
I1KLE1,A0A0R0EYS5,0
K7KNJ6,I1KLS1,0
C6T7N2,C6T2G5,0
C6TG81,I1KD82,0
A0A0R0FNM4,I1KEC8,0
I1L0M6,I1N780,0
C6SVR8,C6TIK0,0
I1N0I7,I1MNU2,0
C6SVB5,K7L939,0
I1LC01,A0A0R0L828,0
I1NBC2,I1K642,0
I1KJH7,C6SZG1,0
C6T883,I1MPJ4,0
I1L8G3,A0A0R0HSA0,0
I1L653,K7N0V8,0
I1KQE2,K7K4C7,0
A0A0R4J3Y6,K7M9T4,0
I1JZC3,I1KUB2,0
I1K2U0,K7M849,0
I1M3Q8,I1KZ09,0
O48548,I1M3W1,0
C6TD73,I1MW74,0
A0A0R0HN81,A0A0R0FEN3,0
I1JCY0,K7KQZ8,0
C6TK75,I1J8C9,0
A0A0R0JJ98,I1LUE0,0
A0A0R0G6V6,I1KH38,0
I1J4E1,I1JAH7,0
K7MMG1,I1LLK1,0
K7LUF9,K7MQG6,0
I1KS20,K7M864,0
K7MXS9,I1LUL2,0
K7MMF4,I1N780,0
I1LZT5,I1K467,0
C6SVV7,I1N7F4,0
M1FIU8,C6TBL4,0
I1JRA0,K7KK74,0
I1M0C2,I1LY15,0
I1LHY4,A0A0R0HV63,0
I1M717,C6SX83,0
A0A0R0KH89,I1JB64,0
A0A368UJ64,I1KAR1,0
C6SY99,I1KQE3,0
A0A0R0F2Z4,A0A0R0F214,0
K7L1D3,K7MYK9,0
C6TFR5,A0A0R0IF42,0
A0A0R0FKK9,O22518,0
A0A0R0GNH6,K7LQV0,0
I1LJI8,I1MVC6,0
I1LZ09,K7KQZ8,0
C6SZM2,K7MQG6,0
K7KPJ4,I1J8C9,0
I1LY25,C6T4V3,0
A0A368UHM1,A0A0R4J5C5,0
K7K794,K7KAB4,0
I1N056,I1NAF6,0
A0A0R0FKK9,I1KPE7,0
A0A0R0IAV3,K7MFE5,0
I1KUP5,K7L6K2,0
I1JT28,I1M3W1,0
A0A0R0J7J3,I1N8M8,0
C6SXJ9,C6TIK0,0
I1N056,A0A0R0H141,0
I1MNE4,A0A0R4J384,0
I1KMS4,C6SYW6,0
I1LJ94,I1LVN3,0
K7MGQ3,C6TIK0,0
C6SZG8,I1JD07,0
C6SZM9,I1JA95,0
K7MC09,A0A0R0IR73,0
I1KU09,C6TIQ7,0
A0A0R0H296,I1KCY5,0
I1N8Y6,I1M3W1,0
I1MWF0,I1LHS8,0
I1LPZ3,A0A0R0JBL2,0
I1KXI7,I1KZK2,0
C6SVU4,A0A0R0ENB3,0
K7MMR4,I1MEQ6,0
I1KNN1,I1LIT1,0
I1LPZ2,I1KPE7,0
I1L3P6,I1N8M8,0
I1JVP4,A0A0R0G7I0,0
I1NJ79,I1KCY5,0
I1LFQ4,K7K8K7,0
I1LPZ3,K7L2R0,0
I1LPD3,A0A0R4J488,0
A0A0R0JJK8,K7L9M2,0
I1MJM9,A0A0R0L828,0
I1K7J4,I1JVX3,0
I1LDA7,I1M225,0
I1K7N0,I1KLS1,0
K7MD28,K7KQZ8,0
I1LR08,K7L4N7,0
K7KFV5,I1L332,0
I1L690,K7M466,0
K7KDX2,A0A0R4J488,0
I1KCX1,A0A0R0JBL2,0
I1KVS3,K7LIE3,0
K7LGW1,K7KK86,0
I1LUF0,C6SZQ0,0
A0A0R0JJ98,I1LPK5,0
A0A0R0L2U1,A0A0R4J5C5,0
I1NBQ2,A0A0R0GUR9,0
A0A0R0L4N1,I1LM96,0
I1NF54,K7LCS7,0
P48513,I1MK72,0
C6TCW7,A0A0R0EKI7,0
K7LLK0,K7M849,0
K7LXT7,K7LTR0,0
I1MM64,K7L7W0,0
I1MY33,K7K318,0
I1KBM7,I1J4B5,0
K7MMR3,C6TIK0,0
A0A0R0EWX9,A0A0R0FEN3,0
I1K5G1,A0A0R0GJV8,0
I1KMP8,I1KSL6,0
I1JW64,I1KUS2,0
I1KJT5,I1K146,0
C6T426,K7KES1,0
A0A0R0KFE8,K7KVK2,0
A0A0R0FEI0,A0A0R0JSJ9,0
I1KPQ8,A0A0R4J4H3,0
I1LJA4,I1NCF6,0
I1M717,I1N8M8,0
I1LJ94,I1KLS1,0
I1MNV4,I1MW51,0
C6TCW7,A0A0R0FER5,0
A0A0R0EFE2,I1LXQ3,0
C6TBN8,I1K642,0
A0A0R0K6F4,I1JRU7,0
C6T9S5,C6SYW6,0
I1MHH7,C6TNW3,0
C6TKL8,A0A0R4J5B7,0
K7KGC2,A0A0R0EUJ0,0
I1LP18,K7LNG6,0
I1K3P0,K7LSG2,0
I1LR08,I1JUQ6,0
I1KV60,I1LG13,0
I1JT28,I1J547,0
K7K8U8,I1JK31,0
I1LSM6,I1K642,0
I1N0W9,A0A0R0JTV5,0
K7K415,C6TNW3,0
A0A0R0K6F4,I1M3W1,0
I1L250,I1JE09,0
Q2PMU0,I1N8M8,0
I1NGD2,I1K3X9,0
A0A0R0GYG1,I1LHS8,0
C6SVU4,I1LGD6,0
Q2PMS6,A0A0R0EDS9,0
I1JUJ8,I1MW74,0
K7K1Z2,I1LLS8,0
I1MDC4,A0A0R0L4P0,0
K7MVB9,A0A0R0JTV5,0
C6TBN8,K7L6K2,0
A0A0R0EI44,A0A0R4J488,0
K7M142,I1MEF5,0
A0A0R0GE84,A0A0R0L828,0
I1LSM6,A0A0R0K7U0,0
K7KDX2,A0A0R0K7U0,0
A0A0R0GNH6,I1MNU1,0
A0A0R0L115,A0A0R4J4H3,0
I1K8C1,I1LY15,0
C6TD73,I1KJF2,0
I1L478,I1L9K4,0
I1JL13,C6SWS6,0
I1L0M6,I1L3P5,0
C6TL77,I1L7G4,0
Q2PMT2,K7LSJ2,0
I1MIE5,I1KEC8,0
I1N0W9,A0A0R4J4C5,0
K7LIW2,I1JMH3,0
K7KY63,I1MU00,0
I1JXQ3,K7KJB2,0
I1KJH7,A0A0R0EG78,0
I1LYG4,I1LG13,0
I1KJ56,A0A0R0GPH9,0
A0A0R0JB42,K7LNG6,0
C6TKG0,I1KAR1,0
A0A0R0GZZ6,I1J547,0
I1JI73,I1JD52,0
I1L219,A0A0R0HCS6,0
A0A0R0FEN9,I1JMH3,0
I1KPA1,K7MQG6,0
I1LKQ4,Q43463,0
I1L690,I1KJF2,0
I1JE38,K7L2D7,0
I1LJ94,A0A0R0GG06,0
I1KQE2,C6T2G5,0
I1NGD2,I1K5B6,0
I1MHH7,I1MK72,0
K7K794,I1KZK2,0
I1MK96,A0A0R0KE62,0
I1LJ93,I1LXQ3,0
A0A0R0KCY1,A0A0R4J384,0
C6T2L5,K7KQZ8,0
I1M0N9,K7LTB2,0
I1L8S1,I1KAR1,0
C6SY81,A0A0R0JBV0,0
A0A0R0HIA6,I1MRI5,0
C6T3I8,K7K4C7,0
C6TD73,K7KES1,0
I1LD74,K7L2D7,0
I1K4D7,A0A0R0KPE1,0
K7L9V3,C6TN69,0
I1KZW4,I1MNU2,0
I1JXB4,A0A0R0ENB3,0
I1NC77,I1KAD1,0
A0A0R0ET54,I1MRI5,0
I1L219,A0A0R0FB78,0
I1MNK0,A0A0R4J4C3,0
I1L8S1,I1NC50,0
I1M0C3,I1K3X9,0
I1KTL9,I1JUQ0,0
K7LIW2,C6T5R4,0
I1M3V1,I1N8M8,0
I1NFS4,A0A0R4J5K6,0
I1MJM9,I1K4R8,0
I1K911,I1K146,0
I1LY25,A0A0R0FX75,0
K7KZ42,I1MQC8,0
A0A0R0GCF5,K7KFY5,0
I1N8Q6,A0A0R0ESZ8,0
C6SZM2,I1JMK4,0
A0A0R0H7N0,A0A0R0FZM4,0
I1JDH6,I1KAR1,0
A0A0R0JES0,K7M6I1,0
K7N3F6,I1LPJ8,0
I1KHJ6,I1MVC6,0
K7LZZ5,I1MNU1,0
I1JXB4,K7LTR0,0
I1N0W9,A0A0R0KE62,0
I1LIK8,K7LNG6,0
C6TKC3,K7M841,0
I1K7N0,K7N145,0
I1N0F1,I1KSL6,0
I1N0I7,C6TIQ7,0
I1K8C1,K7KTS8,0
A0A0R0FNM4,I1MNV2,0
I1MXT2,K7MYK9,0
I1K3P0,I1LPJ8,0
K7K553,I1LWZ0,0
I1NH73,I1LLK1,0
I1K4U3,I1MW51,0
M1FN39,A0A0R4J2Q5,0
M1FN39,I1NC50,0
A0A0R4J2W3,K7K4C7,0
K7MS88,I1JB64,0
A0A0R0FEI0,A0A0R0G7I0,0
I1N439,A0A0R0EYS5,0
I1K7J4,A0A0R0L0E7,0
I1LY25,I1KD82,0
K7LDR8,I1KUB2,0
C6SYF3,A0A0R0GFM7,0
I1MK96,A0A0R0KWL0,0
K7KDA5,A0A0R0GFH3,0
I1NCS8,A0A0R0EJV2,0
I1KQ68,A0A0R4J384,0
I1KH45,A0A0R0KWT5,0
K7MXS9,K7KTS8,0
I1K912,K7K8K7,0
C6TGR3,I1LPJ8,0
K7N0U1,A0A0R0K7U0,0
I1MNK0,I1LLS8,0
A0A0R4J2K3,A0A0R0GAQ8,0
K7M9K9,I1K146,0
I1LUL7,A0A0R0JBL2,0
K7MMG1,I1LL05,0
I1KHJ6,A0A0R4J426,0
A0A0R0GRI6,K7KNC5,0
K7LWC5,I1M3W1,0
K7MMF4,K7M6J1,0
A0A0R0JS60,A0A0R0G7B5,0
I1J9J7,A0A0R4J4H3,0
I1K650,C6T065,0
A0A0R0JLD5,A0A0R0EWR2,0
I1LM73,A0A0R0ESZ8,0
I1K4D7,K7MC85,0
K7LZZ5,I1MW51,0
I1JAG0,I1LXQ3,0
C6TKZ4,K7N5K2,0
I1K7N0,K7K894,0
I1JM69,I1NCF8,0
I1MGB0,K7KWE4,0
I1J553,A0A0R0EJV2,0
C6SYQ2,A1YZE0,0
A0A0R0EU45,K7KJB2,0
I1KTS9,K7KH93,0
I1KRZ2,I1J8C9,0
K7KDX2,I1NCV4,0
I1L690,K7M864,0
A0A0R0G2B9,K7MFZ6,0
I1JIJ4,C6SX83,0
I1N1V6,K7M6J1,0
K7KEV0,K7LTB2,0
C6SXJ9,I1LH27,0
I1LPI3,I1LEC4,0
A0A0R0JYB5,I1KZK2,0
I1NDG6,I1JMK4,0
I1L219,I1JMK4,0
K7KFV5,A0A0R0GUR9,0
A0A0R0L372,K7N145,0
K7M2D8,I1MNS7,0
I1LFQ4,K7KNC5,0
C6T2Z2,A0A0R0EWR2,0
A0A0R0I8Z5,A0A0R0JQJ0,0
I1JP52,K7KQZ8,0
I1LXH0,K7KH93,0
I1K2Z9,A0A0R0K0K3,0
I1JW64,K7KFY5,0
I1KGN6,A0A0R4J5B7,0
I1LC20,K7KK86,0
I1JDR2,A0A0R0L5Q1,0
I1KJW4,I1KYL4,0
I1MEN1,A0A0R4J384,0
I1J8V4,A0A0R4J4H3,0
K7KP67,I1NG45,0
I1LVX2,C6T0A0,0
I1KV60,C6TIQ7,0
A0A368UH03,A0A0R0KPE1,0
I1NIJ9,I1KZK2,0
A0A0R0JS60,I1K115,0
I1JL13,A0A0R0FER5,0
I1KQG0,K7M592,0
C6SW69,C6TBL4,0
A0A0R0EYA9,I1MJJ9,0
I1NJ79,O22518,0
A0A0R0K5D9,I1LPK5,0
I1JUR7,A0A0R0EG78,0
A0A0R0E3E6,I1NIE5,0
A0A0R0GCF5,K7LSG2,0
K7MWR1,I1JUQ6,0
A0A0R0F2G6,A0A0R0FB78,0
I1KPT1,A0A0R0L7U5,0
I1LQ02,I1K1W8,0
C6SYQ2,I1MW74,0
K7LHR2,A0A0R0L5Q1,0
I1JV48,K7LLV5,0
A0A0R0EJE2,A0A0R4J4D0,0
I1KXI7,I1LY15,0
K7KLF0,A0A0R0FEN3,0
K7KP67,K7KVK2,0
I1N8P5,K7KK86,0
K7KE09,A0A0R0EJV2,0
C6T530,C6SZQ0,0
A0A0R0L8Y1,K7KES3,0
C6SXF5,I1JMZ7,0
A0A0R0E907,K7L4N7,0
I1KDB2,I1J547,0
I1KB25,A0A0R0FXD4,0
I1KY58,I1N5D5,0
Q2PMT2,I1K970,0
I1J7A8,I1MJJ9,0
I1JKP1,I1JE09,0
I1LRE4,I1JD07,0
I1LUI7,A0A0R0L7U5,0
A0A0R0H9H8,I1KUS2,0
I1JXB4,K7MXE0,0
A0A0R0EU45,I1NG45,0
I1K911,I1KD82,0
I1JNB0,I1LL05,0
C6T968,K7M6J1,0
I1JFF6,I1K6E7,0
I1N0F1,I1LL05,0
I1LGB7,A0A0R0KE62,0
A0A0R0G342,A0A0R0JJI0,0
I1NF12,A0A0R0JSJ9,0
A0A0R0G6V6,A0A0R0FJR0,0
I1L8L5,K7MGQ2,0
A0A0R0EI44,A0A0R0KWL0,0
I1M0S4,K7KVK2,0
C6TKL8,A0A0R0JJK0,0
I1L5Z7,I1N7F4,0
C6SWD4,A0A0R0GFL3,0
C6SXF5,K7LSJ2,0
K7KIU3,K7MMD7,0
K7MNC0,A0A0R0G7I0,0
I1J553,I1JFW6,0
C6TG81,C6TJM4,0
I1MIE5,I1MPJ4,0
K7MZ38,K7M6R4,0
K7KGJ8,I1JE09,0
I1K628,I1LUL2,0
K7K415,K7LY43,0
K7KE09,C6SX83,0
I1M7C1,I1MZV0,0
I1N0R5,I1N761,0
I1MLK3,I1NCV4,0
I1KQC7,A0A0R0EJV2,0
I1N3M5,I1MPJ4,0
I1KZJ7,I1M277,0
A0A0R0F7J9,I1L332,0
C6SWI3,I1LW00,0
K7MZP6,I1K215,0
I1N9E1,K7M6R4,0
A0A0R4J354,I1KFL5,0
I1K5L7,I1K4R8,0
C6TG99,I1KZ09,0
I1KYD6,K7MXE0,0
K7KY63,A0A0R0GFL3,0
Q2PMQ9,A0A0R4J2Q5,0
I1LJ93,I1M5B6,0
A0A0R0FYN8,A0A0R4J4H3,0
I1JUJ6,I1NJ53,0
I1N8Y6,I1NCF8,0
I1KBQ5,A0A0R0IR73,0
A0A0R0JJ98,A0A0R0EKI7,0
C6SZM9,I1LGD6,0
A0A0R0H9H8,C6T5R4,0
I1JCY0,A0A0R0KPE1,0
K7MCD1,I1K1W8,0
I1M3Q3,I1MNS7,0
I1N9I5,K7M864,0
I1MBW8,K7MNN5,0
I1NDC0,A0A0R0GPH9,0
A0A0R0EYA9,K7LK09,0
I1MBR7,A0A0R0HSA0,0
I1KLE1,A0A0R0JYX3,0
I1M0C2,A0A0R0GFH3,0
I1J9W0,C6TGA9,0
C6T083,I1L2H4,0
I1K5H2,I1LPK5,0
I1K5G1,I1NJ53,0
I1JWF0,I1NG45,0
A0A0R0JH35,I1K115,0
A0A0R0J2L9,K7KES1,0
I1N8Y6,I1K1W8,0
I1KJH7,A0A0R0IR73,0
I1KTD4,A0A0R0IF42,0
A0A0R0I8Z5,A0A0R0G7B5,0
I1MLK3,C6SYE1,0
A0A0R0FX70,I1M225,0
A0A0R0HDM5,I1K1W8,0
C6T8R7,C6T065,0
C6T8L7,A0A0R0GUR9,0
C6SVV7,K7KK74,0
K7LWI3,A0A0R0H141,0
K7L395,K7M9T4,0
K7MVB9,A0A0R0EWR2,0
K7K676,C6TN69,0
A0A0R0GE56,A0A0R0L0E7,0
K7KYY0,I1LY15,0
C6SZM2,K7LTR0,0
I1LBV2,K7KAB4,0
I1LPZ3,K7M6J1,0
I1K725,A0A0R0G7I0,0
A0A0R4J354,A0A0R0HCS6,0
I1KYD6,K7M9T4,0
A0A0R0G2B9,K7K318,0
A0A368UHE3,I1MRP6,0
K7K676,K7L2R0,0
A0A0R0LFT0,A0A0R0KE62,0
C6TK75,A0A0R0GAQ8,0
K7LVE4,I1KAR1,0
I1J7A8,I1LHS8,0
I1M0N9,I1ML11,0
I1N0I7,A0A0R0IZY4,0
I1N9I5,I1LXQ3,0
A0A368UHC3,K7M9T4,0
K7M097,I1KPE7,0
K7MXS9,A0A0R0KPE1,0
I1JMZ4,I1M1W3,0
C6T8R7,I1LIA8,0
C6SZ22,K7LIE3,0
A0A0R0JJK8,A0A0R4J5K6,0
I1JIW3,I1MLF1,0
I1MNM3,I1MLF1,0
C6SXF5,I1LPK5,0
P07506,K7KES1,0
I1MT74,I1LLS4,0
I1KPT1,A0A0R0GUR9,0
A0A0R0LFT0,I1LWZ0,0
I1L1N3,A0A0R0EG78,0
A0A0R4J3Y6,I1N780,0
I1M0C3,K7K8K7,0
K7KP66,A0A0R0GFH3,0
I1LPZ2,A0A0R0FER5,0
I1M0C3,C6SYW6,0
I1KS20,P62302,0
I1K8N0,I1MNS7,0
K7L3K3,A0A0R0IZY4,0
A0A0R0L2U1,I1LG13,0
A0A0R0FEI0,I1MEQ6,0
C6SZM9,M1FN34,0
K7L1B9,I1K5B6,0
A0A0R0JES0,I1MGG7,0
A0A0R0IGP2,I1JVX3,0
I1JUT9,A0A0R0EJV2,0
I1LDY7,K7L4N7,0
I1JY87,I1L332,0
K7LJV1,K7KQZ8,0
K7N3F6,I1JA95,0
I1KQG0,A0A0R0GAQ8,0
I1L5H8,I1M269,0
I1MXT2,C6SYW6,0
K7KY63,I1JUQ6,0
I1MGG3,I1JUQ0,0
K7N0U1,I1KAD1,0
I1JYG7,I1LXQ3,0
K7M142,I1NCF8,0
A0A0R0HIA6,I1K5B6,0
I1M100,P17093,0
I1K4U3,K7LK09,0
K7L3K3,C6SX83,0
I1MDC4,A0A0R0JYX3,0
I1NF12,C6TD23,0
A0A0R0G6V6,I1MLJ0,0
C6T2Z2,A0A0R4J4C3,0
M1FN39,C6T5U0,0
I1MHH7,I1JE09,0
A0A0R0EJE2,I1LFD2,0
I1LDY7,A0A0R0H141,0
I1KEG8,I1KCY5,0
C6T530,A0A0R0GUR9,0
I1K3U2,I1NCF6,0
C6T507,I1JV03,0
I1MGG3,I1MNS7,0
C6TEP1,I1L3P5,0
I1LKU1,I1JRJ3,0
I1KBB6,I1LLS8,0
I1KB25,I1JRV0,0
I1N8Q6,C6TK73,0
I1KS88,I1MNU1,0
I1J5B0,I1KQE3,0
A0A0R0FEN9,I1LVN3,0
A0A0R0LFT0,I1N5D5,0
K7MMR3,C6SZ70,0
K7MAP3,A0A0R4J488,0
I1MIE5,I1NG45,0
I1MTZ8,K7L2D7,0
A5Z2K3,I1JYT2,0
C6F117,I1KVC1,0
I1LA00,K7M592,0
A0A0R0LA89,I1JRU7,0
I1LXH0,I1KVC1,0
A0A0R0J7J3,I1NCF8,0
I1MLK3,I1M1W3,0
A0A0R0KJP6,I1N761,0
I1LZT5,I1MEQ6,0
C6T3G1,K7KH93,0
I1MSC6,I1MNV2,0
I1MVE9,K7MFZ6,0
A0A0R0HSJ1,K7MFE5,0
C6T2H2,I1L7G4,0
C6T3I8,A0A0R4J5B7,0
I1MJ97,I1N5D5,0
K7K8U8,K7LNG6,0
I1LC20,A0A0R0JTV5,0
C6T3K0,A0A0R0GFM7,0
I1J7A8,A0A0R0EJV2,0
I1KH45,I1KZK2,0
A0A0R0FSY2,Q43463,0
K7M4N3,I1KUB2,0
I1KDB2,A0A0R0KVY6,0
C6TKZ4,A0A0R0H141,0
A0A0R0EYA9,I1J4B5,0
C6SWL3,K7LCS7,0
I1LAR7,K7K894,0
A0A0R0JS60,K7M6Z2,0
I1KYF8,I1MNU1,0
I1NIJ9,I1N898,0
I1JHC2,I1J4B5,0
K7MXS9,I1L332,0
K7LXT7,K7L6K2,0
I1KQE2,I1NAF6,0
A0A368UHG0,I1K146,0
I1KZW4,I1JE09,0
K7L9V3,A0A0R0GFH3,0
I1MLN7,K7MFZ6,0
A0A0R0IHF9,I1LXQ3,0
K7K9E1,I1LUE0,0
K7K3W5,I1MPJ4,0
I1MNV4,I1MRP6,0
I1JUJ8,A0A0R0E934,0
I1L8S1,I1JHJ0,0
I1MVE9,K7KFY5,0
I1MY43,I1JFW6,0
I1M717,I1K3X9,0
I1KX98,C6SZQ0,0
I1N6N9,K7LSJ2,0
K7L1B9,I1L2H4,0
I1NFS4,K7M6Z2,0
I1MNV4,A0A0R0F214,0
P09755,K7K894,0
I1L412,I1KMS8,0
I1JY87,K7K8K7,0
I1N0I7,K7M4E0,0
I1KFU0,I1KXK6,0
I1LYU9,I1JRV0,0
K7L3P2,A0A0R0GBB6,0
C6TBN8,I1J8C9,0
I1MTH0,I1JK31,0
I1LPI3,I1K215,0
C6TNL5,I1M1W3,0
I1KLS4,K7MC85,0
I1L6W0,I1NCF6,0
A5Z2K3,K7LQV0,0
I1JAG0,I1JRJ3,0
K7LW22,K7L7W0,0
A0A368UH03,I1N5D5,0
C6SXP5,I1MU00,0
A0A0R4J3Y6,I1K4R8,0
I1LJW2,K7MC85,0
K7MGK0,I1JHJ0,0
I1LMW7,I1MNU2,0
I1LGB7,K7MMD7,0
I1M100,I1J9I1,0
K7MH53,I1KYL4,0
I1N439,I1LGD6,0
I1KYF8,I1MRP6,0
C6TLV6,C6SZQ0,0
A0A0R0G5A8,A0A0R0IR73,0
I1N8Y6,I1JD36,0
I1LZ09,K7KFY5,0
C6SZM2,C6TGZ1,0
A0A0R0JJK8,A0A0R0IR73,0
C6TFN5,K7MMD7,0
K7KEV0,I1KCY5,0
A0A0R0IAV3,I1LM96,0
K7MMG1,C6TK73,0
C6TEP1,A0A0R0GAQ8,0
I1KR80,C6TJ17,0
C6TBJ1,A0A0R4J384,0
C6SXJ9,I1KCY5,0
I1KFU0,I1KYL4,0
P09755,C6T5R4,0
A0A0R0KXY9,I1JD07,0
C6TG99,A0A0R0GJV8,0
C6TG99,K7KK86,0
K7L395,A0A0R0K0K3,0
I1MZ32,C6TBL4,0
K7MI53,I1JA95,0
C6SVU4,I1M269,0
I1L9A1,I1LIA8,0
C6TFR5,I1J9I1,0
A0A0R0ESI3,I1KTI0,0
I1J7S6,I1L332,0
I1NF54,I1NAF6,0
I1MK96,I1LFD2,0
K7K8U8,C6TD23,0
I1JBJ2,I1K4R8,0
I1JRL7,A0A0R0KPE1,0
A0A0R0ESI3,I1KUB2,0
I1LPJ3,I1MZV4,0
C6SVF8,I1M277,0
K7LVE4,A0A0R4J4C5,0
I1KBM7,A0A0R0FTI5,0
I1NH98,A0A0R0HSA0,0
C6TD73,I1KXK6,0
C6T0U3,I1LLK1,0
K7LJV1,K7KAB4,0
I1MY33,C6TIQ7,0
I1LJ93,I1N7F4,0
K7L9V3,A0A0R0FJR0,0
C6TKC3,K7LK09,0
C6TEP1,C6TK73,0
K7K8U8,I1KH38,0
I1MEN1,I1JFW6,0
I1KR80,A0A0R0EKI7,0
I1L1S1,A0A0R0HSA0,0
I1J9W0,I1K642,0
I1MY43,C6SZ70,0
I1KYS6,A0A0R0FZM4,0
I1KNN1,A0A0R0HCS6,0
I1LIS4,I1MGG7,0
I1LUL7,A0A0R0FJR0,0
K7MGK0,I1NAJ5,0
K7MI53,I1LII4,0
I1N5E8,K7N1L5,0
A0A0R0JJK8,I1JRV0,0
C6T083,K7K4C7,0
I1N0U4,K7KES3,0
I1LPZ3,I1L3P5,0
I1KZJ7,I1KHJ4,0
A0A0R0L2U1,I1KH38,0
I1MLZ0,A0A0R0F214,0
I1J4E1,A0A0R0JT51,0
I1MP46,I1MRP6,0
I1KD09,C6TCH4,0
I1L6W0,Q43463,0
I1MVG5,C6TGZ1,0
I1KUP5,I1JM18,0
A0A0R0ESI3,I1MZV0,0
I1L8H7,O22518,0
M1FN39,I1LL05,0
I1JVP4,K7L6N7,0
A0A0R0K5D9,C6SYE1,0
C6SXM9,I1M225,0
I1KS20,I1LPK5,0
K7KNJ6,I1MNU1,0
K7KCG5,I1LM96,0
K7LEG0,I1JE09,0
I1LMQ5,I1LG13,0
A0A0R0GBL8,A0A0R4J4H3,0
I1KPQ8,K7N1L5,0
A0A0R0EWX9,I1LUL2,0
I1KCX1,C6TIK0,0
I1MLH9,I1NJ53,0
K7MI53,I1M998,0
C6T0U3,K7L4N7,0
C6SVF8,C6TIQ7,0
I1MWP7,A0A0R4J4C3,0
I1MP46,A0A0R0HCS6,0
I1MC26,I1M998,0
I1JP52,A0A0R0GWH6,0
K7LRU2,A0A0R0FXD4,0
C6SXP5,I1J547,0
I1L8H7,I1LH27,0
I1JMT0,A0A0R0FGT9,0
A0A0R0FNM4,I1N898,0
K7KGJ8,A0A0R0GAQ8,0
I1KHJ6,C6T065,0
I1LA00,K7L7W0,0
A0A0R0EZ39,I1M277,0
C6SY25,I1MQC8,0
K7LJV1,A0A0R0JTV5,0
A0A0R0G6V6,I1KTI0,0
I1NJ79,K7L7W0,0
I1MK36,I1K6E7,0
C6TKB2,A0A0R0HSH0,0
K7LJF6,C6T4V3,0
I1MTZ8,I1KTI0,0
A0A0R0HSJ1,I1JD07,0
I1KHL6,A1YZE0,0
I1LYU9,A0A0R0FB78,0
I1JUJ6,C6T5U0,0
A0A0R0H2V0,I1LIU7,0
I1MBW8,I1LIU7,0
K7MMG1,A0A0R0KPE1,0
I1LIH7,I1NG45,0
K7KIU3,C6TN69,0
I1LQ02,A0A0R4J4D0,0
A0A0R0INQ5,I1JA95,0
I1J6B5,C6TGA9,0
I1KMP8,A0A0R0JT51,0
I1LKQ4,I1KPE7,0
I1NFS4,I1KH38,0
I1NF12,A0A0R0GWH6,0
A0A0R0H7N0,I1MJJ9,0
I1NC77,I1MPJ4,0
H2D4C3,I1NCF6,0
I1NH98,A0A0R0EYS5,0
A0A0R0FEI0,K7M6J1,0
A0A0R0JG07,I1LG13,0
A0A368UHM1,P62302,0
K7L9V3,K7M6R4,0
I1N056,A0A0R4J4D0,0
I1MT74,K7MC85,0
K7MPL4,K7MRF5,0
A0A0R0ESI3,I1KCY5,0
A0A0R0H8M3,A0A0R0FX75,0
I1K912,K7LLV5,0
I1NGD2,I1KLS1,0
K7K9E1,I1L2H4,0
I1J9W0,I1N7F4,0
C6TKC3,A0A0R0K7U0,0
K7L3K3,A0A0R0ESZ8,0
I1MY43,I1JD52,0
A0A0R0IAV3,I1LUL2,0
I1K096,I1M5B6,0
M1FN39,C6SZG1,0
K7LRU2,K7LHS7,0
P07506,A0A0R0KPE1,0
M1FIU8,I1LGD6,0
Q2TFP1,A0A0R0GFH3,0
I1JYG6,A0A0R0GFM7,0
A0A0R0LB39,A0A0R4J4D0,0
K7K2H1,I1KZY8,0
I1MK36,I1K4R8,0
I1MEN1,I1MEQ6,0
I1LIS4,I1M277,0
C6TMM7,I1NG45,0
A0A0R0KNE1,I1MW51,0
C6T3K0,I1KQE3,0
A0A0R0INQ5,I1KUS2,0
I1LUL7,A0A0R0KE62,0
I1KZJ7,I1KAD1,0
I1KBB6,I1JD36,0
I1L9A1,K7N0V8,0
I1MQD0,A0A0R0FER5,0
K7KP66,C6TFX5,0
I1LHR1,K7M466,0
I1MQB5,K7MMD7,0
A0A0R0F7J9,K7L2D7,0
A0A0R0L372,I1L3P5,0
A0A0R4J354,I1NAJ5,0
A0A0R0I0B9,K7L9M2,0
I1KB25,I1JV03,0
I1LIK8,K7KH93,0
I1NGQ5,C6TK73,0
I1KQE8,A0A0R0L828,0
A0A0R0L115,I1KPE7,0
I1N7K6,I1L2H4,0
I1KLE1,K7KES3,0
I1MTZ8,K7M9T4,0
K7MMR4,I1MRP6,0
I1K5J5,K7LSG2,0
I1KJL3,K7L2R0,0
A0A0R0K6F4,A0A0R0FB78,0
I1N1V6,A0A0R0IR73,0
I1JS58,K7MTL2,0
I1MRS5,I1KH38,0
I1LYQ9,I1M1W3,0
A0A0R0GRI6,I1MK72,0
K7KLI7,I1KYL4,0
Q2PMU2,I1K467,0
I1LZM7,A0A0R0GWH6,0
A0A0R0EWX9,Q43463,0
I1K911,C6SX83,0
I1L5Z7,A0A0R0K7U0,0
I1KGI6,K7LTB2,0
Q2PMS6,A0A0R0IT62,0
I1MLZ0,K7KK86,0
I1MYX8,I1LR48,0
Q2PMS6,I1KJD2,0
I1MVG5,I1KVC1,0
K7MWR1,A0A0R4J5B7,0
I1KHL4,I1KUB2,0
I1MYX8,I1JMH3,0
I1LPZ3,A0A0R0GG06,0
K7M4N3,I1LWZ0,0
I1KPU4,A0A0R0IF42,0
I1KRF9,A0A0R0KWT5,0
K7KDM1,I1LFD2,0
A0A0R0I1I4,A0A0R4J5B7,0
I1N0R5,C6T5R4,0
I1MHA4,A0A0R0JQJ0,0
I1KP31,I1KH38,0
I1LYU9,I1LPK5,0
C6TKW2,I1KSD0,0
A0A0R4J4C8,I1JFW6,0
I1LYU9,K7N129,0
A0A0R0I1I4,K7MTL2,0
A0A0R0HN81,I1JD07,0
I1MXT2,I1MNU2,0
I1JHC2,K7M4E0,0
C6TLV6,K7LY43,0
C6SWZ1,I1JM18,0
I1MQD0,I1MZV4,0
I1JM69,K7KES1,0
A0A0R0L098,I1M1D5,0
I1JMT0,I1LIA8,0
I1KPT1,K7KAB4,0
I1M0S4,A0A0R0HCS6,0
K7MMR4,A0A0R4J426,0
I1L8S1,I1JVX3,0
I1JYG6,A0A0R0EKI7,0
I1KC19,I1KZ09,0
K7MH53,A0A0R0H141,0
I1N9E1,C6SZ70,0
C6SZG8,K7KAB4,0
A0A368UHC3,K7N1T9,0
A0A0R0JJ98,A0A0R0JJI0,0
I1JAF7,K7M592,0
K7MWR1,K7L939,0
K7M1G4,I1KUB2,0
I1MJM9,C6TD23,0
C6TKC3,I1MW74,0
K7KDA5,A0A0R0GFL3,0
A0A0R0GBL8,A0A0R0FER5,0
I1KJ56,C6TD23,0
I1LDU4,I1K1W8,0
I1M9F7,A0A0R4J4D0,0
I1LC01,I1LGD6,0
I1L9A1,M1FN34,0
A0A0R0JJ98,I1MZV0,0
C6SVR8,K7M4E0,0
A0A0R0GE56,I1NCF8,0
I1MLZ0,I1M277,0
A0A0R0L098,A0A0R0GFM7,0
I1NBC2,K7LFD7,0
I1JXB4,K7LNG6,0
I1JR41,I1JAH7,0
I1KHJ6,I1K4R8,0
A0A0R0I8Z5,I1MEF5,0
C6SYR1,K7M4E0,0
K7L1B9,I1LL05,0
I1L9A1,K7N1T9,0
A0A0R0JH35,I1JRU7,0
I1JTE4,K7L9M2,0
C6T2H2,I1MEQ6,0
I1JI73,K7KAB4,0
I1M4Y9,K7KWE4,0
I1KH45,A0A0R0IZY4,0
I1KYD6,A0A0R0JBL2,0
I1MRY0,C6T5R4,0
I1N0R5,I1KJF2,0
K7MPL4,I1K2I1,0
I1N8Y6,I1LFD2,0
C6SXF5,I1JUQ6,0
I1JL13,I1KD82,0
K7MVB9,I1LLK1,0
I1LIR4,I1L2H4,0
I1JDH6,C6TJ17,0
I1KCB7,I1LGD6,0
K7KLF0,I1KZ09,0
I1KQE2,I1LW00,0
A0A0R0JG07,O22518,0
A0A368UHM1,I1KJD2,0
I1J7A8,A0A0R0EUJ0,0
K7M5T0,K7KK86,0
I1JRL7,I1N780,0
I1MRS5,I1KPE7,0
I1L8L5,A0A0R0KPE1,0
A0A0R0EU45,A0A0R0IT62,0
A0A0R0H7N0,A0A0R4J5C5,0
C6SZM9,C6TK73,0
K7N0X7,I1KAR1,0
A0A0R0FEN9,I1KJD2,0
I1KFU0,K7K894,0
A0A0R0G3G4,C6TK73,0
I1KIB3,A0A0R4J4H3,0
K7K3W5,A0A0R4J5C5,0
K7LSH9,I1KXK6,0
C6T083,C6SZ70,0
I1LPC3,A0A0R0FJR0,0
I1KLS4,A0A0R0L828,0
I1MBA2,I1K115,0
A0A368UHG0,A0A0R0ESZ8,0
A0A0R0H7N0,C6TIQ7,0
I1JY87,I1LPW2,0
I1N6Z0,A0A0R4J4C3,0
C6T8L7,A0A0R4J4D0,0
I1J7A8,K7MXE0,0
C6TFR5,A0A0R0EUJ0,0
C6T3I8,C6SZ70,0
I1MGB0,C6TFX5,0
C6SZL0,I1LPK5,0
A0A0R0EFE2,C6T5R4,0
I1JP52,K7KNC5,0
A0A0R0GNH6,A0A0R0EWR2,0
A0A0R0JH35,I1N5D5,0
K7MGK0,I1MTV9,0
A0A0R0G5A8,I1MEQ6,0
I1KYF8,I1KSL6,0
I1K2U0,I1L3P5,0
C6T8L7,I1N8M8,0
K7MWR1,A0A0R0JSJ9,0
I1KUP5,A0A0R4J4D0,0
K7M9K9,K7M849,0
I1L478,A0A0R0FM97,0
I1LDY7,I1J547,0
A0A0R0F2Z4,I1NJ53,0
A0A0R0HIA6,I1NCV4,0
A0A0R4J3D2,I1L3P5,0
I1LGB7,A0A0R0JYX3,0
A0A0R0FSS2,K7KWE4,0
I1KLE1,K7KK86,0
I1MP46,K7N1T9,0
I1NF54,I1NJ53,0
I1JY67,I1KZ09,0
A0A0R0F077,K7KJB2,0
I1KMS4,A0A0R0GFL3,0
I1J8W9,A0A0R0FZM4,0
I1JUJ8,K7LTB2,0
I1LSM6,I1JVX3,0
I1LMP2,I1LM96,0
I1N0U4,I1JV03,0
I1LRH8,C6T065,0
I1JS66,K7M6J1,0
A0A0R0JJ98,K7LFD7,0
I1JW21,I1N761,0
I1JFN0,I1LW00,0
K7KZ42,K7KJB2,0
I1KYS6,I1K115,0
I1JMZ3,A0A0R0FXD4,0
C6TC92,K7LSG2,0
I1K2Z9,K7M466,0
I1KGI6,A0A0R0GFH3,0
I1NBE9,I1LPK5,0
I1J6B5,I1MW51,0
C6SZM9,K7KTS8,0
K7KKB2,A0A0R0E934,0
I1N1X8,A0A0R0E934,0
A0A0R0I1I4,I1KCY5,0
I1J8W9,I1K3X9,0
I1K4U3,A0A0R0KVY6,0
I1JU70,I1K6E7,0
I1L6W0,A0A0R0HSH0,0
I1NBQ2,I1MVC6,0
C6T3G1,A0A0R0K7U0,0
I1LPC3,I1KUS2,0
C6SY81,A0A0R0L7U5,0
A0A0R0H7N0,A0A0R0GFH3,0
I1KJW4,I1LXQ3,0
C6TKL8,I1LH18,0
I1J7S6,I1JE09,0
A0A0R0K5D9,I1LII4,0
I1L4B6,K7KK74,0
I1LRB0,I1MEF5,0
Q2PMQ9,I1KHJ4,0
I1MNE4,A0A0R0L828,0
I1NBC2,C6TK73,0
C6F117,K7M6I1,0
A0A0R0L7S1,I1KFL5,0
I1KD09,A0A0R0JYX3,0
I1JUJ6,I1KSD0,0
C6TMM7,I1M5B6,0
I1MY72,I1L7G4,0
I1KLS4,K7L2R0,0
I1N6Z0,A0A0R0JQJ0,0
I1L3P6,A0A0R4J4H3,0
I1KH45,C6TGA9,0
K7K415,K7L2D7,0
C6TKL8,A0A0R0KPE1,0
C6TBJ1,K7KES3,0
I1NJ79,A0A0R0F214,0
A0A0R0F7J9,I1LGD6,0
I1N8Y6,A0A0R0JRI8,0
I1KB25,K7M846,0
A0A0R0HHZ3,A0A0R0GFL3,0
I1L9A1,K7MXE0,0
C6T567,I1KUB2,0
I1K5K3,I1JMH3,0
I1MY33,C6TGA9,0
I1M3V1,I1JUQ6,0
C6T3I8,I1MLJ0,0
I1KZI6,I1M3W1,0
I1K7J4,A0A0R0JJI0,0
I1LUL7,K7KNC5,0
C6TE07,C6TGZ1,0
I1JZC3,I1NCF6,0
I1JDR2,A0A0R0FB78,0
K7MS88,C6T5U0,0
A0A0R0HHZ3,I1MRI5,0
A0A0R0JG07,A0A0R0FXD4,0
K7LJV1,A0A0R0EG78,0
I1LDY7,I1LHS8,0
I1K912,K7L2R0,0
I1MEF8,I1MNS7,0
I1K4D7,A0A0R0EWR2,0
K7MCH3,I1MLF1,0
I1LA00,I1JYT2,0
A0A0R0HHZ3,M1FN34,0
I1JW21,K7LQV0,0
C6TLT3,I1MRP6,0
I1LZW4,I1KJD2,0
I1L5H8,I1L3P5,0
K7LWC5,I1KJF2,0
I1MZ32,K7MYK9,0
I1KCB7,A0A0R4J488,0
K7M2D8,K7MNP5,0
I1JG98,I1KZ09,0
I1LYG4,A0A0R0GAQ8,0
C6TBQ2,C6TBL4,0
I1L8L5,A0A0R0K6I2,0
A0A0R0K5X4,I1KJF2,0
I1LYG4,K7LTR0,0
I1LJ94,I1KD82,0
I1LAR7,I1MVC6,0
I1N0W9,A0A0R0HV63,0
I1K3U2,I1JUQ0,0
I1LJ93,I1LHS8,0
A0A0R0IHF9,A0A0R0GPH9,0
A0A0R0HIA6,I1KJF2,0
I1K9P1,A0A0R0FEN3,0
I1K2U0,I1KH38,0
I1MNU7,K7M6R4,0
I1N8M4,P62302,0
I1JMZ3,I1LUL2,0
K7MGQ3,A0A0R0L0E7,0
I1KKD9,K7KES3,0
C6SVF8,C6SX83,0
I1JVP4,K7MYK9,0
I1KNN1,A0A0R0JJK0,0
C6TE07,C6TIQ7,0
C6TBQ2,I1MNS7,0
I1MHA4,I1K1W8,0
I1LSM6,C6TFX5,0
I1L9A1,I1KSL6,0
K7LWC5,I1JD07,0
I1MHA4,K7M6I1,0
C6SZ22,A0A0R4J2Y1,0
I1KZW4,A0A0R0GUR9,0
K7M787,I1MRI5,0
I1J870,I1MZV0,0
I1MHH7,A0A0R0L828,0
K7N5D4,K7K4C7,0
K7LEG0,I1LW00,0
K7KIU3,A0A0R0JBL2,0
I1KCH6,A0A0R4J2Q5,0
C6SWZ1,I1JAH7,0
I1MUQ7,I1MNU2,0
I1J7S6,A0A0R0JYX3,0
C6TE07,P17093,0
I1N0W9,I1LW00,0
Q2PMU0,I1LPJ8,0
A0A0R0J2L9,A0A0R4J4H3,0
K7K8U8,K7K894,0
I1JIW3,K7M6J1,0
I1KMP8,I1J4B5,0
A0A0R0L2U1,K7LTB2,0
I1JWH5,K7L6K2,0
C6SVF8,C6T5U0,0
A0A0R0G2B9,I1KTI0,0
I1MY72,A0A0R0GPH9,0
I1LDA7,A0A0R0L0E7,0
K7M5I5,K7M864,0
I1K650,I1K3X9,0
I1MLK3,K7M846,0
I1N4X7,K7KWE4,0
K7MCD1,A0A0R4J2Y1,0
C6T426,K7M841,0
A0A368UHG0,K7N5K2,0
I1MV96,I1KAR1,0
A0A0R0JKU3,K7MTL2,0
I1KS88,K7M841,0
I1JE83,I1MU00,0
I1MU29,I1KAR1,0
I1LD74,I1KH38,0
K7K8U8,K7LHS7,0
K7KYE0,K7K318,0
I1J553,A0A0R0EUJ0,0
I1KYS6,I1KM19,0
C5NTE7,A0A0R4J5K6,0
K7L3P2,K7KES1,0
I1LRH8,I1N761,0
K7KNJ6,A0A0R0JJK0,0
I1MJ97,I1N898,0
C6SVU4,K7MQG6,0
C6T084,I1JYT2,0
I1MEF8,C6SZ70,0
I1MQD0,C6TJM4,0
P07506,K7N0V8,0
A0A0R0L098,A0A0R0EG78,0
I1J4E1,P17093,0
C6T868,A0A0R0GPH9,0
I1JNB0,I1JRU7,0
A0A0R0JZD5,C6SX83,0
I1M2R5,A0A0R4J2Y1,0
I1LLA9,I1MEF5,0
I1MP46,I1LPK5,0
I1LVX2,K7M6I1,0
I1NC77,C6SYW6,0
I1K4U3,A0A0R0ESZ8,0
K7MMG1,I1M269,0
I1M0N9,A0A0R0GPH9,0
I1KGU0,I1MRP6,0
K7LWI3,I1N5D5,0
I1K9P1,I1NG45,0
I1KDB2,C6TGA9,0
A0A0R0GJ85,I1LUE0,0
I1LUL7,C6T4V3,0
I1KTD4,C6T065,0
I1LC01,A0A0R4J4H3,0
I1MBM5,A0A0R0GG06,0
K7MVB9,I1M1W3,0
I1JUT9,I1M1W3,0
K7L3K3,I1JVX3,0
I1L8H7,C6TNW3,0
I1KMP8,I1K9J7,0
I1LKU1,K7LTB2,0
I1L690,A0A0R0FGT9,0
I1LCX3,K7MTL2,0
K7LW22,I1K467,0
I1LHR1,A0A0R4J4H3,0
I1MQD0,I1KMS8,0
I1KGU0,A0A0R0EUJ0,0
C6SYQ2,I1JM18,0
I1KQG7,A0A0R4J426,0
I1JT28,K7M6J1,0
C6TC92,A0A0R0JSJ9,0
I1NH98,I1LLS8,0
A0A0R0FNV7,I1MTV9,0
K7L3P2,K7M841,0
I1L8S1,C6T0A0,0
C6SZM2,I1MK72,0
I1K911,I1M3W1,0
I1JNB0,I1KUB2,0
A0A0R0KXY9,C6TN69,0
I1N8Y6,A0A0R0FZM4,0
C6SZ22,K7LSG2,0
I1LLA9,I1KUB2,0
I1JWF0,I1JMK4,0
A0A0R0H8M3,A0A0R0ENB3,0
A0A0R0IHF9,I1M269,0
K7LKS0,I1MJJ9,0
C6T883,I1L332,0
A0A0R0L372,A0A0R0JJI0,0
I1MM64,A0A0R0HCS6,0
I1JNK6,K7MXH5,0
I1M0C3,I1KJF2,0
I1LUI7,K7K318,0
K7MAP3,A0A0R4J426,0
I1KVX9,I1KCY5,0
I1M9T4,I1KUB2,0
I1K725,I1MU00,0
K7MMR4,K7LFD7,0
I1KCH6,A0A0R4J5B7,0
I1L8H7,I1M5B6,0
A0A0R0G3G4,I1KLS1,0
C6SW69,K7LFD7,0
I1M0N9,I1K3X9,0
I1JT85,K7LK09,0
A0A0R0LA89,I1KTI0,0
C6TD73,I1K115,0
K7L9V3,C6T5R4,0
I1LCX3,C6TGA9,0
I1K5J5,I1K6E7,0
I1JFS9,C6SWS6,0
I1KHL6,K7L2R0,0
I1MGG3,I1LUE0,0
I1JQR6,I1JD07,0
I1LRB0,I1N898,0
I1KXI7,I1M269,0
K7L1B9,I1LGD6,0
I1KKD9,I1LVN3,0
I1JM69,I1KH38,0
I1JXQ3,I1LVN3,0
A0A0R0KCV3,I1K5B6,0
I1LGB1,A0A0R0JJK0,0
I1N3M5,K7LSJ2,0
I1K3U2,K7MFE5,0
I1N439,K7M6Z2,0
I1KH45,K7M9T4,0
I1K725,I1LEC4,0
K7L9V3,A0A0R4J2Y1,0
I1JIP5,I1JRU7,0
C6T868,I1KFL5,0
P07506,I1N5D5,0
A0A0R0GE56,A0A0R0JRI8,0
I1LWR7,A0A0R0GFM7,0
C6T567,K7LHS7,0
I1MY43,I1KAD1,0
I1MQD0,I1MVC6,0
K7K794,Q43463,0
I1MSD9,A0A0R0KPE1,0
I1KEG8,I1KJD2,0
I1K650,K7L4N7,0
A0A0R0KR16,I1LH18,0
I1MXT2,A0A0R4J2Q5,0
C6SXP5,C6T2G5,0
I1JRL7,I1LWZ0,0
I1LSM6,A0A0R0EWR2,0
K7KNJ6,C6TFX5,0
I1LJ93,C6TD23,0
A0A0R0ESI3,K7K8K7,0
I1MVK7,I1MZV0,0
C6T426,A0A0R0KWT5,0
A0A0R0GE56,A0A0R0JJK0,0
I1JNK6,A0A0R4J4D0,0
I1KVS3,I1KAR1,0
I1LPI3,I1LWZ0,0
A0A0R0FX70,C6TGA9,0
I1JMZ3,I1KJF2,0
K7KY63,A0A0R0GJV8,0
I1J6B5,A0A0R0IZY4,0
I1L412,I1LM96,0
I1JVP4,I1JHJ0,0
K7LJF6,I1JVX3,0
A0A0R0GG96,I1K642,0
I1JAF7,I1K4R8,0
K7KE09,K7MXE0,0
C6TKZ4,K7N1T9,0
I1JS66,K7L2R0,0
I1JP52,I1LWZ0,0
A0A0R0KE73,I1KUB2,0
I1KU09,K7LSG2,0
I1MY43,A0A0R0E934,0
I1M3U2,A0A0R0HCS6,0
I1KFI5,I1L9K4,0
I1J8W9,K7M6J1,0
I1N1X8,I1MLF1,0
O48548,A0A0R0G7B5,0
K7LXT7,C6SX83,0
K7MS88,C6TJ17,0
I1JP52,I1KSL6,0
I1KRF9,I1KM19,0
K7KPJ4,A0A0R0H141,0
I1JUJ6,I1MU00,0
K7L1D3,I1L9K4,0
I1JG98,I1MF50,0
A0A0R0KCY1,C6TIK0,0
C6SVU4,I1KPE7,0
A0A368UHE3,C6TIK0,0
I1KVL0,I1M1D5,0
A0A0R0JYY8,K7MM40,0
C6T8L7,K7K8K7,0
I1N7K6,A0A0R0K0K3,0
I1LPD3,A0A0R4J2Y1,0
I1J4E1,I1JRJ3,0
C6T1P2,I1JMH3,0
I1LP18,A0A0R0GG06,0
I1MJ97,K7N145,0
I1KQG7,C6T4V3,0
I1MLK3,I1LH18,0
I1JMT0,K7M841,0
I1K912,K7KTS8,0
I1K2J5,P17093,0
I1KXI7,C6T5R4,0
K7KDA5,I1KUB2,0
K7LEG0,A0A0R0JBV0,0
I1M757,I1MLJ0,0
I1LZ09,A0A0R0JJK0,0
C6T084,K7MNP5,0
I1LJA4,C6TJ17,0
C6SW43,K7M841,0
I1L1L2,I1KH38,0
I1K7N0,I1MZV4,0
C6SXP5,I1KUB2,0
I1KGI6,I1KD82,0
I1KVX9,C6SW04,0
I1LJI8,I1MU00,0
M1FIU8,K7LHS7,0
I1LYN0,I1KSD0,0
K7LVE4,I1JUQ6,0
H2D4C3,I1JMZ7,0
I1KPA1,I1KJF2,0
I1KU09,A0A0R0JYX3,0
I1KPA1,A0A0R4J5B7,0
I1N0R5,I1NCV4,0
A0A0R0GJ85,I1JD07,0
I1JDR2,C6SYW6,0
I1NHQ1,K7MM40,0
A0A0R0L098,I1N761,0
I1MTX9,K7LK09,0
I1LPZ3,I1KUS2,0
A0A0R0EYA9,A0A0R4J4C5,0
K7LDR8,A0A0R4J2Q5,0
O48901,A0A0R0HSA0,0
I1JQR6,I1M998,0
I1L4B6,I1NCF6,0
I1JQR6,I1J4B5,0
K7MMR4,A0A0R0EG78,0
I1JT85,I1M998,0
A0A0R0FX70,I1MNV2,0
I1LUL7,I1ML11,0
A0A0R0EWX9,A0A0R4J4D0,0
I1LH11,A0A0R0GPH9,0
I1JI73,I1KUS2,0
K7L9V3,I1JD07,0
K7K1Z2,I1MNU1,0
I1LMP2,A0A0R0EJV2,0
I1JXQ3,Q43463,0
I1M717,A0A0R0IR73,0
I1JTW0,I1LUE0,0
K7MWR1,A0A0R0G7I0,0
I1KZW4,I1K5K7,0
K7MC09,K7L939,0
I1KJ56,I1MNU1,0
I1LUF0,K7M4E0,0
I1MY33,K7L6K2,0
I1JVU8,I1MZV4,0
C6T2H2,K7L6K2,0
I1K650,I1MGG7,0
C6TGR3,I1KQE3,0
I1M7C1,K7KAB4,0
I1KFI5,I1LXQ3,0
I1N9I5,K7MC85,0
I1LJ94,I1JM18,0
C6SZ22,I1JYT2,0
I1KGI6,I1LIT1,0
I1KC19,I1KTI0,0
I1JS58,A0A0R0F214,0
I1K8N0,A0A0R0H141,0
I1JIP5,K7K8Y9,0
I1KCN1,I1L3P5,0
I1KUT8,I1LH18,0
I1K7J4,K7KWE4,0
A0A0R0L098,K7LY43,0
I1LRE4,I1MLF1,0
I1KYS6,K7LFD7,0
I1KJT5,I1KAR1,0
C6T7N2,I1MC28,0
C6SXJ9,K7KH93,0
K7LEG0,I1NAJ5,0
K7MI53,I1LLS8,0
A0A0R0HDM5,A0A0R0HSA0,0
I1KGI6,I1JAH7,0
C6SZM2,I1LPW2,0
K7K415,I1MTV9,0
I1KVS3,A0A0R0IT62,0
I1KYF8,A0A0R0EKI7,0
I1LH11,A0A0R0IR73,0
A0A0R0EYA9,A0A0R4J4H3,0
I1KBL4,I1K970,0
I1LGB1,I1MRI5,0
I1JUJ6,K7K8K7,0
C6T868,I1LHS8,0
A0A0R0H296,I1MRP6,0
K7K9E1,A0A0R0GFH3,0
A0A0R0GNH6,I1MRI5,0
I1KRD4,I1NG45,0
K7LSH9,I1MNU2,0
I1KHJ6,K7K894,0
C6T9S5,I1JUQ0,0
K7K794,C6T2G5,0
A0A0R0L2U1,I1JUQ6,0
I1JR41,I1KPE7,0
P48513,K7M846,0
C6SWA0,K7KH93,0
I1JTE4,I1J9I1,0
I1NGL5,P62302,0
A0A0R4J4C8,A0A0R0F214,0
I1LYN0,K7LFD7,0
A0A0R0GNH6,A0A0R0G7I0,0
I1K9B8,K7N0V8,0
I1MGG3,C6T5R4,0
K7MTC4,I1JMH3,0
I1NIJ9,C6SZG1,0
I1KC19,I1M277,0
I1JWF0,A0A0R0GFM7,0
A0A0R0GG96,A0A0R0JJI0,0
I1KKD9,A0A0R0KPE1,0
K7KP66,C6TD23,0
K7KFV5,I1MEQ6,0
A0A0R4J2W3,I1N780,0
I1N8Q6,I1MZV0,0
A0A0R4J3D2,I1NG45,0
C6SWI9,A0A0R0IZY4,0
I1JUI1,K7KNC5,0
