A0A0R0K6U3,K7KNG2,1
A0A0R0EDS9,I1JD07,1
I1JJN8,A0A0R0GS00,1
A0A0R0KQ74,K7KUK2,1
K7MGQ2,I1LGD6,1
A0A0R0GPH9,A0A0R0L0E7,1
A0A0R0HLZ4,A0A0R0LIH0,1
I1NDE0,K7LFU3,1
I1JR22,I1J574,1
A0A0R4J4D0,I1JV03,1
I1KTP1,A0A0R0J9Y6,1
A0A0R0FIP9,K7K9T5,1
K7MUV9,I1LST6,1
I1N5D5,I1KSL6,1
I1KCY5,A0A0R0L828,1
C6TJ43,I1N7B5,1
I1JPP8,K7KRK6,1
I1NJ85,I1MKX7,1
I1J4B5,I1MNU2,1
I1M3W1,A0A0R0KPE1,1
I1K1I0,I1N5H5,1
A0A0R0GFM7,K7M841,1
I1M3W1,I1LGD6,1
A0A368UI50,K7KHU1,1
K7KP05,A0A0R0K6I2,1
K7K318,C6SYW6,1
K7KW44,A0A0R0L0E7,1
K7N0V8,K7KWE4,1
K7MFZ6,I1JD52,1
I1JMD6,I1KJB1,1
I1JE09,I1KM19,1
I1JE09,A0A0R0L7U5,1
I1JMD6,C6T9W4,1
A0A0R0GPH9,K7N5K2,1
A0A0R0FFT1,I1KM88,1
I1L367,A0A368UID0,1
I1MR11,K7MQD2,1
I1KTP1,I1K4Y6,1
A0A0R0L828,A0A0R0JJI0,1
A0A0R0HXK5,B9MST0,1
A0A0R0GPH9,A0A0R0GS25,1
I1KPE7,I1KQE3,1
I1KQ73,I1KS98,1
C6T5U0,P17093,1
I1KM88,K7KED0,1
I1MTV9,I1JD36,1
I1M3W1,I1KM19,1
O22518,I1LGD6,1
A0A0R0JI69,I1MRK4,1
I1LLJ4,A0A0R0IZA1,1
A0A0R0L7U5,I1KM19,1
I1LUE0,I1KPE7,1
A0A0R0FXD4,A0A0R0GAQ8,1
I1JYG3,C6TJH2,1
A0A0R0JRI8,K7M849,1
C6TD23,C6TGZ1,1
K7MRF5,I1J547,1
K7N598,A0A0R0FNY5,1
K7KL60,I1K0A7,1
C6TIQ9,A0A0R0EAZ9,1
I1K467,K7M6R4,1
I1NG17,I1J5W0,1
A0A0R0KR59,I1KJB2,1
I1LGD6,I1KPE7,1
I1K1W8,I1N780,1
C6TNW3,A0A0R0FTI5,1
I1MUN6,A0A0R0K4Z5,1
I1LJD2,K7M5U7,1
I1L9P5,A0A0R0E8K1,1
C6T7K0,I1LIQ3,1
I1LPW2,K7LFD7,1
I1M3W1,I1L2H4,1
C6T217,I1JRU7,1
I1KZK2,K7M6R4,1
A0A0R0FFT1,K7LFU4,1
A0A0R0K0K3,I1L7G4,1
K7KUG2,I1JZ99,1
A0A368UIA0,I1L9Z8,1
I1LV79,C6TBU3,1
I1K1I6,I1MJH1,1
A0A368UGG7,K7KF95,1
I1K6E7,I1JD07,1
A0A0R0L7U5,C6T065,1
I1J9I1,C6SWS6,1
A0A0R0FJR0,C6SYW6,1
I1LTG9,I1LST6,1
I1LKN9,K7LTV8,1
A0A0R4J426,C6SZG1,1
I1N055,I1MHK8,1
K7M5U7,A0A0R0FHD2,1
K7N1T9,K7LY43,1
C6TJM4,A0A0R0HV63,1
I1KYL4,I1M998,1
I1LQ55,I1LJG0,1
I1K4R8,I1N898,1
K7MGQ2,I1KM19,1
A0A368UIE1,I1KZJ9,1
I1JDN2,I1MTB5,1
I1JCB1,I1LZ93,1
A0A368UJ62,K7M5Q8,1
K7KTA9,P49084,1
K7N5K2,A0A0R0L828,1
K7K578,A0A0R0IL99,1
A0A0R0GPH9,K7M841,1
I1LW00,K7KJB2,1
I1JXS8,I1K565,1
K7MUM5,K7LFU4,1
K7N5K2,A0A0R0L0E7,1
I1LFD2,A0A0R0EKI7,1
I1JA95,I1M3W1,1
I1LI32,I1M5X1,1
I1KBD9,A0A0R4J618,1
K7MZN9,I1JQY7,1
C6T5U0,C6T065,1
A0A0R0K6I2,A0A0R0FLV6,1
K7MUS8,I1LTE6,1
I1LFG6,Q7XJ86,1
C6T5U0,A0A0R0KPE1,1
I1L7J3,I1M292,1
C6SZ70,K7MYK9,1
K7MXF1,A0A0R0JT51,1
A0A0R0IR73,I1LUE0,1
I1KC40,A0A0R0GG06,1
C6T857,I1LZ93,1
I1JCB1,I1M643,1
A0A0R0L5Q1,K7KWE4,1
K7MUM4,I1N411,1
I1LTW8,I1M4B9,1
P17093,A0A0R0L7U5,1
C6SXG9,I1K963,1
A0A0R0FFT1,I1NDE0,1
C6SW04,I1MNV2,1
M1FN34,C6SZG1,1
I1MHG6,I1L1Q8,1
I1KCM4,I1JX10,1
K7MNN5,A0A0R0GFL3,1
A0A0R0EWR2,I1JK31,1
I1ML11,A0A0R4J4C5,1
A0A0R0EDS9,P62302,1
I1JF58,K7LH46,1
I1JCA9,I1J8D7,1
I1LGS0,I1KUF4,1
C6TML7,I1N2Z4,1
A0A0R4J5B7,I1L2H4,1
I1NCN7,I1JS15,1
I1M3M4,I1LUL9,1
K7N3Z1,I1MSP6,1
A0A0R0FLW1,I1K065,1
A0A0R0IW53,K7MQD2,1
K7MPX8,I1MZJ8,1
I1LTE6,K7LDF3,1
I1M1W3,I1MEQ6,1
I1J547,C6TK73,1
I1LH18,A0A0R0GUR9,1
I1MB99,A0A0R0IZA1,1
I1JFW6,I1MU00,1
I1L2Q0,K7MUV9,1
I1M6F0,C6TDC0,1
I1JFW6,A0A0R0KPE1,1
Q8GZU9,A0A0R4J5J3,1
I1LF24,I1NFB9,1
I1JU23,P49084,1
I1MEQ1,I1M038,1
I1JE09,A0A0R0FZM4,1
I1L2H4,I1KPE7,1
C6TIQ9,I1KUF4,1
I1MFI0,I1KNE4,1
I1M643,I1L903,1
K7MGQ2,P17093,1
I1LI93,I1L903,1
Q9FQD3,A0A0B5EC52,1
I1JSG1,I1K708,1
I1M643,I1LI93,1
C6TK27,I1NG17,1
I1LCR6,I1MR73,1
I1LP31,Q56GA2,1
I1NA38,I1JPH8,1
A0A0R0GAV8,K7LTG4,1
I1L7G4,M1FN34,1
I1M786,A0A0R0JI98,1
A0A0R0GPH9,K7M849,1
Q56GA2,F8WRI5,1
I1LKD9,C6TBU3,1
A0A0R0KPE1,I1MU00,1
A0A0R4J5B7,I1LGD6,1
I1JA95,A0A0R0EDS9,1
A0A0R0GTG6,A0A0R0G8N1,1
I1K0W7,I1MV80,1
P01055,A0A0R0IF61,1
I1ML63,I1N846,1
I1KP14,I1K565,1
K7KHN1,K7MQT1,1
A0A0R4J5B7,I1LUE0,1
I1LP98,Q9AWB2,1
I1N798,K7KL60,1
K7MLH4,I1K0H3,1
A0A0R0JJI0,A0A0R0JJK0,1
A0A0R0K6I2,K7KL60,1
Q8LPW2,C6T1G9,1
K7KES3,C6T5U0,1
I1KUS2,I1JD36,1
K7KL60,A0A0R0FLV6,1
K7N0V8,I1MJJ9,1
Q43463,I1K2I1,1
C6T217,I1NCF6,1
C6T5U0,K7K318,1
K7MFZ6,I1MNU1,1
I1KBD9,Q9XE60,1
M1FN34,I1MEF5,1
I1JCB1,I1L903,1
C6TJ17,I1N7F4,1
I1K006,I1MM97,1
I1JA95,I1KM19,1
I1N780,I1JK31,1
I1M3W1,I1KPE7,1
C6TC28,I1K642,1
A0A0R0GS25,I1KCY5,1
I1N9J8,A0A0R4J5Z8,1
K7MNN5,A0A0R0L828,1
K7L0E7,B0M1A3,1
K7MGQ2,I1M3W1,1
I1K6E7,K7MGQ2,1
C6SX83,C6T2G5,1
A0A0R0FZM4,I1L2H4,1
K7KLG8,I1K4Y6,1
K7MNN5,K7M846,1
K7MUM5,K7LFU3,1
I1KHJ4,I1MK72,1
A0A0R0JRI8,K7M846,1
I1L2H4,A0A0R0L7U5,1
A0A0R0K6U3,A0A0R0FHD2,1
K7LQV0,I1MJJ9,1
C6SWR4,C6SXY4,1
I1KBD9,I1JY66,1
I1JQ20,Q8GZU9,1
I1LZ93,I1MJH1,1
A0A0R0K0K3,I1JB64,1
A0A0R0GS25,K7M849,1
I1JE09,A0A0R0FJR0,1
A0A0R0EDS9,I1JE09,1
A0A0R0K6U3,K7LSZ2,1
I1KY31,Q2PMP9,1
A0A0R0FJR0,I1KM19,1
A0A0R4J426,M1FN34,1
I1JUV6,K7KTY4,1
K7LDF3,I1LST6,1
K7MC85,I1MW74,1
K7MXE0,I1MLJ0,1
K7MQD2,I1KNI7,1
I1LRR9,B0M1A1,1
A0A0R0L5Q1,K7N0V8,1
A0A0R0KVY6,A0A0R0JSJ9,1
I1M643,I1MMY0,1
I1JFW6,I1L2H4,1
I1KZK2,I1MNU1,1
C6TIK0,I1M269,1
I1NIT4,I1LBJ5,1
I1LHS8,I1J8W6,1
I1L3N6,I1MQB9,1
I1L7R2,C6TAB5,1
A0A0R0FUA1,I1L735,1
I1LLS4,I1LIT1,1
I1LCP4,I1NHQ6,1
E9L577,I1KRL9,1
I1MFF9,I1KNB5,1
I1LAH1,I1M3A3,1
A0A0R0HXK5,I1MGY9,1
K7M846,A0A0R0GFH3,1
I1M3W1,A0A0R0L7U5,1
I1KPN4,I1K669,1
I1LUE0,C6SYW6,1
K7M849,A0A0R0GFL3,1
I1M786,I1LWB8,1
I1M643,C6T857,1
I1LGD6,I1KQE3,1
E9L575,E9L577,1
I1L4E2,I1L4E4,1
A0A0R0EDS9,C6SYW6,1
I1JZE1,I1KG02,1
I1K089,I1MUM8,1
K7MNN5,I1KCY5,1
I1K6E7,A0A0R0L7U5,1
I1LQ62,I1LJG9,1
I1KBD9,A0A0R4J5J3,1
I1K3X9,Q43463,1
K7MQG6,I1KYL4,1
I1JB64,C6SZG1,1
A0A0R0HV63,I1NIE5,1
A0A0R0FJR0,P17093,1
K7N5K2,A0A0R0GFM7,1
I1N4X6,I1L7D4,1
I1J5W0,I1LEF5,1
I1MBN8,I1JHQ1,1
A0A0R4J5B7,A0A0R0EDS9,1
I1NGH7,I1LXY1,1
K7K318,C6T065,1
I1K246,I1J981,1
A0A0R0GS00,I1MR11,1
I1JGK9,C6T336,1
Q2PMQ4,I1LUB3,1
I1LPK5,I1LIU7,1
K7MUV9,K7MUS8,1
I1KI90,A0A0R4J3C2,1
I1KM88,K7LFU3,1
I1JRV0,I1NCF8,1
K7MGQ2,A0A0R0KPE1,1
A0A0R0KPE1,I1KM19,1
A0A0R0JQT3,A0A0R0JQT2,1
K7K318,A0A0R0FZM4,1
C6T002,C6SWD1,1
K7L2K6,I1M2G5,1
K7L2R0,A0A0R0GWH6,1
I1M592,Q2Q021,1
K7M387,I1K4V8,1
D2D5G3,I1K7G0,1
C6SWS6,I1JV03,1
K7LJ72,I1JRU7,1
A0A0R4J4C5,I1JV03,1
I1NIE5,A0A0R0FTI5,1
I1L0K8,I1MRP0,1
A0A0R0KPE1,A0A0R0FJR0,1
E9L575,I1KRL9,1
I1N1Z5,I1LNP4,1
I1JD07,I1MU00,1
Q9XE60,Q8GZU9,1
A0A0R0JRI8,K7KW44,1
A0A0R0IEK0,I1MQ30,1
A0A0R0GS25,A0A0R0JQJ0,1
C6T5U0,I1L2H4,1
A0A0R0EDS9,A0A0R0FJR0,1
I1NB01,I1JQF4,1
I1KDJ8,C6T1E8,1
I1LTG9,I1KDJ8,1
K7MXH5,I1MLF1,1
A0A0R0KPE1,I1KPE7,1
A0A0R0JBV0,A0A0R0JT51,1
C1PHB8,A0A0R0HSY5,1
K7KP05,K7MXF1,1
K7LIE3,K7K8Y9,1
I1J7U9,I1JKP7,1
K7MGQ2,I1JD07,1
I1NIE5,A0A0R0IF42,1
K7L4N7,I1MNU2,1
I1M277,I1L7G4,1
I1K5J7,A0A0R0HXK5,1
C6TIQ8,I1KBF7,1
A0A0R0HSH0,K7M6Z2,1
A0A0R0FJR0,C6T065,1
I1L9K4,A0A0R0IF42,1
I1ML11,A0A0R4J4D0,1
K7KES3,I1K6E7,1
O22518,C6T5U0,1
I1LGD6,P62302,1
K7KP05,A0A0R0FLV6,1
K7MFZ6,K7M6R4,1
I1LI93,C6T857,1
I1LV79,I1LST6,1
I1MEF5,C6SZG1,1
I1MR11,I1KNI7,1
K7L2K6,K7L2K8,1
K7M6Z2,I1L332,1
I1MU00,I1KM19,1
A0A0R0FTI5,A0A0R0IF42,1
I1JFW6,I1JD07,1
P62302,I1LUE0,1
I1MFF9,I1M119,1
I1K3R3,I1KS56,1
I1JKG7,A0A0R0KJL0,1
A0A0R0GS00,I1KNI7,1
A0A0R0IW53,I1M6B9,1
C6T1E8,K7LDF3,1
I1KQ73,I1K5Q4,1
A0A368UHM9,A0A368UH16,1
I1JC65,I1J547,1
A0A0R0HM21,I1J957,1
C6T857,I1MJH1,1
C6TD23,I1LUL2,1
I1LMR4,I1KJ81,1
I1MHA5,I1L1L3,1
I1J4G6,I1KJR2,1
K7K318,I1KQE3,1
C6SWG9,C6SWL4,1
A0A0R4J536,A0A0R0HEM4,1
A0A0R0JRI8,A0A0R0GFL3,1
K7MQG6,A0A0R0FGT9,1
A0A0R0HJR0,K7MQ01,1
K7LQV0,K7KWE4,1
A0A0R0ICK4,I1JFW4,1
I1KSL6,K7M6R4,1
A0A0R0HXK5,I1L1A1,1
I1L6T8,C6TG34,1
I1N411,K7LFU4,1
I1KBF7,K7M387,1
E9L572,C6TJW1,1
I1KDA4,I1MUC6,1
C6SWG9,I1LN92,1
P62302,I1KQE3,1
I1LIU7,C6SZQ0,1
A0A0R4J3I7,I1JJX3,1
K7MPJ9,I1LMR4,1
A0A0R0JRI8,A0A0R0GFH3,1
K7MHQ6,I1JX10,1
A0A0R4J5B7,K7K318,1
A0A0R0K0K3,M1FN34,1
I1K3E9,I1MF26,1
I1KBI7,A0A0R0J9Y6,1
A0A0R0K0K3,A0A0R0FEN3,1
K7KN13,A0A0R0K0C4,1
I1MTV9,I1MNS7,1
I1K6E7,I1LGD6,1
I1MU00,I1L2H4,1
I1MNV2,Q43463,1
I1LUE0,I1KQE3,1
I1JS41,I1JWE9,1
C6TJM4,K7LK09,1
A0A0R0FEC1,I1MVZ6,1
I1N411,K7LFU3,1
K7M6J1,M1FN34,1
A0A0R0L828,A0A0R0JQJ0,1
I1N6D4,K7LXN4,1
I1KJ84,C6TKV3,1
K7KES3,K7LCS7,1
K7LFU3,K7LFU4,1
I1M643,I1K1I6,1
I1JC65,C6TK73,1
K7MUV9,K7LDF3,1
K7LCS7,I1L2H4,1
I1L3P5,I1MQC8,1
I1L880,C6TGX5,1
A0A0R0JI98,C6T034,1
K7MJ75,A0A0B5EC52,1
I1LTG9,K7MUV9,1
I1LGD6,I1KM19,1
A0A0R4J5N5,A0A0R0JQT2,1
K7K1V0,I1JE51,1
I1LDY8,I1LWX5,1
I1JDN2,K7MVE7,1
I1M3W1,C6T065,1
I1K9J7,A0A0R4J4C5,1
I1JV03,K7L6N7,1
I1KCA3,K7KVN0,1
I1LTG9,I1L2Q0,1
I1JGK9,I1L9G9,1
K7L406,I1MQW6,1
I1K5J7,I1KQC3,1
C6T2F8,I1MDD8,1
I1JPY7,K7MQT1,1
O22518,I1MU00,1
K7LXA6,I1NE02,1
I1MKX7,I1LLH3,1
I1KC40,I1K0A7,1
I1JR22,I1MJH5,1
A0A0R0GFH3,K7M841,1
A0A0R0FJR0,I1KPE7,1
I1K970,A0A0R0GJV8,1
A0A0R0GZ30,Q6SPR2,1
C6TK27,I1J5W0,1
A0A0R0JRI8,A0A0R0GFM7,1
C6TJM4,I1L3P5,1
K7N3Z1,B9MST0,1
A0A0R4J5B7,A0A0R0FJR0,1
I1JCB1,C6T857,1
K7MM89,I1K1R5,1
I1LG65,I1M038,1
A0A0R4J5B7,A0A0R0FZM4,1
I1MT23,K7MGH8,1
I1LBA8,A0A0R0HEG0,1
I1K9J7,Q43463,1
C6T5U0,A0A0R0EDS9,1
A0A0R0IT62,A0A0R0KVY6,1
I1JQK9,I1NB48,1
K7N145,K7MM40,1
I1LTG9,I1LV79,1
K7LCS7,P17093,1
K7MGQ2,A0A0R0IR73,1
I1JIA6,K7LDF3,1
A0A0R0IW53,I1JJN8,1
I1MZ53,I1LMN5,1
I1LC77,I1MR11,1
A0A0R0EDS9,C6T065,1
A0A368UIC9,I1MUR2,1
K7LQV0,I1KTI0,1
I1ML11,Q43463,1
A0A0R0GPR8,C6TC28,1
A0A0R0FA21,Q2PMP9,1
A0A0R0FIP9,K7LJ17,1
K7M9L4,K7M387,1
A0A0R0GAQ8,I1MJJ9,1
K7M846,A0A0R0L0E7,1
C6SXT9,C6T003,1
I1JF82,I1KM07,1
A0A0R0HSH0,I1MPJ4,1
A0A0R4J5B7,I1KPE7,1
A0A0R0GFL3,K7M841,1
A0A0R0IR73,C6SYW6,1
K7MMD7,I1JD52,1
C6T5U0,I1KM19,1
I1KM88,K7LFU4,1
I1NGL3,I1LWX5,1
I1LPK5,A0A0R4J5K6,1
C6SVB8,C6SXD3,1
I1M3W1,I1JD07,1
I1MZ08,K7LRR9,1
I1M786,I1JXJ3,1
C6TE57,K7MS06,1
K7LHW6,K7MUD4,1
K7KES3,I1LUE0,1
K7KED0,I1N411,1
I1JW65,I1KDF1,1
A0A0R0GFM7,A0A0R0JJI0,1
C6SW04,I1K2I1,1
I1M5S3,I1MCH7,1
K7K318,I1KPE7,1
I1NGJ8,A0A0R0I5N9,1
I1LTG9,C6TBU3,1
A0A0R0L9T4,K7L9S8,1
K7N598,I1J8E3,1
A0A0R0JQJ0,A0A0R0JJI0,1
I1MEQ1,K7K5C0,1
A0A0R0EDS9,P17093,1
A0A0R0JQJ0,A0A0R0JJK0,1
I1N8C9,I1K1R5,1
K7MNN5,A0A0R0JQJ0,1
K7KYM0,K7KJI6,1
I1ML11,C6SWS6,1
I1M946,P49084,1
I1L645,I1N447,1
I1K1I6,I1L903,1
A0A0R0F719,A0A368UJF6,1
A0A0R0KE62,K7M6R4,1
C6TLW3,I1KZX6,1
O22518,C6T065,1
I1KFL5,I1JVX3,1
Q7XJ86,I1LLH3,1
K7L2R0,I1M225,1
Q71EW8,K7KNT9,1
C6SWS6,I1LEC4,1
K7M6J1,A0A0R0FEN3,1
I1MU00,C6SYW6,1
K7KW44,A0A0R0L828,1
O22518,A0A0R0EDS9,1
K7N3Z1,A0A0R0HXK5,1
A0A0R0GFM7,I1KCY5,1
I1LGD6,A0A0R0FJR0,1
A0A0R4J2H3,I1JRU7,1
K7MFZ6,K7MMD7,1
C6SWS6,I1NG45,1
K7KES3,I1MU00,1
A0A0R0JC18,I1JET9,1
A0A0R0EJV2,A0A0R0KVY6,1
K7MXF1,A0A0R0JBV0,1
I1M277,K7M6J1,1
I1LXY1,A0A0R4J5Z8,1
I1JXJ3,A0A0R0JI98,1
I1MD26,I1M592,1
K7LSZ2,A0A0R0FHD2,1
A0A0R0H668,I1MIX6,1
I1K1W8,A0A0R0EWR2,1
I1JWK3,K7KNT9,1
A0A0R0FZM4,I1KM19,1
A0A0R4J4H6,I1LJ81,1
K7LCS7,I1K6E7,1
K7N1X2,I1LXK8,1
I1JFW6,A0A0R0EDS9,1
I1JIA6,I1LTE6,1
I1M1W3,A0A0R0JBL2,1
A0A0R0HV63,I1L9K4,1
K7MPJ9,I1KJ81,1
A0A0R0EDS9,I1K6E7,1
I1LHR6,I1JCQ8,1
C6T002,I1J4K1,1
A0A0R4J5B7,I1KQE3,1
A0A368UGC0,I1LWD6,1
A0A0R0GG06,K7KL60,1
A0A0R0KRF1,I1J5A4,1
A0A0R0HV63,K7LK09,1
Q06197,I1LZ93,1
A0A0R0FX75,A0A0R0GWH6,1
K7K318,P62302,1
Q2PMU5,M1FIS9,1
I1LIQ3,I1MLC3,1
I1K4R8,I1LEC4,1
I1LUZ5,I1M3A3,1
C6SYW6,P17093,1
A0A0R0JRB0,I1J9W9,1
I1JK59,I1N8F6,1
I1JWK3,I1N9J8,1
C6T5U0,I1LGD6,1
A0A0R0JRB0,I1MUZ7,1
I1MLD5,A0A0R0EKB4,1
I1JDN2,K7KNG2,1
I1M3W1,I1LUE0,1
C6SYW6,A0A0R0L7U5,1
I1NIE5,I1MQC8,1
Q9M6D6,Q9SWR5,1
I1J8W6,K7MXE0,1
C6TC28,K7MPZ4,1
Q2MJR5,Q94C02,1
A0A0R4J488,A0A0R4J2Y1,1
K7LK09,A0A0R0FTI5,1
A0A0R0HEG0,I1J8E3,1
Q06197,I1K1I6,1
I1KCY5,A0A0R0JQJ0,1
Q71EW8,I1N9J8,1
B0M195,I1KZX6,1
C6TK31,I1LA49,1
K7MEB1,I1LT87,1
Q0EDG6,C6TAM7,1
I1NE42,I1J702,1
A0A0R0FJR0,I1KQE3,1
I1JE09,I1LGD6,1
K7MGQ2,C6T065,1
I1LSW3,I1KDP2,1
A0A0R4J653,I1LFG4,1
I1JW26,I1KJ81,1
K7M5U7,K7LSZ2,1
A0A0R0F6H1,K7KX46,1
A0A0R0LBA6,K7LEU7,1
A0A0R4J426,A0A0R0K0K3,1
I1LG65,I1KLS0,1
K7L9S8,K7MM52,1
A0A0R0GS00,K7MQD2,1
A0A0R0IR73,I1L2H4,1
A0A0R0HXK5,I1KQC3,1
I1JD07,A0A0R0L7U5,1
I1LKD9,K7MUS8,1
K7L939,A0A0R0FGT9,1
K7K4C7,I1KAD1,1
O22518,I1M3W1,1
K7LHS7,K7KFY5,1
A0A0R0FJR0,P62302,1
K7N5K2,K7M849,1
I1LEI8,I1NFY2,1
A0A0R0GS25,K7MNN5,1
I1JGU8,I1K9W3,1
P62302,A0A0R0FZM4,1
I1KSL6,K7MMD7,1
I1JYT2,I1KAR1,1
A0A0R0EDS9,I1L2H4,1
I1JFW6,P62302,1
I1JA95,K7K318,1
K7N5K2,A0A0R0GS25,1
A0A0R0L0E7,A0A0R0JJI0,1
A0A0R0FEN3,I1MEF5,1
A0A0R0K6I2,A0A0R0JT51,1
I1LVN3,I1MSN3,1
I1LV79,K7MUV9,1
K7N598,A0A0R0HEG0,1
C6SYW6,I1KPE7,1
I1JE09,I1KPE7,1
A0A0R4J455,A0A0R0E8N5,1
I1L6I6,A0A0R0F392,1
I1LR95,I1MLM1,1
A0A0R4J426,I1JB64,1
A0A0R0GG06,A0A0R0FLV6,1
K7LCS7,C6SYW6,1
K7MC85,I1K970,1
K7MNN5,A0A0R0GFH3,1
I1LFG6,I1NJ85,1
I1KSL6,I1KZK2,1
P62302,I1KPE7,1
I1M7M5,I1JIA7,1
I1L3Q3,A0A0R0IF61,1
C6TJM4,A0A0R0IF42,1
A0A0R0FXD4,I1MJJ9,1
K7LCS7,I1MU00,1
K7KES3,I1KM19,1
I1MQB8,I1L3N6,1
Q9XE60,I1JY66,1
K7K318,I1L2H4,1
I1KBV2,I1K565,1
I1JD07,P62302,1
I1N8M8,I1JMZ7,1
I1JD36,K7M466,1
I1JVX3,K7N1L5,1
I1KTP1,A0A0R0HDW2,1
I1K3U6,I1K5Q4,1
I1L7J3,I1N551,1
I1JM15,I1J702,1
K7M849,A0A0R0GFH3,1
I1LLS4,I1KZ09,1
C6TCJ0,Q2TUW0,1
A0A0R0FUA1,Q9M4R7,1
I1N7M0,I1KEX8,1
K7M849,K7KW44,1
I1JD07,I1KQE3,1
K7MPI6,K7LRR7,1
I1L6A2,I1N3Z3,1
I1KCY5,A0A0R0JJI0,1
K7K318,I1KM19,1
I1JW26,K7MPJ9,1
K7N5K2,K7MNN5,1
K7KRK6,I1KQ70,1
K7MJ75,Q9FQD3,1
K7LK09,A0A0R0IF42,1
I1JD07,K7K318,1
C6TBL4,I1J8W6,1
I1KSL6,I1K467,1
I1JE09,C6SYW6,1
A0A0R0GPH9,K7M846,1
A0A0R0GFL3,A0A0R0JQJ0,1
A0A0R4J583,A0A0R0LKR7,1
A0A0R0GFL3,A0A0R0L0E7,1
I1J9I1,I1K4R8,1
I1LI96,I1JCA9,1
I1K9J7,A0A0R4J4D0,1
K7LTR0,I1LIU7,1
A0A0R0GJV8,I1JUQ0,1
I1MAC4,A0A0R0IF61,1
I1N798,A0A0R0K6I2,1
C6SW04,I1K9J7,1
E9L572,I1KRL9,1
A0A0R0FB78,I1KZ09,1
I1JFW6,A0A0R0FJR0,1
I1JHN9,I1L2T1,1
A0A0R4J4D0,I1LEC4,1
K7MM89,I1N8C9,1
A0A0R0LK19,A0A0R0J9Y6,1
I1LKD9,I1L2Q0,1
I1LG13,I1LJ34,1
A0A0R0HSH0,I1L332,1
I1MJH5,I1J574,1
A0A0R0L828,A0A0R0L0E7,1
I1M3W1,C6SYW6,1
A0A0R0IM79,K7MUD4,1
I1JK67,I1KI90,1
K7MXF1,I1KC40,1
I1LI93,I1LZ93,1
K7K5C0,I1LG65,1
A0A0R4J4D0,I1NG45,1
A0A0R0FGT9,I1KYL4,1
I1LNZ9,K7K9D6,1
K7K318,P17093,1
I1JHJ0,K7L9M2,1
I1K1I6,I1MMY0,1
A0A0R0JRI8,A0A0R0L828,1
E3NYP3,I1N850,1
I1MUP5,A0A0R0JBV0,1
K7M849,A0A0R0JJK0,1
C6T336,I1L9G9,1
K7MXF1,I1MUP5,1
I1KBI7,A0A0R0HDW2,1
I1L7R2,C6T027,1
I1M6B9,I1MR11,1
I1LFG4,A0A0R4J2U8,1
C6SYW6,A0A0R0FZM4,1
A0A0R0LKR7,A0A0R0I304,1
I1KC40,A0A0R0FLV6,1
I1LKD9,I1LTE6,1
K7M846,A0A0R0JJI0,1
A0A0R0IF33,Q39817,1
I1MB99,I1LLJ4,1
I1M277,A0A0R0K0K3,1
I1LG13,K7LSG7,1
I1K6E7,K7K318,1
C6TD23,I1KD82,1
I1LW00,K7L6K2,1
I1JMY9,A0A0R0EL31,1
A0A0R0L4P0,I1MEQ6,1
I1J9I1,K7L6N7,1
B4YB07,A0A0R0HSY5,1
I1K642,I1MNU2,1
I1L2Q0,I1LTE6,1
K7LQS4,I1N019,1
C6SWR4,C6T1V1,1
I1MTB5,K7MVE7,1
C6THB5,I1J4B5,1
I1MUN6,I1K099,1
A0A0R0GFM7,A0A0R0JJK0,1
A0A0R0KPE1,A0A0R0L7U5,1
A0A0R0G7B5,I1KZY8,1
I1LGS0,A0A0R0EAZ9,1
Q2PMQ4,I1M3Y7,1
I1K4R8,I1K9J7,1
I1LLS4,A0A0R4J5C5,1
C6SVA8,C6SWD1,1
I1LJ34,K7LSG7,1
I1JQ20,I1JY66,1
A0A0R0HSC1,C6T8S2,1
A0A0R0FFT1,I1N411,1
A0A0R0JQJ0,K7M841,1
I1M368,I1KDU3,1
I1JA95,I1L2H4,1
C6TIQ8,I1K4V8,1
K7LCS7,I1LUE0,1
C6T857,Q06197,1
I1MAX9,I1JGX0,1
A0A0R0IR73,I1MU00,1
A0A0R0GPH9,A0A0R0GFH3,1
I1KUS2,K7M466,1
I1L6H1,K7KKT1,1
I1JB64,A0A0R0FEN3,1
K7KGB3,C6TER0,1
A0A0R0L828,K7M841,1
A0A0R4J536,A0A0R4J646,1
I1JUM3,I1K938,1
K7KW44,K7M841,1
I1KUF4,A0A0R0EAZ9,1
I1MU00,I1LUE0,1
I1KNV7,I1K506,1
I1MNU1,I1JD52,1
A0A0R4J4H3,A0A0R0H141,1
A0A0R4J5B7,C6T065,1
I1KFZ9,I1KFF8,1
I1KY31,A0A0R0FA21,1
A0A0R0JRI8,I1KCY5,1
I1KTP1,K7KLG8,1
I1KL89,I1KUE8,1
I1NGH7,I1KWU9,1
K7K578,I1K6J1,1
I1KFL5,K7N1L5,1
I1N798,A0A0R0JT51,1
I1KNG6,I1LGR6,1
C6TBL4,K7MXE0,1
I1MRP6,I1KMS8,1
A0A0R4J3I7,K7M862,1
I1JE16,I1JE14,1
K7MUM4,K7MUM5,1
I1K4R8,I1MNV2,1
I1KZK2,I1JD52,1
C6SYN1,I1M8A1,1
A0A0R0L828,A0A0R0JJK0,1
A0A0R0G3L8,I1K9W3,1
I1LN52,I1MYD2,1
I1JE09,P17093,1
K7LCS7,I1KQE3,1
I1LC77,I1KNI7,1
I1KJF2,I1JMK4,1
A0A0R0GFM7,K7KW44,1
K7MVE7,I1LJD2,1
I1NAJ5,A0A0R0EYS5,1
C6TBU3,K7LDF3,1
K7M2G2,I1LUT1,1
I1JFW6,A0A0R4J5B7,1
I1MFI0,Q8W1A1,1
I1JT87,A7X641,1
I1KCY5,A0A0R0GFH3,1
K7L5S0,I1K3E9,1
A0A0R0JI98,I1LWB8,1
I1JD07,I1KM19,1
A0A0R0FLV6,A0A0R0JT51,1
A0A0R0FFT1,K7MUM5,1
A0A0R0GFM7,A0A0R0JQJ0,1
I1NGH7,K7KNT9,1
A0A0R0IZ75,K7MRW8,1
O22518,I1K6E7,1
I1N8X8,I1LA39,1
Q71EW8,I1LXY1,1
C6T5U0,K7MGQ2,1
I1MM35,I1MBS8,1
C6TJM4,I1MQC8,1
I1LV79,I1JIA6,1
I1N5D5,I1MNU1,1
K7LCS7,I1KM19,1
I1K4R8,I1K2I1,1
K7KLG8,I1KBI7,1
I1M3Y7,I1LUB3,1
I1JY66,A0A0R4J5J3,1
A0A0R0L1N9,I1MZ51,1
K7LCS7,A0A0R4J5B7,1
I1LI93,I1MMY0,1
I1LLS4,I1LPJ8,1
P01070,Q39898,1
I1JDN2,I1LJD2,1
A0A0R4J5B7,I1JD07,1
I1J709,A0A0R0KN53,1
K7M846,K7M841,1
K7LCS7,I1M3W1,1
I1J4B5,I1K642,1
A0A0R0EEW3,I1LBQ3,1
K7M849,A0A0R0L0E7,1
I1JFW6,C6T5U0,1
A0A0R4J2L5,I1KRU0,1
I1M3W1,K7K318,1
Q2MJR5,I1K4L3,1
I1N5R9,I1N5S0,1
P93163,P49084,1
I1KJR2,I1J4G8,1
I1KTP1,I1KBI7,1
K7MNN5,A0A0R0L0E7,1
I1LV79,I1L2Q0,1
I1N1X2,I1N696,1
I1KJB1,C6T9W4,1
A0A0R0IV41,K7M4K7,1
K7LK09,I1MQC8,1
K7KES1,K7LY43,1
I1M277,M1FN34,1
I1JA95,O22518,1
I1J8P0,K7MH28,1
I1JD07,C6SYW6,1
I1KXP5,K7K3C2,1
I1LJD2,A0A0R0FHD2,1
E9L575,C6TJW1,1
K7KES3,I1M3W1,1
I1JET8,I1KM01,1
K7LTR0,A0A0R4J5K6,1
K7KVN0,K7MLC5,1
I1M8A0,I1MXY0,1
C6TIQ7,I1N7F4,1
K7N145,A0A0R0KWT5,1
I1NJ85,I1LLH3,1
Q42798,I1N976,1
K7KES3,A0A0R0IR73,1
C6T5U0,I1K6E7,1
I1N7M0,I1MLM1,1
I1JHJ8,I1MBI6,1
I1MMY0,I1MJH1,1
I1M3W1,A0A0R0FZM4,1
I1L3P5,A0A0R0FTI5,1
A0A0R4J426,I1L7G4,1
I1JA95,I1KQE3,1
I1LTW8,C6TN61,1
C6TK27,K7LLF8,1
K7N563,K7KGR8,1
Q06197,I1MJH1,1
I1MQD2,P01064,1
I1NGH7,I1N9J8,1
K7MTL2,I1J8W6,1
K7KES3,A0A0R0EDS9,1
A0A0R0K6I2,A0A0R0JBV0,1
A0A0R0JQ82,I1JZR6,1
I1L7G4,A0A0R0FEN3,1
I1LR95,I1KEX8,1
I1JFW6,K7LCS7,1
K7L6N7,I1N898,1
E3NYP3,E3WC98,1
I1LGD6,I1L2H4,1
I1ML11,K7L6N7,1
I1LKD9,I1KDJ8,1
I1JFW6,O22518,1
I1LIJ6,Q9AWB2,1
K7N5K2,A0A0R0GFL3,1
I1NGH7,A0A0R4J5Z8,1
I1LUE0,A0A0R0FZM4,1
C6T5U0,P62302,1
K7N3Z1,I1MGY9,1
K7K318,A0A0R0L7U5,1
I1K4R8,I1ML11,1
O22518,I1LUE0,1
I1LU38,I1KFF8,1
I1KQE3,C6T065,1
I1MW49,I1N9J8,1
I1KYS8,I1N055,1
C6TJ17,C6TIQ7,1
K7MUM5,I1NDE0,1
C6SYW6,C6T065,1
A0A0R0JSC0,I1NC50,1
I1KM88,I1N411,1
I1LUZ5,I1LAH1,1
I1KDJ8,C6TBU3,1
C6TCH4,I1JVX3,1
I1MTB5,A0A0R0FHD2,1
I1LUE0,I1KM19,1
I1LZ51,C6TA11,1
C6SVB8,C6TAW2,1
I1JE09,P62302,1
I1JJB8,I1N0L1,1
I1NDE0,I1N411,1
P62302,C6T065,1
K7KW44,A0A0R0JJI0,1
I1N5D5,I1JD52,1
K7LCS7,I1JD07,1
K7MUM4,K7LFU3,1
K7LG20,I1N3U5,1
I1JC43,I1J574,1
I1K4R8,I1K3X9,1
A0A0R0GPH9,A0A0R0L828,1
I1NBA2,I1JQP8,1
A0A0R0FJR0,K7K318,1
C6SYW6,I1KM19,1
I1N5D5,I1K467,1
K7MC85,I1JUQ0,1
A0A0R0KPE1,P17093,1
I1JE09,K7K318,1
K7MGQ2,K7K318,1
K7LXY1,K7LIZ8,1
K7MY00,I1N7B5,1
I1K1D7,I1MUC6,1
I1NAJ0,I1J5B4,1
K7KP05,I1K0A7,1
I1LQ64,I1LJH2,1
A0A0R0EDS9,I1LGD6,1
A0A0R0EYS5,K7KFY5,1
I1JWK3,I1MW49,1
I1MNU1,K7MMD7,1
A0A0R0L5Q1,I1MJJ9,1
A0A0R0GYZ9,K7KR21,1
A0A0R0FZM4,P17093,1
A0A0R0GUR9,I1NCV4,1
I1J981,K7MM50,1
K7N5K2,A0A0R0JQJ0,1
A0A0R0FFT1,K7LFU3,1
I1JF58,A0A0R0KJM2,1
I1JFW6,C6SYW6,1
K7MUM4,I1NDE0,1
A0A0R0EDS9,I1MU00,1
I1JK67,A0A0R4J3C2,1
I1JZ89,I1KA75,1
A0A0R0KPE1,A0A0R0IR73,1
I1MGE5,B4YB10,1
A0A368UIM7,I1N371,1
E9L572,E9L577,1
K7KLG8,A0A0R0LK19,1
K7M6J1,C6SZG1,1
I1MR79,I1KNA2,1
I1JFW6,I1M3W1,1
Q8W1A1,I1KNE4,1
K7MGH8,I1N7G4,1
I1K4Y6,A0A0R0J9Y6,1
I1JR22,K7L723,1
A0A0R0ECE8,A0A368UID0,1
A0A0R0L317,K7M4J0,1
C6T217,K7LJ72,1
I1N5D5,I1KZK2,1
K7LCS7,P62302,1
A0A0R0KE62,K7MFZ6,1
I1KIJ1,A0A0R0KJL0,1
I1K3F0,A0A0R4J2L5,1
E9L572,E9L558,1
I1LFG6,I1MKX7,1
I1MBS8,A0A0R0KZR2,1
I1NHX1,I1LCH2,1
I1N8V4,A0A0R0KIG7,1
I1JFW6,I1KQE3,1
I1MZV4,A0A0R4J5C5,1
C6T2G5,A0A0R0H141,1
A0A0R0IQ72,K7LIZ8,1
I1MTV9,I1LR48,1
K7N1T9,A0A0R0EJV2,1
I1KDR4,C6SV60,1
I1MJH5,K7L723,1
I1JD07,P17093,1
I1K6E7,P62302,1
A0A368UGC0,I1N5V6,1
K7LLF8,I1LEF5,1
K7LJS8,K7N525,1
E9L565,I1JEC6,1
I1MHU4,K7LCL1,1
A0A0R4J4D0,I1KSD0,1
I1K4Y6,A0A0R0HDW2,1
K7K7Q8,I1NG17,1
I1KWU9,I1LXY1,1
K7LCS7,A0A0R0KPE1,1
K7MFZ6,I1K467,1
A0A0R0IXT8,I1KUX4,1
I1JIA6,I1LKD9,1
I1L759,I1N344,1
I1LFG6,I1LLH3,1
K7M849,A0A0R0JJI0,1
I1LHY5,K7MH28,1
I1L1W0,I1MHK8,1
A0A0R0KWL0,K7K894,1
I1LBA8,A0A0R0FNY5,1
A0A0R0FAD6,A0A0R4J365,1
K7LCS7,A0A0R0L7U5,1
A0A0R0IJF6,I1N448,1
K7N5K2,A0A0R0JJK0,1
I1K4R8,I1JV03,1
I1MF07,I1M1I7,1
I1MQC8,A0A0R0FTI5,1
I1K3X9,K7L6N7,1
I1JA95,P17093,1
I1K6E7,A0A0R0KPE1,1
I1LH27,C6SWS6,1
A0A0R0K6I2,I1K0A7,1
I1K6E7,I1M3W1,1
I1MW49,I1KWU9,1
A0A0R4J5B7,I1KM19,1
K7LHS7,I1NAJ5,1
I1L7G4,K7M6J1,1
K7MC85,A0A0R0GJV8,1
K7LCS7,I1KPE7,1
I1KSL6,K7MFZ6,1
I1J547,I1MK72,1
I1KA98,K7LX60,1
A0A0R0EDS9,I1KM19,1
C6T1E8,I1LST6,1
A0A0R4J4D0,I1K2I1,1
A0A0R0FZM4,A0A0R0L7U5,1
K7M849,K7M846,1
K7N5K2,A0A0R0JRI8,1
A0A0R4J5B7,P17093,1
A0A0R0L0E7,K7M841,1
I1LZ51,I1NA94,1
I1M4B9,C6TN61,1
I1MU00,I1KPE7,1
C6TCG0,I1NGL3,1
A0A0R0HSV6,K7KUK2,1
I1KEX8,I1MLM1,1
I1KP14,I1JXS8,1
I1M3W1,I1MU00,1
I1LWP5,A0A368UGC3,1
I1LKD9,C6T1E8,1
O22518,P17093,1
I1MBS8,C6TNM5,1
Q71EW8,I1MW49,1
C6T5U0,A0A0R4J5B7,1
A0A0R0GPH9,A0A0R0GFM7,1
C6TK27,I1LEF5,1
I1J4T6,K7L9S8,1
K7K149,I1LBA8,1
A0A0R4J4C5,I1N898,1
I1JET4,A0A0R0HXH4,1
K7LCS7,K7MGQ2,1
K7KH93,A0A0R0EUJ0,1
I1L7G4,C6SZG1,1
A0A0R0HXH4,I1KM07,1
I1LV18,I1KDU3,1
I1LHR6,I1J8V8,1
Q71EW8,A0A0R4J5Z8,1
A0A0R0FXD4,I1KTI0,1
I1JA95,A0A0R4J5B7,1
I1L2H4,C6T065,1
I1K4R8,I1KSD0,1
E9KBR9,E9KBR8,1
I1KC50,I1JXI4,1
K7MGQ2,A0A0R0L7U5,1
A0A0R0GZ30,A0A0R4J3X6,1
A0A0R4J426,A0A0R0FEN3,1
C6SXY4,C6T1V1,1
I1KQD8,I1K5I3,1
K7N5K2,K7KW44,1
K7MGQ2,A0A0R0FZM4,1
K7KES3,I1KQE3,1
A0A0R0IR73,P62302,1
I1K6H8,I1KPB0,1
K7KES3,C6SYW6,1
A0A0R0L9T4,K7MM52,1
A0A0R4J5B7,I1JE09,1
I1LC77,I1M6B9,1
I1JHJ8,K7LR18,1
I1JS41,I1LWB5,1
I1LV79,I1LTE6,1
I1M3W1,A0A0R0IR73,1
K7LCS7,I1LGD6,1
I1KGY4,I1KVG9,1
A0A0R4J426,I1M277,1
K7L723,I1J574,1
A0A368UGA0,I1LCJ2,1
I1J957,A0A0R0FEC1,1
I1MW74,I1JUQ0,1
I1N798,A0A0R0GG06,1
I1KVC1,I1KH38,1
I1JKK4,I1L6T8,1
I1K115,I1JMH3,1
I1J4K1,C6SWD1,1
I1LTG9,I1LKD9,1
A0A0R0FJR0,I1LUE0,1
K7M849,I1KCY5,1
K7N129,I1MW51,1
D8WJ57,E3SXU2,1
I1JD07,I1L2H4,1
P17093,I1KM19,1
K7MGQ2,C6SYW6,1
K7L0V0,I1K5B7,1
C6TN69,I1JHJ0,1
A0A0R0KVY6,K7LY43,1
K7KTS8,I1JUQ6,1
K7K894,A0A0R0KWT5,1
I1MQC8,A0A0R0IF42,1
Q06197,I1L903,1
C6TBL4,I1MLJ0,1
K7N3Z1,I1KQC3,1
Q9XE60,I1JQ20,1
I1N798,K7MXF1,1
I1J9L7,A0A0R0EV33,1
I1KBD9,Q8GZU9,1
A0A0R0F214,A0A0R4J2Y1,1
M1FP94,I1LEQ3,1
A0A0R0FAJ6,I1JZR6,1
I1JD07,I1LUE0,1
A0A0R4J618,Q8GZU9,1
A0A0R0GPH9,A0A0R0JJI0,1
C6TK30,I1LDP9,1
I1NCF6,A0A0R4J2H3,1
K7MGQ2,I1KQE3,1
A0A0R0GS25,K7M846,1
A0A0R0E6T9,A0A0R0G3R9,1
C6SVA8,I1J4K1,1
K7MNN5,A0A0R0JRI8,1
C6SWS6,I1N898,1
K7LMW2,I1N483,1
C6TNW3,I1L3P5,1
I1K6E7,A0A0R0FJR0,1
I1MU00,K7K318,1
K7MXF1,I1K0A7,1
I1JIA6,I1LST6,1
K7KES3,A0A0R0L7U5,1
A0A0R0GG06,I1MUP5,1
A0A0R0IM79,K7LHW6,1
I1JU23,I1MX88,1
I1KZC9,A0A0R0G3R9,1
I1LR48,I1JD36,1
A0A0R4J618,I1JQ20,1
I1M946,I1MX88,1
I1JW06,I1KFQ1,1
I1LC77,I1JJN8,1
K7KNT9,I1KWU9,1
I1MPJ4,I1L332,1
A0A0R4J426,I1MEF5,1
K7N1T9,K7KES1,1
K7KES3,I1KPE7,1
C6TC28,K7L4N7,1
O22518,A0A0R0FJR0,1
A0A0R0GG06,A0A0R0JT51,1
I1N8T4,I1JN65,1
K7LSJ2,K7LSG7,1
C6TJM4,I1NIE5,1
I1LIK7,I1LPC2,1
K7KED0,K7LFU4,1
I1LRL9,I1LU06,1
A0A0R4J5B7,I1K6E7,1
K7K318,I1LUE0,1
I1LCR6,I1NHN6,1
I1M643,I1MJH1,1
K7KW44,A0A0R0JJK0,1
K7LK09,C6TNW3,1
I1JWK3,I1LXY1,1
I1NCF6,I1JRU7,1
P93162,I1KLS0,1
A0A0R0HV63,I1MQC8,1
K7MB82,I1MRV3,1
K7KR21,K7L6P0,1
I1K6U7,A0A368UI76,1
K7MUS8,C6T1E8,1
I1JB64,I1L7G4,1
I1KCY5,A0A0R0L0E7,1
K7K894,K7N145,1
I1N5D5,K7M6R4,1
I1KM64,I1NDA1,1
I1JCB1,I1K1I6,1
K7KWE4,I1MJJ9,1
I1L0K8,A0A0R0JEV3,1
K7MNN5,K7M841,1
I1JFW6,K7MGQ2,1
O22518,I1KPE7,1
I1LUE0,C6T065,1
K7KP05,A0A0R0GG06,1
I1K6E7,A0A0R0FZM4,1
P62302,I1KM19,1
I1JE11,K7L329,1
I1KM88,K7MUM5,1
K7K149,I1J8E3,1
K7MMD7,K7M6R4,1
I1KTI0,A0A0R0GAQ8,1
I1JIA6,C6TBU3,1
I1KCY5,K7M841,1
I1MZT5,I1MBI6,1
I1KAJ9,I1JYX2,1
K7K149,K7N598,1
A0A0R4J5B7,P62302,1
I1K0A7,A0A0R0JBV0,1
P93163,I1M946,1
I1K2I1,C6SWS6,1
Q84L66,K7L0E7,1
I1MNV2,K7L6N7,1
I1K9G7,K7KIY4,1
P62302,P17093,1
C6SW04,I1K3X9,1
A0A0R0IF33,A0A0R0K6C1,1
K7MGQ2,I1LUE0,1
I1JB64,K7M6J1,1
A0A0R0ENB3,A0A0R0HSA0,1
I1LR95,I1N7M0,1
I1LV79,K7LDF3,1
K7M846,A0A0R0L828,1
O22518,K7MGQ2,1
K7KES3,O22518,1
I1LUE0,I1L2H4,1
I1J9L7,A0A0R4J4M9,1
C6T857,I1K1I6,1
C6T2G5,A0A0R4J4H3,1
A0A0R4J426,K7M6J1,1
I1JA95,K7KES3,1
A0A0R0JJI0,K7M841,1
I1NGJ8,I1NGJ7,1
I1JFW6,A0A0R0L7U5,1
C6T5U0,K7LCS7,1
A0A0R0IR73,A0A0R0L7U5,1
A0A0R4J653,A0A0R4J2U8,1
I1MIW3,I1M2U6,1
A0A0R0I5R9,I1LXI0,1
K7MUS8,I1LST6,1
I1LIT1,A0A0R0FB78,1
A0A0R0HEG0,A0A0R0FNY5,1
K7LWG6,I1M311,1
I1JA95,P62302,1
I1JA95,C6SYW6,1
A0A0R0IR73,P17093,1
K7KES3,P17093,1
I1JFW6,I1K6E7,1
I1NFR9,I1LEQ3,1
I1NHH3,I1LCZ2,1
I1JC08,I1J5B4,1
A0A0R4J5B7,A0A0R0IR73,1
I1KEC8,K7L7W0,1
M1FP94,I1NFR9,1
I1NG17,I1LEF5,1
I1LV79,K7MUS8,1
I1KSL6,I1MNU1,1
K7L939,I1KYL4,1
I1JFW6,I1KPE7,1
C6SX83,A0A0R0H141,1
K7LLN2,A0A0R0EAZ9,1
C6T5U0,C6SYW6,1
I1L3P5,I1NIE5,1
I1N780,A0A0R0EWR2,1
A0A368UIM7,Q42808,1
C6T5U0,I1KPE7,1
I1JE09,I1M3W1,1
O22518,A0A0R0IR73,1
I1M3W1,A0A0R0FJR0,1
C6TKD8,K7MZN9,1
A0A0R0GYZ9,K7L6P0,1
A0A0R0GFL3,A0A0R0L828,1
I1LTG9,K7LDF3,1
I1K215,K7N129,1
A0A0R0KPE1,I1KQE3,1
A0A0R0L4P0,A0A0R0JBL2,1
I1LPE4,A0A0R0HEI5,1
I1JRJ3,I1NC50,1
K7K5C0,I1KLS0,1
I1MQB8,I1MQB9,1
I1JHJ0,I1KXK6,1
I1LUL2,I1KD82,1
K7L6K2,K7KJB2,1
A0A0R0KE62,I1K467,1
A0A0R0JRI8,A0A0R0JJI0,1
I1JDF1,I1MP75,1
I1MM35,C6TNM5,1
K7KP05,A0A0R0JT51,1
A0A0R0K6C1,Q39817,1
I1K2I1,A0A0R4J4C5,1
C6TA11,I1NA94,1
I1KPE7,I1KM19,1
I1JZ64,K7LX60,1
I1JFW6,C6T065,1
I1LPK5,C6SZQ0,1
E9L558,I1KRL9,1
I1JWK3,I1KWU9,1
I1KTY9,I1MJB3,1
K7MRF5,C6TK73,1
I1JKK4,C6TG34,1
A0A0R0K4Z5,I1K099,1
K7MAQ6,I1M130,1
I1K3U6,I1KQ73,1
I1MEQ6,A0A0R0JBL2,1
I1JE09,I1LUE0,1
I1KCM4,K7MHQ6,1
I1M368,I1LV18,1
C6T857,I1L903,1
C6TBL4,I1LHS8,1
A0A0R0FX75,I1M225,1
I1L9K4,A0A0R0FTI5,1
I1JU23,I1M946,1
O22518,I1JD07,1
C6TBU3,I1LST6,1
I1LDY8,I1NGL3,1
I1N1Z5,I1KZ26,1
A0A0R0FUK3,I1M5N0,1
A0A0R4J4D0,I1N898,1
I1KZ09,I1LPJ8,1
I1JX17,K7L476,1
I1JIA6,K7MUV9,1
I1JE09,I1K6E7,1
A0A0R0G3L8,I1JGU8,1
I1KDJ8,K7LDF3,1
O22518,C6SYW6,1
P17093,I1L2H4,1
O22518,P62302,1
I1JE09,C6T065,1
I1L2Q0,C6T1E8,1
I1MU00,P17093,1
I1LP11,I1L5I2,1
I1KL32,I1ND31,1
I1N7M0,I1LKZ0,1
I1N798,A0A0R0FLV6,1
I1L3Q3,I1MAC4,1
K7K9T5,K7LJ17,1
A0A0R0GFL3,A0A0R0JJI0,1
I1LIQ3,C6SZ88,1
O22518,I1L2H4,1
I1LUE0,P17093,1
I1N798,K7KP05,1
I1LQ55,I1M8F0,1
K7LXY1,A0A0R0IQ72,1
A0A0R4J4D0,I1LH27,1
P93163,I1MX88,1
K7M5U7,K7KNG2,1
A0A0R0HM21,A0A0R0FEC1,1
A0A0R0HV63,C6TNW3,1
I1L9K4,I1L3P5,1
I1LJD2,K7LSZ2,1
I1L2H4,I1KM19,1
I1L7G4,I1MEF5,1
I1J9U5,I1KNG6,1
P62302,A0A0R0L7U5,1
K7MNE6,I1M957,1
I1K6T6,I1KP26,1
I1LDY8,C6TCG0,1
I1M277,A0A0R0FEN3,1
I1JB52,C6TGX5,1
A0A0R0GS25,A0A0R0GFM7,1
A0A0R0K6U3,K7M5U7,1
C6T217,A0A0R4J2H3,1
C6THB5,K7L4N7,1
I1JB64,M1FN34,1
K7M849,A0A0R0GFM7,1
I1N798,I1KC40,1
A0A0R0EV33,A0A0R4J4M9,1
I1N8L0,I1JMX7,1
I1LKD9,K7MUV9,1
K7LCS7,K7K318,1
K7LCS7,I1JE09,1
C6TE39,I1M6V9,1
A0A0R0GFM7,A0A0R0L828,1
I1LTE6,C6T1E8,1
I1J8V8,I1JCQ8,1
I1JA95,C6T5U0,1
I1LGD6,I1LUE0,1
A0A0R0ELE0,K7KEQ2,1
A0A0R0GS25,A0A0R0GFL3,1
I1JA95,I1LGD6,1
I1LTG9,K7MUS8,1
A0A0R0L419,I1NC50,1
I1JD07,A0A0R0FJR0,1
I1KZ26,I1LNP4,1
A0A0R0HV63,A0A0R0FTI5,1
I1K089,I1MUM7,1
Q7XJ86,I1L9Z8,1
K7KA65,I1MBA8,1
A0A0R4J309,C6SZS1,1
I1L9K4,I1NIE5,1
I1JW26,I1LMR4,1
A0A0R0L0E7,A0A0R0JQJ0,1
C6TCH4,K7N1L5,1
A0A0R0FLV6,I1MUP5,1
K7KTA9,I1MX88,1
C6SX83,A0A0R4J4H3,1
K7M846,I1KCY5,1
I1M643,I1LZ93,1
I1LGI3,I1JA30,1
K7MNN5,K7M849,1
I1LUE0,A0A0R0L7U5,1
K7M6Z2,I1MPJ4,1
K7L939,I1M998,1
A0A0R0HXK5,I1MSP6,1
K7LLN2,I1KUF4,1
I1JJN8,K7MQD2,1
A0A0R0GS25,A0A0R0JRI8,1
K7ML50,C6T090,1
I1MG38,I1L0F0,1
I1KZK2,K7MMD7,1
I1K9R1,I1JV68,1
I1KCY5,A0A0R0JJK0,1
I1M325,I1LKV0,1
I1JAH7,K7LSG7,1
A0A0R0IV41,I1JJ76,1
A0A0R0JRI8,A0A0R0L0E7,1
I1LKD9,K7LDF3,1
K7K808,Q39810,1
A0A0R0KY77,K7K5R7,1
I1KP66,I1K6N8,1
I1MZV4,I1LPJ8,1
K7KES3,A0A0R0KPE1,1
K7KP05,I1KC40,1
I1K246,K7MM50,1
K7LNG6,I1KAD1,1
A0A0R0FLV6,I1K0A7,1
K7KQZ8,K7KJB2,1
I1JRE0,I1NC04,1
Q9XE60,A0A0R4J5J3,1
A0A0R0GHT9,I1M6M9,1
I1KA98,I1JZ64,1
I1MEQ1,P93162,1
I1K4Y6,A0A0R0LK19,1
A0A0R0KPE1,C6SYW6,1
I1JC65,I1MK72,1
I1JDN2,K7LSZ2,1
I1LNZ9,I1LA39,1
K7MUV9,I1KDJ8,1
I1JAH7,I1LJ34,1
I1KC40,A0A0R0JBV0,1
I1L1W0,I1KYS8,1
A0A0R0EJV2,K7KES1,1
A0A0R0F214,A0A0R4J488,1
K7K9D6,I1LA39,1
A0A0R4J4D0,I1MNV2,1
I1LGD6,C6SYW6,1
A0A0R0GS25,K7KW44,1
I1LLB7,I1N6D4,1
K7LTR0,C6SZQ0,1
I1K0U5,I1MV56,1
K7M849,K7M841,1
C6T5U0,I1KQE3,1
A0A0R0IT62,K7LY43,1
K7MGH8,A0A0R0K5H8,1
A0A0R0GS25,K7M841,1
A0A0R0EDS9,A0A0R0KPE1,1
I1MU00,P62302,1
I1LJG0,I1M8F0,1
C6TNM5,A0A0R0KZR2,1
I1LGD6,I1JD07,1
I1JC43,K7L723,1
C6TEN9,I1JIW1,1
K7MNP5,I1LIA8,1
K7LCS7,A0A0R0IR73,1
I1K3F0,I1KRU0,1
A0A0R0KWL0,A0A0R0KWT5,1
Q7XJ86,I1MKX7,1
A0A0R4J618,I1JY66,1
I1K9C2,I1JUU2,1
K7MUV9,C6TBU3,1
K7N1T9,A0A0R0KVY6,1
I1MU00,I1KQE3,1
I1KXP5,I1JLC7,1
K7KNG2,A0A0R0FHD2,1
A0A0R0GFL3,A0A0R0JJK0,1
I1JY66,Q8GZU9,1
O22518,A0A0R4J5B7,1
K7MUM4,K7LFU4,1
I1KMS8,I1MGG7,1
I1KBV2,I1KP14,1
K7MUV9,C6T1E8,1
A0A0R0H537,C6SZ46,1
I1LL05,I1KD82,1
K7KVV2,K7L476,1
I1M3W1,P17093,1
I1KSL6,I1JD52,1
K7LNG6,K7K4C7,1
I1J957,I1MVZ6,1
I1LHS8,I1MLJ0,1
I1MUZ7,I1J9W9,1
I1JD07,I1KPE7,1
I1KYS8,I1MHK8,1
I1LLH3,I1L9Z8,1
O22518,A0A0R0L7U5,1
K7MXF1,A0A0R0K6I2,1
I1LBA8,I1J8E3,1
I1K4R8,I1LH27,1
I1LV79,I1LKD9,1
I1JFW6,A0A0R0FZM4,1
I1KM27,I1JE16,1
A0A0R0KE62,I1MNU1,1
Q43463,I1KSD0,1
A0A0R0HQY2,A0A0R0L3G5,1
Q42808,I1N371,1
I1L367,A0A0R0ECE8,1
E9L572,E9L575,1
K7MTL2,I1LHS8,1
A0A0R4J5B7,A0A0R0L7U5,1
C6T990,I1NA10,1
A0A0R0IR73,I1KM19,1
P01055,I1MAC4,1
I1K0E4,I1MUS3,1
I1L6V0,K7KN04,1
I1JQ20,A0A0R4J5J3,1
I1KC40,K7KL60,1
I1KUS2,I1LR48,1
A0A0R0GPH9,K7MNN5,1
A0A0R0K6U3,I1LJD2,1
I1KHK1,I1MK83,1
K7K149,A0A0R0HEG0,1
C6SWL4,I1LN92,1
I1NGH7,I1JWK3,1
C6TAW2,C6SXD3,1
I1KCA3,K7MLC5,1
I1M6B9,K7MQD2,1
I1LH27,A0A0R4J4C5,1
C6T857,I1MMY0,1
C6SWH0,I1KT08,1
C6SXG9,I1JUP2,1
Q9M4R7,I1L735,1
K7KMU1,K7MLC5,1
C6TNW3,A0A0R0IF42,1
A0A0R0L419,A0A0R0JSC0,1
I1JFW6,I1LUE0,1
I1LLB7,K7LXN4,1
I1JRS5,I1LBQ3,1
I1K115,I1KJD2,1
K7KTA9,I1M946,1
K7MRF5,I1JC65,1
Q0EDG6,I1KA71,1
C6SW04,I1KSD0,1
I1KBF7,I1K4V8,1
I1KSD0,K7L6N7,1
K7LCS7,A0A0R0FZM4,1
P01055,I1L3Q3,1
A0A0R0GS25,A0A0R0GFH3,1
I1M6B9,I1JJN8,1
I1JA95,I1KPE7,1
I1K467,I1MNU1,1
K7KK86,K7KNC5,1
I1LRL9,I1M487,1
I1MW49,I1LXY1,1
K7L6N7,I1LEC4,1
A0A0R0GJJ0,I1JIH3,1
A0A0R0K0K3,C6SZG1,1
A0A0R0IW53,I1LC77,1
C6T5U0,A0A0R0L7U5,1
K7KES1,A0A0R0JSJ9,1
I1KM27,I1JE14,1
A0A0R0IWM0,K7ME58,1
I1M277,C6SZG1,1
Q70MR5,Q70MR6,1
I1M1C4,I1MF65,1
C6TN69,I1KXK6,1
A0A0R4J2Q5,A0A0R4J2Y1,1
I1N798,I1K0A7,1
K7MY00,C6TJ43,1
I1MS33,I1LYB2,1
I1MW49,A0A0R4J5Z8,1
I1LGD6,I1MU00,1
I1K6E7,I1KM19,1
C6SW04,I1LEC4,1
O22518,K7K318,1
I1JSI5,I1K723,1
K7K149,A0A0R0FNY5,1
I1MTB5,K7KNG2,1
K7LR18,I1MBI6,1
Q94C02,I1K4L3,1
A0A0R0K0K3,I1MEF5,1
I1LNZ9,I1N8X8,1
Q43463,I1JV03,1
I1KUS2,I1MTV9,1
I1JA95,A0A0R0IR73,1
C6TM45,C6TIA6,1
K7MXF1,K7KL60,1
I1LWB8,C6T034,1
I1KAQ7,K7KLY3,1
I1LII4,K7LSG7,1
I1JE09,I1MU00,1
A0A0R0FJR0,A0A0R0L7U5,1
I1KV61,I1KGM8,1
I1JC43,I1MJH5,1
A0A0R0HM21,I1MVZ6,1
I1LKZ0,I1MLM1,1
I1JMH3,I1MVC6,1
C6SYE1,K7LLV5,1
A0A0R0K6I2,I1MUP5,1
A0A0R0FJR0,I1MU00,1
A0A0R0GPH9,A0A0R0JQJ0,1
C6SVR0,I1JSY7,1
I1KDA4,I1K1D7,1
C6T5U0,A0A0R0FZM4,1
C6T214,I1N453,1
C6TEN9,I1MDY5,1
I1MCK5,I1M5N7,1
C6TNW3,I1MQC8,1
C6TIQ7,I1K146,1
I1NDE0,K7LFU4,1
E9L577,E9L558,1
I1LIU7,A0A0R4J5K6,1
I1M1E5,I1MF42,1
I1K4R8,I1NG45,1
I1J765,A0A0R0KFY8,1
A0A0R0KE62,I1KZK2,1
A0A0R4J5B7,I1MU00,1
I1NAJ5,K7KFY5,1
P17093,I1KPE7,1
I1LP31,F8WRI5,1
I1M6B9,A0A0R0GS00,1
I1NGH7,Q71EW8,1
A0A0R0FFT1,K7MUM4,1
I1JSD2,P45621,1
I1M3W1,P62302,1
K7KES1,A0A0R0KVY6,1
I1MEQ1,I1LG65,1
I1JFW6,I1LGD6,1
I1KTI0,I1MJJ9,1
I1K467,I1JD52,1
K7MNN5,A0A0R0GFM7,1
K7MUM5,I1N411,1
I1KM88,K7MUM4,1
C6T9Z5,I1N5R9,1
I1MT23,I1N7G4,1
A0A0R0KPE1,I1LUE0,1
K7KX53,I1LT34,1
O22518,K7LCS7,1
K7L9M2,I1KXK6,1
I1MKJ6,I1KHV8,1
A0A0R0IR73,C6T065,1
K7M846,K7KW44,1
I1MUP5,A0A0R0JT51,1
A0A0R0G3R9,I1JWE9,1
Q6SPR2,A0A0R4J3X6,1
C6TJM4,I1L9K4,1
I1LR48,K7M466,1
A0A0R0J2W1,A0A0R0KMM9,1
A0A0R0GFL3,K7M846,1
I1LLS4,I1MZV4,1
I1LFG6,I1L9Z8,1
I1LTG9,I1JIA6,1
A0A0R0GFM7,A0A0R0GFH3,1
I1N5V6,I1LWD6,1
C6T5U0,A0A0R0IR73,1
A0A0R0L5Q1,I1KTI0,1
I1LGD6,P17093,1
I1JFW6,I1JE09,1
I1JCB1,I1MJH1,1
C6TAB5,C6T027,1
I1LFG6,A0A368UIA0,1
C6T5U0,A0A0R0FJR0,1
I1JA95,K7LCS7,1
A0A0R0KPE1,A0A0R0FZM4,1
I1MU00,A0A0R0FZM4,1
Q43463,I1NG45,1
K7LH46,A0A0R0KJM2,1
K7KP05,K7KL60,1
A0A0R0JNM4,K7LI90,1
A0A368UI10,I1KHZ8,1
C6T972,A0A0R0HW00,1
K7LU89,A0A0R0JV11,1
I1JFW6,K7KES3,1
I1M5Z9,I1MC96,1
I1LIT1,I1LPJ8,1
K7LCS7,A0A0R0EDS9,1
I1J9I1,A0A0R4J4D0,1
A0A0R4J5B7,A0A0R0KPE1,1
I1K3U6,I1KS98,1
I1LZ93,I1K1I6,1
I1MW49,K7KNT9,1
K7M6J1,I1MEF5,1
I1K970,I1JUQ0,1
A0A0R0LK19,I1KBI7,1
A0A0R4J5B7,K7MGQ2,1
A0A0R0L5Q2,I1JC50,1
I1JE09,I1KQE3,1
K7KZX6,A0A0R0FTJ2,1
I1J4G6,I1J4G8,1
I1JFW6,A0A0R0IR73,1
K7LLF8,I1J5W0,1
I1LLH3,A0A368UIA0,1
K7MTL2,K7MXE0,1
K7M9L4,I1K4V8,1
I1MTB5,I1LJD2,1
I1JFW6,I1KM19,1
I1KA54,C6T1G9,1
K7KW44,A0A0R0GFH3,1
I1M643,Q06197,1
K7KUE8,C6TI98,1
I1LI93,Q06197,1
I1KBV2,I1JXS8,1
I1KJG4,C6SXD2,1
I1N5D5,K7MMD7,1
A0A0R0GFH3,A0A0R0JJK0,1
K7LCS7,C6T065,1
Q7XJ86,A0A368UIA0,1
I1MEQ1,I1KLS0,1
I1LGD6,K7K318,1
I1JGP8,I1N7G4,1
Q71EW8,I1JWK3,1
K7L4N7,I1K642,1
K7LLF8,I1NG17,1
A0A0R0KPE1,K7K318,1
Q43463,I1LEC4,1
I1MNV2,A0A0R4J4C5,1
A0A0R0FVX1,A0A0R0IYY7,1
I1JE09,I1L2H4,1
C6TGZ1,I1LL05,1
A0A0R0GFL3,A0A0R0GFH3,1
C6TKD8,I1JQY7,1
K7KES3,I1JE09,1
I1LC77,A0A0R0GS00,1
I1MUR2,K7K3R6,1
I1LNF0,A0A0R0K188,1
I1KC40,A0A0R0K6I2,1
A0A0R0L1N9,Q45FY8,1
A0A0R0FJR0,A0A0R0FZM4,1
A0A0R0IT62,K7KES1,1
I1MTB5,K7LSZ2,1
I1LEC3,K7L145,1
A0A0R0EDS9,I1KPE7,1
I1J8E3,A0A0R0FNY5,1
A0A0R0GFM7,K7M846,1
A0A0R0JQT3,A0A0R4J5N5,1
E9L575,E9L558,1
I1MKX7,I1L9Z8,1
K7KNT9,I1LXY1,1
I1L0G2,I1MG54,1
A0A0R4J583,A0A0R0I304,1
I1K0A7,I1MUP5,1
A0A0R0F5Y7,A0A0R0J6N9,1
I1KTP1,A0A0R0LK19,1
K7LZ50,I1MS26,1
I1JJN8,I1KNI7,1
I1JJN8,I1MR11,1
I1KZK2,I1K467,1
K7KGR8,A0A0R0LCZ4,1
I1L3P5,A0A0R0IF42,1
A0A0R0KPE1,C6T065,1
A0A0R0EDS9,K7K318,1
I1MKX7,A0A368UIA0,1
I1JD07,A0A0R0KPE1,1
I1MRP6,I1MGG7,1
I1NF53,I1LF90,1
K7MUV9,I1LTE6,1
K7MNN5,A0A0R0JJK0,1
A0A0R0GYC5,K7MKF1,1
C6TIQ8,K7M387,1
A0A0R0GFH3,A0A0R0L0E7,1
K7M846,A0A0R0JQJ0,1
I1N5D5,K7MFZ6,1
K7L5S0,I1MF26,1
I1N5D5,A0A0R0KE62,1
K7MUS8,K7LDF3,1
A0A0R0KE62,I1JD52,1
I1MZF9,I1LMA5,1
A0A0R0GFL3,I1KCY5,1
I1N505,I1JDU3,1
K7MGQ2,I1MU00,1
A0A0R0KWT5,K7MM40,1
Q71EW8,I1KWU9,1
A0A0R0EDS9,I1M3W1,1
I1LDB6,A1YUN0,1
I1MNS7,I1JD36,1
A0A0R0G3R9,I1LWB5,1
C6SWS6,I1KSD0,1
I1LLS4,A0A0R0FB78,1
A0A0R4J5B7,I1M3W1,1
I1KA71,C6TAM7,1
A0A0R0KQ74,A0A0R0HSV6,1
I1LU06,I1M487,1
I1LPJ8,A0A0R4J5C5,1
K7N529,I1LBN7,1
I1JUP2,I1K963,1
I1K9J7,K7L6N7,1
I1LLS8,I1MZV0,1
A0A0R0EDS9,I1KQE3,1
C6T8C4,Q1W376,1
C6TN69,K7L9M2,1
I1NE42,I1JM15,1
I1KV48,A0A0R0J296,1
I1JET4,I1KM07,1
I1M796,I1JIS3,1
I1LGS0,K7LLN2,1
I1MDY5,I1JIW1,1
A0A0R0EEW3,I1JRS5,1
I1JC65,I1KHJ4,1
I1K6E7,I1LUE0,1
P49084,I1MX88,1
A0A0R0JRI8,A0A0R0JQJ0,1
A0A0R4J4G7,I1LLA0,1
I1M3W1,I1KQE3,1
A0A0R0GFL3,K7KW44,1
I1LTM1,K7M353,1
I1LI93,I1MJH1,1
K7KES3,I1LGD6,1
K7MXF1,A0A0R0FLV6,1
C6SWU3,I1LVL7,1
K7KES3,A0A0R4J5B7,1
K7N598,I1LBA8,1
Q9SLW5,A0A0R4J461,1
C6T5U0,I1JD07,1
I1N5Z3,K7LXD3,1
K7MGH8,I1JGP8,1
I1JD52,K7M6R4,1
K7LHS7,A0A0R0EYS5,1
A0A0R0IW53,I1MR11,1
I1JA95,I1LUE0,1
I1MNS7,K7M466,1
I1K115,I1MVC6,1
I1JCB1,Q06197,1
I1MEW6,I1M1P1,1
I1L9K4,I1MQC8,1
K7KP05,I1MUP5,1
I1JAI4,I1LG22,1
I1KPE7,C6T065,1
I1K2I1,K7L6N7,1
A0A0R0FAJ6,A0A0R0JQ82,1
I1K6E7,I1MU00,1
C6T211,C6TNN4,1
I1JE09,I1JD07,1
O22518,I1KM19,1
I1LGD6,A0A0R0L7U5,1
I1J8W6,I1MLJ0,1
I1J4L6,I1L540,1
I1KMM6,Q1M320,1
G3E7M6,I1N0L1,1
I1MZ51,Q45FY8,1
C6TJM4,C6TNW3,1
I1K146,I1N7F4,1
I1LPT5,I1LIG9,1
A0A0R0KPE1,P62302,1
K7MGQ2,P62302,1
I1MHX1,I1L285,1
K7MGQ2,I1KPE7,1
K7N5K2,A0A0R0GFH3,1
C6T7K0,I1MLC3,1
K7M841,A0A0R0JJK0,1
C6T0A0,K7LLV5,1
K7LK09,I1NIE5,1
I1J9H6,I1LH30,1
A0A0R4J4C5,I1NG45,1
I1JC43,I1JR22,1
I1L2Q0,C6TBU3,1
A0A0R0FEN3,C6SZG1,1
K7L684,I1LUV4,1
A0A0R0LK19,A0A0R0HDW2,1
I1LTE6,C6TBU3,1
A0A0R4J646,A0A0R0HEM4,1
I1LN30,I1KS65,1
K7MGQ2,A0A0R0FJR0,1
I1KRC8,I1MG54,1
Q84L66,B0M1A3,1
K7KYJ6,I1JVT1,1
K7KLG8,A0A0R0HDW2,1
C6TJ17,I1K146,1
I1K4Y6,I1KBI7,1
I1LU38,I1KFZ9,1
I1LV79,I1KDJ8,1
A0A0R0L7U5,I1KQE3,1
A0A0R0H690,I1KUN6,1
I1KZC9,I1JWE9,1
K7MQG6,I1M998,1
I1L1W0,I1N055,1
I1JC08,I1NAJ0,1
I1JXJ3,C6T034,1
K7MUC8,K7KKT1,1
I1KUE8,I1KQU2,1
A0A0R0FB78,I1MZV4,1
K7KES3,K7MGQ2,1
I1K3X9,A0A0R4J4C5,1
K7M849,A0A0R0JQJ0,1
I1JD07,A0A0R0FZM4,1
Q8LPW2,I1KA54,1
Q06197,I1MMY0,1
C6T5U0,I1LUE0,1
I1J8C9,K7MNP5,1
I1L0G2,I1KRC8,1
I1JD07,A0A0R0IR73,1
P93162,I1M038,1
I1KZ09,I1MZV4,1
C6TK27,K7K7Q8,1
I1LKD9,I1LST6,1
I1M6B9,I1KNI7,1
I1LNY2,I1L5L1,1
A0A0R0JYX3,K7KNC5,1
I1JU23,K7KTA9,1
I1K9J7,C6SWS6,1
K7L4N7,I1J4B5,1
I1NAL7,K7KFZ9,1
I1M2G5,K7L2K8,1
I1LW00,K7KQZ8,1
I1LH27,K7L6N7,1
I1LUL2,I1LL05,1
I1JE09,A0A0R0IR73,1
I1M1D5,I1MF50,1
C0M0V4,I1L153,1
I1K5Q4,I1KS98,1
K7N4K5,I1LCG9,1
C6SW04,I1J9I1,1
C6TBL4,K7MTL2,1
K7K127,K7L1E6,1
I1J4T6,K7MM52,1
K7LMW2,K7K4Y8,1
A0A0R0IT62,A0A0R0EJV2,1
K7KED0,K7MUM5,1
I1LHY5,I1J8P0,1
A0A0R0HDW2,A0A0R0J9Y6,1
C6TGZ1,I1KD82,1
C6TNW3,I1NIE5,1
I1KJD2,I1JMH3,1
A0A0R0FGT9,I1M998,1
I1N850,E3WC98,1
I1KCA3,K7KMU1,1
I1JIA6,I1L2Q0,1
K7K5C0,I1M038,1
I1KC40,I1MUP5,1
I1KC40,A0A0R0JT51,1
I1LXY1,I1N9J8,1
Q9XE60,A0A0R4J618,1
I1N8X8,K7K9D6,1
I1JCB1,I1MMY0,1
A0A368UIC9,K7K3R6,1
I1M119,I1KNB5,1
I1JA95,A0A0R0L7U5,1
Q7XJ86,I1NJ85,1
A0A0R0KE62,I1KSL6,1
K7KL60,I1MUP5,1
C6TGA9,I1JM18,1
I1JS41,A0A0R0G3R9,1
I1MT23,A0A0R0K5H8,1
K7N5K2,K7M841,1
K7LSZ2,K7KNG2,1
K7MNN5,A0A0R0JJI0,1
P17093,I1KQE3,1
K7N563,A0A0R0LCZ4,1
K7M849,A0A0R0L828,1
A0A0R0K0K3,K7M6J1,1
K7KN39,I1MV08,1
K7KED0,K7MUM4,1
K7N5K2,A0A0R0JJI0,1
I1L880,I1JB52,1
I1LC77,K7MQD2,1
K7N3Z1,I1L1A1,1
I1MM35,A0A0R0KZR2,1
K7K894,K7MM40,1
A0A0R0GU87,I1M2U6,1
I1M292,I1N551,1
I1K6E7,A0A0R0IR73,1
A0A0R0GWH6,I1M225,1
G3E7M6,I1JJB8,1
K7LJ72,I1NCF6,1
A0A0R0GFL3,A0A0R0GFM7,1
C6T5U0,I1M3W1,1
I1MU00,C6T065,1
O22518,I1KQE3,1
I1LTG9,I1LTE6,1
I1LGD6,A0A0R0FZM4,1
C6TGP5,C6TF29,1
I1KLS0,I1M038,1
I1K970,I1MW74,1
A0A0R0GFM7,A0A0R0L0E7,1
I1JWK3,A0A0R4J5Z8,1
K7KES3,P62302,1
A0A0R0L419,I1JRJ3,1
C6T9Z5,I1N5S0,1
A0A0R0E6T9,I1KZC9,1
I1MMY0,I1L903,1
C6SYW6,I1L2H4,1
I1JPY7,K7KHN1,1
A0A0R0I5R9,I1JDK2,1
K7LK09,I1L3P5,1
I1LME8,A0A0R0F695,1
A0A0R0GFH3,A0A0R0JJI0,1
A0A0R0FLV6,A0A0R0JBV0,1
I1JHJ8,I1MZT5,1
I1JA95,K7MGQ2,1
I1K6E7,C6T065,1
I1LGD6,A0A0R0KPE1,1
A0A0R0K6U4,K7K2H0,1
I1MT23,I1JGP8,1
A0A0R0IR73,K7K318,1
K7KW44,A0A0R0JQJ0,1
A0A0R0FB78,A0A0R4J5C5,1
I1KJD2,I1MVC6,1
A0A0R0KPE1,I1L2H4,1
A0A0R4J4C5,I1LEC4,1
I1JET4,I1JF82,1
A0A0R0FEN3,M1FN34,1
K7M4K7,I1JJ76,1
C6TJM4,A0A0R0FTI5,1
K7KAB4,K7M864,1
K7K4Y8,I1N483,1
K7M9T4,I1KUB2,1
K7KES3,A0A0R0FJR0,1
P17093,C6T065,1
A0A0R0EDS9,I1LUE0,1
I1MNU1,K7M6R4,1
A0A0R0GS25,A0A0R0JJI0,1
K7L2D7,K7MFE5,1
I1JA95,A0A0R0KPE1,1
I1M3M4,I1LSB5,1
A0A0R0FZM4,I1KQE3,1
K7KL60,A0A0R0JT51,1
I1LFD2,I1NJ53,1
C6THB5,I1K642,1
I1L2Q0,I1LST6,1
I1LPK7,K7LP01,1
I1KM19,C6T065,1
I1KWU9,A0A0R4J5Z8,1
A0A0R0EJV2,K7LY43,1
A0A0R0G1X4,A0A0R0IAM2,1
C6TIQ9,K7LLN2,1
K7KVN0,K7KMU1,1
A0A0R0IR73,I1KQE3,1
K7N5K2,I1KCY5,1
K7KP05,A0A0R0JBV0,1
I1K1W8,I1JK31,1
A0A0R4J5B7,C6SYW6,1
I1KQI1,I1K5E7,1
I1MJH1,I1L903,1
C6SW04,I1N898,1
M1FIQ5,P07134,1
I1KFP9,K7KJW6,1
C6SZQ0,A0A0R4J5K6,1
I1KUS2,I1MNS7,1
K7LLF8,K7K7Q8,1
C6TJW1,I1KRL9,1
A0A0R0L7U5,I1KPE7,1
C6T1H3,I1K9T5,1
O22518,A0A0R0KPE1,1
I1KHJ4,I1J547,1
I1JA95,A0A0R0FJR0,1
I1J9I1,A0A0R4J4C5,1
I1KEX8,I1LKZ0,1
I1KZC9,I1JS41,1
I1JFW6,P17093,1
I1KL89,I1KQU2,1
I1NHF4,I1LD16,1
A0A0R0L0E7,A0A0R0JJK0,1
K7LCS7,A0A0R0FJR0,1
K7MXF1,A0A0R0GG06,1
A0A0R0E6T9,I1LWB5,1
K7K7Q8,I1LEF5,1
I1JD07,C6T065,1
A0A0R0EDS9,A0A0R0IR73,1
K7LQV0,K7N0V8,1
A0A0R0GU87,I1MIW3,1
I1MEA7,I1KQP5,1
C6SYE1,C6T0A0,1
A0A0R4J4D0,I1K3X9,1
A0A0R0J7Q6,A0A0R0FG80,1
K7KW44,I1KCY5,1
Q43463,I1N898,1
I1JDK2,I1LXI0,1
C6T5U0,I1JE09,1
I1LA40,I1JGB2,1
I1K3K7,I1K3K8,1
C6TCG0,I1LWX5,1
I1KDJ8,K7MUS8,1
C6SVA8,C6T002,1
I1L4E2,I1L4E5,1
A0A0R0GPR8,K7MPZ4,1
I1K6E7,I1KPE7,1
A0A0R0FJR0,I1L2H4,1
I1KDJ8,I1LTE6,1
I1K6E7,P17093,1
I1JE09,A0A0R0KPE1,1
I1LJ34,K7LSJ2,1
A0A0R0HV63,A0A0R0IF42,1
A0A0R0GJV8,I1MW74,1
A0A0R0GG06,A0A0R0JBV0,1
I1L2Q0,K7MUS8,1
I1KZK2,K7MFZ6,1
I1JCB1,I1LI93,1
K7MUS8,C6TBU3,1
I1LPK5,K7LTR0,1
I1M5N9,I1MCK2,1
A0A0R4J2Q5,A0A0R4J488,1
I1LV79,C6T1E8,1
I1JNF2,I1N933,1
P24337,I1MG42,1
I1MUM7,I1MUM8,1
I1LIT1,I1MZV4,1
C6TD23,I1LL05,1
I1JFW6,K7K318,1
A0A0R0EDS9,K7MGQ2,1
I1LUL9,I1LSB5,1
O22518,A0A0R0FZM4,1
I1LZ93,I1L903,1
K7N0V8,I1KTI0,1
I1JWE9,I1LWB5,1
C6SYW6,I1KQE3,1
I1MTH5,I1K006,1
I1NG45,K7L6N7,1
K7M846,A0A0R0JJK0,1
A0A0R0GFH3,A0A0R0JQJ0,1
I1JKD2,I1KIG1,1
A0A0R0EMR0,I1JN71,1
I1L4I9,I1KIQ2,1
I1KTI0,K7KWE4,1
P93163,K7KTA9,1
K7KES3,I1L2H4,1
I1KIJ1,I1JKG7,1
C6T7K0,C6SZ88,1
I1KFL5,C6TCH4,1
I1LTG9,C6T1E8,1
I1N2G0,I1KJX6,1
O22518,I1JE09,1
I1MD26,Q2Q021,1
I1JA95,C6T065,1
I1NJ85,A0A368UIA0,1
K7MTL2,I1MLJ0,1
I1JA95,I1JD07,1
I1K0A7,A0A0R0JT51,1
I1K5J7,K7N3Z1,1
C6SZ88,I1MLC3,1
I1L694,A0A0R4J5T8,1
I1M277,I1JB64,1
C6TBU3,C6T1E8,1
I1JU23,P93163,1
A0A0R0GPH9,I1KCY5,1
I1KRV5,I1K3G1,1
I1JA95,I1MU00,1
I1N2J3,I1KK11,1
I1N798,A0A0R0JBV0,1
A0A0R0EDS9,A0A0R0L7U5,1
K7KNT9,A0A0R4J5Z8,1
A0A0R0FZM4,C6T065,1
A0A0R0E6T9,I1JWE9,1
A0A0R0L5Q1,K7LQV0,1
A0A0R0GS25,A0A0R0L0E7,1
I1MFN0,I1KZY9,1
A0A0R0FX75,K7L2R0,1
K7K355,K7MTE7,1
A0A0R0IW53,A0A0R0GS00,1
K7KES3,I1JD07,1
I1JIA6,K7MUS8,1
C6TC28,I1J4B5,1
K7MVE7,K7KNG2,1
K7LTR0,A0A0R0E934,1
C6SW04,I1LH27,1
A0A0R0KWL0,K7N145,1
I1LTE6,I1LST6,1
I1LHS8,K7MXE0,1
E9L558,C6TJW1,1
I1JA95,I1JE09,1
I1KBF7,K7M9L4,1
I1KQE3,I1KM19,1
I1J8C9,I1LIA8,1
I1KZ09,A0A0R4J5C5,1
I1J9U5,I1LGR6,1
E9L577,C6TJW1,1
A0A0R0GS25,A0A0R0L828,1
A0A0R0L4P0,I1M1W3,1
A0A0R0IR73,I1KPE7,1
I1NHN6,I1MR73,1
K7MQG6,K7L939,1
C6SWA8,A0A0R0H8Q8,1
I1K925,I1JUK7,1
I1JRJ3,A0A0R0JSC0,1
A0A0R0GPH9,K7KW44,1
A0A0R0FZM4,I1KPE7,1
I1K467,K7MMD7,1
I1JIA6,I1KDJ8,1
P93162,I1LG65,1
C6TJ97,C6TMK2,1
I1LKY8,Q0H950,1
P62302,C6SYW6,1
I1JGP8,A0A0R0K5H8,1
A0A0R0FB78,I1LPJ8,1
I1J5E3,A0A0R0KRN8,1
E9L556,I1JEC6,1
A0A0R0IW53,I1KNI7,1
I1LR95,I1LKZ0,1
I1K9T5,C6T099,1
I1JDN7,K7MVE2,1
I1MTH5,I1MM97,1
I1LH27,Q43463,1
I1LGS0,C6TIQ9,1
A0A0R0IR73,A0A0R0FJR0,1
I1MRP0,A0A0R0JEV3,1
K7MDN4,I1M2S7,1
K7KL60,A0A0R0JBV0,1
K7MNN5,K7KW44,1
A0A0R4J4C5,I1KSD0,1
I1L9K4,C6TNW3,1
I1MNV2,C6SWS6,1
I1L2Q0,I1KDJ8,1
I1M8U0,K7MNK5,1
I1N7G4,A0A0R0K5H8,1
I1LGD6,C6T065,1
I1L4E4,I1L4E5,1
I1L5U9,I1N4F6,1
I1L2H4,I1KQE3,1
I1KM88,I1NDE0,1
K7KLG8,A0A0R0J9Y6,1
A0A0R0JRI8,A0A0R0JJK0,1
A0A0R0GG06,I1K0A7,1
I1MTB5,A0A0R0K6U3,1
I1LH18,I1NCV4,1
E9L556,E9L565,1
K7KES3,K7K318,1
I1LI05,I1J8M6,1
C6SW04,I1ML11,1
Q2PMP8,M1FN38,1
C6SW04,I1JV03,1
A0A0R0EJV2,A0A0R0JSJ9,1
I1K215,I1MW51,1
I1MNS7,I1LR48,1
K7N1T9,A0A0R0JSJ9,1
I1K6E7,I1KQE3,1
I1NJ85,I1L9Z8,1
I1LIT1,A0A0R4J5C5,1
C6T988,A0A0R0I5V1,1
A0A0R0IL99,I1K6J1,1
I1L6H1,K7MUC8,1
I1LZ93,I1MMY0,1
A0A0R0FFT1,K7KED0,1
I1LI96,I1J8D7,1
I1KDJ8,I1LST6,1
P93162,K7K5C0,1
I1LJD2,K7KNG2,1
C3VD33,A0A0R0J5Y2,1
K7K3C2,I1JLC7,1
K7K7Q8,I1J5W0,1
A0A0R0KWL0,K7MM40,1
K7LK09,I1L9K4,1
I1M7Y3,I1JI54,1
I1J9I1,Q43463,1
I1LIT1,I1KZ09,1
K7N5K2,K7M846,1
K7LJ72,A0A0R4J2H3,1
I1LJ34,I1LII4,1
A0A0R0GS25,A0A0R0JJK0,1
I1JA95,I1K6E7,1
I1NGH7,I1MW49,1
I1LI93,I1K1I6,1
K7MVE7,K7LSZ2,1
C6T5U0,I1MU00,1
K7KED0,I1NDE0,1
A0A0R4J2Q5,A0A0R0F214,1
C1PHB8,B4YB07,1
A0A0R0GIH6,I1JIK2,1
A0A0R0IT62,A0A0R0JSJ9,1
I1MU00,A0A0R0L7U5,1
I1MTB5,K7M5U7,1
I1MTV9,K7M466,1
I1LLC6,K7M0S3,1
K7L6K2,K7KQZ8,1
A0A0R0EDS9,A0A0R0FZM4,1
A0A0R0L828,A0A0R0GFH3,1
I1JB64,I1MEF5,1
I1JA95,A0A0R0FZM4,1
I1K6E7,I1L2H4,1
C6TLW3,B0M195,1
A0A0R0HV63,I1L3P5,1
K7N1T9,A0A0R0IT62,1
K7LVH5,I1M4L1,1
I1LP98,I1LIJ6,1
A0A0R0JYX3,K7KK86,1
C6TGZ1,I1LUL2,1
I1JM84,A0A0R0E2R0,1
A0A0R0GBB6,I1L171,1
I1JA95,I1JFW6,1
I1JIA6,C6T1E8,1
K7MGQ2,I1L2H4,1
I1K6E7,C6SYW6,1
A0A0R0KE62,K7MMD7,1
I1M786,C6T034,1
I1NJ53,A0A0R0EKI7,1
A0A0R0IR73,A0A0R0FZM4,1
K7KNT9,I1N9J8,1
K7LY43,A0A0R0JSJ9,1
A0A0R0GPH9,A0A0R0JJK0,1
K7LR18,I1MZT5,1
A0A0R0JRI8,K7M841,1
I1JF82,A0A0R0HXH4,1
I1NGJ7,A0A0R0I5N9,1
I1KZC9,I1LWB5,1
I1KWU9,I1N9J8,1
I1KBD9,I1JQ20,1
P62302,I1L2H4,1
A0A0R4J618,A0A0R4J5J3,1
A0A0R0GPH9,A0A0R0GFL3,1
I1LGD6,A0A0R0IR73,1
I1J4T6,A0A0R0L9T4,1
K7KES3,A0A0R0FZM4,1
A0A0R0K6I2,A0A0R0GG06,1
K7KES3,C6T065,1
C6T1H3,C6T099,1
I1JJX3,K7M862,1
Q42797,I1MBL5,1
K7KED0,K7LFU3,1
I1L2Q0,K7LDF3,1
C6SW04,I1NG45,1
A0A0R0E6T9,I1JS41,1
I1N798,I1MUP5,1
A0A0R0GPH9,A0A0R0JRI8,1
I1JPP8,I1KQ70,1
C6TIQ8,K7M9L4,1
I1JXJ3,I1LWB8,1
I1K3X9,C6SWS6,1
I1M277,I1MEF5,1
I1JE09,K7MGQ2,1
I1L880,I1MNV2,0
K7LSJ2,I1K065,0
I1LCZ2,I1MV56,0
K7N529,A0A0R0H537,0
I1MYD2,I1LIA8,0
I1KCM4,K7LXY1,0
K7M0S3,I1M8U0,0
A0A0R0JBL2,A0A0R0GAQ8,0
I1NFR9,I1L0G2,0
K7KP05,Q2PMQ4,0
A0A368UI10,K7KWE4,0
K7N129,C6SZG1,0
I1N6D4,Q9M4R7,0
K7K318,A0A0R4J4D0,0
I1JQ20,I1LWB5,0
I1KBD9,P01070,0
Q70MR6,I1LNP4,0
Q8LPW2,I1N505,0
I1M2G5,I1NAJ0,0
I1MUP5,I1K3X9,0
I1MGG7,I1JPY7,0
I1MM35,A0A0R0FXD4,0
I1LGS0,I1KIQ2,0
A0A0R0FGT9,I1KBV2,0
I1KWU9,I1JN65,0
Q06197,K7LJS8,0
P93162,C6SW04,0
K7MM50,I1MUM7,0
I1LJD2,K7KR21,0
A0A368UGA0,C6TIQ8,0
I1J4T6,A0A0R0K188,0
I1M5X1,A0A0R4J5N5,0
I1JZE1,Q0H950,0
I1KD82,I1JHQ1,0
I1L367,A0A0R0JRB0,0
I1N8M8,I1LUZ5,0
K7MRW8,K7KTS8,0
A0A0R4J646,Q0H950,0
I1J8P0,A0A0R0HJR0,0
A0A0R0KFY8,K7L723,0
I1LMN5,A0A0R0IT62,0
I1NAJ5,I1MJJ9,0
I1LH27,I1KBF7,0
C6TK30,I1NBA2,0
I1K246,K7L6N7,0
C6SWS6,A0A0R0H141,0
C6TE57,A0A0R0FAJ6,0
I1JKG7,I1JUP2,0
K7N1X2,A0A0R0LBA6,0
K7MRW8,I1JUQ6,0
I1KMS8,I1LH30,0
K7KIY4,I1M277,0
K7KFY5,I1MZV0,0
C6TE39,I1K9R1,0
K7MPZ4,I1KY31,0
I1JT87,I1LQ62,0
K7KNC5,Q9SLW5,0
I1MZV4,I1LU06,0
I1KIJ1,A0A0R0HV63,0
C6TA11,I1KZJ9,0
K7K3C2,I1NDE0,0
C6T003,A0A0R0L5Q2,0
C6T8C4,I1L1L3,0
I1KDU3,I1NG45,0
C6SV60,A0A368UIE1,0
K7MTL2,K7KLG8,0
I1LLH3,K7MGH8,0
I1M311,K7N145,0
I1MLC3,K7LFD7,0
C6T002,I1N453,0
I1KRC8,I1LIQ3,0
I1LGI3,K7LIE3,0
A0A0R0ICK4,K7L4N7,0
I1LPT5,I1J702,0
A0A0R0IT62,I1K6U7,0
A0A0R0GAV8,I1LBN7,0
A0A0R0FHD2,I1KTP1,0
I1KMM6,I1KQC3,0
I1NB01,C6TK30,0
I1LCJ2,I1L171,0
I1KV61,I1KZY9,0
I1JN71,I1KM88,0
I1LFD2,I1L1Q8,0
A0A0R0F719,I1JB52,0
I1KCA3,K7KNG2,0
A0A0R0HDW2,C6SWR4,0
K7MVE7,I1LMN5,0
K7L476,I1KBI7,0
I1K4L3,I1K6U7,0
I1MSN3,I1M119,0
I1LBA8,A0A0R4J2L5,0
A0A0R0FLV6,I1KZ26,0
A0A368UI50,I1K246,0
I1JDF1,I1KQD8,0
I1LLC6,I1LU06,0
I1JWK3,A0A0R0F695,0
I1LST6,I1KUF4,0
C6TN69,I1LGS0,0
C6TJH2,I1NE02,0
I1MT23,I1JZ89,0
I1M8A0,I1LPK7,0
K7KES1,I1J9W9,0
I1K4V8,I1JD36,0
A0A0R0HEI5,A0A368UIA0,0
I1M6M9,I1LJG0,0
D2D5G3,K7LLV5,0
I1JVT1,I1MCK2,0
I1J9I1,I1L4E4,0
K7K3C2,K7L7W0,0
I1MQB9,A0A0R0ENB3,0
I1N447,A0A0R0ENB3,0
I1MEQ1,I1LZ93,0
K7MC85,I1LGR6,0
I1M5Z9,K7MB82,0
K7M849,Q2PMQ4,0
I1MHX1,I1MZV4,0
K7L6K2,A0A0R0E2R0,0
I1LDY8,I1KQU2,0
I1KNG6,A0A0R0LKR7,0
I1JE09,I1JQ20,0
K7KH93,I1KP66,0
A0A0R0L1N9,K7MUD4,0
I1L540,C6T065,0
I1LI32,C6SWG9,0
K7MXF1,I1N4F6,0
I1LLA0,I1MKJ6,0
K7K7Q8,K7K355,0
I1K115,I1JIW1,0
K7L6N7,A0A0R4J455,0
I1N976,I1LCH2,0
C6TF29,I1L6A2,0
I1LH18,I1M1C4,0
I1LNP4,A0A0R0HXH4,0
I1J4G6,A0A0R0GPH9,0
A0A0R4J4C5,I1M5N9,0
A0A0R0KZR2,I1M119,0
K7MHQ6,I1JZE1,0
I1JJX3,I1MG42,0
K7KN39,I1K065,0
I1JMD6,I1K3R3,0
K7MUD4,C6T002,0
I1M643,A0A0R4J3X6,0
I1MEA7,I1MUN6,0
I1JHJ8,I1MKX7,0
P07134,I1M5N7,0
A0A0R0F5Y7,I1LPK5,0
K7K5R7,K7N598,0
I1JV03,I1L5U9,0
A0A0R4J4H3,K7KKT1,0
C6T214,I1JD52,0
I1J9L7,I1LEC4,0
I1JVX3,I1KY31,0
A0A0R0HM21,C6T972,0
I1LUL9,K7MPJ9,0
I1K0W7,I1LI32,0
I1LVN3,C6SZQ0,0
A0A0R0K5H8,I1J8V8,0
I1MJJ9,I1KRL9,0
K7LFU3,I1MEQ6,0
A0A368UI50,C6TAW2,0
I1KM01,I1MIX6,0
A0A0R0JYX3,Q0H950,0
M1FP94,I1KDF1,0
I1KNA2,I1JCB1,0
Q2TUW0,I1LU38,0
K7K1V0,K7L6P0,0
A0A0R0F392,C6T034,0
I1MM97,I1JWK3,0
K7KRK6,A0A0R0IXT8,0
K7L2R0,I1LKD9,0
C6T988,K7K5R7,0
I1LGS0,A0A0R4J488,0
I1KDF1,I1MFI0,0
A0A0R0FG80,I1MUM7,0
I1LXI0,I1M130,0
I1LT34,Q45FY8,0
I1ML63,A0A0R0KRF1,0
I1N3U5,A0A0R0IQ72,0
A0A0R4J5C5,I1MUZ7,0
I1LHS8,A0A0R0EMR0,0
K7MEB1,I1N0L1,0
K7LLN2,I1J4T6,0
A0A0R0KPE1,C6THB5,0
I1KBV2,I1N7M0,0
C6TBU3,A0A0R0EJV2,0
I1MV56,I1KQD8,0
K7M864,K7MPZ4,0
I1KXP5,I1MV80,0
K7N4K5,A0A0R0J6N9,0
I1N8L0,C6TGP5,0
K7K1V0,I1J765,0
I1L4E5,I1LXK8,0
C6TML7,I1KAQ7,0
A0A0R0KFY8,I1M6F0,0
I1KQU2,I1K6E7,0
C6T1H3,I1M5Z9,0
A0A0R0E934,I1K467,0
I1MZ51,A0A0R0FAD6,0
I1NAL7,K7M2G2,0
C6TG34,C6SV60,0
I1KJG4,I1LMR4,0
K7M864,I1JRJ3,0
K7MRW8,I1MBL5,0
Q70MR6,I1J765,0
K7LXA6,I1J9I1,0
E9KBR9,I1LUT1,0
I1L9P5,I1MUR2,0
C6TIQ7,I1MS26,0
K7MMD7,C6SWH0,0
I1LUB3,I1LF90,0
I1LN52,I1KBV2,0
I1L5I2,I1MTV9,0
K7KTS8,I1NGL3,0
I1N9J8,I1J7U9,0
A0A0R0JSJ9,C6T090,0
I1LI32,K7L939,0
I1NC04,I1N344,0
I1KBI7,I1MBI6,0
K7MB82,K7KKT1,0
K7KKT1,A0A0R0K6I2,0
I1KZ26,I1MBL5,0
I1KYL4,I1MFN0,0
K7LIZ8,I1J981,0
K7LDF3,Q70MR5,0
I1LTE6,I1LTM1,0
A0A0R4J4G7,I1KQE3,0
I1K1I0,C6TD23,0
I1NCV4,I1K1D7,0
I1MUM8,I1JZE1,0
A0A0R0H8Q8,K7K4Y8,0
I1KS56,I1K970,0
C6SWS6,I1MF42,0
I1LRL9,I1N846,0
I1MU00,I1LVN3,0
I1MB99,A0A0R0E2R0,0
I1LGR6,A0A0R0FTJ2,0
I1KAJ9,A0A0R0IF33,0
I1JZE1,I1KFL5,0
A0A0R0GIH6,K7N1T9,0
I1KJB1,I1LT87,0
I1JLC7,P93162,0
I1LUL9,I1KS98,0
A0A368UHM9,I1K1W8,0
I1MZJ8,I1N5Z3,0
C6SZ88,A0A0R4J5C5,0
K7LJS8,A0A0R0ELE0,0
K7L7W0,I1KM88,0
K7M5Q8,I1KJ81,0
I1MJB3,C6TE39,0
K7LJ17,C6SXD3,0
I1LCH2,I1NDE0,0
I1LNZ9,C6TIA6,0
K7KN04,E9L558,0
A0A0R0GYZ9,Q0EDG6,0
B0M195,I1LPE4,0
A0A0R0FA21,A0A0R0FB78,0
I1NFY2,I1M225,0
C6TE57,I1J5E3,0
I1J8M6,E9L572,0
I1KBF7,I1N1X2,0
K7MJ75,I1JK67,0
I1K7G0,I1MGG7,0
A0A0R0FVX1,A0A0R0IXT8,0
K7MFE5,I1L694,0
A0A0R0J9Y6,A0A368UIA0,0
I1J8P0,K7LXD3,0
A0A0R0HSA0,C6TN61,0
I1MYD2,A0A0R0IR73,0
I1NHN6,A0A0R0L4P0,0
C6TE39,I1K938,0
G3E7M6,I1LBJ5,0
I1MMY0,K7M9L4,0
I1JUK7,Q70MR6,0
A0A0R4J653,K7KQZ8,0
E9L577,K7LSG7,0
I1L0K8,K7MPZ4,0
I1JIS3,I1M6V9,0
I1MS26,C6TN61,0
Q70MR6,K7KKT1,0
A0A0R4J4H6,I1KQ73,0
K7ME58,I1KS98,0
I1KH38,G3E7M6,0
C6TBL4,Q56GA2,0
I1KBD9,Q9FQD3,0
K7MH28,C6TIQ8,0
I1L0K8,I1KXK6,0
C6T1E8,I1K5I3,0
K7K1V0,M1FN34,0
I1KTP1,I1KVC1,0
K7LP01,K7M846,0
I1M1W3,I1MEW6,0
Q42797,I1JZ89,0
K7KFY5,A0A0R0K6U4,0
A0A0R0GU87,K7K8Y9,0
I1ND31,A0A0R4J3X6,0
I1JRS5,I1M130,0
I1J8W6,K7MDN4,0
I1LPE4,Q9XE60,0
A0A0R0HJR0,I1JMK4,0
I1NAL7,I1LJH2,0
K7LXA6,I1MG42,0
K7MMD7,I1KJB2,0
I1MBL5,K7K3R6,0
I1K1D7,C6SYW6,0
K7MUM5,A0A0R0ICK4,0
A0A0R4J653,I1M957,0
K7MUM4,P24337,0
C6SXD3,K7LR18,0
A0A0R4J365,K7MS06,0
A0A0R0K6C1,I1LIT1,0
K7N3Z1,I1JZ99,0
I1JK67,A0A0R4J4M9,0
I1LKN9,P49084,0
I1LIG9,Q39810,0
A0A0R0K0C4,K7K5C0,0
K7L145,I1LYB2,0
I1LIU7,I1MHX1,0
I1MFN0,I1JE14,0
I1JX17,I1LGS0,0
I1L2T1,I1K0E4,0
I1J8E3,Q9AWB2,0
A0A0R0EKI7,A0A0R0IAM2,0
I1MEF5,I1NBA2,0
K7KVN0,C6TIK0,0
K7M6J1,K7MQD2,0
I1JGX0,K7MHQ6,0
B0M1A1,K7MUS8,0
K7K7Q8,I1LPJ8,0
Q1W376,I1LTG9,0
I1MVZ6,I1N3U5,0
A0A0R0K4Z5,K7KJW6,0
I1MNS7,C6T099,0
I1JZ64,A0A0R0KPE1,0
K7L2R0,I1L9P5,0
K7LIE3,I1N1X2,0
K7LTV8,I1J702,0
I1JIA7,I1KC40,0
I1KXP5,I1LKV0,0
I1JQ20,I1LZ51,0
I1MEA7,K7M864,0
I1JKD2,I1MEQ1,0
C6TLW3,I1J9H6,0
I1NAL7,A0A368UI50,0
I1LPW2,A0A0R0KZR2,0
I1N846,K7M864,0
I1JRJ3,I1J8C9,0
A0A0R0IM79,A0A0R0FG80,0
I1KM27,I1KJ81,0
I1JZ99,I1NCV4,0
A0A0R0IZ75,I1LMN5,0
I1MUC6,I1J709,0
I1K9T5,K7M862,0
C6THB5,I1MKX7,0
C6T065,I1LP31,0
I1LWD6,I1MDY5,0
I1JUK7,A0A0R4J4H6,0
I1K3U6,I1JAI4,0
I1LLS4,I1NDE0,0
A0A0R0H690,K7LFU4,0
I1JKG7,K7N563,0
K7KES3,I1K3E9,0
A0A0R4J2H3,Q42797,0
O22518,I1MQ30,0
I1LLC6,K7M6J1,0
K7N4K5,I1LLS8,0
A0A0R4J646,A0A0R0JRB0,0
I1L3N6,I1K708,0
I1N0L1,E3NYP3,0
C6SXT9,K7K149,0
A1YUN0,A0A0R0L7U5,0
E9L577,A0A0R4J5K6,0
I1JCB1,K7MUM4,0
I1LHS8,A0A0R0FLW1,0
K7KL60,E9KBR8,0
C6TG34,I1NCF6,0
I1MZJ8,I1MJB3,0
K7M6R4,A0A0R0FLV6,0
K7KZX6,K7LG20,0
C6TCG0,K7LXD3,0
I1JET9,K7K808,0
I1L1L3,I1MSN3,0
I1LUL9,I1KBV2,0
A0A0R4J455,K7MFE5,0
K7L723,I1NCF6,0
I1KDJ8,A0A0R4J3C2,0
A0A0R0L1N9,I1NFR9,0
I1MPJ4,K7LLF8,0
K7M4K7,I1L1A1,0
I1JUP2,I1ML63,0
C6SWG9,K7KGB3,0
I1J5A4,K7N529,0
A0A0R0HEG0,Q70MR5,0
K7N563,I1K0E4,0
C6SXD3,I1NFR9,0
I1J8D7,K7MGQ2,0
I1JD52,K7MUM4,0
A0A0R0H8Q8,I1K3U6,0
A0A0R0HEM4,I1MZT5,0
K7L6N7,I1N8L0,0
I1JE51,A0A0R0IXT8,0
I1LN52,K7MY00,0
I1LXK8,I1K099,0
K7MM52,I1L5I2,0
I1MJH5,I1N055,0
I1ML11,K7LXA6,0
C6TGA9,I1MUP5,0
I1JPH8,I1N8V4,0
K7KAB4,K7K355,0
A0A0R0KRF1,P93163,0
I1MZ51,I1N448,0
A0A0R4J646,I1LIG9,0
I1KUF4,B9MST0,0
K7N529,I1K9W3,0
I1M998,K7KR21,0
C6TIQ7,C6TJW1,0
I1M8A1,I1LII4,0
I1N3Z3,I1KM07,0
I1MZT5,K7LIE3,0
I1L6T8,I1JYX2,0
I1MCH7,I1J709,0
K7LR18,I1N4F6,0
K7KVN0,A0A0R0F214,0
I1NAJ5,I1JN65,0
I1MEA7,A0A0R0EKI7,0
I1KDU3,A0A0R0H141,0
I1L540,I1NBA2,0
I1K0U5,I1MZV0,0
F8WRI5,K7N563,0
I1KCY5,I1LGS0,0
A0A0R0GYZ9,I1K3X9,0
I1NHX1,K7MEB1,0
K7KYM0,K7L4N7,0
A0A0R4J4M9,A0A0R4J3C2,0
C6TBU3,I1KDF1,0
K7MY00,K7LLV5,0
A0A0R0FTJ2,I1LBA8,0
I1KL32,I1K925,0
A0A0R0KZR2,I1LPC2,0
A0A0R0HSA0,A0A0R0I5V1,0
I1KPN4,I1K723,0
I1L9P5,K7MXE0,0
C6TJ43,I1N3Z3,0
Q42797,K7MHQ6,0
I1M2S7,A0A0R0KN53,0
K7M6J1,I1M946,0
K7K4C7,A0A0R0G3R9,0
I1L9P5,I1MP75,0
I1J8E3,A0A0R0ENB3,0
K7MVE2,A0A0R0EDS9,0
I1MF07,A0A0R0KR59,0
K7N1L5,I1K115,0
I1K215,I1N850,0
I1KCA3,Q2MJR5,0
I1LJD2,I1KIQ2,0
Q9M6D6,I1MR73,0
I1LPK5,A0A0R0GYZ9,0
K7K4Y8,K7K9T5,0
C6SXG9,A0A0R0LBA6,0
I1LN30,K7K3C2,0
K7MPI6,I1MV80,0
I1LCP4,K7KUG2,0
A0A0R0EEW3,I1KZ26,0
I1JRS5,I1L4I9,0
B4YB10,I1LPJ8,0
I1M1P1,C6TC28,0
K7K9D6,K7KJB2,0
K7MVE7,I1MS33,0
A0A0R0KY77,I1JZ89,0
A0A0R0EWR2,Q8LPW2,0
I1KCM4,I1M5N7,0
I1MEW6,K7L9S8,0
I1KGY4,A0A0R0K6I2,0
I1LVL7,I1LTM1,0
K7LDF3,K7LJ17,0
C6TGP5,K7N529,0
I1M4L1,I1JMY9,0
A0A0R0GPR8,K7L684,0
C6SVR0,K7LZ50,0
I1K3X9,C6SYE1,0
A0A0R0JBL2,C6SYW6,0
A0A0R0IEK0,I1KBD9,0
K7K894,I1MPJ4,0
C6T9W4,C6SV60,0
A0A0R4J5T8,K7KRK6,0
A0A0R0IV41,K7LK09,0
A0A0R0KWL0,A0A0R0L419,0
I1LCP4,I1KJ81,0
A0A0R0JI98,C6T214,0
I1N696,A0A0R0G1X4,0
I1K5B7,I1M3W1,0
K7MUD4,I1NA94,0
I1KS56,K7L723,0
I1LKN9,Q8LPW2,0
K7L9M2,A0A0R0EEW3,0
I1MAC4,I1L4E4,0
K7LIZ8,I1L2Q0,0
I1N8M8,I1KGM8,0
I1MW51,I1M277,0
I1LBA8,C6TNM5,0
I1M7Y3,I1KNV7,0
F8WRI5,A0A368UIM7,0
I1MRP0,I1J9U5,0
I1K4R8,A0A0R0IF33,0
C6TGX5,K7M0S3,0
I1L7D4,A1YUN0,0
A0A0R0EMR0,I1N3U5,0
I1K1R5,K7LFU4,0
I1MLJ0,I1JK31,0
I1MM35,I1JXJ3,0
I1MRP6,A0A0R0EUJ0,0
I1JV03,I1KDU3,0
I1MNU1,I1M1I7,0
I1JQP8,K7LSJ2,0
K7LLV5,A0A0R0L0E7,0
A0A0R0JSC0,A0A0R0HSA0,0
A0A0R0IZ75,K7MUC8,0
A0A0R0HSC1,I1LBN7,0
I1LNZ9,I1K215,0
I1LUB3,I1JC08,0
K7LDF3,I1MZF9,0
P62302,K7MUC8,0
I1LCJ2,I1L0G2,0
I1LWB5,A0A368UIC9,0
I1KAJ9,I1LUE0,0
I1J4K1,I1JGX0,0
I1K565,A0A0R0FTI5,0
I1L0G2,A0A0R0L3G5,0
I1JUK7,I1M6B9,0
I1JMY9,Q8W1A1,0
I1KVC1,K7LXA6,0
I1MPJ4,I1KAR1,0
I1N8V4,A0A0R0KY77,0
I1LPK7,I1L7D4,0
I1M311,I1KK11,0
I1N344,A0A0R0FB78,0
I1LL05,A0A0R4J488,0
A0A0R0FHD2,K7K355,0
I1LEF5,I1LNY2,0
I1LG22,A0A0R0KMM9,0
I1KD82,I1MB99,0
I1M269,I1KEC8,0
I1KIG1,C6SXT9,0
Q8LPW2,K7L0E7,0
I1MF50,I1KQI1,0
I1MTB5,K7KTA9,0
I1MHK8,A0A0R0JJI0,0
I1JLC7,I1KNI7,0
K7LH46,K7K3C2,0
I1MV56,I1J9W9,0
I1KBI7,I1J4G8,0
K7M4K7,I1LCH2,0
I1M1D5,C6SYW6,0
I1NGL3,I1JE51,0
I1K3K8,I1K669,0
C6T8S2,I1L0G2,0
I1JK31,I1M292,0
I1LD16,I1MNS7,0
I1JCQ8,I1N933,0
I1KCA3,I1KPB0,0
I1NA10,I1LPK5,0
I1KJB2,I1KM27,0
C6SYE1,K7K4C7,0
I1JQK9,I1MRK4,0
I1JCB1,A0A0R0IW53,0
I1N7G4,I1L7D4,0
I1JKG7,I1N780,0
A0A0R0L7U5,K7KMU1,0
I1JA30,I1LMN5,0
A0A0R0F5Y7,I1MKJ6,0
I1JNF2,I1NG17,0
C6T1H3,I1MJH1,0
A0A0R0IAM2,I1KSD0,0
I1LMN5,K7KLG8,0
I1MBN8,I1MNS7,0
Q6SPR2,K7M846,0
A0A0R0L317,I1KH38,0
I1L0G2,A0A0R0HXH4,0
I1MHK8,A0A0R0L1N9,0
A0A0R0FX75,C6TK27,0
Q8GZU9,A0A0R0FX75,0
Q8GZU9,I1M119,0
I1K1D7,K7KP05,0
A0A0R0LK19,I1KNB5,0
I1KK11,I1K5I3,0
I1KQC3,I1L903,0
K7KLY3,C6TGZ1,0
I1J8W6,I1N344,0
A0A0R0GFM7,K7KN13,0
I1JM15,A0A0R4J4D0,0
I1LJG9,C6TER0,0
K7LQV0,I1LEF5,0
I1JDU3,A0A0R0EWR2,0
Q71EW8,I1KRC8,0
C6SWD1,A0A0R4J5C5,0
I1LCH2,I1K3R3,0
I1JK59,E9L577,0
I1LMN5,A0A0R0IV41,0
I1K9C2,I1ML11,0
K7KES3,K7LIZ8,0
I1L2T1,K7LQS4,0
A0A0R0L317,A0A0R0JQJ0,0
I1L1A1,K7LSJ2,0
K7L6K2,K7MC85,0
I1K4R8,I1M7M5,0
K7N5K2,I1M311,0
I1MEA7,A0A0R0FEN3,0
I1N448,I1K9W3,0
A0A0R0HSH0,I1JHJ0,0
I1MHK8,I1JXJ3,0
A0A0R0KWT5,I1L332,0
I1K5J7,I1JZ99,0
Q45FY8,I1JMH3,0
C6T2G5,A0A0R0F695,0
I1KI90,I1JLC7,0
I1KFQ1,A0A0R0FHD2,0
I1L4I9,I1NB01,0
K7MQG6,I1N505,0
I1LIK7,K7M9T4,0
I1MM97,I1JM18,0
I1KI90,K7L9M2,0
C6T211,B0M195,0
C6T214,A0A368UIC9,0
I1J8P0,I1JZ89,0
A0A0R0G7B5,I1M1P1,0
C6TER0,I1JMK4,0
I1KM19,I1LZ93,0
I1JRS5,I1J9L7,0
K7L145,I1J8P0,0
I1JT87,C6TJ17,0
Q9M6D6,A0A0R0GAV8,0
I1KCA3,I1LEQ3,0
I1K3U6,I1KUB2,0
I1LN52,A0A0R0GS00,0
I1JE11,I1N505,0
K7N525,I1KJB1,0
K7KUE8,I1K0H3,0
K7K318,I1LH30,0
C6SYW6,C6SW04,0
I1MLJ0,C6T7K0,0
I1K6T6,I1KHV8,0
I1J702,K7KVV2,0
I1JV03,K7N529,0
I1JIA7,I1M119,0
C6TJH2,E9L577,0
I1NF53,K7N145,0
K7KN39,K7K127,0
I1JU23,C6TJ97,0
K7MUM5,K7KHN1,0
I1KDA4,I1LH30,0
I1J9H6,C6SVA8,0
I1L9Z8,I1KNG6,0
I1LP98,I1M130,0
C6TIQ9,K7MUM5,0
I1K1W8,I1KIQ2,0
I1LR95,I1J5E3,0
A0A0R4J461,I1JKP7,0
K7K894,K7MPJ9,0
K7M6Z2,I1M7M5,0
I1L0K8,K7MM50,0
I1LFD2,C6TCG0,0
I1M3Y7,K7KTS8,0
K7N598,I1JZR6,0
K7K4C7,I1NCF8,0
C6TKD8,I1N5D5,0
A0A0R0EWR2,Q9SWR5,0
C6T217,C6TI98,0
I1LFD2,Q9FQD3,0
I1LR48,E9L572,0
I1N371,I1LEI8,0
A0A0R0KFY8,K7MVE7,0
A0A0R0JI98,A0A0R0F6H1,0
I1MBS8,Q8GZU9,0
I1LTW8,I1KZK2,0
K7MNK5,Q43463,0
K7KNT9,I1N7M0,0
I1JF82,I1J981,0
I1JMX7,K7M2G2,0
P93163,I1KAQ7,0
A0A0R0L5Q1,I1LPC2,0
A0A0R4J5K6,I1JC08,0
K7LI90,A0A0R0JJK0,0
K7MTE7,I1KSL6,0
Q42808,I1JF82,0
I1NCV4,I1JVT1,0
A0A0R0FGT9,I1LV18,0
A0A0R0JJI0,A0A0R0JYX3,0
A0A0R0EL31,K7KUK2,0
I1JC50,A0A0R0K6U4,0
I1MBN8,A0A0R0JQT2,0
K7KH93,I1MF26,0
I1J4L6,K7MNN5,0
K7K1V0,A0A0R4J618,0
A0A0R4J4G7,I1MUZ7,0
I1L1A1,K7MNN5,0
I1M3W1,I1MS33,0
I1LZ51,C6SWU3,0
K7MGH8,I1M8A0,0
A0A368UHM9,C6TK73,0
I1JYG3,I1MKJ6,0
A0A0R0LCZ4,I1L4E5,0
I1MBL5,Q7XJ86,0
I1JYT2,I1JMX7,0
I1JE51,C6T988,0
K7LQV0,I1N483,0
C6TIQ9,I1L6A2,0
A0A0R0IZA1,I1JC43,0
K7MC85,K7KK86,0
K7LJ72,I1M8A0,0
I1M225,K7L2K6,0
I1K115,I1LPW2,0
I1J4G6,I1LP98,0
A0A0R4J4C5,I1LA49,0
I1KFZ9,C6TGX5,0
I1KM01,I1L4E4,0
I1N5R9,A0A0R0L9T4,0
I1LKD9,K7LJS8,0
A0A368UI50,I1LUE0,0
I1JQY7,C6SZQ0,0
K7KQZ8,C6TJH2,0
C6TG34,K7LZ50,0
I1KD82,A0A0R0ENB3,0
I1KHK1,I1N1Z5,0
I1NA38,A0A0R0E8N5,0
K7LSJ2,B9MST0,0
I1JGX0,C6SV60,0
A0A0R0L5Q1,I1JRS5,0
I1KQP5,I1MMY0,0
K7KUG2,I1M1C4,0
I1LFD2,C6SWL4,0
I1L2H4,I1M3A3,0
I1M8F0,A0A0R0JRB0,0
K7LP01,I1JE11,0
K7LJ72,C6SX83,0
I1N055,A0A0R0I304,0
Q2PMP8,I1J547,0
I1JUK7,K7M864,0
C6T8C4,K7L723,0
I1KBV2,A0A0R0IWM0,0
I1N696,A0A0R0K4Z5,0
C6SZS1,I1MAX9,0
I1LCH2,I1LN92,0
I1NDA1,I1MT23,0
I1L0G2,K7KTY4,0
K7L1E6,I1KDF1,0
K7MQT1,I1KUX4,0
I1JFW6,K7KYJ6,0
I1JN71,I1MSP6,0
I1JCQ8,I1NE42,0
K7L6P0,I1MGG7,0
I1N933,A0A0R0LKR7,0
I1JUK7,Q45FY8,0
I1JCB1,C6SWR4,0
A0A0R4J2H3,I1M946,0
I1JDN2,I1MZV0,0
K7MZN9,I1LUV4,0
I1M130,K7M846,0
A0A0R0EKB4,C6TK31,0
K7LNG6,Q9XE60,0
K7K4C7,A0A0R0IJF6,0
I1KNB5,I1MQW6,0
I1MK72,K7L0E7,0
A0A0R0FEN3,C6SWD1,0
I1KJF2,P93163,0
I1KA75,K7K578,0
A0A0R0FTI5,A0A368UH16,0
I1MV56,C6T8C4,0
K7L939,Q9SWR5,0
I1LD16,I1L759,0
A0A0R0JSC0,C6TLW3,0
K7MM50,I1M1D5,0
C6SXY4,I1L0F0,0
D8WJ57,I1LCZ2,0
A0A0R0KVY6,K7K808,0
I1MLC3,A0A0R0GJV8,0
I1KP66,C6TKD8,0
A0A0R0I5V1,F8WRI5,0
I1KHK1,A0A0R0L7U5,0
K7LU89,A0A0R0F6H1,0
E3SXU2,I1LII4,0
I1J9H6,A0A0R0IL99,0
K7LJ72,I1MZF9,0
K7MPJ9,A0A0R4J309,0
I1LUV4,I1L367,0
K7M5U7,I1JAH7,0
K7KIY4,K7LMW2,0
K7MRW8,B4YB07,0
I1M225,I1KCY5,0
I1LH18,I1LP31,0
I1LGS0,I1M3M4,0
A0A0R0ECE8,I1L5L1,0
I1NGJ8,I1LA39,0
Q8W1A1,K7KHN1,0
I1LLJ4,I1LV79,0
I1KG02,I1KXP5,0
I1MZV0,K7L2D7,0
I1MLC3,I1LGR6,0
A0A0R0FXD4,I1KNE4,0
C6T857,A0A0R0GS25,0
K7KUK2,I1KTY9,0
K7LXN4,K7MQG6,0
I1M6V9,B4YB10,0
A0A0R0GZ30,I1JSY7,0
A0A0R4J3I7,K7LR18,0
K7KRK6,K7MJ75,0
I1NC04,C6TAW2,0
I1JKG7,I1JDN7,0
A0A0R0L9T4,I1K089,0
I1NFB9,C6SZS1,0
I1JI54,I1JLC7,0
K7K1V0,C6SXG9,0
A0A0R0I5V1,A0A0R0FAD6,0
C6TML7,I1MR11,0
K7KIY4,A0A0B5EC52,0
K7KTY4,C3VD33,0
A0A0R0IM79,E9KBR9,0
I1JM15,C6TA11,0
Q8GZU9,I1KUE8,0
I1K565,A0A0R0IZA1,0
I1LCJ2,K7LRR9,0
A0A0R4J2L5,B4YB07,0
I1JSD2,Q6SPR2,0
I1K708,I1JMH3,0
I1MW74,I1KG02,0
I1LNZ9,K7M4K7,0
I1J702,I1KJX6,0
A0A0R0HSA0,K7KN13,0
A0A0R4J4H6,K7K578,0
I1KC50,I1KM19,0
K7N0V8,I1N2G0,0
K7L2R0,C6T9W4,0
K7MUM4,C6SVA8,0
C6T2F8,I1J8M6,0
K7LR18,A0A0R0KZR2,0
C6SYE1,I1N8T4,0
I1JR22,I1N696,0
I1K146,A0A0R0JNM4,0
C6SYE1,I1JMH3,0
K7LIE3,I1JIA7,0
A0A368UIC9,C6TCJ0,0
K7M6J1,I1JDF1,0
C6T7K0,I1KXP5,0
A0A0R0HV63,K7LTG4,0
K7MTL2,A0A0R0L9T4,0
I1MBI6,I1KJB1,0
I1J8M6,I1JYX2,0
I1MV08,A0A0R0HW00,0
I1M292,A0A0R4J5N5,0
K7LFU4,I1MBL5,0
I1N696,C6SW04,0
I1KJB1,I1MGY9,0
I1KFL5,I1NCV4,0
A0A0R0FTI5,A0A0R0JBL2,0
C6TAB5,K7LLV5,0
C6SXG9,I1MR73,0
I1MUR2,I1K9T5,0
I1M4B9,I1M2G5,0
I1KZC9,I1J5W0,0
C6TG34,I1JEC6,0
I1MUS3,I1JRE0,0
I1N9J8,A0A0R0K6I2,0
I1K0W7,A0A368UGC0,0
A0A0R0E2R0,I1LCZ2,0
A0A0R0FVX1,I1N696,0
A0A368UH16,I1K1I6,0
A0A0R0FUA1,I1NA38,0
K7N145,A0A0R0KZR2,0
I1MZV4,I1JYX2,0
I1MUM7,A0A0R0J5Y2,0
I1JSD2,A0A0R0JC18,0
C6TML7,K7KX53,0
K7KN04,I1M6F0,0
I1J765,K7MPJ9,0
A0A0R0IAM2,I1L9Z8,0
K7KGB3,I1JMX7,0
I1M3M4,Q56GA2,0
I1MMY0,I1JUU2,0
C6TE39,I1LWP5,0
I1KVG9,I1MZV0,0
A0A0R0KZR2,I1KH38,0
I1NAL7,I1LFG6,0
I1K1D7,K7KX53,0
C6T8S2,I1J574,0
A0A0R0JI69,I1M643,0
K7KX46,I1NCF8,0
I1KDU3,I1JCQ8,0
M1FN34,A0A0R4J4H3,0
I1MUZ7,I1JXI4,0
K7LFD7,C3VD33,0
I1LBA8,I1JUK7,0
E3NYP3,I1MHG6,0
I1N5H5,K7LRR9,0
A0A0R0HW00,I1K4V8,0
K7LR18,I1KJD2,0
I1KC50,A0A0R0HQY2,0
K7M6J1,I1M6M9,0
I1JPY7,I1KMM6,0
K7K2H0,I1LEC4,0
I1KTI0,I1LSW3,0
I1J4G8,I1M368,0
I1JLC7,I1J5A4,0
K7KFZ9,I1LG13,0
I1MPJ4,I1KUE8,0
B0M1A3,I1MBN8,0
I1MZT5,K7LTV8,0
I1KK11,K7K578,0
K7LJ72,I1MV08,0
I1NFR9,A0A0R0GPH9,0
I1JUV6,I1M3W1,0
K7L0V0,K7N529,0
I1JD52,K7KRK6,0
I1L6A2,I1KA98,0
K7N129,I1MDD8,0
I1K565,C6TIQ7,0
A0A0R0EWR2,A0A0R0LK19,0
I1JAI4,A0A0R0GFH3,0
I1N3Z3,I1MUM7,0
K7LHS7,K7LTV8,0
A0A0R0E8N5,A0A0R0FA21,0
I1JC43,I1KAD1,0
I1K5J7,I1J957,0
I1J765,I1LLC6,0
I1L6V0,I1K6H8,0
K7M841,I1N055,0
I1LDY8,C6TJW1,0
K7L6K2,A0A0R0LKR7,0
I1JMH3,I1KM01,0
K7KHU1,I1L645,0
I1N850,I1K146,0
I1MS33,A0A0R0IZA1,0
C6SYW6,K7LXY1,0
I1NB01,A0A0R0FG80,0
I1MUM8,K7K5R7,0
I1JMH3,E9L575,0
K7KKT1,A0A0R0JYX3,0
I1LUV4,I1M3Y7,0
A0A0R4J3I7,I1JKK4,0
Q2TUW0,I1JUQ0,0
A0A0R0EYS5,I1MUC6,0
A0A0R0HEM4,I1K1D7,0
K7KLY3,I1M3Y7,0
I1K006,I1LHR6,0
I1JX17,K7KJI6,0
I1LMN5,C6T5U0,0
I1MQD2,I1K1D7,0
I1M6F0,I1NJ53,0
A0A0R0EUJ0,I1MR73,0
I1M119,I1MLF1,0
I1K5B7,E9L565,0
K7L684,I1MUS3,0
A0A0R4J618,I1JV03,0
I1N7G4,I1LWB5,0
I1L7R2,I1LIT1,0
I1LFD2,I1LNP4,0
I1JHQ1,I1K1D7,0
I1NG45,K7K318,0
K7LMW2,I1LCH2,0
A0A0R0KR59,K7MLC5,0
I1JGP8,I1M786,0
A0A0R4J2H3,I1LAH1,0
K7L939,I1MRK4,0
A0A0R0GPH9,I1K065,0
I1JGX0,C6TM45,0
D2D5G3,A0A0R4J3I7,0
I1JU23,I1JYG3,0
I1MAX9,P01064,0
A0A0R4J5Z8,I1MNU1,0
I1MUZ7,A0A0R0GFM7,0
A0A0R0FAD6,A0A0R0J9Y6,0
I1LUT1,C6TIA6,0
I1L367,A0A0B5EC52,0
I1MJH5,I1KYS8,0
I1JXI4,I1K5I3,0
A0A0R0F392,A0A0R4J309,0
K7MQT1,I1MB99,0
I1MHK8,C6TN61,0
K7KN39,A0A368UJF6,0
K7KQZ8,I1M487,0
I1LBA8,C6SV60,0
I1LFD2,C6T2G5,0
I1MIX6,I1N8V4,0
I1JWE9,I1LDY8,0
K7L4N7,K7N598,0
K7LRR9,I1JRJ3,0
C6TF29,I1KV61,0
B0M1A3,I1L4E2,0
C0M0V4,C6T034,0
K7MJ75,K7KUG2,0
K7K355,M1FN34,0
K7L2K6,I1NC50,0
K7KF95,K7LLN2,0
C6T857,C6T972,0
I1MGE5,I1NCV4,0
A0A0R0ENB3,I1LDP9,0
A0A0R0FAD6,C6TBL4,0
I1LPJ8,K7KKT1,0
A0A0R0HV63,I1JPH8,0
C6TCJ0,K7MPZ4,0
A0A0R0GYC5,I1JAI4,0
A0A0R0FTI5,K7LNG6,0
I1LT87,A0A0R0KWL0,0
I1LFG6,I1KNV7,0
I1M592,I1MBN8,0
I1J765,I1KJB1,0
K7LEU7,I1LD16,0
M1FP94,I1K0U5,0
K7LCS7,I1JCA9,0
I1K065,I1MUZ7,0
I1K0A7,I1LIK7,0
I1M6V9,K7MDN4,0
I1J7U9,I1JSG1,0
I1JZ99,I1JC43,0
A0A0R4J3C2,K7MNP5,0
I1N8T4,A0A0R0K188,0
I1KZ09,K7M5U7,0
I1LEQ3,K7KTS8,0
I1K5J7,I1KAQ7,0
I1KSD0,M1FIS9,0
A0A0R4J646,I1K565,0
I1LSW3,I1L6A2,0
K7MXF1,I1LXI0,0
I1J5E3,A0A0R0J5Y2,0
I1N4X6,I1N8F6,0
A0A0R0I304,I1KNB5,0
P24337,C6TIQ9,0
K7K3C2,I1L903,0
I1LLS4,I1KSD0,0
I1JB64,P07134,0
A0A0R0KIG7,I1MM35,0
I1KQ70,I1KCA3,0
Q1W376,A0A0R0KZR2,0
I1ML63,I1MUC6,0
I1K4Y6,A0A0R0K5H8,0
A0A0R4J5B7,I1K6J1,0
I1JK31,K7K318,0
I1NBA2,B4YB10,0
P01055,I1LDP9,0
A0A0R0I5V1,I1N5S0,0
K7KUG2,I1KD82,0
I1JEC6,I1J4G6,0
C6TLW3,C6T217,0
I1KL32,K7MH28,0
K7L145,I1JSG1,0
K7MZN9,A0A0R0L317,0
A0A0R0FFT1,C6T1V1,0
I1LLC6,I1KDU3,0
C6SWL4,I1MJH5,0
I1N8M8,I1LH30,0
A0A0R0HLZ4,A0A0R0IWM0,0
C6SV60,I1L903,0
K7L4N7,I1KFZ9,0
A0A0R0JEV3,I1MJB3,0
A0A368UGC3,I1K0W7,0
I1JC43,K7MXE0,0
I1JM84,A0A0R4J4H3,0
I1KTI0,C6TC28,0
A0A0R0G1X4,A0A0R0FIP9,0
A0A0R0HDW2,A0A0R0IR73,0
K7LEU7,A0A0R0HSV6,0
I1L6T8,I1K938,0
C6SWA8,I1M6F0,0
I1N7G4,I1MEA7,0
A0A0R0IJF6,I1LIG9,0
A7X641,I1L6A2,0
C6SWR4,K7M6Z2,0
Q39898,I1L3N6,0
I1K0E4,Q1W376,0
I1KDF1,I1MK83,0
I1LCZ2,I1KZY8,0
A0A0R0HQY2,I1KVC1,0
I1KCY5,A0A0R0EJV2,0
I1K4L3,I1NB48,0
I1JW06,K7MNN5,0
C6T8S2,A0A368UHM9,0
K7LG20,E9L556,0
I1JA30,I1N7B5,0
K7MRF5,I1K246,0
K7K894,A0A0R0JBV0,0
I1N1Z5,C6T1G9,0
I1K3X9,I1KQ73,0
A0A0R0JC18,A0A0R0HXK5,0
I1KBD9,I1LFG6,0
I1MZT5,K7KAB4,0
I1JC50,I1M998,0
I1K0A7,I1N371,0
A0A0R0EUJ0,K7L2D7,0
I1LTM1,P49084,0
K7LH46,E9L577,0
A0A0R0HJR0,K7L2D7,0
I1MTB5,I1KUB2,0
C6T336,K7K1V0,0
I1LPK7,A0A0R0IV41,0
I1KRV5,A0A0R0KJM2,0
I1N7G4,K7LG20,0
I1MK83,I1MUM8,0
I1KC50,K7MPZ4,0
A0A368UI50,A0A368UIC9,0
I1K3U6,K7MYK9,0
I1JT87,I1LF90,0
C6TCJ0,I1LIQ3,0
I1J8C9,A0A0R0K6U4,0
I1MT23,I1JD07,0
I1N5R9,I1KUX4,0
I1L3Q3,A0A0R0EWR2,0
A0A0R0GTG6,I1N1Z5,0
K7L2D7,C6TAB5,0
A0A0R0L4P0,I1K4L3,0
I1N447,A0A0R0K4Z5,0
I1KJF2,I1JCA9,0
I1KM88,K7MC85,0
I1J981,I1N696,0
K7KNT9,I1K6N8,0
A0A0R4J583,I1LCJ2,0
A0A0R0KVY6,I1M3M4,0
A0A0R0IEK0,A0A0R0JJK0,0
E9L577,I1J765,0
A0A0R0KIG7,A0A0R0IZ75,0
C6SZ46,K7LXD3,0
K7L723,K7KTY4,0
A0A0R0GAV8,A0A0R0JC18,0
C6TGX5,I1L7G4,0
C6SVB8,Q1W376,0
I1KNI7,I1JKD2,0
I1MZ53,K7KW44,0
I1N0L1,K7KGR8,0
I1NDE0,A0A0R0EJV2,0
I1LLH3,K7KIY4,0
A0A0R0FB78,A0A0R0L5Q1,0
K7LNG6,K7MNK5,0
A0A0R0FB78,I1JHQ1,0
I1K723,K7LCS7,0
A0A0R0HEI5,K7L406,0
I1NGH7,I1JK31,0
I1KZ09,I1M130,0
Q39817,I1KZX6,0
I1JA95,I1KHV8,0
I1LMR4,A0A0R0HSY5,0
I1MCK2,K7M4K7,0
A0A0R0GBB6,Q1W376,0
I1LCG9,I1K1I6,0
I1MGG7,K7M0S3,0
I1KZK2,I1LSB5,0
I1K5I3,I1NB48,0
K7LSZ2,A0A0R0K4Z5,0
I1NIE5,C6SXY4,0
I1K3U6,I1L9K4,0
I1M957,I1JM84,0
I1KEX8,A0A0R0JYX3,0
M1FN34,K7KR21,0
K7N1T9,I1MKX7,0
I1L2H4,K7MLH4,0
A0A0R0GS00,A0A368UGG7,0
K7MM89,I1MYD2,0
I1LGD6,K7KED0,0
K7ML50,A0A0R0HEI5,0
I1MT23,I1LKZ0,0
I1KJG4,C6SWR4,0
I1JC08,I1KFP9,0
K7KLG8,A0A0R0FNY5,0
K7LFU4,D2D5G3,0
K7LZ50,C6T065,0
A0A0R0J6N9,I1JET9,0
I1LF24,A0A0R0E8N5,0
I1N8C9,I1M1P1,0
I1K0U5,K7KH93,0
A0A0R0EKB4,I1JIA6,0
I1MCK5,I1JJX3,0
I1LIQ3,I1KNI7,0
A0A0R0F5Y7,I1M487,0
I1JMD6,K7L6K2,0
Q2PMU5,K7MNN5,0
A0A0R0JQT2,I1LTG9,0
I1LNP4,A0A0R0IM79,0
A0A0R0GYZ9,K7KTS8,0
G3E7M6,A0A0R0I5N9,0
I1N3U5,A0A0R0KVY6,0
K7KVV2,I1MLC3,0
I1M368,I1MUC6,0
P01070,I1JE11,0
K7KRK6,I1K9T5,0
C6TCG0,I1LWD6,0
K7MMD7,I1L4E4,0
I1JQF4,K7KNT9,0
I1MM35,I1LKV0,0
I1JKD2,I1J547,0
K7LP01,I1KJB2,0
I1MZV0,I1MQC8,0
K7KX46,I1JSY7,0
I1M269,I1MUS3,0
I1KM01,I1L5I2,0
I1JU23,K7KN13,0
K7LU89,I1JJ76,0
A0A0R0I304,K7K355,0
C6TGA9,C6TMK2,0
I1JW06,I1MR73,0
I1M8A0,I1JQK9,0
I1KQP5,I1LEC4,0
C6SVA8,I1J9U5,0
A0A0R0GS25,I1MQC8,0
K7LG20,C6TJ17,0
I1KZY8,C6TK31,0
Q42808,A0A0R0JC18,0
I1LHS8,I1N5D5,0
I1JD36,I1JGB2,0
A0A0R0FA21,I1MF07,0
I1LP31,C6TN61,0
I1LPK7,I1N453,0
A0A0R0K0C4,I1LKZ0,0
I1JKP7,I1N019,0
I1MYD2,I1LC77,0
I1KM07,A0A0R0HJR0,0
I1JIH3,I1NFY2,0
I1J8M6,I1JVT1,0
I1LG22,I1MM97,0
A0A0R0G8N1,K7K127,0
I1JPH8,Q45FY8,0
I1K3U6,I1L0K8,0
I1LEC4,I1JCB1,0
A0A0R4J646,I1L1A1,0
K7LXN4,K7L723,0
I1MVZ6,A0A0R0K0K3,0
K7LLV5,I1M3W1,0
A0A0R0E6T9,I1N4F6,0
A1YUN0,A0A0R0EUJ0,0
A0A368UGG7,I1JZ89,0
I1K115,I1JD07,0
K7MUC8,I1JGX0,0
I1MS33,I1M5N9,0
I1MZT5,K7MPJ9,0
A0A0R0K4Z5,I1NC50,0
I1MGY9,A0A0R4J426,0
K7M9T4,Q9SLW5,0
I1K3E9,C6T1E8,0
C6SWS6,I1N551,0
I1LP11,I1LI05,0
I1MG54,I1N453,0
I1KNI7,I1MHX1,0
I1L759,K7LIZ8,0
I1MUC6,C6SX83,0
I1L285,I1J8W6,0
I1L1L3,K7KNG2,0
K7N563,I1LDP9,0
K7KW44,I1LA40,0
K7L2K6,P93163,0
C6TCH4,C6TN61,0
B0M1A3,I1JFW4,0
A0A0R0KFY8,A0A0R0HSV6,0
I1KG02,I1K9J7,0
E9KBR9,I1LXY1,0
I1KAJ9,I1K7G0,0
E9L556,I1N448,0
A0A0R0FB78,K7L6P0,0
I1JET8,A0A0R0L5Q2,0
K7KAB4,I1MV80,0
I1KRU0,I1MC96,0
K7LH46,I1KFP9,0
I1KUN6,K7MUM5,0
I1K5Q4,K7MQD2,0
I1KJR2,I1N8X8,0
I1JD07,K7L2K8,0
I1JIW1,A0A0R0JRB0,0
I1M119,I1MAX9,0
I1M6B9,I1K642,0
A0A0R0HJR0,K7K355,0
P01070,I1JJB8,0
I1ND31,C6TCH4,0
I1KUB2,I1K9R1,0
I1NIT4,A0A0R0HLZ4,0
K7LMW2,I1JMH3,0
I1M4L1,I1KJB1,0
A0A0R0JQT3,I1KS65,0
I1KCA3,I1LRR9,0
I1LVN3,I1JUP2,0
A0A0R0L5Q2,I1JIW1,0
I1JQF4,I1KAD1,0
I1N6D4,K7MVE2,0
K7MUM5,C6SYN1,0
C6T8S2,K7L5S0,0
I1MCK2,A0A0R0FUK3,0
I1JM84,A0A0R0KVY6,0
C6TIQ9,K7LIZ8,0
C6T090,K7KLG8,0
C6TAB5,C6TN61,0
C6TLW3,I1MVC6,0
I1MS26,I1KZC9,0
Q2TUW0,I1KMM6,0
K7M0S3,P93163,0
I1KMS8,A0A0R0ICK4,0
C6TC28,K7N598,0
I1MSN3,I1LTW8,0
I1JDK2,I1KQ73,0
K7MLC5,A0A0R0E8K1,0
I1NAJ5,A0A0R0E934,0
C6TNW3,I1LCH2,0
A0A0R0IF33,I1K4V8,0
A0A368UIM7,Q7XJ86,0
I1LJ81,I1N7M0,0
K7ML50,I1KNB5,0
K7LHS7,I1KM07,0
A0A0R0L419,I1KHZ8,0
A0A0R0FEN3,I1K925,0
I1KJB1,I1KCA3,0
I1J9H6,I1K0U5,0
I1MZV0,C6SZ46,0
I1KZK2,A0A0R0JT51,0
A0A0R4J4H6,I1N7F4,0
I1LPC2,I1JE16,0
I1N8X8,K7L329,0
I1KQE3,I1MQ30,0
I1LF24,K7LIE3,0
A0A0R4J583,I1JM84,0
I1NB01,I1LBJ5,0
K7KJB2,I1N371,0
I1N8X8,I1MLD5,0
I1MFN0,I1MU00,0
I1KA75,A0A368UJF6,0
I1LRR9,A0A368UHM9,0
K7KNT9,I1JF82,0
I1J8M6,I1KT08,0
I1MJH1,I1J574,0
I1NCF6,I1NC50,0
I1MBN8,I1KYL4,0
I1JD36,A0A0R0KWL0,0
I1MCH7,A0A0R0KZR2,0
P49084,I1MTH5,0
I1MEA7,I1KA98,0
A0A0R0HSH0,A0A0R0FFT1,0
I1JCB1,K7K5C0,0
K7KGR8,K7LJS8,0
A0A368UID0,I1KV48,0
Q39817,K7LXA6,0
I1JN65,K7M846,0
I1KM07,I1KYL4,0
I1KIG1,I1L1W0,0
C6T1H3,K7KNG2,0
K7MTL2,I1LLS4,0
I1JMY9,A0A0R4J653,0
I1JE11,I1KZC9,0
M1FP94,I1MHX1,0
I1L171,A0A0R0HSH0,0
E9KBR9,I1MF42,0
A0A0R0HLZ4,I1KEC8,0
I1MFI0,I1LLS8,0
A0A0R0IWM0,I1LWP5,0
Q2MJR5,K7L329,0
I1LXK8,A0A0R0G8N1,0
I1N933,I1KC50,0
K7LR18,I1LCP4,0
I1MZJ8,C6TJ43,0
I1KEC8,I1KDF1,0
C6TJW1,I1MBA8,0
I1NAJ5,I1M487,0
I1K9J7,I1JM15,0
I1JE11,I1K3F0,0
I1LCG9,I1LPC2,0
I1L5L1,I1NF53,0
I1J8V8,A0A0R0JSJ9,0
I1KP66,A0A0R0LCZ4,0
K7K2H0,K7M5U7,0
I1M8U0,A0A0R0L419,0
I1LKV0,I1KCM4,0
K7K894,I1K1R5,0
I1JDU3,K7MUM4,0
I1KM64,I1M225,0
I1MJH1,K7KEQ2,0
I1MAC4,C6TG34,0
A0A368UI76,K7LXY1,0
K7MNN5,I1K0E4,0
Q8GZU9,I1LPC2,0
C6TNM5,I1K4L3,0
A0A0R0JV11,I1MG38,0
I1K5E7,I1M2U6,0
I1JFW4,I1NBA2,0
I1LI32,I1MQ30,0
A0A368UJ62,I1K642,0
E9KBR8,K7MZN9,0
A0A0R0FNY5,A0A0R0KY77,0
I1KYL4,I1JC08,0
Q6SPR2,I1MGE5,0
K7KP05,K7LX60,0
I1MJB3,K7KFY5,0
K7LQS4,A0A0R0K5H8,0
K7LSZ2,A0A0R0HSV6,0
I1LU06,I1L1A1,0
I1KQP5,A0A0R0K6U3,0
I1J5E3,I1JDK2,0
I1L6H1,P01070,0
K7M387,P07134,0
I1NHQ6,I1N8M8,0
I1MTV9,A0A0R0JBV0,0
I1MW49,A0A0R0IR73,0
I1MG54,K7MTE7,0
C6T8C4,I1LP11,0
I1JW26,I1JI54,0
A0A0R0EEW3,I1JDK2,0
I1JFW6,I1NA10,0
I1MBN8,I1KM19,0
Q43463,I1LNY2,0
I1K9T5,C6TKD8,0
I1K3X9,A0A0R0IQ72,0
I1KL89,I1M4B9,0
A0A0R0GPH9,I1J4T6,0
A0A0R0FUA1,A0A0R0EYS5,0
K7LZ50,K7MUV9,0
I1LXI0,A0A0R0JYX3,0
I1LRR9,I1KM88,0
C6TI98,K7KED0,0
I1KK11,I1LGI3,0
A0A0R0GS25,I1NE02,0
A0A0R0IF61,I1K723,0
A0A0R0JT51,I1LUV4,0
I1LV79,I1KM64,0
I1JE09,I1LT87,0
I1LVN3,I1KRL9,0
I1N8V4,E9KBR9,0
K7MTL2,A0A0R0JBV0,0
I1MQC8,I1LC77,0
A0A0R0IJF6,A0A368UI10,0
K7MM50,I1K0U5,0
K7KFZ9,I1KA71,0
I1K4Y6,I1J4G8,0
C6TLW3,I1LEF5,0
I1LN30,I1L9G9,0
I1NG45,I1LTW8,0
C6T988,I1J4G6,0
I1JET9,I1NFR9,0
A0A0R0L828,A0A0R0G3R9,0
I1MLJ0,I1JIH3,0
Q9M4R7,I1LLH3,0
A0A368UH16,K7MM40,0
A0A0R0GYC5,K7LTV8,0
A0A368UJ62,I1JUK7,0
A0A0R0JEV3,K7LHW6,0
K7KLG8,I1LWD6,0
I1JF82,I1K9R1,0
A0A0R0JI98,C6TCJ0,0
C6SVR0,I1KZY9,0
I1KRL9,I1K089,0
I1JHQ1,I1K3E9,0
K7LJ17,I1LNF0,0
A0A0R0FGT9,K7KUG2,0
I1NE42,I1MF50,0
A0A0R0G3R9,I1K9W3,0
A0A0R4J4G7,I1JUV6,0
I1K5E7,I1LPK7,0
K7MGH8,A0A0R0F5Y7,0
K7LR18,I1MQC8,0
I1JWK3,I1JN65,0
A0A0R0KN53,I1LCZ2,0
I1JDN7,I1L7G4,0
A0A0R0HLZ4,K7N4K5,0
I1LUZ5,A0A0R4J2H3,0
I1K467,I1M4B9,0
I1MAC4,I1LTG9,0
I1K065,Q8GZU9,0
C6TIQ8,A0A0R0I5R9,0
A0A0R0FA21,I1LA40,0
A0A0R0E8K1,K7MMD7,0
I1LBQ3,I1LLA0,0
I1NHN6,I1LN92,0
I1LH30,I1MEQ1,0
A0A0R0EJV2,A0A0R0EV33,0
I1L3Q3,I1K6E7,0
A0A0R4J4G7,K7MUS8,0
A0A368UHM9,P01055,0
I1L2Q0,I1JK59,0
A0A0R4J455,I1L694,0
M1FIS9,I1MCK5,0
K7MDN4,C6TG34,0
A0A0R0K0K3,I1LXY1,0
K7K578,I1M292,0
I1JZ64,I1LUL9,0
I1N798,I1MEA7,0
I1LTM1,A0A0R0FTI5,0
I1KAJ9,A0A0B5EC52,0
I1MS33,Q2PMU5,0
K7KH93,I1MUR2,0
K7M849,K7LIZ8,0
C6T065,I1MBS8,0
I1JC08,I1NFB9,0
Q70MR6,I1LT34,0
I1JMY9,I1KJB1,0
I1JGP8,I1LJH2,0
I1JNF2,I1MBA8,0
A0A0R0JQJ0,C6TGP5,0
C6SWG9,I1JC65,0
K7MUS8,I1MAC4,0
K7MUD4,I1LUV4,0
K7MTE7,I1NAJ0,0
I1JA30,I1MTH5,0
K7LWG6,I1KDP2,0
C6TNM5,I1N7G4,0
I1LLS4,I1N976,0
I1K3R3,I1L171,0
K7KRK6,I1K723,0
I1LTW8,A0A0R0I5R9,0
A0A0R4J2H3,I1MKX7,0
I1JDN2,A0A0R0HM21,0
I1KZY9,I1L367,0
A0A0R0E934,I1LUV4,0
I1KIJ1,A0A0R4J2U8,0
I1MDY5,K7LLN2,0
K7M466,I1KNI7,0
K7MMD7,K7MDN4,0
C6T1E8,I1LUL2,0
K7L1E6,I1KUF4,0
I1JAI4,I1JR22,0
K7L6K2,I1LUL2,0
I1K3K8,I1LFD2,0
C6TM45,A0A0R0G3R9,0
I1LG65,I1JET8,0
I1KRV5,A0A0R0KIG7,0
Q94C02,I1MT23,0
I1JET4,I1K938,0
I1L9K4,I1LJG9,0
K7LK09,I1LV79,0
I1MZV4,K7KEQ2,0
I1JRS5,I1JJB8,0
A0A0R0JC18,Q84L66,0
I1K9T5,I1J9L7,0
A0A0R0GWH6,I1JET4,0
Q45FY8,I1N850,0
I1NE02,A0A0R0E6T9,0
I1N453,I1J981,0
I1KM07,I1LWB8,0
I1M5N9,K7MC85,0
I1KM01,K7MPI6,0
A0A0R0JSC0,I1MUZ7,0
I1LWP5,I1JMD6,0
A0A368UID0,I1KJX6,0
I1LA39,I1LZ51,0
A0A0R0JQT3,A0A0R0E8N5,0
A0A0R0FTJ2,I1KV48,0
A0A0R0FEC1,C6T2F8,0
I1LN52,K7LSZ2,0
C6T034,I1KFL5,0
A0A0R0JC18,E9L572,0
A0A368UI50,I1JF58,0
I1MHG6,K7LJ17,0
A0A0R0HSY5,A0A0R4J2H3,0
I1MG54,I1JD52,0
A0A0R0EYS5,I1MR79,0
A0A368UH16,Q9SLW5,0
K7LP01,K7K5C0,0
A0A0R0GAV8,A0A0R0IF42,0
A0A0R0FNY5,A0A0R4J5T8,0
K7MNP5,I1KAJ9,0
A0A0R0EWR2,I1LCZ2,0
K7KTA9,I1NHQ6,0
I1JHJ8,A0A0R0KRN8,0
K7KWE4,A0A0R0J9Y6,0
I1K246,I1LGS0,0
I1MJB3,K7K9T5,0
I1MJB3,I1JZ64,0
K7K4C7,C6T214,0
I1NE42,K7MYK9,0
C6T972,K7L2K6,0
A0A0R0FLW1,I1MGE5,0
A0A0R0J296,I1KJ84,0
K7K3R6,C6T5U0,0
I1KZX6,A0A368UI50,0
I1LRR9,I1KA71,0
I1JXS8,I1KNE4,0
I1LF90,A0A0R0HJR0,0
I1MG42,C6T1G9,0
I1M038,I1K5I3,0
A0A0R0G1X4,I1LGI3,0
I1LZ93,I1KCM4,0
A0A0R0JNM4,I1J5B4,0
K7KUK2,A0A0R0I304,0
Q9M6D6,K7KTY4,0
I1J4L6,A0A0R0GIH6,0
I1JSY7,I1LSW3,0
K7MRW8,A0A0R0FUK3,0
I1NJ53,A0A0R0FB78,0
I1JC65,I1KBI7,0
I1KM64,I1KJX6,0
I1L0F0,Q6SPR2,0
Q9XE60,K7MXH5,0
I1LI05,I1JMK4,0
K7KIY4,I1MM97,0
K7LXD3,A0A0R4J5J3,0
I1J8M6,I1KV48,0
I1M6B9,K7K127,0
K7KEQ2,K7LXN4,0
I1MQD2,I1MT23,0
C0M0V4,I1MCH7,0
I1KL32,K7LIE3,0
C6TN61,Q2PMP8,0
I1MBS8,I1JKG7,0
K7M841,K7K894,0
I1MEF5,I1KLS0,0
I1K925,C6T099,0
I1KJ81,I1N9J8,0
I1LI32,D2D5G3,0
I1J8V8,I1LZ51,0
I1JAI4,K7N525,0
K7KEQ2,K7M5U7,0
I1KZJ9,I1LEQ3,0
I1KDF1,I1M4L1,0
K7L2K6,I1KTY9,0
I1KYS8,I1K9C2,0
I1KVC1,A0A0R4J3I7,0
A0A0R4J5B7,I1K4V8,0
I1L285,I1KL32,0
C6TDC0,I1KJB1,0
I1KJB1,I1JPY7,0
I1JS41,C6TIQ8,0
I1KAJ9,K7K9D6,0
K7LMW2,I1MF50,0
I1JKG7,A0A0R0KRN8,0
C6SVB8,Q45FY8,0
K7MUM5,I1JE14,0
A0A0R0GZ30,I1KVC1,0
I1LP11,K7K9D6,0
P45621,I1ML11,0
I1LN52,I1LEI8,0
I1L3Q3,I1LV18,0
K7KF95,I1LNZ9,0
A0A0R0EDS9,I1JRV0,0
I1K4R8,I1N780,0
I1KDF1,I1KAQ7,0
C6SX83,I1JJB8,0
K7MM89,I1JKG7,0
C6T336,A0A368UGG7,0
K7MEB1,K7L476,0
I1JN71,I1M3A3,0
C6T9Z5,I1M6V9,0
K7L329,I1JUQ6,0
C6T217,A0A368UIA0,0
C6TE39,I1K1W8,0
I1K1R5,I1JV03,0
A0A0R0G1X4,K7M849,0
I1NHN6,Q70MR5,0
I1JW65,I1ML11,0
K7MUS8,K7LXA6,0
I1JRE0,Q0H950,0
P62302,I1M592,0
I1LGI3,A0A0R0KJL0,0
A0A0R0E8N5,I1K938,0
A0A0R0IEK0,K7L2K8,0
A0A0R0HSA0,I1M6M9,0
I1KZX6,A0A0R0G3L8,0
I1KT08,K7KN39,0
I1N5R9,I1LCH2,0
P49084,I1K0U5,0
I1MB99,I1KJG4,0
K7L9S8,I1MNS7,0
I1MD26,I1JXJ3,0
A0A0R0L419,M1FP94,0
A0A368UGA0,I1NCN7,0
I1NHX1,Q39898,0
G3E7M6,I1MUS3,0
I1L2Q0,A0A0R0LK19,0
A0A0R0IF61,K7K9D6,0
K7KL60,A0A0R4J2Q5,0
K7K355,I1K3K7,0
I1KHJ4,I1MUM7,0
I1KHJ4,K7L406,0
I1KVC1,C6TER0,0
K7KJI6,Q70MR6,0
A0A0R0KZR2,I1K970,0
I1M786,A0A0R4J2Y1,0
I1LPK7,K7L2R0,0
I1JGX0,K7LHS7,0
I1L367,A0A0R0L419,0
I1LXK8,K7K318,0
A0A0R0I5R9,I1K9R1,0
I1M4B9,I1KV48,0
I1MW49,C6TD23,0
K7KRK6,Q9SWR5,0
I1NIT4,I1LIA8,0
I1MEF5,K7KN04,0
I1M3Y7,A0A0R0GU87,0
K7MLC5,K7LTR0,0
I1LUL9,C6TJ97,0
I1M2S7,I1MK83,0
I1JV68,I1M2U6,0
K7KIY4,A0A0R0HJR0,0
Q2Q021,Q9FQD3,0
A0A0R0K5H8,C6TJW1,0
I1KUE8,K7ME58,0
K7M5U7,C6TEN9,0
K7MUV9,A0A0R0FXD4,0
I1LC77,Q8W1A1,0
A0A0R0GFL3,I1LU06,0
A0A0R0K6I2,I1N4F6,0
Q71EW8,K7KHU1,0
M1FN38,I1N1X2,0
I1K970,I1MVZ6,0
I1LU06,A0A0R0G1X4,0
I1JDK2,I1JGB2,0
I1KZK2,A0A0R0L828,0
A0A0R4J5C5,A0A368UGA0,0
I1MRP6,I1N8T4,0
A0A0R0KMM9,K7KFY5,0
K7LQV0,I1J8P0,0
I1MCH7,I1JD07,0
A0A0R0JBV0,K7L2K6,0
I1LL05,I1LPT5,0
K7MM40,A0A0R0JI69,0
I1M5N9,K7LXN4,0
K7MXE0,K7LNG6,0
I1LGS0,A0A0R0FAD6,0
K7MFE5,K7KIY4,0
I1LLS4,Q9XE60,0
I1JGU8,C6T8C4,0
K7MXE0,I1KVG9,0
C6SXY4,I1KBI7,0
C6SYW6,I1LSB5,0
Q39817,I1JSY7,0
C6T9W4,A0A0R4J3C2,0
I1LP98,K7LJ72,0
A0A0R4J2U8,K7N3Z1,0
K7MPJ9,I1MPJ4,0
K7LIZ8,I1JWK3,0
I1NF53,I1JZ89,0
I1N780,A0A0R0G3L8,0
A0A0R0L3G5,A0A0R0L5Q1,0
I1JX17,B4YB10,0
I1KWU9,A0A0R0JQT3,0
I1K006,C6TKD8,0
A0A0R0JV11,I1LMA5,0
K7LTG4,I1LJH2,0
A0A0R0JQ82,I1KM01,0
I1LEC4,A0A0R0KWT5,0
I1LNY2,A0A0R0GHT9,0
A0A0R0JRI8,I1LR95,0
I1JGK9,I1MLM1,0
I1LI32,I1MNU2,0
K7MUS8,I1KVG9,0
K7M864,I1M225,0
I1JXI4,K7LFD7,0
I1JMZ7,I1JRJ3,0
C6T065,I1LWB5,0
I1JW26,I1KM19,0
I1LLS4,K7M9L4,0
I1LGD6,A0A368UIE1,0
I1L7R2,I1LCP4,0
I1JDU3,I1JGP8,0
I1MJH5,I1J5E3,0
A0A368UHM9,K7LP01,0
I1L735,I1LU06,0
A0A0R0JI98,I1NIT4,0
A0A0R0L5Q1,I1MNU2,0
I1KHJ4,I1KC50,0
I1MUZ7,I1LU38,0
I1JJX3,I1JYX2,0
I1KQ70,I1M6V9,0
A0A0R4J4D0,I1JW26,0
A0A0R0J5Y2,K7KAB4,0
A0A0R0HDW2,I1J9W9,0
A0A0R0GFL3,A0A0R0IW53,0
I1K6J1,C6TMK2,0
I1KIG1,K7LQS4,0
C6TGZ1,I1LAH1,0
I1LUT1,C6TML7,0
I1K3F0,A0A0R0L3G5,0
K7MUM5,I1NGJ8,0
I1LSW3,I1L7R2,0
I1LLH3,A0A0R0FTI5,0
I1LIK7,I1KJ81,0
I1KL32,I1JV03,0
A0A0R0JQ82,A0A0R0J5Y2,0
I1KA71,K7KED0,0
K7MNP5,I1NIT4,0
I1JC08,I1MGY9,0
I1JWE9,C6SWA8,0
A0A0R4J2L5,A0A0R0IZ75,0
I1LTW8,C6SYW6,0
I1JHN9,A0A368UI10,0
I1JM15,I1KQ70,0
E3SXU2,I1N019,0
I1M1E5,A0A0R0H668,0
I1JRE0,K7KRK6,0
A0A0R0FLW1,I1LJ34,0
K7KK86,I1LDB6,0
I1MUR2,A0A0R4J365,0
I1M957,A0A0R0H141,0
K7K9D6,I1K5B7,0
C6T211,I1NAJ5,0
I1KQE3,I1K970,0
K7L4N7,I1JVT1,0
C6SZ70,A0A0R0HDW2,0
I1K925,I1M6V9,0
A0A0R0IQ72,I1JX10,0
I1MZ51,K7LHS7,0
I1MLC3,A0A0B5EC52,0
I1M3M4,K7L7W0,0
A0A0R0HQY2,K7MRW8,0
I1KDP2,K7M0S3,0
A0A0R0JI69,A0A0R0H141,0
Q6SPR2,A0A368UGC3,0
I1JXS8,B4YB07,0
I1JV68,I1JUP2,0
I1LUE0,K7MFE5,0
I1LLJ4,I1KQI1,0
I1KV61,A0A0R0I5R9,0
I1LJG9,A0A0R0G1X4,0
I1JC50,I1LGS0,0
A0A0R0KQ74,C6SZ46,0
I1M2S7,K7LG20,0
K7MDN4,I1KQC3,0
I1KNG6,Q42808,0
I1LF90,I1KBD9,0
K7KES1,I1MEF5,0
K7KHN1,K7LQS4,0
I1MBI6,I1K925,0
K7LCS7,I1KNB5,0
E9L565,I1JKK4,0
I1MLC3,A0A0R0GFM7,0
A0A0R0HSA0,I1J8P0,0
K7KWE4,A0A0R0I5V1,0
I1KQI1,I1KDU3,0
I1MV56,K7LJS8,0
I1M269,K7K3R6,0
I1KA98,I1L7G4,0
I1K5E7,I1K065,0
B0M195,I1N453,0
A0A0R0HM21,I1L7J3,0
K7MNE6,I1K6J1,0
I1M2U6,C6TGZ1,0
I1MS33,I1N2G0,0
I1MUN6,I1JCQ8,0
I1JWE9,A0A0R0H8Q8,0
A0A0R0KR59,A0A0R0EV33,0
K7MQT1,K7M6Z2,0
Q42797,I1N4F6,0
I1JRU7,I1MUM7,0
A0A0R0HXH4,A0A0R0FAD6,0
K7LIZ8,I1L645,0
K7KES1,I1JPY7,0
C6TMK2,K7MNE6,0
A0A0R0GIH6,A0A0R4J455,0
I1J765,K7MFE5,0
I1KL32,I1LG22,0
A0A0R0HXH4,Q43463,0
I1JE11,A0A368UJF6,0
A0A0R0FLV6,K7LIZ8,0
C6SWA8,K7KF95,0
Q43463,I1KRV5,0
K7LFU4,A0A0R4J536,0
I1MJJ9,C6TD23,0
I1N551,A0A0R0FEC1,0
I1MEA7,K7L2K6,0
K7MNK5,K7KGB3,0
A0A0R0GU87,K7MPI6,0
A0A0R0GAV8,A0A0R0KMM9,0
I1JET9,K7MQ01,0
I1LEF5,A0A0R0FHD2,0
I1LCJ2,I1JM84,0
I1KA98,I1MRK4,0
K7N563,C6TMK2,0
I1N448,K7LQS4,0
I1LZ93,I1LFD2,0
A0A0R0EV33,I1N055,0
K7N4K5,I1LG65,0
C6SWD1,I1JW65,0
K7LSG7,K7M5Q8,0
C6TML7,I1L5U9,0
A0A0R0JI98,I1KVG9,0
A0A0R0GFL3,C6TI98,0
I1KBI7,I1KJG4,0
I1JC08,I1KRV5,0
K7M864,C6TCH4,0
B4YB07,I1K5J7,0
A0A0R0JBV0,A0A0R0JRB0,0
A0A368UID0,K7L7W0,0
C6TI98,A0A0R0JRB0,0
I1JXI4,I1J5E3,0
I1K925,I1LIQ3,0
A0A368UIA0,I1L5L1,0
A0A0R0JYX3,A0A0R0JQ82,0
K7MUV9,A0A368UJ62,0
I1JD07,E9L572,0
I1KMM6,A0A0R0F392,0
I1MJH5,I1K6N8,0
I1N898,K7KA65,0
I1K1W8,K7MLH4,0
I1MUN6,I1MZV0,0
I1LCP4,A0A0R0IM79,0
I1KRL9,D8WJ57,0
C6TGA9,I1MJB3,0
I1N846,A0A0R0FGT9,0
I1JGX0,K7LSG7,0
K7LSJ2,K7MPJ9,0
K7M4K7,I1L171,0
I1JIK2,I1KZY9,0
I1M998,A0A0R4J461,0
I1MHK8,I1JIW1,0
K7KN13,A0A0R4J4C5,0
I1M1D5,K7K355,0
I1MR11,K7L406,0
A0A0R0EL31,C6TJ43,0
I1NG17,I1J709,0
I1M6F0,I1MLC3,0
K7KTS8,I1N5V6,0
I1J8M6,K7LK09,0
I1LD16,I1LVL7,0
A0A0R0I304,K7LWG6,0
A0A0R0FEN3,A0A0R0JRI8,0
I1N780,I1K1D7,0
K7L2R0,Q9SLW5,0
A0A0R0IQ72,I1KTP1,0
I1LNP4,Q6SPR2,0
A0A368UIC9,I1K6U7,0
I1N5D5,A0A0R0JQT3,0
I1MF42,K7LJS8,0
I1JRJ3,A0A0R0KRF1,0
I1KV61,I1LZ93,0
I1NHF4,I1LXY1,0
I1L5L1,I1MCK5,0
I1L367,M1FN34,0
A0A0R4J5J3,K7LQS4,0
K7MAQ6,I1M6B9,0
K7KK86,A0A0R4J5J3,0
C6T003,A0A0R0KVY6,0
I1M4L1,I1MHA5,0
I1KZJ9,I1JA30,0
I1LKN9,I1KA75,0
K7MVE2,I1M3W1,0
I1M5N7,A0A0R0G3R9,0
A0A0R0EKB4,K7L2R0,0
A0A0R0JI69,I1LXI0,0
I1N2Z4,K7L1E6,0
I1N371,I1MBS8,0
K7L2K6,K7M6J1,0
I1N9J8,I1LWB5,0
A0A0R0ECE8,I1MFF9,0
I1MQW6,I1JT87,0
C6TF29,A0A0R0GHT9,0
I1LP31,A0A0R4J3I7,0
Q8W1A1,I1MLD5,0
K7K808,A0A0R0IZA1,0
I1N8C9,A0A368UIC9,0
I1K3U6,A7X641,0
I1M5N9,I1KDP2,0
K7MNE6,I1JMX7,0
I1JIA7,A0A368UJF6,0
K7MFE5,Q84L66,0
I1K0E4,I1N371,0
K7KVN0,I1L7D4,0
I1MLC3,K7KW44,0
K7KUK2,A0A0R0HSY5,0
A0A368UI10,I1J4T6,0
I1LDY8,A0A0R0FHD2,0
A0A0R0GHT9,Q2MJR5,0
I1JQ20,I1MMY0,0
K7L4N7,K7MQ01,0
I1MD26,A0A0R0J7Q6,0
I1K963,E9L572,0
A0A0R0ELE0,I1LXK8,0
C6SVR0,A0A0R4J4H6,0
I1M5Z9,I1ND31,0
I1KHK1,Q71EW8,0
A0A0R4J646,I1NAJ0,0
A0A0R0IF42,E9L556,0
K7M849,I1JQP8,0
I1MC96,I1M1D5,0
I1JJN8,I1NJ53,0
I1KM01,I1JSY7,0
C6SYE1,C6TKV3,0
C6T8S2,P07134,0
K7K5R7,E3NYP3,0
I1N8L0,I1ND31,0
I1JCB1,I1L6I6,0
A0A368UIA0,I1LJ34,0
A0A0R0IF42,I1NB01,0
I1MK83,A0A0R4J4D0,0
I1JSY7,I1M643,0
I1MEF5,I1K0A7,0
I1LLJ4,I1JPY7,0
I1LEC4,I1NAJ5,0
I1K065,I1JNF2,0
I1KDJ8,K7KEQ2,0
I1LJD2,Q39817,0
I1KT08,K7M387,0
I1KP14,I1KA54,0
K7M6R4,K7KJI6,0
I1KQE3,K7MPX8,0
C6SWR4,I1J4L6,0
I1N448,I1MF07,0
A0A0R4J3C2,I1KHJ4,0
C6TAM7,P01064,0
I1KA75,P62302,0
I1K642,I1MV56,0
A0A0R0FHD2,I1JSD2,0
I1JRJ3,I1KH38,0
I1LAH1,I1MDY5,0
K7M353,C6TK27,0
K7KTS8,I1KZ26,0
I1MF26,I1LHY5,0
A0A0R0K188,I1KNA2,0
K7LXN4,I1KPE7,0
I1M796,I1JQP8,0
I1LCR6,A0A0R4J2U8,0
K7LI90,A0A0R0FLW1,0
K7N529,I1LP98,0
M1FN34,A0A0R0FB78,0
A0A0R4J4D0,I1MLC3,0
A0A0R0LBA6,A0A0R0FLW1,0
K7LX60,I1KNI7,0
I1JV68,I1LKN9,0
I1LKY8,I1LTW8,0
I1LPC2,K7L406,0
I1K6N8,I1LC77,0
I1KFZ9,I1LIU7,0
I1LIT1,K7K808,0
C6TBL4,I1JPP8,0
K7N529,C6SYW6,0
A0A0R0HDW2,C6TER0,0
A0A0R0FIP9,A0A0R0JNM4,0
I1N483,K7KVN0,0
K7M6J1,I1MF50,0
E9L577,C6TIA6,0
I1MJB3,I1JF58,0
I1KAD1,I1M4L1,0
I1L4E5,K7KP05,0
A0A0R0KZR2,C6SXD3,0
I1JXI4,I1MZ08,0
Q2PMU5,P24337,0
A0A0R4J2H3,I1JAI4,0
I1K963,C6SYN1,0
I1N933,I1K0E4,0
A0A0R4J2Q5,I1KRC8,0
Q71EW8,I1N976,0
C6SYN1,K7L4N7,0
A0A0R0JQT2,K7M4K7,0
I1MJJ9,K7KZX6,0
I1LIG9,A0A0R4J2U8,0
I1LPJ8,I1M1D5,0
I1M5Z9,I1KAQ7,0
Q0EDG6,A0A0R0K6U4,0
Q39810,I1L645,0
I1KRC8,A0A0R0LCZ4,0
I1JIK2,I1N7M0,0
K7LG20,A0A0R0FNY5,0
I1JIK2,I1LNZ9,0
I1LTM1,C6T336,0
I1KAR1,I1K1W8,0
I1JKP7,C6TCH4,0
A0A0R0HQY2,Q8LPW2,0
I1MQB9,I1M7M5,0
A0A368UI76,I1KZ09,0
I1KJ81,I1LNP4,0
K7K808,I1NCF8,0
A0A0R0G8N1,I1LQ55,0
A0A0R0FVX1,I1MEQ1,0
A0A0R0IL99,I1LEQ3,0
A0A0R0EKI7,I1JJN8,0
I1K669,I1JQK9,0
I1L7R2,I1LUZ5,0
I1LJG0,I1L1Q8,0
A0A368UJF6,I1KRV5,0
A0A0R4J5Z8,A0A0R0GHT9,0
I1N0L1,I1L7G4,0
A0A0R0JQ82,I1JET9,0
K7KVV2,I1KRV5,0
C6TGA9,I1KHJ4,0
I1NG45,I1NGJ7,0
I1KCM4,I1NA38,0
K7KTS8,I1KQD8,0
I1MR73,I1JA95,0
I1JN71,I1L9G9,0
I1LGS0,I1MCK2,0
K7L6K2,I1KCY5,0
I1K1D7,I1M8A0,0
I1LHS8,K7KX46,0
A0A0R0FNY5,C6T003,0
C6TK73,I1N6D4,0
I1N019,I1MSN3,0
A0A0R0F5Y7,I1KJG4,0
I1N8V4,I1NAL7,0
A0A0R0GYZ9,I1KHZ8,0
K7M5U7,I1J8C9,0
I1J8V8,I1N0L1,0
C6TBL4,K7MUD4,0
I1N019,I1KZY8,0
I1LQ64,I1M4L1,0
K7KL60,M1FIS9,0
I1LRL9,C6TAM7,0
I1LUE0,I1LP11,0
I1MQD2,C6SWR4,0
I1LNP4,I1NJ53,0
K7K1V0,C6T7K0,0
K7M466,A0A0R0GZ30,0
I1L540,I1LSB5,0
I1LRL9,I1LEC3,0
I1NDA1,I1MGE5,0
A0A0R0IXT8,I1JCQ8,0
I1JK67,A0A0R4J5C5,0
I1LST6,I1L880,0
I1L7R2,I1JS15,0
I1KJX6,I1JE09,0
A0A0R0HM21,K7K578,0
I1MUN6,A0A0R0J7Q6,0
I1K6J1,C6TIQ8,0
I1LUZ5,I1M3W1,0
I1KHK1,K7KH93,0
A0A0R4J4D0,I1MGY9,0
I1JWE9,I1NHH3,0
I1KQD8,I1MQB9,0
A0A0R0F5Y7,I1N898,0
Q8GZU9,I1JUU2,0
A0A368UIE1,K7L684,0
A0A0R0H668,A0A0R0G3L8,0
A0A368UIC9,I1LFG6,0
E3WC98,I1JW06,0
I1LHS8,I1KCA3,0
I1M5S3,M1FP94,0
I1L880,K7LRR7,0
I1KZ09,I1MHU4,0
K7K9D6,I1MGG7,0
A0A0R0K0C4,Q9M4R7,0
M1FN38,I1K938,0
I1J8V8,K7K894,0
I1LKY8,I1L6I6,0
I1KPN4,K7KAB4,0
I1KNB5,I1LLS8,0
Q1W376,I1MXY0,0
I1MUR2,I1L7G4,0
P01064,I1L0G2,0
A0A0R0IYY7,I1JK67,0
B4YB10,C6SWD1,0
I1N483,A0A0R4J4H3,0
I1KIG1,I1LR48,0
A0A0R0H537,I1L367,0
I1KCY5,I1KFF8,0
K7KKT1,I1LFD2,0
I1KJR2,I1KG02,0
I1MX88,I1N2J3,0
A0A0R0FFT1,A0A0R0GIH6,0
I1N5R9,I1K506,0
I1LL05,I1KRL9,0
A0A0R0FZM4,I1LXK8,0
I1LTM1,I1LEC4,0
A0A0R0GYC5,I1JZR6,0
K7KFZ9,B9MST0,0
I1LAH1,I1MFN0,0
I1L0G2,I1KZY9,0
A0A0R0JQJ0,I1NGJ8,0
A0A368UHM9,K7K1V0,0
A0A0R0ICK4,K7MNE6,0
I1KZY8,A0A0R4J5N5,0
I1MBI6,K7MQG6,0
K7MVE7,I1KHZ8,0
C6TCJ0,I1K925,0
I1MP75,I1JSI5,0
A0A0R0HJR0,K7KFY5,0
I1M946,I1M3A3,0
I1LEC3,A0A368UGC0,0
K7M841,I1LIU7,0
A0A0R0KJL0,I1LR48,0
I1MUR2,I1MDD8,0
I1M277,C6T1H3,0
A0A0R0GYC5,I1MJH1,0
I1NGH7,A0A0R0J5Y2,0
I1JGU8,I1JJB8,0
K7MUM4,I1LPJ8,0
A0A0R0HSC1,I1KQI1,0
C6SW04,C6T972,0
I1LLJ4,I1JYT2,0
E9L577,A0A0R4J3I7,0
I1KJB1,K7KVV2,0
I1KFP9,I1LTW8,0
K7L2K6,K7LIZ8,0
A0A0R0E8N5,I1MIX6,0
C6T857,I1N4F6,0
I1LLA0,I1M1C4,0
K7LY43,I1M7Y3,0
I1K0E4,I1LEF5,0
A0A0R0K6I2,A0A0R0GZ30,0
I1KHK1,K7K127,0
A0A0R0L7U5,I1KBI7,0
A0A368UIA0,I1JET9,0
Q94C02,K7MM89,0
I1NGJ7,I1JAH7,0
K7LR18,I1KEC8,0
I1MCH7,I1K5J7,0
K7M841,Q70MR6,0
I1LCP4,I1LPK5,0
F8WRI5,K7KES1,0
I1NAJ5,K7LIZ8,0
I1M6V9,I1KLS0,0
K7MPX8,I1KUN6,0
I1LWB8,C6SXT9,0
C6TAM7,C6SVA8,0
K7MM89,A0A0R0IF42,0
C6TJH2,I1K3R3,0
I1MBS8,A0A0R0L419,0
I1M6B9,I1J9W9,0
I1JUP2,I1LTE6,0
A0A0R0IM79,I1LDY8,0
K7MTL2,I1NIE5,0
C6SZG1,I1L6I6,0
A0A0R4J2U8,I1NIT4,0
I1J7U9,I1KAQ7,0
I1LDY8,C6TBU3,0
Q39810,I1MLC3,0
C6TD23,I1KZC9,0
I1KZX6,A0A0R0HW00,0
I1M8F0,I1K3R3,0
I1L4E4,I1KJR2,0
C6SZ70,I1LIA8,0
I1K6U7,I1JET8,0
A0A0R0IF61,I1LIQ3,0
I1N505,I1M325,0
K7LLN2,K7L2K6,0
K7MY00,I1JF82,0
I1N5S0,I1JJX3,0
A0A0R4J5T8,I1NCN7,0
A0A0R0F214,K7KRK6,0
I1JR22,A0A0R4J461,0
A0A0R0KN53,I1LF24,0
A0A0R0IQ72,A0A368UIM7,0
I1M6B9,K7LXN4,0
I1N7F4,I1KHJ4,0
I1JHJ8,I1LGS0,0
A0A0R0L5Q2,C6TD23,0
I1LA49,K7MKF1,0
I1N780,I1LUL2,0
I1JS15,K7KN04,0
C6T7K0,C6TNN4,0
I1MGE5,I1JD07,0
I1JE51,A0A0R0GFH3,0
I1MUP5,I1M786,0
K7KHU1,I1L9Z8,0
I1J981,I1KM27,0
I1LPK7,I1L1A1,0
I1MFI0,I1MFN0,0
I1M2S7,K7KES1,0
K7MAQ6,A0A0R0GBB6,0
I1JX17,I1KIJ1,0
I1KRC8,K7LI90,0
I1MQC8,I1LCP4,0
C6SWU3,I1M038,0
K7K127,I1K9J7,0
I1KZX6,A0A0R0GU87,0
A0A368UIC9,A0A0R0KRF1,0
I1K938,I1L7R2,0
I1LIU7,C6TIA6,0
K7MEB1,K7MQ01,0
I1JHJ8,A0A0R0JBV0,0
K7KFZ9,I1L6T8,0
I1LPC2,I1JYX2,0
K7K9D6,I1L3P5,0
I1JKG7,I1MW51,0
I1MFI0,I1K9T5,0
I1JQY7,I1LVN3,0
I1L1L3,I1K146,0
I1MLF1,I1JYG3,0
I1LMN5,I1KCA3,0
I1KA75,C6TE57,0
K7M6Z2,C6SZG1,0
I1KMS8,C6TKD8,0
I1KYL4,I1LII4,0
P24337,I1M946,0
I1LT87,I1LH30,0
I1KP14,A0A0R4J2Q5,0
I1JY66,I1KTP1,0
K7LFD7,I1MS33,0
I1KQP5,K7MAQ6,0
K7KMU1,I1LG22,0
I1M292,I1LJ81,0
I1KLS0,A0A0R0FLV6,0
I1M1D5,I1KJG4,0
I1JPP8,A0A0R0JBV0,0
I1LU06,A0A0R4J4H3,0
A0A0R0K0K3,I1JKK4,0
C6TER0,K7KN04,0
I1MK83,I1KK11,0
I1LIG9,I1LJ34,0
K7L7W0,C6T0A0,0
K7MPI6,A0A0R0KIG7,0
I1KZX6,I1J957,0
A0A0R0HSH0,I1KVG9,0
I1MZJ8,I1MHK8,0
I1ND31,K7M0S3,0
I1N448,C6T988,0
K7N4K5,I1M7M5,0
I1K7G0,I1JIH3,0
I1JPP8,K7L6P0,0
K7KRK6,I1MLC3,0
K7LR18,K7KES3,0
A0A0R0EDS9,K7LU89,0
K7MC85,I1LAH1,0
K7LJ72,A0A0R0HXK5,0
I1N7M0,I1LJD2,0
K7MZN9,I1LKV0,0
K7KN04,I1JJN8,0
I1LST6,I1JX10,0
I1JN65,I1MG42,0
I1NBA2,I1LA39,0
K7M841,I1JRE0,0
C6SW04,I1MEA7,0
C6T8C4,A0A0R0IYY7,0
K7LLV5,I1MUC6,0
I1MG54,I1JDN7,0
I1KZJ9,I1L7D4,0
I1LG65,K7KTS8,0
I1JGK9,I1L880,0
I1K3F0,I1KZY8,0
I1MBL5,I1N898,0
I1JE16,I1KMM6,0
A0A0R0IT62,A0A0R0JQT2,0
I1K5J7,I1KXP5,0
I1J981,I1LU06,0
C6SWH0,M1FIS9,0
K7LR18,I1JIK2,0
I1JN65,K7MUM4,0
I1LKV0,I1LTW8,0
I1KBD9,C6TM45,0
I1KP14,I1MSN3,0
I1K1R5,A0A0R0FNY5,0
I1L5U9,I1K9T5,0
K7KMU1,K7N525,0
A0A0R0JSC0,A0A0R0EMR0,0
I1L0G2,Q84L66,0
K7KK86,I1N846,0
B0M1A1,I1MM97,0
I1LIA8,I1JA30,0
Q2TUW0,I1JUK7,0
I1KHV8,I1JDN2,0
K7K808,I1KVC1,0
I1KP26,Q1W376,0
A0A0R0I5R9,P01070,0
A0A0R0FGT9,I1LNY2,0
C6SZG1,K7LJ17,0
A0A0R0H668,B0M1A3,0
I1LP98,I1MZJ8,0
K7MFZ6,K7KL60,0
A0A0R0GAV8,I1L540,0
I1LMA5,I1JIK2,0
A0A0R0GYZ9,A0A0R0JQT2,0
A0A0R0F5Y7,K7L2R0,0
I1MQW6,K7M2G2,0
I1LJ81,I1K9C2,0
I1LUZ5,I1JA30,0
I1J5A4,A0A0R0KWL0,0
I1JHN9,K7L0E7,0
I1NCF8,I1JB52,0
K7KTA9,A0A0R0ECE8,0
I1M1D5,I1KCM4,0
K7LEU7,C6T1G9,0
I1JQK9,I1NHX1,0
I1MUM8,I1JN71,0
A0A0R0KN53,A0A0R0G7B5,0
I1JDN7,I1MFI0,0
I1KAJ9,I1J4G8,0
A0A368UIM7,A0A0R0IF42,0
I1KZJ9,A0A0R0HEM4,0
E9L572,I1LZ93,0
I1JB52,Q8W1A1,0
I1LHR6,I1LLS4,0
I1N551,A0A0R4J426,0
I1JQK9,K7KAB4,0
I1JK31,I1LLH3,0
I1L6V0,I1JLC7,0
P24337,K7K9T5,0
I1N371,K7MPI6,0
K7MNP5,I1MZ08,0
A0A0R4J426,I1M1I7,0
C6SXY4,C6T065,0
A0A0R0JV11,K7L9M2,0
K7LU89,A0A0R0KRN8,0
I1N798,A0A368UID0,0
I1JHN9,I1NB01,0
I1JSG1,I1JV03,0
I1KCA3,C6T7K0,0
I1K006,C6SXD2,0
I1N850,I1L3P5,0
K7MEB1,I1NGH7,0
I1KZX6,I1JT87,0
I1LA40,I1KCM4,0
I1N8V4,I1M1I7,0
I1LUL2,I1N7M0,0
A0A0R0L7U5,I1JX10,0
I1K9G7,K7L145,0
I1LGR6,I1NAJ0,0
I1MLM1,Q42798,0
I1MFN0,I1LBA8,0
C6T0A0,K7M0S3,0
A0A0R0GPR8,I1JSI5,0
K7LDF3,C6TK73,0
I1KUX4,A0A0R4J5K6,0
I1JHN9,A0A0R0GUR9,0
I1MAC4,C6TGZ1,0
K7LTR0,A0A0R0I5R9,0
K7L1E6,K7LHS7,0
A0A0R0K4Z5,I1M038,0
A0A0R0KMM9,I1J574,0
I1M957,I1MUP5,0
C6TMK2,Q2PMQ4,0
K7KVN0,I1KJG4,0
I1LUV4,I1N5D5,0
K7KES1,I1MZ53,0
I1KYL4,C6TE39,0
I1N5D5,I1JKK4,0
A0A0R0K6C1,I1LBA8,0
C6SWA8,A0A0R0JQJ0,0
A0A0R0KVY6,A0A0R0EEW3,0
A0A0R0GHT9,I1LEC3,0
A0A0R0J296,I1MFI0,0
K7KGR8,I1NJ85,0
I1LV79,I1KSD0,0
A0A0R0FUK3,K7LY43,0
I1N371,Q9M6D6,0
I1N2J3,K7L7W0,0
A0A0R4J4C5,K7M864,0
I1MHA5,E9KBR8,0
I1KAD1,K7MDN4,0
I1MNU1,I1N8X8,0
I1KDP2,I1J5E3,0
I1LKN9,I1LN30,0
C6T8C4,I1MU00,0
I1JZ99,K7L2K8,0
A0A0R0EDS9,K7M846,0
A0A0R0FNY5,C6TK73,0
I1MMY0,I1M5S3,0
A0A0R0FX75,I1L5L1,0
C6T972,I1K565,0
C6SZQ0,K7LFU4,0
A0A0R0IW53,I1J4K1,0
I1MRK4,I1LF90,0
A0A0R4J646,A0A0R0GTG6,0
Q45FY8,I1LV18,0
I1K4L3,I1NGH7,0
I1LUL9,A0A0R0L7U5,0
I1NAJ5,I1MR79,0
A0A0R0EKI7,I1LR95,0
A0A0R0JI69,A0A0R0EV33,0
C6TM45,K7L6N7,0
K7KUG2,I1KNB5,0
I1JCQ8,K7K5C0,0
K7MNE6,C6SXG9,0
K7LNG6,I1L285,0
A0A0R0GWH6,I1M796,0
I1K7G0,K7KN13,0
I1LI96,I1K3E9,0
I1K938,I1LJH2,0
I1MHU4,I1L5I2,0
A0A0R0HSA0,I1LV79,0
K7K3R6,I1L1A1,0
K7LIZ8,K7K3R6,0
A0A0R0G7B5,K7KEQ2,0
I1MX88,I1L7J3,0
I1LV79,C6SXY4,0
I1NDE0,C6SZG1,0
I1M3A3,I1N7F4,0
I1N8F6,I1K925,0
I1KJD2,I1J574,0
I1L3N6,I1JD07,0
I1N8C9,I1LFG6,0
I1JET4,E3WC98,0
I1N6D4,K7K2H0,0
I1N5D5,I1KAQ7,0
I1JXS8,A0A0R0JQJ0,0
I1LU38,A0A0R4J536,0
I1KFQ1,A0A0R0FJR0,0
Q9XE60,A0A0R0H141,0
A0A0R0LBA6,A0A0R0GPH9,0
K7K8Y9,A0A0R0KRN8,0
A0A0R0KWL0,K7K578,0
K7M9L4,A0A0R0FUK3,0
A0A0B5EC52,I1JWE9,0
K7KWE4,I1NHX1,0
K7LRR9,I1L7R2,0
A0A0R0GUR9,K7MM40,0
I1MIX6,I1LKD9,0
I1KHV8,K7L5S0,0
Q6SPR2,I1LEI8,0
A0A0R4J4H6,I1K0A7,0
K7N129,I1KPE7,0
I1N6D4,K7K9D6,0
A0A0R0J6N9,I1NCV4,0
C6SWD1,C6TAB5,0
I1LDP9,I1LR48,0
I1KJ84,K7MM52,0
I1JQK9,K7MNE6,0
A0A0R0JBV0,I1MW49,0
A0A0R0EJV2,A0A0R0ELE0,0
I1KCM4,K7LNG6,0
I1LPJ8,C6SVR0,0
K7MPX8,A0A0R0J5Y2,0
K7LIE3,I1MZV0,0
A0A0R0F695,K7K4C7,0
I1JR22,I1LNZ9,0
I1M1D5,I1MXY0,0
I1JQP8,I1K5B7,0
A0A0R4J426,Q9SWR5,0
I1KJ81,I1LG65,0
I1LTM1,E9L556,0
I1LJ81,A0A0R0EKB4,0
I1JX10,A0A0R0E2R0,0
I1LMN5,I1JUQ6,0
I1M643,I1NJ53,0
P93162,K7LFD7,0
K7M387,K7LTG4,0
K7KN39,I1M325,0
I1KY31,I1J5W0,0
C6T9Z5,K7LTG4,0
C6TNN4,I1JE09,0
I1M5S3,C6SWU3,0
I1JAH7,C6SXT9,0
I1KUB2,I1JMZ7,0
K7LIZ8,I1JRJ3,0
K7LZ50,K7KUG2,0
I1KPB0,I1KGY4,0
I1K3K8,I1M038,0
I1JS41,Q9FQD3,0
I1L4I9,I1K065,0
I1JAI4,I1JC43,0
I1L6V0,A0A0R0I304,0
A0A0R0HEG0,C6T2G5,0
A0A0R4J3X6,I1LJG0,0
I1JR22,I1JQF4,0
I1LIT1,I1JGP8,0
I1L6V0,Q9AWB2,0
K7LG20,I1LLS4,0
I1MD26,I1KA98,0
I1JAI4,I1M3M4,0
K7KH93,I1LXI0,0
I1JZ64,C6T1E8,0
K7L406,A0A0R0KRN8,0
I1KEX8,I1LUL9,0
I1MHG6,K7M5U7,0
K7MLC5,Q9XE60,0
I1KHK1,A0A0R0GPH9,0
I1LLA0,I1LKD9,0
A0A0R0FNY5,A0A0R0GG06,0
I1KDF1,I1KC50,0
I1J4G8,I1JYX2,0
I1KM07,A0A0R0F5Y7,0
I1LFD2,A0A0R0K6C1,0
Q1W376,I1M5N0,0
I1LN92,K7M0S3,0
A0A0R0L1N9,I1MFF9,0
C6TA11,A0A0R0KJL0,0
I1MUM8,I1LGI3,0
K7LQS4,I1N344,0
I1M5X1,I1M5Z9,0
I1JZR6,I1LWP5,0
I1N371,K7N1T9,0
A0A0R4J5B7,K7N0V8,0
I1LEC3,I1K970,0
I1JAI4,I1MEA7,0
A0A368UIA0,I1LPW2,0
I1JGU8,I1LFG6,0
A0A0R4J3I7,I1K669,0
I1KDU3,I1K3E9,0
A0A368UI50,K7LXA6,0
E9L575,I1MNV2,0
I1M5Z9,A0A0R0FFT1,0
K7KFY5,C6TKD8,0
A0A0R0JSJ9,I1LUV4,0
I1KQU2,I1KC50,0
I1K0E4,I1LGI3,0
I1NGJ7,A0A0R0GJJ0,0
I1LEC4,A0A0R0KN53,0
I1K938,I1MU00,0
I1KC40,I1M946,0
I1LTG9,I1MBS8,0
K7KX53,I1K506,0
I1JNF2,A0A368UI50,0
I1M311,I1KG02,0
I1LGI3,A0A0R4J2Y1,0
K7MVE2,K7KES1,0
K7KA65,C6TKV3,0
I1JJN8,K7K5R7,0
K7MB82,I1JK67,0
K7L145,I1JY66,0
I1KIQ2,I1JF82,0
I1M5X1,I1MNS7,0
Q8W1A1,I1LNY2,0
I1MQW6,I1L2T1,0
I1MUM8,I1JEC6,0
I1K146,K7LCS7,0
I1MLC3,A0A0R0EDS9,0
I1J702,A0A368UGA0,0
I1JET9,I1J957,0
Q39817,I1KL89,0
I1KPE7,Q42798,0
I1KBV2,I1LXI0,0
I1JPH8,I1LSB5,0
I1JJX3,K7L329,0
A0A0R0FTJ2,C6T1G9,0
A0A0R0GFL3,I1JN65,0
I1LG65,I1MTB5,0
I1MZ08,K7L9S8,0
A0A0R4J583,K7MPI6,0
A0A0R0I5V1,I1JJB8,0
A0A0R0HW00,K7LLV5,0
A0A368UGA0,I1L0K8,0
I1KNE4,I1MR73,0
K7KMU1,K7LHW6,0
K7KL60,K7K318,0
Q94C02,K7KJI6,0
K7MPX8,A0A0R0HEI5,0
I1KP14,I1JQ20,0
K7MVE2,I1N2Z4,0
K7LFU4,C6SVR0,0
I1NG17,K7M864,0
A0A0R4J583,K7L2D7,0
K7MZN9,C6SZQ0,0
A0A0R4J461,I1M3Y7,0
I1L6I6,A0A0R0FLW1,0
I1K708,I1K723,0
K7KZX6,I1KFL5,0
I1N3Z3,Q9M6D6,0
I1KJG4,I1K467,0
I1K708,A0A368UJF6,0
I1KWU9,I1MEQ6,0
A0A0R0EJV2,I1LFD2,0
K7KEQ2,I1JY66,0
I1M957,I1MEF5,0
A0A0R0FVX1,I1LQ55,0
C6TA11,A0A0R0KRN8,0
A0A0R0K6U4,I1MBA8,0
K7MZN9,A0A0R0FGT9,0
I1JMY9,I1JNF2,0
K7KNC5,I1KZ09,0
E9L558,I1KV61,0
I1JRS5,C6TKD8,0
A0A0R0IV41,E9L558,0
I1KJF2,A0A0R0JI69,0
I1MFI0,I1K006,0
A0A368UGC0,I1N055,0
I1JXI4,K7L0E7,0
A0A0R0FTI5,I1LP31,0
K7N129,C6SX83,0
K7KRK6,A0A0R0HSV6,0
C6TK73,I1J957,0
I1KJX6,A0A0R0H668,0
I1KTY9,K7LIE3,0
I1MSP6,I1K1D7,0
I1LQ55,K7M5Q8,0
I1JYX2,K7MC85,0
C6SZ88,I1MG54,0
I1LR48,A0A0R0J5Y2,0
I1N5D5,I1MRP6,0
I1N696,A0A0R4J4D0,0
A0A0R0L3G5,I1N7G4,0
K7L684,I1MZ08,0
I1MTB5,I1MGE5,0
I1M325,I1JYG3,0
A0A0R0HEG0,I1K0A7,0
K7N1X2,I1KZK2,0
K7L1E6,I1K0H3,0
I1N846,I1KNA2,0
A0A0R0JQT2,P93163,0
I1JZ89,I1J8V8,0
C6TGZ1,I1J4L6,0
I1JZ99,K7KF95,0
I1LA39,I1MF42,0
A1YUN0,I1KA98,0
Q2PMP9,K7M864,0
I1MQB9,I1L2Q0,0
I1L0F0,K7LQS4,0
I1MBI6,A0A368UI76,0
I1N798,I1JGU8,0
I1K9J7,K7K8Y9,0
I1LWB8,I1LCJ2,0
I1JNF2,A0A0R0IAM2,0
I1KXK6,I1NC04,0
P93162,I1LRR9,0
I1MUM8,I1JC08,0
I1LA49,A0A0R0FLW1,0
I1NFY2,P07134,0
I1N453,I1MJH1,0
I1MB99,I1MV08,0
A0A0R0JQT2,I1K5I3,0
C6TBU3,I1LVN3,0
A0A0R0FXD4,I1JRV0,0
I1KK11,I1N898,0
I1LP98,C6THB5,0
I1J765,I1NGL3,0
I1K1R5,I1LGD6,0
A0A0R4J5K6,A0A0R0L317,0
I1LF90,I1MIX6,0
A0A0R0K0C4,I1J8M6,0
I1JMY9,A0A368UGG7,0
I1MBL5,K7K7Q8,0
K7M846,A0A0R0KJL0,0
I1KS98,I1JAH7,0
I1M4B9,I1MBS8,0
I1MBL5,I1KS56,0
I1M7M5,I1M277,0
I1KGY4,A0A0R0KIG7,0
A0A0R4J5Z8,I1LQ62,0
K7M6J1,I1L6A2,0
A0A0R0GWH6,I1M325,0
C6TDC0,C6T027,0
I1JW26,Q39898,0
C6TNM5,E3SXU2,0
I1N2J3,Q06197,0
I1N850,C6T065,0
G3E7M6,K7KKT1,0
K7K7Q8,A0A0R0KZR2,0
I1MX88,A0A0R0GS00,0
I1MZT5,K7KYM0,0
I1L4E5,K7K808,0
I1M8U0,K7MY00,0
K7MXH5,K7L939,0
C6TNW3,I1JMX7,0
I1JKD2,A0A0R4J4C5,0
I1LMR4,K7N529,0
I1K6N8,C6T003,0
C6TN61,I1L9K4,0
K7ME58,K7N5K2,0
I1LIU7,I1MLD5,0
I1KM64,I1K0W7,0
C6TGA9,A0A0R0HSV6,0
I1JE14,I1K1I6,0
A0A0R0IZ75,I1KEC8,0
A0A368UI10,I1LEC4,0
M1FIS9,I1LII4,0
I1LBN7,I1K1I0,0
K7KGR8,C6TK73,0
I1K6J1,K7L6K2,0
K7MLH4,I1JYX2,0
K7K127,A0A0R4J4M9,0
I1MZV4,I1N1X2,0
I1L2H4,A0A0R4J5J3,0
I1JIA7,I1L9K4,0
A0A0R4J4M9,Q71EW8,0
A0A0R4J536,I1MBS8,0
K7KTS8,A0A0R0GAV8,0
A0A368UHM9,I1NA38,0
I1K5Q4,I1J9U5,0
K7KAB4,I1JV68,0
I1LCG9,K7LG20,0
I1MZV4,I1M7Y3,0
A0A0R0HEG0,I1M2G5,0
K7MLC5,K7M846,0
I1KAR1,I1MDY5,0
A0A0R0F5Y7,I1KRU0,0
I1KS56,I1NGJ8,0
I1N019,C6TN69,0
I1MEF5,C6T1V1,0
I1KJ81,A0A0R0FFT1,0
C6TIA6,A0A0R0KJL0,0
I1LU38,I1MYD2,0
A0A0R4J4M9,K7N529,0
I1LMN5,I1JX10,0
I1LLH3,I1LP98,0
I1MNU2,K7K808,0
I1M311,C6T002,0
I1M6F0,K7KK86,0
A0A0R0I5R9,K7M5U7,0
I1J9H6,I1LU38,0
A0A0R0IEK0,C6TNN4,0
K7N1L5,I1N3U5,0
I1JCA9,E9L572,0
I1MBN8,I1LRL9,0
K7MUD4,K7LLV5,0
I1JHJ8,A0A0R0GYC5,0
K7K355,I1LLJ4,0
I1LDB6,K7MXE0,0
K7MJ75,I1LEC3,0
I1NA10,I1J765,0
I1L0K8,I1MNU2,0
I1MM97,I1JPY7,0
I1NFB9,I1N505,0
I1NA10,I1JYG3,0
K7L684,K7K894,0
I1K3R3,A0A0R0FHD2,0
Q70MR5,I1LIA8,0
C6TN61,P01055,0
B4YB07,A0A0R0FGT9,0
I1LG22,K7K4Y8,0
I1L0F0,M1FN38,0
K7MZN9,I1LBA8,0
C6TGZ1,I1K963,0
K7L476,I1LU38,0
K7M9L4,K7KP05,0
I1NA38,I1JK31,0
I1JYX2,I1KRV5,0
C6TF29,A0A0R0IW53,0
A0A0R0GJV8,A0A0R0ELE0,0
I1K9W3,I1LCR6,0
C6TKV3,I1JN71,0
K7LRR7,K7LP01,0
I1N7M0,I1M796,0
I1KM07,I1MUS3,0
I1JXJ3,I1KDF1,0
K7L684,A0A0R0EL31,0
K7K4C7,I1L6A2,0
A0A0R0IZA1,I1K1R5,0
I1LP31,K7KNG2,0
K7LH46,Q2Q021,0
K7M387,I1LJ34,0
I1NC04,I1N780,0
I1MZ51,I1M786,0
I1LII4,A0A0R0IEK0,0
I1LBN7,A0A0R0GFL3,0
C6TGX5,I1KS98,0
I1JPH8,I1LEC4,0
P45621,K7M4K7,0
I1JX17,I1MD26,0
A0A0R0K6C1,C6SWH0,0
I1LA40,A0A0R0KWT5,0
A0A0R0L1N9,I1M225,0
A0A0R0GZ30,A0A0R0FTJ2,0
K7MFE5,K7KP05,0
A0A0R0EUJ0,A0A0R4J309,0
A0A0R0KZR2,K7MUD4,0
A0A368UJ62,I1KP14,0
I1KQD8,A0A0R0L5Q2,0
I1JET8,A0A0R0G8N1,0
I1KAR1,I1KQP5,0
A0A0R0H690,A0A0R4J4D0,0
K7LIZ8,I1LA39,0
I1LPT5,A0A0R4J5K6,0
I1N447,A0A0R0KQ74,0
I1J957,K7L406,0
B0M195,K7KTA9,0
I1N344,K7LLV5,0
I1LPT5,A0A0R4J5B7,0
A0A0R0GJV8,K7LHW6,0
I1LCZ2,K7N3Z1,0
I1KBV2,A0A0R0KN53,0
I1JYX2,K7L2K6,0
K7N1X2,Q43463,0
A0A0R0IQ72,Q0H950,0
A0A0R0FB78,A0A0R0JRB0,0
I1L153,I1KBI7,0
I1LFD2,A0A0R4J4H6,0
I1KAJ9,I1NGH7,0
I1JIW1,K7L0V0,0
K7M9L4,C6T027,0
I1KAD1,C6TMK2,0
C6TGZ1,A0A0R4J461,0
A0A0R4J5B7,I1JMY9,0
A0A368UJ62,A0A0R0JT51,0
K7LG20,I1JGB2,0
I1K5I3,K7L684,0
M1FIQ5,A0A0R0IAM2,0
I1NAJ0,I1M643,0
I1K3X9,I1K115,0
I1N505,K7MUV9,0
I1M6V9,I1JWK3,0
A0A0R0GTG6,C6TM45,0
I1M998,K7KAB4,0
K7LVH5,K7K318,0
K7L476,P01055,0
K7N4K5,K7K3R6,0
I1MDY5,I1N8L0,0
K7KMU1,I1L3Q3,0
C6TG34,C6SXD3,0
K7N4K5,A0A0R0IT62,0
I1JIW1,I1NFB9,0
I1N6D4,A0A0R0G7B5,0
A0A368UGA0,I1MFI0,0
K7LTV8,K7K5R7,0
K7KMU1,I1KPN4,0
I1JGB2,I1KH38,0
C6TGX5,C6T0A0,0
C6TK31,I1LKV0,0
I1KZJ9,I1N344,0
A0A0R0EKB4,Q9M4R7,0
A0A0R0JI69,A0A0R0KMM9,0
I1JE51,I1KBF7,0
I1NF53,K7L9M2,0
I1KJ84,K7KNT9,0
I1JX17,I1KQP5,0
I1MHA5,A0A0R0ECE8,0
A0A0R0F719,A0A0R0EAZ9,0
I1KJB1,I1MFF9,0
I1KSD0,I1LW00,0
I1N344,I1K089,0
I1JZ64,A0A0R0HEG0,0
I1MR73,A0A0R0GPH9,0
C6TAB5,K7MZN9,0
A0A0R0H537,I1L7J3,0
A0A0R0JV11,I1M5X1,0
A0A0R0EMR0,I1M1D5,0
I1K6J1,B4YB07,0
I1L2T1,I1NE42,0
C6TBU3,I1NBA2,0
I1MW74,I1MEA7,0
C6TJ43,I1LI96,0
I1KC40,I1MIW3,0
I1K4L3,I1LNP4,0
A0A0R0FEC1,I1NGJ8,0
K7M2G2,I1KM64,0
P45621,I1LNP4,0
C6TMK2,A0A0R4J3I7,0
I1JLC7,I1JSG1,0
I1L6H1,I1KZJ9,0
I1L903,I1NGJ7,0
I1J9W9,I1JWE9,0
I1LLC6,I1JMD6,0
K7KN04,I1KIJ1,0
I1KLS0,I1JMZ7,0
C6T034,K7M9L4,0
A0A0R0GPH9,K7KWE4,0
I1KDJ8,I1MQB9,0
I1JVX3,I1M2U6,0
I1N371,A0A0R0KY77,0
I1M6F0,I1JYX2,0
I1JUV6,K7LRR7,0
K7L5S0,C6T9W4,0
I1M7M5,A0A0R0E8K1,0
K7MKF1,A7X641,0
I1JPH8,A0A0R4J426,0
K7N598,K7MUM5,0
A0A0R0FIP9,A0A0R0JC18,0
I1M1I7,K7L5S0,0
K7MPI6,I1MLJ0,0
I1K467,A0A0R0HXK5,0
C6T1V1,I1KTY9,0
C6TJW1,I1KHK1,0
I1LEF5,I1JS15,0
K7LY43,I1NJ85,0
I1KSL6,I1M1C4,0
A0A0R0IJF6,E3NYP3,0
K7K8Y9,I1KHJ4,0
A0A368UJ62,I1K2I1,0
I1LJD2,I1LIA8,0
I1LI05,A0A0R0IR73,0
I1MHG6,A0A0R0FTJ2,0
I1K4V8,K7MJ75,0
A0A0R0ICK4,P17093,0
I1LPK5,I1JGX0,0
I1N5R9,A0A0R0HSV6,0
I1LKY8,K7K894,0
I1JW65,K7KW44,0
I1KNE4,I1NDE0,0
Q42797,I1KQE3,0
I1M038,I1K4Y6,0
A0A0R0L9T4,A0A0R0EV33,0
K7N529,A0A0R0HEI5,0
I1JC50,I1KQD8,0
A0A0R0G8N1,I1KY31,0
I1JXI4,I1JJX3,0
I1LDP9,C6THB5,0
I1MQB9,A0A0R0FJR0,0
A0A368UJF6,A0A0R0J5Y2,0
I1N019,I1MQD2,0
Q2PMU5,I1KFF8,0
I1LNY2,I1JMY9,0
I1KZ26,A0A0R0K188,0
A0A0R0KR59,A0A0R0GBB6,0
K7MS06,I1KQD8,0
K7MVE7,I1JIA6,0
A0A0R0K0K3,K7L329,0
I1KCM4,I1M946,0
K7KN04,I1J8C9,0
I1MSP6,C6TJM4,0
I1LH30,K7K2H0,0
A0A0R0FAJ6,K7MLH4,0
A0A368UGC0,I1KIG1,0
Q9AWB2,I1K089,0
I1JX10,I1K3K8,0
I1K1W8,I1MZJ8,0
K7K894,I1L0G2,0
I1KJX6,K7MQD2,0
I1L735,A0A0R0GPR8,0
I1LBN7,I1JD52,0
A0A0R0FIP9,A0A0R0JYX3,0
K7LTG4,A0A0R0EKI7,0
C6TIQ7,I1K0U5,0
I1MBS8,I1K215,0
C6T1V1,K7KUG2,0
I1N4F6,I1JGX0,0
I1LKD9,I1M5S3,0
A0A0R0KWT5,I1KDR4,0
K7K3C2,C6T1G9,0
I1KA54,I1J8E3,0
K7L1E6,K7K4C7,0
A0A0R0H668,I1K925,0
I1JK31,I1L171,0
I1MNS7,A0A0R4J583,0
C6TK73,K7M6Z2,0
K7LFD7,A0A0R0KY77,0
P01055,K7MQG6,0
A0A0R0FXD4,I1J4G8,0
I1K006,I1M5S3,0
A0A0B5EC52,I1KJB2,0
K7MVE2,I1LPC2,0
K7MVE2,I1KGY4,0
A0A0R0GAV8,I1N3U5,0
I1M1I7,A0A0R0IT62,0
C6SWA8,A0A0R0EUJ0,0
I1J574,I1LCZ2,0
I1KRC8,I1J4L6,0
A0A0R4J2H3,A0A0R0GHT9,0
I1MEW6,I1JF58,0
I1N5Z3,P17093,0
C6SZ46,I1JAH7,0
I1LRL9,I1LU38,0
I1LPC2,I1KM27,0
Q2PMU5,A0A0R0KFY8,0
I1N8M8,C3VD33,0
I1JRV0,I1K3K7,0
I1JPP8,I1N3U5,0
A0A0R0GJV8,K7KH93,0
Q9AWB2,P93163,0
A0A0R0IQ72,I1KBV2,0
I1N4X6,A0A0R0HQY2,0
K7N1T9,C6T9Z5,0
I1L3P5,A0A0R0GPH9,0
K7M846,I1M1W3,0
I1MJH1,I1L7G4,0
K7MNK5,K7K5C0,0
M1FN38,A0A0R0HEM4,0
I1LUL9,K7LSG7,0
I1N2G0,K7MFE5,0
I1L332,C6TN61,0
I1LN30,A0A0R0L317,0
A0A0R0HEI5,A0A0R0FLV6,0
I1N7F4,K7K4C7,0
C6THB5,I1KP26,0
K7M4J0,I1N798,0
A0A0R0GBB6,I1MEA7,0
I1NCF6,I1JZ89,0
A0A0R0KJM2,I1LKD9,0
A0A0R4J646,Q06197,0
I1LRL9,I1M4L1,0
I1N780,C6T9W4,0
I1LG65,A0A0R4J2L5,0
I1MV80,I1M8A0,0
I1M643,I1L540,0
I1MYD2,C6TIQ7,0
K7L0E7,I1JYX2,0
I1JWE9,A0A0R0GTG6,0
I1L1A1,I1KJD2,0
A0A0R0FFT1,I1N447,0
I1LFD2,I1KBV2,0
I1JET8,I1N696,0
I1NCF8,I1MD26,0
C6TJH2,Q8GZU9,0
I1N055,I1NJ53,0
I1M3W1,I1JZ99,0
I1K099,I1LGS0,0
I1MJJ9,I1MHA5,0
C6T003,Q2MJR5,0
I1JET8,C6TG34,0
K7MRF5,K7MLH4,0
C6TK27,I1JQF4,0
K7N3Z1,I1LBJ5,0
I1L3N6,A0A0R0E8N5,0
I1M8A1,I1LI96,0
I1NHQ6,Q42797,0
I1M796,I1L7R2,0
I1K246,I1MZ53,0
I1L6I6,I1JU23,0
I1JUQ6,I1MHU4,0
A0A368UI10,I1JJN8,0
I1L9Z8,I1ML63,0
I1K115,I1L0F0,0
I1NGJ7,I1KM27,0
I1LL05,I1JZ89,0
K7ML50,A0A0R0FAJ6,0
I1MLJ0,K7KN04,0
I1MFN0,A0A0R4J309,0
C6TCJ0,I1JC43,0
K7MZN9,I1L285,0
I1MTH5,I1LFG6,0
A0A0R4J5Z8,C6TAB5,0
I1KS65,I1MMY0,0
I1M4B9,A0A0R0L7U5,0
K7MLH4,A0A368UGC0,0
I1MYD2,I1M3A3,0
K7L2D7,C6TGA9,0
C6TK31,A0A0R0L3G5,0
C6TIQ9,I1LJ34,0
P24337,I1KBV2,0
C6SWD1,K7LLN2,0
C6TEN9,A0A0R0IF61,0
I1MRV3,I1KRV5,0
I1JZ64,C6SXD3,0
A0A0R4J4C5,A0A0R0EJV2,0
A0A0R0GZ30,I1KM01,0
A0A0R4J2H3,A0A0R0IR73,0
A0A0R0K6I2,A0A0R4J5B7,0
I1K0A7,I1KBV2,0
K7KL60,I1M5S3,0
C6TLW3,K7MUV9,0
C6TJH2,K7KLG8,0
I1M2G5,I1K5I3,0
I1J4K1,I1LZ51,0
Q2MJR5,C6TCH4,0
Q2TUW0,E3NYP3,0
A0A0R0HEG0,A0A0R0HW00,0
K7LIZ8,I1NG45,0
K7MUC8,I1MBA8,0
I1JJ76,I1K9C2,0
I1NCN7,C6TN69,0
I1LWB8,I1JAI4,0
A0A0R0FG80,A0A0R0L4P0,0
I1L645,K7KVN0,0
I1K3F0,I1KUX4,0
A0A0R0EV33,I1K0H3,0
I1L4I9,I1N7G4,0
I1M2G5,A0A0R0FGT9,0
I1L1W0,I1K1I6,0
A0A368UJF6,C6SWR4,0
I1LH30,I1LI32,0
K7M353,I1MKX7,0
Q56GA2,I1JKD2,0
I1N019,K7L2D7,0
I1K9W3,E9L572,0
I1KM88,I1M4B9,0
A0A368UID0,I1KNV7,0
C6TNW3,C6T090,0
I1KBI7,K7LIZ8,0
A0A0R0FGT9,I1K099,0
I1MTV9,I1LXK8,0
I1KVC1,A0A368UIC9,0
I1N019,I1JK67,0
A0A0R4J2H3,K7MGH8,0
I1MVC6,I1J4B5,0
I1N7F4,I1JHJ0,0
A0A0R4J653,I1LTE6,0
Q56GA2,I1MKJ6,0
Q9SLW5,I1MUZ7,0
I1MNU2,A0A0R0K4Z5,0
K7KR21,I1LN92,0
K7MFZ6,I1JET9,0
A0A0R0FTJ2,C6T988,0
I1MTH5,I1M5N7,0
K7KK86,A0A0R4J3I7,0
I1NA38,K7LEU7,0
I1M277,C6SZS1,0
A0A0R0G3L8,I1N5D5,0
A0A0R0JSC0,I1J9W9,0
I1MAC4,I1K3G1,0
I1N798,I1N5Z3,0
I1JMH3,I1NGJ7,0
I1MK72,I1KDP2,0
C0M0V4,I1LA49,0
I1KDF1,I1MTB5,0
I1LJD2,C6T2G5,0
A0A0R0IAM2,I1KZK2,0
I1L5U9,A0A0R4J5B7,0
A0A0R0L317,I1MDD8,0
I1KV61,I1MEQ6,0
I1M1P1,Q94C02,0
I1JV68,A0A0R0HLZ4,0
C6TCH4,C6TGP5,0
I1KNA2,A0A0R0KFY8,0
I1KHZ8,A0A0R0FFT1,0
I1LF90,I1NCF6,0
A0A0R4J365,A0A0R0JQT2,0
I1N898,I1JPY7,0
K7KAB4,I1MK83,0
I1KM64,A0A0R0J2W1,0
C6TK27,I1M8U0,0
K7MPZ4,I1MQW6,0
K7L6P0,I1MV08,0
I1KVG9,A0A0R0GJV8,0
K7KN39,I1KZ26,0
I1MJH5,I1LI32,0
A0A0R0GS00,I1LLC6,0
I1MIW3,A0A368UH16,0
K7N563,I1NE02,0
A0A0R0GAQ8,E3NYP3,0
K7MH28,A0A0R0JSJ9,0
A0A0R0JQ82,I1L4E4,0
K7KHU1,I1N1X2,0
C6TJ43,I1JKP7,0
I1LHY5,K7N4K5,0
Q42808,K7M466,0
K7L2R0,A0A0R0KMM9,0
I1LUZ5,K7KLG8,0
K7K894,I1K3G1,0
I1JMD6,A0A0R4J4G7,0
A0A0R4J646,I1MNV2,0
C6TGZ1,K7N3Z1,0
Q8GZU9,I1MM35,0
A0A0R4J426,I1M8A0,0
A0A0R4J365,I1KVC1,0
I1NHF4,I1LG13,0
Q71EW8,A0A0R0EV33,0
I1N8T4,I1LMR4,0
K7L9S8,K7LWG6,0
K7L2D7,I1LPK5,0
I1KNE4,I1N5H5,0
C6TJM4,I1J4G8,0
I1KSD0,I1KFQ1,0
C6TMK2,I1LZ93,0
I1LN52,I1MLM1,0
I1LI32,I1L1A1,0
I1K2I1,I1JKG7,0
I1KTI0,I1M225,0
C6TK30,I1JI54,0
I1LC77,K7N3Z1,0
C6TKD8,I1K1D7,0
A0A0R0GAV8,K7KNC5,0
K7K9T5,I1LN52,0
I1JV03,I1JC50,0
I1MR73,I1M119,0
I1KAD1,A0A0R0GTG6,0
I1JM18,A0A0R0ELE0,0
I1NE02,I1LXK8,0
I1LCH2,K7KFY5,0
I1MZ53,K7K894,0
I1JUP2,I1NC04,0
K7M862,K7MM40,0
A0A0R0E934,A0A0R0JBL2,0
I1KXP5,K7M466,0
I1LGI3,C6T099,0
I1JQ20,I1NCN7,0
I1LG65,A0A0R0G3R9,0
K7KN04,K7M862,0
B4YB07,C6TIQ9,0
I1MR11,I1J8D7,0
I1K642,C6TN69,0
A0A0R0GBB6,K7MM89,0
I1K925,I1LG13,0
I1K467,C3VD33,0
I1KJR2,I1KUX4,0
K7M9L4,I1MLD5,0
I1N798,I1JC43,0
I1L7R2,A0A0R0FTI5,0
A0A0R0IL99,I1M592,0
A0A0R0GFM7,C6TIA6,0
I1K6E7,I1MG42,0
I1LME8,I1N850,0
I1MW49,I1L4E2,0
I1NC04,K7M4K7,0
K7N4K5,I1J981,0
I1MU00,A0A0R0KZR2,0
C6TIQ9,I1KDA4,0
A0A0R0JNM4,A0A0R0JQJ0,0
E9L575,K7LZ50,0
I1MQB8,I1MIX6,0
I1K0H3,I1J9L7,0
I1NCF6,K7KL60,0
K7M6J1,A0A0R0JC18,0
I1KV48,I1LH30,0
I1JM84,A0A0R0K6C1,0
I1JT87,I1MM97,0
I1MV80,Q43463,0
I1MPJ4,I1LPT5,0
K7MRF5,I1L540,0
A0A0R0JRB0,K7KTY4,0
A0A0R0F214,K7LEU7,0
I1NBA2,K7M6Z2,0
I1KV61,I1L5I2,0
I1LBN7,A0A0R0HDW2,0
Q0EDG6,I1M2S7,0
A0A0R0GBB6,C6SX83,0
K7LIE3,I1M6M9,0
I1LW00,I1JRE0,0
C6T7K0,I1M292,0
A0A0R4J4H3,I1LUT1,0
I1M7Y3,I1JV03,0
I1KM01,A0A0R0KWT5,0
K7LJ17,A0A0R0ENB3,0
I1M7Y3,I1JPY7,0
I1JR22,I1K9T5,0
A0A0R0HXH4,K7MPZ4,0
I1K963,A0A0R0GYZ9,0
K7MM50,A0A0R0EUJ0,0
I1LN30,A0A0R0KZR2,0
E3NYP3,I1M592,0
I1K3X9,A0A0R0IZ75,0
I1KBF7,I1M3W1,0
K7M4J0,A0A0R0GG06,0
K7K5R7,A0A0R0HM21,0
I1L1W0,K7MUC8,0
I1LKD9,I1JSY7,0
C6TER0,A0A0R0E8K1,0
A0A0R0H8Q8,I1JT87,0
A0A368UIC9,I1M5N7,0
I1JMX7,K7N5K2,0
I1JKK4,K7KVV2,0
I1N780,I1L0G2,0
P93162,I1L880,0
I1MJH5,I1M225,0
K7MPX8,I1MTV9,0
I1LLS4,C6TIA6,0
C6T1V1,A0A0R0KR59,0
I1MK72,I1N5H5,0
I1MUS3,I1KNV7,0
I1MC96,A0A0R0KY77,0
I1KXK6,K7N1T9,0
I1JRJ3,I1KIQ2,0
I1L6A2,I1MU00,0
I1MBS8,I1NHN6,0
I1JIA6,I1KNE4,0
I1MGE5,I1JV68,0
Q2MJR5,A0A0R0FAJ6,0
A0A0R0HXH4,I1LKN9,0
C6TK27,I1LLB7,0
I1KHJ4,I1MLD5,0
I1MV08,I1MLJ0,0
I1K6H8,K7KR21,0
I1K4L3,I1N8T4,0
I1LWD6,C6SVB8,0
C6TGP5,K7LTV8,0
I1JHN9,I1JZ64,0
I1KV48,I1MU00,0
I1J4G6,A0A368UIE1,0
I1JUV6,K7K3R6,0
C6T090,C6THB5,0
I1KS98,I1MLM1,0
K7N145,I1N933,0
K7KVV2,I1LHY5,0
A0A0R0K0C4,K7MUM4,0
I1NHX1,I1JZ99,0
I1MB99,Q9AWB2,0
I1LHR6,C6SZS1,0
C6TK27,A0A0R0KVY6,0
I1LLS8,I1JNF2,0
K7LLN2,I1JXJ3,0
A0A368UIM7,K7MUM4,0
C6TA11,K7MXH5,0
I1KQ73,I1MPJ4,0
A0A0R0EUJ0,I1MEQ1,0
I1LIJ6,K7MPZ4,0
K7L723,I1LMR4,0
K7LIZ8,I1LRL9,0
I1J8P0,I1LWX5,0
K7LTR0,A0A0R0GPR8,0
A0A0R0G3R9,Q84L66,0
K7M862,A0A0R0I5R9,0
I1JCQ8,I1MGE5,0
I1M592,A0A0R0L7U5,0
C6TK31,I1MSN3,0
P01070,A0A0R0IWM0,0
I1NC50,A0A0R0EJV2,0
A0A0R4J309,I1MDY5,0
C6SV60,I1L0F0,0
I1LHS8,K7L939,0
A0A0R0IZA1,I1KDR4,0
A0A0R0IWM0,I1MS33,0
I1JN65,I1MFN0,0
K7LSJ2,I1KBF7,0
I1N696,A0A0R0HXK5,0
I1M4L1,I1L6T8,0
A0A0R0HSC1,I1JE51,0
I1KZY9,I1NFB9,0
I1KNV7,I1M3W1,0
A0A0R0KRN8,I1N0L1,0
I1MV56,A0A0R4J536,0
I1JUV6,K7L723,0
I1NDA1,I1MRP0,0
I1LRR9,I1LJG9,0
I1LGI3,I1J4L6,0
I1MZ08,C6THB5,0
A0A0R4J4C5,K7KEQ2,0
A0A0R0FAJ6,I1N505,0
I1KC40,C6SWR4,0
I1KP26,I1L5U9,0
I1N3U5,Q0EDG6,0
K7KN39,A0A0R0FZM4,0
I1JE09,K7M862,0
I1KFP9,I1KIJ1,0
I1LGS0,K7K4Y8,0
I1MD26,A0A368UIA0,0
I1LEF5,I1N453,0
K7LLF8,I1K3G1,0
A0A0R0KRF1,A0A0R0HXH4,0
A0A0R0H141,A0A0R0GU87,0
I1MTV9,I1JKP7,0
I1M786,I1MUN6,0
E9L572,K7LLF8,0
P24337,A0A0R0FEN3,0
G3E7M6,I1N7F4,0
I1KMM6,I1MJH1,0
I1NG17,I1MUZ7,0
I1KMS8,A1YUN0,0
I1JET8,Q8GZU9,0
A0A368UI76,I1JIK2,0
I1JFW6,I1LNZ9,0
A0A0R0FAD6,I1LPK5,0
K7M846,K7M466,0
I1LMA5,C6TCG0,0
C6T990,I1KVC1,0
K7L6K2,K7N563,0
I1JDN2,I1LFD2,0
K7KN04,A0A0R0FEC1,0
A0A0R4J455,I1LFG4,0
A0A0R0EJV2,I1K1R5,0
I1MEQ1,I1MW74,0
Q2PMU5,K7M841,0
I1KYL4,I1NGJ8,0
I1MR79,A0A0R0HXK5,0
I1JDN2,C6TAW2,0
I1LIG9,E9L572,0
I1M6M9,I1MZV0,0
K7MPI6,I1M786,0
I1LJ81,C6TER0,0
K7L329,A0A0R0E8N5,0
A0A0R0GYC5,Q43463,0
I1LWD6,I1LMN5,0
I1N5S0,A0A0R0KPE1,0
I1KRV5,I1MR79,0
I1K215,K7N1X2,0
I1JXI4,I1M8F0,0
K7LFU3,I1KVG9,0
K7ML50,I1KZK2,0
I1J5E3,I1LGI3,0
I1KUB2,I1N371,0
I1KI90,A0A0R4J2Q5,0
I1K0W7,I1LN30,0
I1LJG9,I1KMS8,0
I1N898,K7KN13,0
I1MRP6,I1JUK7,0
A0A0R0GPR8,I1JE16,0
K7LG20,K7N1T9,0
A0A0R0I5N9,I1MG42,0
K7MFZ6,K7L723,0
A0A0R0G1X4,I1N5S0,0
I1KC40,I1L5U9,0
I1K723,Q42797,0
I1LPJ8,I1LFG6,0
A0A0R0JQT3,I1JC08,0
I1L2T1,C6TK30,0
K7MXF1,I1JF58,0
A0A0R0FX75,I1MSN3,0
I1KYS8,I1JGU8,0
I1L6V0,I1NAL7,0
I1MHA5,I1MLM1,0
A0A0R0I5V1,I1K3R3,0
K7MRW8,I1LNF0,0
I1M8F0,A0A0R0G1X4,0
I1JM15,C6T857,0
A0A0R0IQ72,K7K149,0
K7KNG2,K7LXN4,0
A0A0R0EAZ9,I1L645,0
I1MKX7,I1LWX5,0
I1L759,I1L5L1,0
K7KNG2,I1NHN6,0
I1JDN7,I1JDU3,0
I1L0K8,K7M6Z2,0
I1NA94,I1JCA9,0
C6SWH0,I1MLF1,0
I1NCF6,I1MEA7,0
I1NG17,I1N1Z5,0
I1N8M8,C6SYN1,0
I1LXI0,A0A0R0LK19,0
K7ML50,I1LEC3,0
K7KN04,K7LXA6,0
C6T1V1,K7LVH5,0
I1L3N6,I1M7M5,0
I1LI96,I1JA30,0
K7LX60,C6SVA8,0
I1MR11,C6T1G9,0
I1K1I0,I1MQD2,0
A0A0R0FG80,I1L1W0,0
K7N5K2,I1LWX5,0
C6SWD1,I1JM84,0
I1KIG1,K7LMW2,0
K7LTG4,A0A0B5EC52,0
K7MPI6,I1JWE9,0
M1FIQ5,A0A0R0K0K3,0
I1LTM1,A0A0R0JI98,0
I1LXY1,A0A0R0EDS9,0
A0A0R0F214,I1MGE5,0
I1L0K8,I1KMS8,0
I1J8V8,K7MFZ6,0
Q2PMP9,C6T211,0
C6SYW6,K7LVH5,0
I1N0L1,I1N798,0
I1JET9,I1NCV4,0
I1LG13,I1MZT5,0
I1MG54,A0A0R0J6N9,0
I1LHY5,Q9SLW5,0
I1JSI5,I1LH30,0
I1MR73,I1MVC6,0
C6T002,K7M5U7,0
A0A0R0HSH0,Q9FQD3,0
C6TC28,A0A0R0HDW2,0
A0A0R0KZR2,A0A0R0IF33,0
I1K3K8,C6TGZ1,0
I1JXJ3,I1LBA8,0
E9L556,I1JDF1,0
I1LCJ2,E9L556,0
I1LP98,I1K0E4,0
C6TML7,I1NHH3,0
I1LBQ3,I1KDJ8,0
I1K099,A0A0R0K6U4,0
K7K5R7,I1MEW6,0
I1LXY1,I1NGL3,0
I1K0A7,I1J4L6,0
I1LP98,I1M2U6,0
I1M3Y7,A0A0R0GHT9,0
K7MUD4,A0A0R4J455,0
C6T034,I1KRV5,0
I1LCZ2,A0A0R0KFY8,0
I1MRP0,A0A0R0FJR0,0
C3VD33,I1K0E4,0
K7MQT1,C6TE39,0
I1LP98,I1N344,0
I1LW00,P24337,0
I1KBF7,I1LG13,0
K7LQS4,C6T990,0
I1KUS2,A0A0R0E6T9,0
C6TJH2,I1JE16,0
I1KP26,K7MYK9,0
A0A0R0KFY8,A0A0R0GS00,0
K7LNG6,I1KTI0,0
I1JK31,I1N6D4,0
K7LVH5,I1LCP4,0
I1KQE3,P93162,0
I1JC65,K7N0V8,0
K7KES1,I1N2J3,0
I1MUM7,C6T211,0
I1KJ84,K7KGR8,0
K7LTG4,I1M8A0,0
K7KTY4,I1L880,0
C6SV60,K7KZX6,0
I1M7M5,B0M195,0
A0A368UH16,I1NE42,0
K7KJW6,I1J4K1,0
K7LR18,Q42808,0
I1M643,I1L332,0
I1KAJ9,A0A0R4J3I7,0
I1MV08,I1KGY4,0
A0A0R0H668,A0A0R0IF33,0
I1MHU4,I1JB64,0
I1JIA6,K7KMU1,0
I1MGE5,A0A0R0JSJ9,0
A0A0R0J7Q6,A0A0R0HLZ4,0
C6TA11,I1N4F6,0
K7K1V0,B0M1A3,0
I1LFG4,I1NE42,0
K7KTS8,M1FIS9,0
I1KJX6,A0A0R0EJV2,0
I1JSY7,Q43463,0
Q6SPR2,A0A0R0H690,0
I1K3X9,I1MZV4,0
I1LCP4,K7MVE2,0
A0A0R0FX75,I1M038,0
I1MNV2,A0A0R0IZA1,0
I1LNZ9,C6T003,0
I1KV48,I1LF90,0
C6TC28,I1JIA6,0
I1KG02,I1N1X2,0
I1M325,I1JF82,0
I1JGX0,I1JN71,0
C6T2G5,I1M225,0
K7MPX8,C6T090,0
I1J8V8,I1KQ73,0
K7KJB2,I1KG02,0
Q43463,I1K089,0
K7LDF3,A0A0B5EC52,0
C6SZS1,I1M5S3,0
I1KM01,I1JUQ6,0
C6TK73,I1MF65,0
K7MTL2,A0A0R0L0E7,0
I1KCA3,I1M5N9,0
I1LEQ3,I1KMS8,0
Q42798,A0A0R0L419,0
I1JJN8,I1MNU1,0
K7KNT9,C6TN61,0
K7N5K2,I1MVC6,0
A0A0R0EKI7,I1LG65,0
I1KDA4,I1KTY9,0
I1M1C4,I1JC08,0
A0A0R0EL31,C6SZG1,0
O22518,K7K9D6,0
A0A368UJ62,A0A0R0JSC0,0
A0A0R0L1N9,K7KUG2,0
I1N5R9,K7MFZ6,0
I1N7F4,I1LJH2,0
I1MHX1,I1J8C9,0
K7M4K7,I1N798,0
A0A0R0IL99,I1M1D5,0
I1LG65,K7MAQ6,0
I1LAH1,I1JSI5,0
I1L9G9,I1KK11,0
K7MNN5,I1N850,0
I1M4L1,I1JN71,0
I1KIG1,K7KJB2,0
F8WRI5,K7MM89,0
I1LLH3,I1L171,0
Q70MR5,A0A0R0L3G5,0
I1L0F0,I1JVT1,0
K7L406,I1K3G1,0
I1N5Z3,I1JQP8,0
I1JQP8,I1MCK5,0
I1MF26,I1KM01,0
K7MRF5,Q7XJ86,0
I1JET9,K7KKT1,0
A0A0R4J2Y1,I1JCB1,0
I1KS98,K7N1L5,0
Q94C02,I1JKK4,0
I1LV79,K7KYJ6,0
K7LH46,K7L0E7,0
I1JY66,A0A0R4J2Y1,0
K7MM89,I1NC04,0
I1M311,A0A0R0L828,0
P45621,C6SX83,0
I1K6H8,K7KNG2,0
I1N5S0,I1LTW8,0
K7M6J1,K7M2G2,0
A0A0R0LBA6,I1JHN9,0
I1LCG9,K7K127,0
C6TK27,I1LBA8,0
A0A0R0JBL2,A0A0R0K188,0
I1MJH1,I1LWB5,0
I1MHG6,C6SWH0,0
I1NE02,I1JNF2,0
Q8GZU9,I1LBQ3,0
K7KW44,I1MW49,0
I1N0L1,A0A0R0K188,0
I1K5I3,K7MM40,0
I1KUF4,M1FN34,0
I1M7M5,K7KNT9,0
A0A0R0JSC0,K7L684,0
I1KXK6,I1JJB8,0
A0A0R0GFL3,I1NIE5,0
C6SWU3,A0A0R0K188,0
I1L153,C6TBL4,0
I1JHJ0,Q0EDG6,0
I1JWK3,I1JET4,0
I1L1Q8,K7KAB4,0
I1J8D7,I1KS98,0
A0A0R4J618,I1K1R5,0
A0A0R0EUJ0,I1L4E5,0
I1LIG9,C6SXD2,0
A0A0R0FIP9,C6TGX5,0
C6SWH0,A0A0R0IV41,0
E9L572,I1MVZ6,0
I1JC65,I1KDA4,0
K7MC85,I1LJ81,0
I1NJ53,Q2PMP9,0
I1KJ81,I1LGR6,0
K7KIY4,A0A0R0FXD4,0
I1K1D7,I1K089,0
I1M119,I1JZ89,0
A0A0R0I5N9,C6TCG0,0
C6T217,C6TJ97,0
I1MB99,A0A0R0IV41,0
A0A0R0F392,K7LIZ8,0
I1LCP4,K7MRF5,0
I1M5N9,I1MEQ1,0
I1LRR9,I1NC50,0
I1MF07,I1LU06,0
A0A0R4J5T8,I1JZE1,0
K7LXY1,I1KM19,0
I1MGE5,I1N7B5,0
A0A0R0FB78,A0A0R0FLV6,0
I1LGI3,A0A0R0ECE8,0
A0A0R0L419,K7M6J1,0
K7M6R4,I1M5Z9,0
C6SWA8,I1MF50,0
A0A0R4J3C2,I1KTY9,0
I1N4F6,I1L1Q8,0
C6TJ97,C6TK31,0
A0A0R0KZR2,K7K5C0,0
I1MM35,A0A368UGG7,0
A0A0R0H8Q8,I1KCA3,0
K7KN39,K7LIZ8,0
A0A0R0FLV6,K7K4C7,0
K7M6J1,K7MPI6,0
I1M5N7,I1K3F0,0
I1LCP4,I1MF42,0
A0A0R0IZA1,K7N525,0
I1MHX1,I1LDP9,0
I1JZ89,I1MZJ8,0
K7LP01,I1KNE4,0
A0A0R0F695,I1MBA8,0
I1KZY9,K7LDF3,0
I1LKZ0,K7KFY5,0
K7KNG2,K7MAQ6,0
I1LDP9,A0A0R0IJF6,0
I1KFQ1,K7MGH8,0
I1MZT5,K7N1X2,0
E9L558,I1KCY5,0
I1JIK2,E3NYP3,0
Q2Q021,I1N7M0,0
K7KES3,I1JZE1,0
I1KZ26,A0A0R0HXK5,0
I1MRP0,M1FN38,0
I1JC43,I1MV08,0
A0A0R0IAM2,I1K6J1,0
C6THB5,I1N551,0
K7L4N7,I1LIJ6,0
A0A0R4J2Q5,K7LXN4,0
A0A0R0IT62,I1KSD0,0
I1LEC3,I1LMR4,0
C6T336,A0A0R0K6C1,0
A0A0R0GZ30,I1M1W3,0
K7LU89,I1K9G7,0
I1NB48,C6T2G5,0
P17093,I1K006,0
I1LPJ8,K7M6J1,0
I1JJN8,I1MIX6,0
I1JMD6,I1K708,0
I1L0K8,I1JDN7,0
I1M119,I1K065,0
A0A0R0FJR0,E9L558,0
C6TGX5,C6TG34,0
K7MXF1,I1J9W9,0
I1L171,A0A0R0IW53,0
K7MLH4,I1MJJ9,0
I1M592,A0A0R0GZ30,0
A0A0R0KVY6,I1LPE4,0
K7L939,C6SXD2,0
I1K9W3,I1KHZ8,0
A0A0R0JT51,I1JSG1,0
Q71EW8,I1JVT1,0
I1LUL9,I1M5N0,0
I1N780,I1LZ93,0
I1N9J8,I1JUQ6,0
I1LV18,K7LXD3,0
K7LLV5,A0A0R0J2W1,0
I1KA98,C6TJW1,0
I1NCN7,I1MUC6,0
I1MG38,C6TAW2,0
A0A0R0KJM2,A0A0R4J2U8,0
I1KV48,I1K669,0
I1K4Y6,K7L9M2,0
C6TD23,K7KJB2,0
M1FN34,I1LUE0,0
A0A0R0HDW2,I1LLS4,0
I1M119,I1MR79,0
I1K0U5,I1KQU2,0
I1LCH2,A0A0R0KY77,0
I1MEQ6,C6TDC0,0
A0A0R0GFL3,I1N5Z3,0
I1LCJ2,Q2TUW0,0
K7MUM5,A0A0R0KPE1,0
A0A0R0E8N5,I1KTI0,0
K7K4Y8,C6TER0,0
I1KA71,I1MZJ8,0
I1M8F0,A0A0R4J4H6,0
I1LCR6,I1JY66,0
I1M592,C6SZ88,0
I1JCQ8,K7MRW8,0
I1MGG7,C6SXY4,0
A0A368UI76,I1JDN7,0
K7K894,I1LV18,0
A0A0R0JEV3,I1KV48,0
K7KUE8,I1L0G2,0
I1MQB8,A0A0R0KRF1,0
I1KDU3,I1MUM8,0
A0A0R0J296,K7MKF1,0
A0A0R0K6U3,K7LU89,0
A0A0R0EWR2,Q2Q021,0
I1MW74,I1K963,0
A0A0R0E6T9,I1KP26,0
I1KFZ9,I1MUM8,0
I1JE14,I1KDU3,0
I1M957,I1N3U5,0
I1JAH7,I1NCV4,0
I1J5W0,K7K8Y9,0
I1LUB3,K7KYM0,0
A0A0R0F5Y7,C6T217,0
K7L684,I1MFN0,0
A0A0R0H537,A0A0R4J583,0
C6T7K0,C6SZQ0,0
I1NFB9,K7MNN5,0
I1L6T8,A0A0R0I5R9,0
I1ML11,A0A0R0K6U4,0
C6TI98,C6T003,0
I1JRJ3,K7N145,0
P49084,I1LT87,0
A0A0R0JRI8,I1JCA9,0
I1MRP0,I1MBS8,0
C6TGZ1,I1LH27,0
I1KJF2,I1JX10,0
I1NBA2,I1MGY9,0
I1L7G4,I1LJH2,0
I1KCM4,C6TK31,0
A0A0R0GU87,O22518,0
I1L4I9,I1K1W8,0
I1KFZ9,K7M4K7,0
I1LCR6,I1LPE4,0
I1LUE0,I1NGJ7,0
I1LL05,I1MRP0,0
A0A0R0IR73,I1K5J7,0
I1L1A1,C6TJ43,0
K7L4N7,I1KA54,0
I1JW26,A0A0R0KE62,0
I1M325,C6SV60,0
K7LSJ2,K7K2H0,0
I1M643,K7LIE3,0
A0A0R0IF61,A0A0R0GS00,0
I1KH38,K7MQG6,0
I1LII4,K7LXA6,0
I1MRP6,D8WJ57,0
I1N7F4,A0A0R0E6T9,0
I1N8L0,I1JGU8,0
A0A0R0IEK0,K7M353,0
I1LI32,I1K6E7,0
A0A0R0IW53,I1KGM8,0
I1LUL9,I1M269,0
I1K7G0,I1MCK2,0
I1LDP9,I1M8U0,0
I1MFN0,I1L6V0,0
Q2TUW0,I1MZF9,0
F8WRI5,I1LBQ3,0
I1LII4,K7KF95,0
C6SV60,I1N3Z3,0
I1J5B4,K7KR21,0
I1M5S3,C6TA11,0
I1K146,I1LLS4,0
I1N055,I1L735,0
I1J8P0,A0A0R0J296,0
I1LIG9,Q1W376,0
K7LSG7,I1LIU7,0
I1JI54,K7K3R6,0
I1JC43,I1K6J1,0
A0A0R0KRN8,D8WJ57,0
A0A0R0GTG6,K7LR18,0
I1LDY8,I1MJB3,0
K7KTS8,C6T2G5,0
I1LRL9,A0A0R0GS25,0
I1M2U6,K7L476,0
I1LGR6,A0A0R0ENB3,0
K7KTS8,I1JGU8,0
A0A0R0JQT2,K7K578,0
I1LCH2,Q39898,0
C6TIK0,I1KGM8,0
I1KM01,I1M1D5,0
A0A0R4J5T8,A0A0R0EL31,0
K7L145,A0A0R0GBB6,0
I1LUE0,I1LPK7,0
I1KJ81,I1KM64,0
I1KQ70,K7KVN0,0
K7L7W0,K7LCS7,0
C6T003,A0A0R0FUK3,0
A0A0R0K6C1,K7KN04,0
A0A0R0FTI5,I1J9W9,0
I1LH30,I1MLC3,0
I1LAH1,I1KBI7,0
E3NYP3,A0A0R0FEC1,0
I1MHA5,K7KKT1,0
I1MF07,K7KTS8,0
I1MM97,K7LK09,0
I1K9R1,I1KD82,0
I1LCJ2,I1L1A1,0
K7KIY4,I1J8P0,0
K7MFZ6,C6T002,0
I1KQP5,I1LAH1,0
A0A0R0FHD2,A0A0R4J4H6,0
I1N8M8,I1N5V6,0
I1K0E4,I1JS15,0
K7KMU1,I1MLD5,0
K7LSJ2,P62302,0
I1L694,I1L5L1,0
A0A0R0JJI0,I1JCA9,0
I1L3P5,I1JC08,0
K7N525,A0A0R0HXK5,0
I1KZK2,I1KM07,0
I1J5W0,I1K938,0
K7MJ75,K7N1T9,0
A0A0R0L5Q1,I1JD36,0
I1MQB8,I1JJB8,0
I1LSW3,I1M292,0
I1JQ20,I1N4F6,0
A0A0R4J4H3,I1LD16,0
I1JJ76,I1M3W1,0
I1KIQ2,I1K1R5,0
I1LI32,I1KUF4,0
A0A0R0GJV8,K7LRR9,0
I1L735,I1MYD2,0
A0A368UIC9,C6TK30,0
I1KVC1,I1JC65,0
I1KM64,I1LA49,0
K7MUC8,I1M5X1,0
I1KL32,Q9FQD3,0
I1JUQ6,I1M3W1,0
K7KKT1,I1JA95,0
A0A0R0F695,I1N019,0
I1K963,I1LU06,0
K7MXE0,I1KZY9,0
I1JC08,I1J8W6,0
I1M269,I1LSW3,0
I1JM18,I1MM35,0
A0A0R0IT62,I1K146,0
K7MTL2,K7LSZ2,0
I1K6U7,I1L1Q8,0
A0A0R0JRB0,I1MG38,0
I1JWK3,K7LLV5,0
I1LZ93,B4YB07,0
I1KQE3,K7LIZ8,0
B9MST0,C6T972,0
I1LKD9,I1MVZ6,0
I1MLF1,I1LLC6,0
A0A0R0IV41,C6TNW3,0
K7LFD7,I1KLS0,0
A0A0R0FJR0,A0A0R0EKB4,0
C6SXG9,I1N483,0
I1N780,I1K963,0
I1K9G7,C6T9W4,0
I1KRL9,I1NIT4,0
I1J5W0,I1M5N7,0
I1MLF1,A0A0R0JRB0,0
A0A0R4J2Y1,K7M6Z2,0
K7KGR8,A0A0R0HDW2,0
A0A368UH16,I1KC50,0
P93163,C6SZS1,0
A0A0R0EAZ9,C6TJ43,0
I1LFG6,I1L7D4,0
I1MLM1,K7L476,0
I1LUL2,K7MNE6,0
C6TJM4,I1JYX2,0
Q06197,I1N8F6,0
I1KM64,I1JK67,0
I1KA75,K7LSZ2,0
I1N055,C6TE57,0
I1JSG1,I1K4R8,0
C6TD23,I1MEA7,0
M1FN34,K7LXY1,0
I1N8X8,I1M2U6,0
I1KVG9,I1K146,0
A0A0R0FEN3,K7MJ75,0
K7MUM5,I1J4B5,0
I1J8P0,I1L759,0
K7KJI6,I1M592,0
I1NBA2,I1J8E3,0
K7N525,I1LIK7,0
Q70MR5,I1LN30,0
I1KJ84,C6T9Z5,0
K7N529,I1N7M0,0
I1MVZ6,I1KZ09,0
K7K3C2,I1JXS8,0
I1NGH7,I1K5I3,0
I1LDP9,K7L329,0
A0A0R0L7U5,I1KBD9,0
A0A0R4J2Y1,Q2PMP9,0
I1MV80,K7MM50,0
I1KPN4,A0A0R0KIG7,0
I1KPN4,K7LTR0,0
K7MUM5,I1M487,0
K7KIY4,I1JK67,0
I1MXY0,A0A0R0HW00,0
C6T8C4,I1MS26,0
K7MUD4,I1M998,0
I1J547,I1KZC9,0
I1JIH3,I1KC40,0
C6T065,I1LCJ2,0
Q42798,I1MUC6,0
I1LVL7,K7KED0,0
B4YB10,I1LEF5,0
P24337,I1JRJ3,0
I1LKV0,I1MG38,0
A0A0R0G7B5,I1L6H1,0
I1LLJ4,K7KL60,0
I1JZ89,I1L3Q3,0
I1KIJ1,C6T099,0
A0A0R0GAV8,I1LIQ3,0
A0A0R0L828,I1NFY2,0
I1LEC3,I1MW74,0
I1JRE0,I1KC40,0
I1LII4,I1MR79,0
K7KNC5,I1KUX4,0
K7LCL1,I1JDF1,0
K7LK09,I1KUB2,0
I1M6B9,K7KUE8,0
I1MIX6,I1KC40,0
I1KDP2,A0A0R0FGT9,0
K7L5S0,C6TML7,0
I1JMX7,I1LCG9,0
A0A368UID0,K7KES1,0
I1K4R8,K7K808,0
A0A0R0IL99,I1MBS8,0
A0A0R4J3C2,I1KEX8,0
K7MPI6,I1MBS8,0
I1JU23,A0A0R0GJJ0,0
I1LQ55,A0A0R0K0C4,0
C6SZ70,I1K9R1,0
C6TF29,K7LSZ2,0
I1MIX6,C6TKD8,0
I1MPJ4,I1J547,0
I1M038,I1LMR4,0
K7L2K8,I1K5Q4,0
I1L880,I1N505,0
C6T214,I1MBA8,0
A0A0R0IXT8,I1JDU3,0
C6TCH4,A0A0R0IV41,0
A0A0R4J426,C6TM45,0
I1L367,A0A0R0FXD4,0
I1MUP5,I1JT87,0
A0A0R4J5B7,I1JQP8,0
I1N9J8,K7LXY1,0
I1LU38,I1N4X6,0
I1LNP4,C6SWD1,0
A0A0R0HEI5,I1JRE0,0
C6T9Z5,A0A0R0L5Q1,0
I1MJH5,C6T8S2,0
I1NB01,Q1W376,0
A0A0R0F392,I1MCK2,0
I1JQP8,I1KFP9,0
I1JJN8,A0A0R0K6C1,0
K7MLC5,I1KVG9,0
I1MFN0,I1N551,0
A0A0R0HEI5,I1JMK4,0
Q42798,I1KGY4,0
A0A0R0ENB3,I1KA71,0
C6T099,C6TJH2,0
I1LNF0,K7MRF5,0
A0A0R0FUK3,A0A0R0FLW1,0
I1KAJ9,I1JUQ0,0
I1NHH3,I1LUL2,0
I1K0A7,K7KIY4,0
I1KDJ8,I1L880,0
Q06197,I1JWE9,0
A0A0R0KRN8,K7L723,0
I1K970,C6TBL4,0
I1JXJ3,K7L2K6,0
C6T9Z5,I1KNI7,0
I1M2G5,K7KTY4,0
I1KA71,A0A0R0FA21,0
I1LTG9,I1LIJ6,0
A0A0R4J5J3,I1MSP6,0
I1JCB1,I1L0K8,0
A0A0R0IT62,P62302,0
C6T972,I1KK11,0
I1LXK8,C6T065,0
I1K970,I1KPN4,0
Q2PMU5,A0A0R4J4H3,0
A0A0R0EMR0,K7MZN9,0
K7LY43,I1MQ30,0
I1MJH5,I1KPN4,0
I1JDU3,C6TK73,0
K7M849,I1LNZ9,0
I1KAJ9,K7K894,0
C6TNM5,I1NG45,0
I1MSN3,A0A368UIC9,0
I1MB99,K7N1X2,0
K7KNG2,A0A0R0L9T4,0
C6T002,I1KRV5,0
C6TN61,K7MNP5,0
K7K4C7,I1JNF2,0
A0A0R0KFY8,A0A0R0IF33,0
K7L5S0,C6SYE1,0
C6SXY4,I1M8A0,0
C6TN61,I1KJ84,0
I1LUV4,I1K5B7,0
A0A0R0K0K3,A0A0R4J2Y1,0
K7LSJ2,A0A0R4J4H6,0
I1KGY4,I1JJ76,0
Q1W376,I1NF53,0
K7K127,A0A0R0IF61,0
I1MV80,I1MQW6,0
I1N055,I1L0F0,0
I1LVN3,I1LJ34,0
C6SWR4,I1N2G0,0
I1JX17,I1LPC2,0
I1JK31,K7LVH5,0
I1MW74,A0A0R0FAJ6,0
I1JV68,I1MRV3,0
I1LHY5,I1MQC8,0
K7N1X2,Q9M4R7,0
I1JMY9,C6TE39,0
I1JPH8,Q71EW8,0
C6TAB5,I1MG42,0
I1JMX7,A0A0R4J4H6,0
A0A368UID0,I1L1L3,0
I1KRL9,I1JYT2,0
I1LHS8,A0A0R0EWR2,0
I1L6V0,K7MFE5,0
C0M0V4,I1MCK2,0
A0A0R0GIH6,I1KHK1,0
A0A0R0F5Y7,I1J4G8,0
P17093,A0A0R0L317,0
I1KNG6,I1LA49,0
A0A0R0HXK5,I1MQW6,0
I1N0L1,I1KGY4,0
I1L759,I1M8U0,0
Q0H950,A0A0R0H141,0
I1L1L3,C6T2G5,0
A0A0R4J2Q5,C6TA11,0
A0A0R0GS00,I1JU23,0
A0A0R0I5V1,I1KQI1,0
A0A0R0HDW2,I1MLF1,0
C6TD23,A0A0R0HSH0,0
I1J9U5,A0A0R4J5C5,0
I1MZT5,A0A0R0JQJ0,0
Q39898,I1KFZ9,0
C6SV60,A0A368UJF6,0
K7L6P0,I1LH27,0
I1JIH3,A0A0R0K0K3,0
I1LPJ8,A0A0R0FUK3,0
I1M6V9,I1MZV0,0
K7L476,Q9SWR5,0
C6T972,I1K9T5,0
I1N8X8,K7KES1,0
I1KRV5,A0A0R0ELE0,0
K7K127,I1L5I2,0
I1N1X2,A0A0R0FEN3,0
I1MB99,I1K9T5,0
I1J9H6,I1MIW3,0
A0A0R4J536,I1MTV9,0
K7MH28,I1L367,0
I1NCN7,K7LCS7,0
C1PHB8,I1KS65,0
A0A0R0EUJ0,I1JIH3,0
I1K9W3,I1JHN9,0
I1NIT4,A0A0R0HW00,0
I1NAJ0,K7L2D7,0
A0A0R0JQ82,I1LG13,0
I1KAR1,I1K5B7,0
C6TA11,I1KYL4,0
K7MXH5,I1NGJ8,0
I1LBJ5,I1L9P5,0
Q45FY8,I1N7B5,0
A0A0R0GWH6,I1M277,0
A0A0R0J296,I1L759,0
K7M6J1,C6TJM4,0
I1KHK1,A0A0R0IW53,0
I1LA40,K7LSZ2,0
I1KYL4,I1N8X8,0
K7M4J0,A0A0R0EKI7,0
I1JW26,K7MM52,0
K7K9T5,I1MLD5,0
K7KX53,I1K3K7,0
I1KLS0,I1JK31,0
I1M2U6,Q9SWR5,0
I1LC77,A0A0R0E8N5,0
A0A0R0HSC1,A0A0R0E2R0,0
I1L7R2,B0M1A3,0
A0A0R0GS00,I1LUB3,0
E9L565,I1MEA7,0
I1M119,P01070,0
K7KTS8,I1NA94,0
I1LGI3,A0A0R0IV41,0
I1N7M0,A0A0R0FUA1,0
I1JIW1,I1MB99,0
C6T9W4,I1L6V0,0
A0A0R0K0K3,I1K9C2,0
I1ML11,C6SWR4,0
I1MQW6,I1M786,0
I1N5D5,I1NGL3,0
I1JMY9,A0A0R0F6H1,0
I1M3M4,K7KNT9,0
I1J9W9,I1JB52,0
A0A0R0F5Y7,K7KLY3,0
A0A0R0L4P0,I1N0L1,0
I1MUP5,A0A0R0EDS9,0
I1M311,I1LBQ3,0
C6TGZ1,K7MQT1,0
A0A0R0KWL0,I1JHJ0,0
G3E7M6,I1JQK9,0
I1MR73,I1KJF2,0
I1M998,I1KGY4,0
I1K0E4,I1NGJ8,0
A0A0R0KVY6,A0A0R4J2Y1,0
I1JHQ1,C6T9Z5,0
I1KDP2,I1JIK2,0
E9L575,I1MK72,0
A0A0R0GU87,I1N7M0,0
C6TI98,K7KP05,0
A0A0R0E8K1,K7L9S8,0
K7LJ17,I1L3N6,0
I1KBV2,I1L3Q3,0
B9MST0,A0A368UIE1,0
I1MLD5,I1M5N0,0
A0A0R0GG06,I1LUL2,0
A0A0R0I5R9,I1JMD6,0
A0A0R4J3I7,A0A0B5EC52,0
A0A0R0J9Y6,A0A0R0EWR2,0
I1JX17,I1KA71,0
A0A0R0IWM0,I1MCH7,0
I1K1I6,I1JF82,0
A0A0R0EDS9,C6T857,0
I1JS15,I1N780,0
A0A0R0IF61,K7KFY5,0
I1K723,K7M9L4,0
Q8W1A1,I1MUZ7,0
E9KBR8,K7MC85,0
I1K970,I1JPP8,0
A0A0R0JRI8,I1JEC6,0
K7MZN9,I1KDP2,0
I1MEW6,I1LIJ6,0
A0A0R0GFH3,I1L880,0
A0A0R0IR73,I1KQD8,0
A0A0R0JSC0,K7LHW6,0
K7K3C2,I1LT34,0
K7MXF1,I1MT23,0
I1NG17,I1JD07,0
K7N129,K7KF95,0
K7MNK5,I1LPE4,0
I1LDP9,A0A368UIM7,0
I1L7J3,C6T027,0
A0A0R0K6C1,I1MK72,0
I1MBL5,K7KGB3,0
I1L4E2,I1MYD2,0
K7LSG7,A0A0R4J4D0,0
A0A0R4J4C5,A0A0R0KMM9,0
I1JD36,I1L1A1,0
I1NHF4,I1MW51,0
C6SWD1,I1K3K7,0
I1KZ26,I1JX10,0
I1KYL4,I1J9W9,0
K7LTR0,I1M5N9,0
A0A0R0GAV8,I1LCR6,0
A0A0R0G3L8,A0A368UI10,0
K7KUG2,A0A0B5EC52,0
I1KQE3,K7LXY1,0
E3SXU2,I1M269,0
I1J4L6,I1MDD8,0
I1JDN2,I1LF24,0
I1JUU2,I1LP31,0
I1KQC3,I1KZ09,0
I1LW00,K7MXF1,0
C6SYW6,E3WC98,0
I1MFF9,K7LSJ2,0
A0A0R0IW53,I1N5S0,0
I1K006,K7M841,0
I1NJ85,A0A0R0KJL0,0
K7LZ50,C6TCJ0,0
K7LX60,I1KXK6,0
I1MZ53,K7MTL2,0
K7KAB4,I1KNB5,0
A0A0R0GHT9,I1JY66,0
C6TAM7,I1MFF9,0
I1MR11,A0A368UIC9,0
I1K708,I1JD07,0
I1N8M8,A0A0R0G1X4,0
Q39898,I1MQW6,0
A0A0R0KPE1,I1M592,0
I1J8P0,K7L2K6,0
I1LLJ4,A0A0R0LK19,0
I1L6H1,I1N7B5,0
I1N4X6,A0A0R0JQJ0,0
K7M864,I1LRL9,0
I1JHJ0,I1N055,0
C6SWU3,C6SXY4,0
E9L572,I1MYD2,0
A0A0R4J583,I1KCM4,0
I1KNG6,A0A0R0KIG7,0
A0A0R0F392,E9KBR9,0
Q56GA2,A0A0R0IEK0,0
A7X641,I1K3G1,0
A0A0R0IM79,I1JIA6,0
A0A0R0IYY7,A0A0R0IM79,0
I1N696,A0A0R0JT51,0
I1MEA7,I1MNV2,0
A0A0R4J653,I1LKZ0,0
A0A0R0KJM2,I1JIH3,0
I1LLH3,I1MF50,0
C6TI98,I1KDF1,0
C6T8C4,I1KDJ8,0
A0A0R0GYC5,I1KDF1,0
K7MPI6,K7KTA9,0
A0A0R0L5Q1,K7LQS4,0
I1MR11,I1NFB9,0
I1K0W7,I1L880,0
I1NGJ8,K7MPX8,0
A0A0R4J4C5,I1KPB0,0
I1JS41,I1JK59,0
I1MUM8,I1JGP8,0
I1K0E4,A0A0R4J309,0
I1JE09,I1KJF2,0
I1JKK4,I1LL05,0
Q39817,E3NYP3,0
Q9M4R7,I1JIA6,0
I1LG22,I1LH30,0
I1JKD2,K7MUM4,0
I1KUB2,K7K355,0
A0A0R0GUR9,I1M3Y7,0
I1J4G6,C3VD33,0
I1L2H4,I1M796,0
I1JIW1,K7N145,0
C6TGP5,I1LCZ2,0
A0A0R0GAV8,A0A0R0EAZ9,0
I1KGM8,I1KM07,0
I1JZE1,A0A0R0GFM7,0
I1J8P0,I1L171,0
K7LCL1,I1K089,0
I1JIW1,K7MM40,0
I1K970,C6TCG0,0
K7LP01,I1LTW8,0
I1JXJ3,I1MGG7,0
A0A0R0JV11,I1MQB8,0
K7N525,I1K5E7,0
K7KED0,K7LHS7,0
I1KA98,I1LXY1,0
I1JF58,A0A0R0GAQ8,0
I1M311,I1LJ34,0
I1JC43,C6TIK0,0
A0A0R0JEV3,I1N696,0
I1KRC8,A0A0R0GFM7,0
K7LLV5,I1JE11,0
Q70MR6,I1MG42,0
I1L7R2,C6T5U0,0
I1JCQ8,Q2PMP9,0
C6TLW3,K7N1X2,0
C6TG34,I1MG42,0
I1L3P5,I1KIJ1,0
I1K9J7,K7N145,0
I1MR79,I1NA94,0
K7N5K2,I1L540,0
A0A0R0KZR2,K7MPJ9,0
I1NFR9,C6TIA6,0
I1LRL9,A0A0R0KMM9,0
I1JHJ0,I1JRS5,0
I1JAI4,I1L540,0
K7LTV8,I1LNF0,0
C6TKV3,I1N371,0
K7L723,I1M6V9,0
C6SWG9,C1PHB8,0
I1K115,I1JT87,0
I1MC96,C6TE39,0
Q56GA2,K7LHW6,0
I1MFF9,A0A0R0EMR0,0
B0M195,C1PHB8,0
I1KEX8,Q70MR5,0
A0A0R0KWL0,I1MNU1,0
A0A0R0LCZ4,P49084,0
A0A0R0JJI0,K7KH93,0
A0A0R0H8Q8,I1KV48,0
Q1W376,I1LTE6,0
I1L4E2,I1ML63,0
I1N0L1,C6SWU3,0
I1LT34,I1KV48,0
Q1W376,I1L6H1,0
I1LHY5,K7LCS7,0
I1JB64,I1LQ62,0
K7L2K6,I1MJJ9,0
C6TJ17,K7N1X2,0
K7KNT9,C6SXD3,0
K7MM40,I1K115,0
I1J4K1,I1KHZ8,0
I1KH38,I1N371,0
I1LDB6,I1MZV0,0
A0A0R0IXT8,I1KLS0,0
K7KF95,I1L694,0
E9L572,I1M5S3,0
A0A368UGC3,I1MRP0,0
I1MG38,K7KLG8,0
K7KAB4,K7N598,0
I1L6H1,A0A0R0I5V1,0
K7KUK2,I1JM15,0
I1M786,A0A0R0I5N9,0
K7N525,I1J702,0
I1MFN0,A7X641,0
A0A0R4J536,I1MD26,0
A0A0R0K0C4,I1KJG4,0
I1KFL5,I1JAH7,0
A0A0R0JRI8,A0A0R4J3X6,0
I1MYD2,I1KFL5,0
K7N598,I1MR73,0
I1J702,A0A0R0HEI5,0
I1K1I6,I1K1R5,0
I1J8E3,I1M1E5,0
I1J5W0,A0A368UH16,0
I1JKD2,K7K2H0,0
I1LLC6,K7LTR0,0
I1MS26,K7L6K2,0
A0A0R0L4P0,I1NF53,0
C6T336,I1KZY9,0
Q06197,I1MX88,0
C6SWH0,I1LTM1,0
K7LVH5,P45621,0
K7MNP5,A0A0R0EKB4,0
A0A0R0JT51,K7KN04,0
I1L0F0,B0M195,0
Q70MR6,I1JET4,0
I1JW26,I1KGY4,0
C6T990,I1M1E5,0
I1M5X1,I1MFI0,0
I1JHQ1,A0A0R0K6C1,0
I1LG22,I1LPE4,0
I1LQ55,C6SXG9,0
I1KJF2,I1J5W0,0
I1JE09,E9L572,0
C6SW04,K7ME58,0
I1JQP8,I1NDE0,0
I1KJ81,C6TIK0,0
I1J4T6,K7LXY1,0
I1ML63,K7LXA6,0
I1L645,A0A0R4J461,0
A0A0R0K6U4,A0A0R0IF42,0
K7N0V8,I1L2H4,0
K7MLH4,I1JDU3,0
C6TN61,A0A0R0LKR7,0
I1KPE7,M1FP94,0
I1MJH5,I1J4G6,0
A0A0R0HSY5,I1M8F0,0
K7MGH8,I1KQD8,0
I1JM18,I1MG38,0
Q2TUW0,B0M1A3,0
A0A0R0KIG7,A0A0R4J2Q5,0
I1N505,I1JHJ0,0
K7LSG7,A0A0R0G7B5,0
I1NA10,C6TD23,0
A0A0R0E6T9,I1MV08,0
I1L153,I1LCH2,0
I1K9W3,K7MLC5,0
I1MG38,I1KJD2,0
Q0EDG6,K7LRR7,0
I1KUS2,I1NGL3,0
I1NJ53,I1L3N6,0
C6TN61,C6T2G5,0
I1MUS3,Q06197,0
I1MLD5,I1KUB2,0
K7LRR7,I1MRK4,0
A0A0R0I5N9,C6TIQ9,0
I1JFW6,I1K963,0
C6SWA8,I1N448,0
I1LIU7,K7L5S0,0
Q56GA2,C6T8C4,0
I1LME8,I1LFG4,0
I1MW74,I1KSL6,0
I1K3F0,K7K9T5,0
I1JUU2,A0A0R0KN53,0
I1MLD5,A0A0R0HJR0,0
A0A0R0KE62,K7MM52,0
I1M325,C6TJ43,0
A0A0R0GWH6,K7L6K2,0
K7MTL2,I1LVL7,0
I1N5Z3,I1JK67,0
I1K3G1,I1K3K7,0
A0A0R4J2Y1,I1M225,0
I1J8V8,A0A0R0LIH0,0
I1JUP2,A0A0R0FNY5,0
K7KKT1,A0A0R0EL31,0
A0A0R0GJJ0,A0A0R0H537,0
I1NG45,I1N2Z4,0
I1LUB3,Q42798,0
I1NHX1,I1MIW3,0
I1LIA8,I1LEQ3,0
I1LBQ3,I1K9G7,0
I1J765,I1MB99,0
K7MM50,I1N448,0
I1KDF1,C6TGP5,0
K7L476,A0A0R0L9T4,0
C6TE39,I1JE09,0
I1KBF7,I1M5N0,0
A0A0R0HQY2,I1NA94,0
I1M038,I1N483,0
I1M6M9,I1K9W3,0
K7KN04,I1MD26,0
I1JDF1,C6TIQ8,0
I1LIK7,C6T5U0,0
I1MZ08,I1K089,0
K7M5Q8,I1N8X8,0
A0A0R0GPH9,I1L880,0
K7L6N7,I1NA10,0
I1JKK4,I1K938,0
I1JFW6,A0A0R0K0C4,0
C6TG34,E9L572,0
Q56GA2,K7M4J0,0
I1M3A3,I1JRJ3,0
A0A0R0HSH0,A0A0R4J2Y1,0
I1M5X1,A0A0R0HQY2,0
I1JKK4,I1JM15,0
C6T003,I1L694,0
K7MM50,K7KUE8,0
K7KZX6,I1M368,0
I1JAH7,A0A0R0F5Y7,0
I1KP14,K7MLH4,0
C6SVA8,I1MEQ1,0
P07134,P45621,0
I1JQK9,K7MXF1,0
I1L540,I1LUZ5,0
I1LSB5,I1MZ51,0
P01055,A0A0R0HEG0,0
I1N447,K7LQS4,0
A0A0R0GUR9,A0A0R0FZM4,0
I1N2J3,I1M130,0
I1MK72,A0A0R0G8N1,0
I1LU38,I1JY66,0
I1KNE4,I1L6I6,0
K7LI90,K7KMU1,0
A0A0R0J296,I1LIG9,0
I1JSY7,I1LBQ3,0
A0A0R0G3L8,M1FP94,0
A0A0R0KQ74,I1M2S7,0
I1K9R1,A0A0R0FG80,0
I1LWB5,C6TGA9,0
K7K5R7,I1LUL2,0
I1KQ73,I1JC50,0
C6TDC0,K7LSZ2,0
K7ME58,K7KTY4,0
I1K6E7,A0A0R4J2H3,0
I1L6V0,I1JYG3,0
I1M946,A0A0R0KY77,0
K7MNN5,A0A368UJ62,0
I1LII4,K7ME58,0
C6SWR4,A0A0R0L5Q2,0
I1JRJ3,I1KNG6,0
I1K3X9,I1KL89,0
I1M3M4,I1KA54,0
C6SZ46,I1JET4,0
I1MG42,A0A0R0L3G5,0
I1L0G2,I1LFD2,0
A0A0R0HEM4,I1N7B5,0
K7MNP5,I1NHX1,0
A0A0R4J646,I1L0K8,0
I1J709,A0A0R0HEI5,0
A0A0R0I5N9,C6TK30,0
A0A0R0KJL0,I1LST6,0
A0A0R0EDS9,K7K808,0
I1K6N8,I1L2T1,0
I1MUN6,K7LLF8,0
A0A0R0G1X4,K7L2R0,0
K7K5R7,I1MHG6,0
I1MBN8,C6T8C4,0
I1KM64,I1KIQ2,0
I1L1L3,I1JX10,0
I1J8D7,I1K708,0
A0A0R0HXH4,I1KA75,0
K7KLY3,I1KL32,0
I1M487,E9L556,0
K7LEU7,C6SWA8,0
I1JKK4,K7MM52,0
I1ML63,K7LFD7,0
K7N145,I1MUZ7,0
I1J8P0,I1M957,0
I1LWP5,I1KFP9,0
K7MRF5,A0A0R0HSY5,0
Q0EDG6,I1N7B5,0
K7MAQ6,K7KES3,0
C6TEN9,I1JGB2,0
K7L1E6,I1K925,0
I1MU00,I1LF24,0
I1LLS4,K7KP05,0
C6SWU3,A0A0R0H141,0
I1K970,I1K1I6,0
I1MNU2,I1N8C9,0
I1LT34,A0A0R0FUA1,0
C6TKD8,A0A0R0HEM4,0
A0A0R0L0E7,A0A368UIM7,0
I1MZJ8,I1K723,0
I1JDK2,I1JN71,0
I1JC08,I1JK67,0
A0A0R0FLW1,I1L735,0
I1MHG6,I1N898,0
I1MYD2,B4YB07,0
K7LG20,A0A368UIM7,0
C6SZS1,I1K5J7,0
A0A368UIM7,I1L540,0
I1JE09,I1MCH7,0
K7L939,I1L2H4,0
I1JKG7,E3WC98,0
I1JPY7,I1JM15,0
A0A0R0IW53,I1LP98,0
I1MSP6,C6SWU3,0
K7K894,I1LR95,0
I1K146,I1LJD2,0
I1M038,C6T1V1,0
I1LKV0,I1M786,0
A0A0R0L0E7,K7LZ50,0
I1JZ99,A0A0R4J653,0
K7KHN1,K7MPZ4,0
I1J4B5,K7M6Z2,0
I1J957,A0A0R0I5N9,0
I1L1A1,I1NA38,0
I1JFW6,A0A0R0G3R9,0
I1MFN0,I1M946,0
Q0H950,I1LJG0,0
K7L723,I1K4R8,0
K7M4K7,A0A0R0FLW1,0
I1N8C9,K7KJI6,0
I1LI32,I1M957,0
C6T1V1,I1J4K1,0
I1LCZ2,I1N453,0
A0A0R0FHD2,I1N780,0
A0A0R0HXK5,I1JC43,0
K7MTL2,I1LI32,0
I1J4G6,I1KDF1,0
A0A0R4J4D0,I1L6I6,0
A0A0R0I304,I1J8D7,0
K7M6Z2,A0A0R0H8Q8,0
K7ME58,C6SZ70,0
I1JPH8,K7MTE7,0
I1MM35,I1M6M9,0
I1JFW6,A0A0R4J3C2,0
I1KUN6,I1KBD9,0
I1JZ64,C6TAM7,0
A0A0R0GPH9,I1L6H1,0
I1M796,A0A0R4J2H3,0
A0A0R4J2L5,I1LJD2,0
I1M4L1,A0A0R4J4C5,0
I1LNP4,A0A0R0HSC1,0
I1LME8,A0A368UGC3,0
A0A368UI50,I1M1P1,0
Q56GA2,I1JGK9,0
A0A0R0EV33,I1MF07,0
A0A0R0JT51,I1L367,0
A0A0R0GJV8,I1M1E5,0
I1N4F6,I1ML63,0
A0A0R0LK19,I1MQB9,0
I1KV48,K7K5C0,0
I1K146,A0A0R0JQT3,0
I1LUV4,I1M130,0
I1LSB5,A0A0R4J583,0
I1L9Z8,A0A0R0FB78,0
I1KQ70,A0A0R0FEC1,0
I1K938,I1KQP5,0
A0A368UIE1,I1J7U9,0
K7N525,A0A0R0FLW1,0
K7LLN2,I1KUS2,0
K7MH28,C6SYW6,0
A0A0R0K188,I1MV08,0
I1KM01,C6SZQ0,0
I1MZT5,A0A0R0L317,0
I1LJD2,I1JAI4,0
I1MC96,I1KZ26,0
I1L3P5,A0A0R0FJR0,0
I1KYL4,I1K9J7,0
K7MM50,I1JEC6,0
K7KK86,K7MLC5,0
I1JHQ1,I1NJ85,0
K7K2H0,I1KJF2,0
K7KW44,I1MAX9,0
I1MC96,I1LPW2,0
A0A0R0HEI5,C6T9Z5,0
I1KA75,I1MRK4,0
C6TCH4,K7LNG6,0
C6TNW3,C6T217,0
I1K669,I1MG54,0
K7KNT9,A0A0R0IT62,0
I1K565,A0A0R0IL99,0
I1MG42,I1N7M0,0
I1K3K7,I1J574,0
C6TIA6,I1JU23,0
I1NB01,Q2Q021,0
A0A368UIA0,I1J702,0
C6TKD8,I1JSI5,0
I1LWB5,I1K6T6,0
I1KM64,A0A0R4J4C5,0
I1MBS8,I1M1P1,0
I1KA75,I1LXI0,0
I1NGJ8,I1JE11,0
A0A0R0I5N9,C6SWA8,0
A0A0R0FXD4,Q39898,0
I1JVT1,I1M130,0
C6SWA8,I1LT34,0
I1KY31,I1MS26,0
I1LZ93,A0A0R0K188,0
I1L3P5,C6TLW3,0
A0A0R0L3G5,I1LEQ3,0
I1MZ53,I1M2S7,0
I1JKP7,I1JVX3,0
P17093,I1LXK8,0
K7L0E7,I1M7M5,0
I1JFW6,K7LTV8,0
A0A0R0F392,I1KM19,0
I1JET9,K7MNP5,0
Q42808,C6TA11,0
I1KZY8,A0A0R0FZM4,0
I1N411,C6T972,0
I1MP75,I1LUE0,0
C6SW04,K7KA65,0
K7L6N7,I1L735,0
I1LP98,I1NCF6,0
I1NE02,A0A0R0GAQ8,0
I1JVX3,K7MQT1,0
I1JM15,K7KED0,0
I1JHJ8,I1N8F6,0
A0A0R0FEN3,I1JUK7,0
K7KES1,M1FN38,0
A0A0R0K0K3,I1N5S0,0
Q9M4R7,I1MR73,0
I1KCM4,I1MDY5,0
I1LHS8,I1MFI0,0
A0A0R0GAQ8,A0A0R0IF42,0
A0A0R0FHD2,A0A0R0KPE1,0
I1KUB2,I1MDD8,0
K7LWG6,I1KVG9,0
I1N5H5,K7KQZ8,0
I1N3U5,K7KNG2,0
I1KNE4,K7LSJ2,0
C6TKD8,A0A0R0KY77,0
I1JY66,I1MR79,0
C6SZG1,I1JS41,0
K7N5K2,A0A0R4J3X6,0
Q39817,I1LTM1,0
C6T9W4,A0A0R0J7Q6,0
K7KLG8,I1L6I6,0
I1M7M5,I1KQP5,0
A0A0R0JJI0,I1K3R3,0
I1K938,A0A0R0K4Z5,0
A0A0R0KRN8,A0A0R0IT62,0
K7LQS4,A0A0R0K6U4,0
I1MB99,A0A0R0H537,0
I1MJH5,I1JYT2,0
I1K3U6,I1JW65,0
Q1M320,C6SWU3,0
Q2PMQ4,I1L6V0,0
I1JKG7,K7KGB3,0
K7M466,I1MZV0,0
I1KYL4,I1KUS2,0
I1JJN8,I1LJH2,0
A0A0R0KRN8,A0A0R0EL31,0
K7L6N7,I1KM27,0
I1LUT1,C6TA11,0
I1M6V9,I1LMA5,0
A0A0R0FEC1,A0A0R4J4G7,0
P07134,K7K355,0
I1K0E4,C6T9W4,0
C6T1V1,I1KYS8,0
K7LLN2,E3NYP3,0
Q42808,A0A0R0FUK3,0
I1MZJ8,I1L7G4,0
I1K115,K7KES3,0
I1LEF5,A0A0R0FFT1,0
I1J9H6,I1K9C2,0
I1LU06,I1N2J3,0
C6SYN1,Q1M320,0
A0A0R0EYS5,I1JAI4,0
I1MS26,I1KBF7,0
A0A0R0FLW1,I1MUR2,0
I1N5D5,A0A368UH16,0
I1N846,A0A0R0I304,0
K7MYK9,I1JM15,0
C6SYE1,I1LCH2,0
I1JJN8,I1M325,0
A0A0R0JRI8,I1MV80,0
A0A0R0E8N5,A0A0R0GFL3,0
A0A0R4J2U8,A0A0R0JT51,0
I1L1A1,C6TML7,0
A0A0R0GAV8,K7KRK6,0
I1NAJ0,I1KP66,0
I1LLA0,A0A0R4J618,0
I1L153,C6SXY4,0
I1M2U6,C6T1G9,0
A0A0R0IYY7,I1MF42,0
K7MGH8,A0A0R0GS00,0
I1KI90,C6T003,0
I1MMY0,I1K642,0
I1KUE8,I1MQB8,0
K7MDN4,K7ME58,0
I1JUP2,A0A0R0JBV0,0
A0A0R0G8N1,I1L0F0,0
A0A0R0IR73,I1LH18,0
C6TK31,I1JC43,0
A0A0R0GYC5,I1JHJ0,0
I1LD16,I1LP11,0
I1KJ84,I1K963,0
I1M7Y3,I1KNI7,0
A0A0R0FFT1,I1KCM4,0
I1LJ34,I1MVZ6,0
I1LTM1,A0A0R0FA21,0
I1MC96,A0A0R0IWM0,0
I1M487,A0A0R4J536,0
I1M5N9,I1LLJ4,0
A0A0R0HW00,I1M130,0
I1K9C2,K7LQS4,0
I1MEF5,I1L153,0
I1LR95,K7LI90,0
I1LC77,A0A0R4J5T8,0
A0A0R0JJI0,A0A368UGA0,0
I1KFL5,K7MH28,0
I1K5I3,I1JWK3,0
C1PHB8,K7MVE2,0
A0A368UGA0,A0A0R0KJM2,0
I1KIQ2,I1MSN3,0
I1JM84,I1LWD6,0
K7N5K2,I1LIK7,0
I1LEF5,K7K9D6,0
C6SZQ0,K7KK86,0
A1YUN0,I1M5X1,0
I1JPY7,I1N5H5,0
A0A0R0J9Y6,I1KTY9,0
A0A0R4J5J3,K7N5K2,0
I1JCQ8,I1NHH3,0
I1LUB3,I1M7M5,0
K7M6R4,E3SXU2,0
K7LJS8,I1LNZ9,0
C6TKV3,I1KK11,0
I1KZK2,I1NHH3,0
I1KUB2,I1M8F0,0
I1N5H5,I1N8M8,0
I1LN52,I1KGM8,0
I1JRV0,I1N933,0
Q1M320,Q0H950,0
I1KV61,A0A368UIC9,0
I1MUM7,Q8LPW2,0
C6T027,A0A0R0G1X4,0
K7KA65,I1M5N0,0
C6T1V1,K7MGQ2,0
I1MDD8,A0A0R0GS00,0
K7KES1,I1MJB3,0
I1N447,I1JX17,0
I1NAL7,K7KX46,0
A0A0R0L5Q1,I1L3N6,0
C6T211,I1N8F6,0
I1K669,P93162,0
I1MBI6,C6SWS6,0
A0A0R0IJF6,C6TG34,0
I1MAX9,I1KAQ7,0
I1N3Z3,K7MEB1,0
I1NCN7,I1LUL9,0
I1N2J3,C6TK30,0
I1KIG1,A0A0R0FX75,0
I1MEW6,I1KM27,0
I1MJH5,K7ML50,0
I1N344,I1LME8,0
I1LSB5,I1JXS8,0
I1JHQ1,I1NFY2,0
I1K3R3,Q9SLW5,0
I1N1X2,A0A0R0JT51,0
A0A0R0FX75,A0A0R0JNM4,0
I1J9U5,I1M5N0,0
I1LSW3,I1N551,0
K7MB82,I1K215,0
I1K9R1,I1K6U7,0
Q9XE60,I1N5R9,0
K7M4J0,A0A0R0I5R9,0
I1K6H8,I1K963,0
I1JE16,A0A0R0JBV0,0
C6SWS6,K7LLV5,0
A0A368UIM7,K7M6Z2,0
A0A0R0F695,I1KRU0,0
K7L5S0,A0A0R0HV63,0
K7LEU7,C6SXD3,0
A0A0R0L9T4,A0A0R0ICK4,0
I1LKY8,I1N019,0
I1KMS8,I1KJ81,0
K7MUM4,I1NE42,0
C6SXT9,Q9SWR5,0
A0A0R0KMM9,C6TCH4,0
I1K3G1,K7M864,0
A0A0R0GTG6,I1N505,0
A0A0R4J5K6,K7LQV0,0
A0A0R0GAV8,I1MR79,0
A0A0R0HSY5,I1N933,0
K7MVE7,A0A0R0L4P0,0
I1N8L0,I1JMH3,0
C6T2G5,A0A0R4J5K6,0
I1L5L1,K7KX53,0
A0A0R0IL99,C6SYW6,0
P62302,I1JIW1,0
I1LWX5,I1LLS4,0
K7KUE8,A0A0R0HEI5,0
A0A0R4J461,I1LMR4,0
I1MV08,I1K9T5,0
I1MGE5,I1N7G4,0
C6TDC0,I1K9J7,0
A0A368UJF6,Q39810,0
I1N551,I1M1E5,0
I1KQE3,I1MRV3,0
I1KQU2,I1KUX4,0
I1KCM4,C6T857,0
A0A0R0IF33,A0A0R4J583,0
I1JW65,I1MUM8,0
E9L565,A0A0R0J5Y2,0
I1LDY8,I1KY31,0
Q2PMU5,I1LPK5,0
K7MRF5,I1JCQ8,0
A0A0R4J5C5,I1LEF5,0
A0A0R4J536,I1MUM7,0
I1KJB1,A0A0R4J4G7,0
A0A0R0G7B5,I1M8A1,0
I1MF26,K7KHU1,0
I1N505,I1LCR6,0
A0A0R4J5N5,C6TE57,0
K7KUK2,I1JQK9,0
Q9SWR5,I1L5U9,0
A0A0R4J461,K7MNN5,0
I1JM15,I1JNF2,0
I1JC50,I1KC50,0
A0A0R0HSY5,I1NG45,0
B9MST0,I1J8E3,0
I1M8A0,I1JRJ3,0
I1LGD6,K7L0E7,0
K7MY00,I1J709,0
K7N145,A0A0R0JQT3,0
C6SZQ0,I1KJ81,0
I1JY66,I1JUV6,0
C6TEN9,A0A0R0JNM4,0
I1MR79,A0A0R0L317,0
C6TJ17,Q56GA2,0
I1M5N9,C6SYW6,0
Q0EDG6,I1MZ53,0
I1MRV3,A0A0R4J4H3,0
I1MXY0,I1JJ76,0
Q2PMU5,I1N019,0
C6TIQ7,A0A0R0IEK0,0
I1KXP5,K7K808,0
I1MW51,I1KRC8,0
I1L4E4,P01070,0
I1JE09,C3VD33,0
A0A0R4J455,I1KPE7,0
I1LG65,K7KHU1,0
C6TKV3,I1MD26,0
C6T8C4,A0A0R0IQ72,0
I1M1C4,B4YB10,0
C6TI98,I1L1A1,0
A0A0R4J4G7,I1LGS0,0
K7KTY4,I1KJG4,0
I1KQ70,I1MLM1,0
I1KAQ7,A0A0R4J2L5,0
K7LR18,K7KQZ8,0
I1K6N8,I1K723,0
A0A0R0FNY5,A0A0R0L1N9,0
P93163,I1LUL2,0
I1MB99,I1JSD2,0
I1JPP8,C6SZG1,0
I1NBA2,I1JQF4,0
I1MJB3,I1MLD5,0
A0A0R0IV41,I1K1W8,0
K7K8Y9,K7MJ75,0
I1JYX2,A0A368UIC9,0
A0A0R0GYZ9,K7MEB1,0
A0A0R0GFH3,A0A0R4J2Q5,0
I1LCR6,I1M5S3,0
A0A0R0GIH6,I1MJB3,0
K7MH28,I1KJF2,0
I1KFF8,K7M849,0
I1L9P5,I1K9W3,0
K7MXE0,I1M1I7,0
A0A0R0JJI0,K7L723,0
C6TKV3,I1K3E9,0
I1KQD8,I1KFL5,0
I1JM84,I1LKV0,0
I1J4G8,A0A0R0JEV3,0
E9L572,A0A368UIC9,0
I1KAJ9,A0A0R0F695,0
I1NGL3,A0A0R0L5Q2,0
I1L367,I1KA71,0
I1JB64,A0A0R0GFM7,0
I1K925,K7K127,0
I1LWB5,K7MAQ6,0
A0A0R4J5J3,K7KGR8,0
I1N696,I1L7G4,0
I1KZ26,I1JDK2,0
I1L6H1,I1JYT2,0
I1KA71,A0A0R4J455,0
A0A0R0ENB3,K7L9S8,0
K7KYJ6,I1K9J7,0
K7LEU7,C6TG34,0
I1M786,I1N7F4,0
K7LQS4,E9L572,0
I1M3Y7,I1KJF2,0
I1JQ20,C6SWG9,0
K7LRR7,I1KBI7,0
I1LFG4,I1MSN3,0
A0A0R4J4H6,I1JHN9,0
Q43463,K7M846,0
I1KM07,I1L153,0
K7KP05,I1JKG7,0
I1J5E3,K7LP01,0
I1KGM8,K7LZ50,0
A0A368UI76,I1L903,0
A0A0R0L3G5,A0A0R0HSC1,0
I1M5X1,A0A0R4J309,0
I1NFB9,K7M6R4,0
I1MDY5,I1N453,0
A0A0R0EEW3,K7MUC8,0
I1N1X2,I1MMY0,0
P01064,I1JC08,0
I1JE51,A0A0R0HM21,0
I1N846,C6TK30,0
A1YUN0,I1KI90,0
I1NC04,I1JX10,0
A0A0R0FLV6,I1M5N7,0
I1LQ55,A0A368UGG7,0
I1M5N7,A1YUN0,0
I1L6H1,K7M2G2,0
A0A0R4J4M9,B4YB07,0
K7MXH5,A0A0R0K0K3,0
K7L6N7,A0A0R4J4G7,0
A0A0R0FG80,K7LU89,0
I1JC65,A0A368UID0,0
I1LXI0,C6TC28,0
A0A0R0JBL2,Q42797,0
I1MGY9,I1MNV2,0
I1JFW4,C6T065,0
I1KA54,I1LJG0,0
I1N4X6,I1MZV4,0
I1LCP4,I1KZY8,0
A0A0R0IJF6,I1KP26,0
I1KAD1,C6T336,0
I1MSN3,K7LNG6,0
I1K9C2,A0A0R4J3C2,0
I1LD16,I1NFR9,0
I1L7J3,A0A0R0FTI5,0
I1JPP8,I1KZX6,0
Q84L66,A0A0R0KJL0,0
I1LI93,I1JHJ0,0
I1JDF1,I1JQK9,0
I1KHV8,I1N898,0
A0A0R0KR59,I1MV56,0
I1KBF7,I1JPH8,0
I1N3Z3,I1LPC2,0
Q39810,I1K4R8,0
C6SXG9,I1MAX9,0
A0A0R0HEM4,K7N0V8,0
I1LA49,I1JDK2,0
I1J4G6,C6T2G5,0
I1N850,I1KGM8,0
P07134,I1M5N9,0
A0A0R0IQ72,I1J9U5,0
I1MR73,I1M130,0
A0A0R0E8K1,M1FN34,0
C6SXY4,I1LUT1,0
I1K146,K7KNC5,0
K7L684,K7K9D6,0
I1KCM4,K7KQZ8,0
A0A0R0HXH4,I1M8U0,0
K7ML50,A0A0R0L0E7,0
I1MJH5,I1LBJ5,0
I1KS56,C6TBU3,0
K7KK86,I1LI93,0
I1MM97,I1NJ85,0
I1LQ55,A0A0R0KPE1,0
A0A0R0EWR2,K7MPJ9,0
K7M387,I1MLD5,0
A0A0R0JNM4,I1LBJ5,0
A0A0R0L7U5,C6SYE1,0
I1JQ20,K7KNC5,0
I1LN30,I1JDU3,0
I1LCZ2,I1K467,0
I1N5D5,I1LJH2,0
I1MK83,I1JW26,0
A0A0R0HJR0,I1JUM3,0
Q0H950,I1L2T1,0
C6T099,I1MLJ0,0
A0A0R0L4P0,I1MUS3,0
A0A0R0HQY2,I1KMM6,0
A0A0R4J5J3,I1JUQ6,0
K7M6J1,I1JU23,0
P01070,I1K0A7,0
A0A0R0IF33,I1KAR1,0
C6TK27,A0A0R0J5Y2,0
I1M269,I1K215,0
I1NB01,I1KJD2,0
K7N1L5,A0A0R0ICK4,0
K7N5K2,E9L577,0
I1LC77,K7M2G2,0
I1ND31,I1KM07,0
A0A0R0FA21,K7MPX8,0
A0A0R0F719,I1LJG9,0
K7MH28,I1L2Q0,0
C6TAM7,K7MZN9,0
I1MK83,I1K669,0
C6SVA8,K7L939,0
Q9XE60,C6SZQ0,0
C6TKD8,I1KUS2,0
I1N3U5,I1K7G0,0
K7L5S0,I1JN71,0
I1MIX6,A0A0R4J2Y1,0
E9L558,I1JJX3,0
I1LCP4,A0A0R0K5H8,0
I1KUX4,A0A0R0K5H8,0
I1MZ08,A0A0R0EWR2,0
A0A0R4J365,K7N563,0
C6SWG9,A0A0R0JQ82,0
I1JQY7,I1L4E2,0
K7KLG8,K7LHS7,0
I1N3Z3,K7LJS8,0
I1K089,I1LDP9,0
A0A0R4J2H3,A0A368UH16,0
I1LPT5,A0A0R0ELE0,0
A0A0R4J488,I1M292,0
I1NGH7,A0A0R0GZ30,0
A0A0R0K4Z5,K7KX53,0
A0A0R0GJV8,A0A0R0K188,0
K7KFZ9,K7KN04,0
I1M8A0,A0A368UIM7,0
C6T090,K7LVH5,0
K7MKF1,A0A0R0K6U4,0
I1KZY9,A0A0R0GYZ9,0
I1KC50,I1K1I0,0
K7MVE2,I1N7G4,0
A0A0R0JQT2,C6TNM5,0
A0A0R0EMR0,I1LIK7,0
I1M3Y7,I1KY31,0
I1JB52,I1MEQ1,0
A0A0R0KY77,I1LCP4,0
A0A0R4J3X6,I1MPJ4,0
I1K4L3,K7MH28,0
I1JXJ3,I1KBI7,0
A0A0R0H668,A0A0R0K5H8,0
K7LJS8,K7KN39,0
I1KAD1,I1KJG4,0
A0A0R4J618,P01055,0
K7MEB1,I1L1W0,0
B4YB10,I1J709,0
B4YB07,I1MV08,0
K7M9L4,I1KC50,0
I1JMH3,C6T336,0
K7LK09,A0A0R4J488,0
K7M5Q8,I1JPY7,0
I1JE11,A0A0R0L3G5,0
I1LI93,K7LSZ2,0
I1KQD8,I1JYX2,0
I1L171,I1KH38,0
I1MRV3,I1L9P5,0
I1K3K7,K7LSJ2,0
K7LX60,I1MRP0,0
I1KAJ9,I1JMH3,0
Q42808,A0A0R0KRF1,0
C6T002,K7MS06,0
I1KQ70,A0A0R0HQY2,0
I1N976,A0A0R0J7Q6,0
A0A368UH16,I1N850,0
K7M9L4,E9KBR8,0
A0A0R0J5Y2,I1KUX4,0
I1NC50,I1MBS8,0
I1MZJ8,I1KRU0,0
A0A0R0FVX1,A0A0R0GYC5,0
K7LWG6,I1LLJ4,0
I1KUB2,I1JF58,0
C6TE57,A0A0R0JQ82,0
I1JC65,I1MEW6,0
K7M5Q8,I1LNF0,0
I1KJ81,Q2PMU5,0
I1MUS3,I1NE42,0
K7L5S0,I1JMZ7,0
I1KAJ9,I1KD82,0
I1MBL5,I1J8M6,0
K7MUD4,Q06197,0
C6T217,I1N8C9,0
I1NA38,I1N2G0,0
C6SVB8,C6TGP5,0
I1LLS8,A0A0R0EAZ9,0
I1LU38,A0A0R0IZA1,0
I1KRV5,C6T857,0
C6TI98,I1MS26,0
I1KCA3,I1MSP6,0
I1L9Z8,I1LPC2,0
I1JWE9,I1JQF4,0
K7N5K2,K7N1L5,0
I1LST6,K7N129,0
A0A0R0JYX3,K7LXD3,0
A0A0R0E2R0,I1KJX6,0
I1LIK7,I1M325,0
I1NFB9,I1KGY4,0
I1MB99,K7K808,0
Q1W376,A0A0R4J5N5,0
I1M368,C6TIQ8,0
C6T988,Q1W376,0
Q39898,I1LI93,0
I1LUT1,K7LRR9,0
I1K4Y6,I1MF07,0
I1JKK4,I1LMN5,0
I1L6H1,A0A0R0H537,0
A0A0R0FZM4,I1K9J7,0
I1J574,I1N8F6,0
A0A0R0EMR0,I1NDA1,0
I1L2Q0,I1NIT4,0
A0A368UI76,C6SV60,0
I1MB99,I1KHV8,0
K7KEQ2,K7ME58,0
K7L5S0,I1NGL3,0
A0A0R0J2W1,A0A0R0KJM2,0
K7K578,K7MLC5,0
I1KHZ8,I1K4R8,0
I1JF58,E3WC98,0
I1JUQ0,A0A368UH16,0
I1KJG4,I1LCR6,0
I1KDP2,I1JRS5,0
C6TN69,I1LVN3,0
K7M387,I1JEC6,0
I1MVZ6,I1LME8,0
K7MXE0,I1JPH8,0
I1J5E3,I1LN92,0
I1M2U6,I1JCB1,0
A0A0R0H668,Q7XJ86,0
B0M1A3,K7LP01,0
K7LG20,I1LKV0,0
I1KAQ7,I1LR95,0
I1LPJ8,I1K970,0
I1LR95,I1JK59,0
A0A0R0J2W1,K7LFU3,0
I1JD07,K7MPJ9,0
I1L6A2,I1K3X9,0
K7K4C7,I1KHZ8,0
A0A0R0FEN3,A0A0R0IJF6,0
I1JJB8,C6SYE1,0
I1N8T4,I1M592,0
K7KJW6,I1LCH2,0
I1KAR1,A0A0R0FHD2,0
A0A0R4J461,K7M841,0
I1MBA8,I1M7Y3,0
I1LA40,M1FP94,0
I1JF82,I1L4E4,0
A0A0R0HEG0,K7MVE7,0
I1JKP7,I1LP11,0
I1MC96,K7KED0,0
I1JWE9,I1J9H6,0
I1JZ64,I1JKP7,0
C6TJM4,I1LXY1,0
A0A0R0E6T9,I1MGY9,0
I1LV79,I1KVG9,0
I1MZF9,A0A0R0FLV6,0
I1KBD9,I1JWK3,0
I1LPK5,A0A0R0K6U4,0
I1MKX7,I1K6N8,0
A0A0R0ICK4,I1M277,0
C6SZQ0,A0A368UGG7,0
A0A0R0E934,K7K894,0
C6T9Z5,A7X641,0
I1KDU3,A0A0R0K6U3,0
A0A0R0JBL2,I1MVZ6,0
K7K7Q8,A0A0R0KJM2,0
I1KXK6,I1M957,0
C6T336,I1NE02,0
I1J8E3,A0A0R4J365,0
P93162,A0A0R0G3L8,0
A0A0R0L7U5,K7MQ01,0
I1L7G4,C6T027,0
K7MXE0,A0A0R4J4C5,0
I1KBD9,I1K970,0
A0A0R0FAD6,A0A0R0H8Q8,0
I1LWD6,I1KA71,0
A0A0R0IW53,K7KAB4,0
I1MEQ6,I1LU06,0
I1JKG7,I1MRV3,0
I1JN71,C6TM45,0
K7LP01,I1JZR6,0
I1KUN6,A0A0R0JQT2,0
K7KYJ6,I1LT87,0
A0A0R0F695,C6TAW2,0
K7LXY1,I1MNU1,0
I1JET4,I1KHV8,0
K7KIY4,C6TIQ8,0
I1LUT1,I1JW06,0
K7MM52,I1LI32,0
I1N7G4,I1MUN6,0
C6T217,A0A368UIM7,0
K7KTA9,K7N0V8,0
I1KG02,I1N696,0
I1K3E9,I1MLM1,0
I1JEC6,C6SWH0,0
K7KQZ8,A0A0R0JV11,0
A0A0R0GHT9,A0A0R0K6U4,0
I1LLS4,I1MDD8,0
I1LGD6,A0A0R0EMR0,0
I1LDY8,I1KA98,0
C6SVA8,A0A0R4J2Y1,0
I1NGJ7,K7MM50,0
Q42798,I1JT87,0
I1N4F6,I1JZ99,0
K7MNP5,I1KUB2,0
I1KQ70,I1KQD8,0
I1MG38,A0A0R0IJF6,0
I1LEQ3,A0A0R0ENB3,0
I1JKG7,I1LHR6,0
I1LU06,I1KCM4,0
Q43463,A0A0R0JNM4,0
K7LXA6,I1JD07,0
C6T002,Q7XJ86,0
I1NCF6,K7LCS7,0
K7LNG6,I1L4E4,0
K7MM40,K7M9L4,0
A0A0R4J536,K7KEQ2,0
I1KH38,I1N7G4,0
I1LFG6,I1KHJ4,0
I1M8F0,I1KJ84,0
I1M1D5,I1MLF1,0
C6SWU3,I1NCN7,0
I1KP66,I1LRL9,0
K7K9T5,I1N1Z5,0
K7MZN9,K7M6R4,0
I1LWB8,I1K938,0
A0A0R0EWR2,I1KMM6,0
K7ME58,A0A0R0FLV6,0
I1KL89,A0A0R0GYC5,0
I1MF42,A0A0R0IL99,0
A0A0R0J7Q6,I1N7G4,0
I1J547,K7M849,0
K7K3R6,I1MF50,0
I1LDP9,I1MF42,0
I1MYD2,C6TG34,0
I1NCV4,I1KZK2,0
K7LK09,I1LLS8,0
A0A0R0JV11,K7KJW6,0
K7LY43,I1M1W3,0
K7KAB4,I1KS65,0
A0A0R0KE62,K7LP01,0
I1ML11,I1LR95,0
I1JQY7,I1J574,0
I1KPE7,I1M1C4,0
P93163,I1K099,0
I1MUR2,M1FN34,0
I1NGJ7,Q2Q021,0
A7X641,Q43463,0
C6TKV3,K7N0V8,0
A0A0R4J461,K7K808,0
I1J4B5,A0A368UJ62,0
I1J709,A0A0R0GS25,0
G3E7M6,I1KCA3,0
I1LEC3,A0A0R0K4Z5,0
I1JFW4,K7L0E7,0
I1JHJ0,M1FN34,0
A0A0R0L7U5,I1N8V4,0
I1L2H4,A0A0R0FVX1,0
K7KWE4,I1M038,0
I1MNS7,I1MUR2,0
A0A0R0K6U3,K7N563,0
I1N5R9,I1K6H8,0
I1L1Q8,A0A0R0GG06,0
I1JF58,I1LTM1,0
I1LMN5,I1K3K8,0
A0A368UJF6,I1LA39,0
I1K5E7,K7KJI6,0
K7KKT1,I1JN65,0
I1JE51,I1KRC8,0
I1LCG9,A0A0R0H141,0
A0A0R0J5Y2,I1JT87,0
A0A0R0IJF6,I1JW65,0
I1KFL5,I1MJJ9,0
I1LPK5,I1LFG6,0
P93162,C6T990,0
I1N0L1,A0A0R0L5Q2,0
I1M1P1,I1KHJ4,0
I1M1W3,I1J5A4,0
A0A0R0FEC1,I1LEF5,0
I1M6F0,A0A0R0HSH0,0
I1JE14,I1LLS4,0
I1MF50,A0A0R4J4G7,0
A0A0R0JI69,P49084,0
I1K970,I1K1W8,0
I1KYL4,I1KA54,0
I1M2S7,I1M3A3,0
I1M5Z9,K7KA65,0
Q8W1A1,C6TNN4,0
I1J957,I1KAJ9,0
I1NAJ0,I1KGY4,0
A0A0R0J6N9,I1JUU2,0
I1JK31,E3WC98,0
I1MR79,K7LJS8,0
I1N055,I1LBQ3,0
I1KTY9,I1JD36,0
I1KNV7,I1LU38,0
I1LBJ5,I1MRV3,0
I1N9J8,I1KA71,0
K7LIZ8,I1NCF8,0
I1KDU3,A0A0R0E6T9,0
K7N1T9,I1KSD0,0
I1JE51,K7L2K6,0
Q94C02,I1MNS7,0
I1M1C4,A0A0R0G3R9,0
I1MLC3,I1M368,0
A0A0R0HXK5,K7MFZ6,0
I1JT87,I1MW51,0
K7KN39,K7N1L5,0
I1M269,I1LLB7,0
K7K578,I1LTW8,0
I1LNF0,Q70MR5,0
Q2TUW0,K7LJ72,0
E9L572,I1LH30,0
I1LBJ5,I1JGK9,0
K7MXE0,I1JUQ0,0
K7KUE8,I1LPE4,0
I1L694,I1KQU2,0
K7L7W0,I1KUX4,0
K7KHU1,I1MHU4,0
A0A0R0GIH6,A0A0R0FAJ6,0
I1KTI0,A0A0R0L419,0
K7L0E7,I1NHH3,0
A0A0R0ENB3,A0A0R0IM79,0
A0A0R0H141,K7MXF1,0
K7KED0,I1J5B4,0
I1NG45,B0M195,0
A0A0R0IJF6,I1LIJ6,0
I1J5E3,I1JV68,0
I1JRJ3,I1JZ64,0
I1KBF7,I1JMD6,0
I1M269,I1N4F6,0
I1KDR4,A0A0R0F214,0
A0A0R0IQ72,I1LA39,0
C6SXD2,K7KTS8,0
I1LFD2,A0A0R4J2H3,0
I1MG38,I1N2Z4,0
A0A0R0KN53,A0A0R0EDS9,0
K7LVH5,I1MZV4,0
I1MJJ9,C6SWR4,0
I1JIS3,K7KTA9,0
I1KP14,I1JMH3,0
I1JZE1,K7M6Z2,0
I1KJB2,A0A0R4J5J3,0
I1K246,I1JE51,0
A0A0R0JSC0,I1N7M0,0
I1MQ30,I1LEI8,0
I1MHG6,I1LG65,0
I1N0L1,I1NCF6,0
A0A0R0HSY5,K7M5U7,0
I1JCQ8,I1KSD0,0
I1KQI1,I1K146,0
I1MCK5,K7K9D6,0
A0A0R0FEC1,I1N448,0
A0A0R0GAV8,K7MPI6,0
I1KJX6,I1LLJ4,0
A0A0R0E934,K7K4C7,0
K7MM89,A0A0R0H690,0
I1MS33,K7M4K7,0
C6SVA8,I1J5W0,0
A0A0R4J5K6,K7L329,0
K7N0V8,I1NA10,0
C6TJ97,A0A0R0KJM2,0
K7KHN1,I1K0A7,0
I1M3A3,I1LR48,0
I1KQI1,I1K006,0
A0A0R0KJL0,K7MUC8,0
K7K5R7,I1K006,0
I1M6F0,I1LEC4,0
K7MZN9,K7N598,0
I1M5N0,C6SXT9,0
K7MTE7,I1MQD2,0
C6TNN4,A0A0R0GFM7,0
I1KBV2,I1JMX7,0
I1LRR9,I1KZJ9,0
C6TGX5,I1L285,0
I1K1W8,I1K6E7,0
E9L572,I1JS15,0
I1LKD9,E9L558,0
I1MUZ7,C6T214,0
I1L5I2,I1L5U9,0
K7MPI6,K7L684,0
I1L6V0,I1LEC3,0
I1K2I1,I1LKD9,0
C6SVA8,A0A0R0GAV8,0
K7L2K8,I1JKK4,0
I1MJH5,I1M5N0,0
C6T2G5,I1LIQ3,0
I1L153,C6TGZ1,0
I1N5V6,I1LG13,0
I1LGD6,I1LPT5,0
K7MVE2,K7K4C7,0
I1MHK8,A0A0R4J3I7,0
I1MBN8,K7MZN9,0
I1LUB3,K7LIE3,0
I1M7M5,I1KGM8,0
Q42798,I1LBJ5,0
K7MM50,K7KP05,0
A0A0R0JQJ0,P93162,0
A0A0R0LKR7,I1MUC6,0
I1K925,K7MUM4,0
I1JKP7,Q2PMQ4,0
I1JX10,A0A0R0KRF1,0
Q9M6D6,I1JS41,0
K7KEQ2,I1N0L1,0
I1NJ85,I1M643,0
I1JE51,I1M1D5,0
I1LF90,I1K0A7,0
I1JW26,I1ML63,0
I1MZF9,K7LX60,0
K7LHS7,I1JK31,0
I1JRU7,I1LUB3,0
I1JQF4,K7KHN1,0
C6TJ97,A0A0R0GJV8,0
K7MUC8,I1MW51,0
I1LEC3,I1LCP4,0
K7MNE6,C6SVB8,0
A0A0R0GJJ0,A0A0R4J2U8,0
K7KUK2,A0A0R0H690,0
A0A0R0I5R9,A0A0R0HSV6,0
I1JE16,I1K925,0
C6TIQ8,I1L9Z8,0
I1KIQ2,I1N055,0
A0A0R4J536,I1MP75,0
I1JPH8,I1KUX4,0
C6T1G9,K7KA65,0
I1JC08,K7MVE2,0
I1JM84,I1KAQ7,0
C6SW04,A0A0R0FFT1,0
I1KUN6,I1MIX6,0
I1NDA1,A0A0R0L5Q1,0
Q6SPR2,A0A0R0JQ82,0
I1N850,K7LCL1,0
A0A0R4J4C5,I1NB48,0
A0A0R0JEV3,I1JET9,0
C6T9Z5,I1N8F6,0
A0A0R0LBA6,I1L0G2,0
I1LH18,I1LEQ3,0
I1K1W8,I1M269,0
I1LT34,I1MHX1,0
I1MHU4,I1N5V6,0
I1JS15,I1KFQ1,0
A0A0R4J5J3,C6TCG0,0
I1JHQ1,A0A0R0IF33,0
I1N976,I1M1E5,0
I1KP14,I1MHX1,0
K7L723,A0A0R0K6I2,0
K7LP01,I1LGR6,0
I1JW26,I1KDA4,0
A0A0R0L419,A0A0R0KY77,0
I1KQD8,K7L2K6,0
C6SWG9,K7LXA6,0
K7MNK5,K7LRR7,0
P93163,I1MXY0,0
I1KAQ7,K7KF95,0
A0A0R0IV41,A0A0R0LBA6,0
K7K3R6,I1JUP2,0
A0A0R4J426,I1JCA9,0
I1KNA2,K7L9S8,0
I1KAJ9,I1MRP6,0
I1L0F0,K7M6R4,0
A0A0R0GTG6,K7N529,0
I1MKJ6,I1LEI8,0
I1MLC3,I1KC50,0
I1K3G1,I1K4Y6,0
A0A0R0G8N1,K7N4K5,0
C6TAB5,A0A0R0J9Y6,0
K7MJ75,A0A0R0FIP9,0
I1LV18,K7N129,0
I1JW26,I1JD07,0
I1JM84,I1MZT5,0
I1JHJ0,I1KM64,0
I1LGD6,I1M1E5,0
K7KNT9,I1K1W8,0
I1KNA2,I1KQU2,0
K7M864,A0A0R4J536,0
I1JEC6,I1J4K1,0
A0A0R4J3I7,I1M1P1,0
I1JSY7,I1KM07,0
I1LJ81,A0A0R0J5Y2,0
I1JK31,I1MTH5,0
I1K6E7,Q9AWB2,0
I1ND31,E3WC98,0
I1L171,I1KIQ2,0
A0A0R0HXH4,I1LPT5,0
I1KBI7,I1KZX6,0
I1LV18,K7KL60,0
I1LUV4,C6SV60,0
I1JRJ3,A0A0R0JI69,0
I1LUV4,E9KBR8,0
A0A0R4J5N5,I1L1A1,0
I1JWK3,A0A0R0G8N1,0
I1KJ84,I1JRU7,0
I1K9R1,K7LJ72,0
A0A0R0IT62,A0A0R0K6C1,0
K7N598,K7M846,0
I1MR79,I1JRV0,0
P01055,I1L2Q0,0
I1JM18,I1KSD0,0
I1K4L3,K7LMW2,0
I1JM15,C6TD23,0
Q1M320,I1NJ85,0
C6TK31,A0A0R0H8Q8,0
I1MW51,I1JK67,0
A0A0R0K6I2,I1KL89,0
I1JDF1,A0A0R0FEC1,0
I1LWB8,C6SWL4,0
K7LMW2,I1MCK2,0
I1K146,I1L6T8,0
I1MW49,A0A0R0L9T4,0
A0A0R0ICK4,I1JET4,0
I1JFW4,C6SZQ0,0
I1LPT5,K7MXH5,0
I1LCR6,I1K1D7,0
K7KX53,K7M0S3,0
I1NG45,K7KWE4,0
A0A0R0KJM2,I1JPP8,0
I1KSL6,I1M3W1,0
C6T9Z5,I1MQB8,0
I1L7G4,K7N5K2,0
I1L0G2,I1MD26,0
K7MGQ2,I1MQD2,0
P93163,I1J9W9,0
A0A0R0HEM4,A0A0R0GYC5,0
I1JGK9,I1N4F6,0
I1K146,I1KPB0,0
I1JDN7,I1J4T6,0
Q9SLW5,A0A368UJ62,0
K7KN39,I1JB64,0
I1NAL7,A7X641,0
C6TNW3,A0A0R0JJI0,0
K7MZN9,Q06197,0
K7LQV0,A0A0R0IF33,0
I1KQC3,C6SWR4,0
A0A0R4J4C5,I1MM97,0
I1JMD6,I1LPJ8,0
I1K7G0,Q39817,0
K7MYK9,K7KES1,0
I1JXJ3,A0A0R0FUA1,0
I1L171,K7KYM0,0
I1N3U5,Q9XE60,0
I1JS41,I1NCF6,0
K7KZX6,I1JC65,0
A0A0R0FEN3,I1J4T6,0
I1K669,I1MUP5,0
C6SZ70,K7LXD3,0
I1LJG9,I1JKK4,0
I1MR11,I1MYD2,0
I1JPH8,I1MUM8,0
I1NB01,C6T1V1,0
A0A0R0F695,I1MUP5,0
M1FIQ5,K7M9T4,0
I1M1I7,I1J5A4,0
Q9AWB2,C6SW04,0
A0A0R0L5Q1,I1NFR9,0
I1LLB7,I1J4B5,0
I1JET4,I1KZ09,0
P07134,I1M592,0
I1JM84,I1MEA7,0
C6TKD8,I1L6A2,0
K7K9D6,I1MNV2,0
I1KM19,A0A368UIA0,0
K7MM52,I1KC40,0
I1L880,I1JQ20,0
A0A0R0IZ75,I1MK83,0
I1L6T8,I1LA49,0
I1M796,I1NBA2,0
I1M311,A0A0R0H537,0
A0A0R0GWH6,A0A0R0JC18,0
A0A0R0FLV6,C6TJM4,0
I1LDP9,A0A0R0HEI5,0
K7KX53,I1LPJ8,0
I1J8E3,A0A0R4J455,0
Q42808,C6TM45,0
Q39898,I1JMX7,0
K7M6R4,A0A0R4J4H3,0
I1NC50,A0A0R0FAJ6,0
A0A0R0JQJ0,I1LKY8,0
C6TJM4,I1LA39,0
I1KLS0,I1LKZ0,0
E9L575,P93162,0
I1KCM4,I1JSY7,0
I1JY66,K7L0E7,0
I1N7F4,I1LGR6,0
I1J5W0,A0A0R0GFL3,0
C6SZ88,I1MQB9,0
K7MM50,I1KQ73,0
I1N846,I1JXI4,0
I1LLC6,C6TF29,0
I1MPJ4,I1M8A1,0
I1JM84,C6SWA8,0
K7LDF3,I1LZ93,0
I1JA95,I1M4L1,0
A0A0R0JQT3,K7LJ17,0
K7K127,A0A368UI76,0
I1LL05,I1MNU2,0
I1KZK2,K7LVH5,0
I1MLM1,I1M7Y3,0
A0A0R0KMM9,A0A368UGC3,0
C6TC28,K7MLH4,0
A0A0R0FVX1,K7LP01,0
I1NB48,I1MUC6,0
I1K9J7,I1M8A0,0
I1LU06,B0M1A3,0
I1N7G4,I1K099,0
I1JB64,A0A0R0L7U5,0
I1K5J7,I1L880,0
I1JD36,I1N8L0,0
I1NE02,C6TIK0,0
I1L2Q0,K7LVH5,0
K7LR18,I1MUR2,0
A0A0R4J5B7,I1L1Q8,0
K7L145,I1NF53,0
K7L0V0,I1LDP9,0
I1LR95,K7M6Z2,0
K7M862,I1L759,0
I1KFZ9,I1L7R2,0
I1KXP5,I1K3G1,0
I1LKN9,I1NHX1,0
I1L5I2,A0A0R0JYX3,0
K7MPI6,I1JUU2,0
I1MKX7,I1MZV4,0
I1JD36,I1N2J3,0
I1M2G5,K7KWE4,0
K7KYJ6,A0A0R0GZ30,0
A0A0R0KWL0,I1MM35,0
I1M225,I1ND31,0
I1NGJ7,I1JRU7,0
C6TGP5,K7LEU7,0
I1MBS8,I1L0F0,0
I1KNV7,I1KTP1,0
A0A0R0G7B5,I1JE11,0
K7K9D6,I1LWB8,0
K7LJ17,I1LJ81,0
A0A0R0GAV8,I1K5E7,0
A0A0R0HLZ4,I1JQY7,0
K7KUE8,C6TG34,0
I1KCY5,I1LIT1,0
I1JSG1,A0A0R0GJV8,0
I1MHA5,I1N5R9,0
A0A0R0EEW3,I1JC50,0
A0A368UI76,I1NE42,0
I1LUB3,I1MFI0,0
I1MF65,I1ML63,0
I1KA98,C6T1G9,0
A0A0R0FTJ2,A0A0R4J309,0
A0A0R0K6C1,C6SWS6,0
A0A0R0JEV3,I1LDY8,0
C6T1V1,A0A0R0IZA1,0
K7N4K5,I1LAH1,0
K7K578,A0A0R0FFT1,0
I1M592,K7M466,0
I1M292,I1NBA2,0
C6TGP5,I1MLM1,0
K7KJW6,K7M9T4,0
I1JGK9,Q9XE60,0
I1JFW6,I1MBL5,0
A0A0R0L3G5,A0A0R0FEN3,0
I1KYL4,I1N8M8,0
A0A0R0JT51,I1JAI4,0
I1LEF5,I1K099,0
A0A0R0G7B5,K7MUC8,0
I1LLH3,C6TAB5,0
I1L4E5,A0A0B5EC52,0
I1MQD2,K7MAQ6,0
C6T857,C6T214,0
I1J8V8,I1JGB2,0
A0A0R0ICK4,A0A368UGC0,0
A0A0R0HSC1,I1ML11,0
A0A0R0KQ74,I1KD82,0
I1M130,C6TJM4,0
I1MQB8,A0A0R0J7Q6,0
I1L1A1,B0M1A3,0
I1LG13,I1J9H6,0
I1JUK7,K7LQV0,0
K7MC85,Q42797,0
C6SX83,C6TD23,0
A0A0R0FLW1,A0A0R0H690,0
I1NGJ8,C6T217,0
I1JX10,K7KYM0,0
I1LH27,A0A0R0JI98,0
I1N1X2,A0A0R0L4P0,0
A0A0R0KJL0,I1LG65,0
K7N0V8,C6TGZ1,0
I1N5R9,C6SVR0,0
Q2PMP9,I1LIT1,0
A0A0R0JRI8,I1MRP0,0
K7M466,K7LIE3,0
I1KP66,I1MTV9,0
I1KDA4,A0A0R0GYZ9,0
I1J8V8,I1M6M9,0
I1K9G7,I1MZV0,0
I1L5I2,I1L1W0,0
K7LR18,I1K146,0
I1NAL7,I1KDU3,0
I1KP26,I1JWE9,0
K7K355,C6TGA9,0
I1J709,Q8GZU9,0
A0A0R0FG80,K7KNC5,0
I1JHJ8,I1N4X6,0
I1MVZ6,I1JMZ7,0
K7MS06,K7KN13,0
I1NF53,K7LX60,0
A0A0R0JQT2,I1NFY2,0
I1LPJ8,K7MM52,0
A0A0R0KR59,I1MG42,0
I1KJX6,I1JKK4,0
A0A0R0JQT3,I1K506,0
A0A0R0I5R9,M1FIQ5,0
A0A0R0E2R0,C6T2G5,0
I1KC50,C6T8S2,0
I1K3G1,I1MG38,0
I1LT34,I1M130,0
A0A0R0HEM4,I1JET4,0
A0A0R0L419,I1K006,0
A0A0R0EKI7,I1MMY0,0
I1KI90,I1NFR9,0
I1KQD8,I1KEX8,0
I1NDA1,K7KN39,0
I1N798,I1LF24,0
I1L3Q3,K7KUG2,0
A0A0R0IR73,I1KM64,0
A0A0R0FLW1,K7LHS7,0
A0A0R0FFT1,A0A0R4J461,0
A0A0R0IYY7,I1KCY5,0
I1MUP5,I1LQ64,0
C6SX83,K7KVN0,0
I1KZK2,I1M3Y7,0
I1JDU3,I1NBA2,0
I1KM64,I1NC50,0
P49084,I1LCZ2,0
K7KN13,I1JMY9,0
I1JW06,I1JK67,0
A0A0R0LBA6,K7MGQ2,0
A0A0R0IAM2,A0A0R0FGT9,0
A0A0R0IR73,K7KIY4,0
I1JRJ3,I1KM88,0
C6SWS6,D2D5G3,0
I1LLS4,I1KTY9,0
I1KM01,I1JHN9,0
I1NGL3,I1MLM1,0
A0A0R4J488,I1JW06,0
I1LN52,C6SW04,0
I1JFW6,C6TKD8,0
C6TAB5,K7L2R0,0
K7MUC8,I1L9Z8,0
I1L2H4,K7L7W0,0
I1MRV3,A0A368UI10,0
I1JJ76,I1MCH7,0
I1KM88,I1KDF1,0
A0A0R0FNY5,A0A0R0L5Q2,0
Q8LPW2,I1MUP5,0
I1KNI7,I1MK83,0
K7LVH5,I1LLA0,0
I1KUS2,I1LA39,0
K7K5R7,Q6SPR2,0
I1NHX1,K7MFZ6,0
A0A0R0IYY7,C6TIQ9,0
I1KGM8,I1K3R3,0
C6TJ43,I1KA75,0
K7N563,A0A368UID0,0
I1MUN6,K7L939,0
I1JJX3,I1LR48,0
I1KM01,A0A0R0L4P0,0
I1KIG1,I1MJH1,0
I1JM18,I1KJF2,0
I1M269,I1KMS8,0
I1JA95,A0A0R0IV41,0
I1JC65,I1KI90,0
I1LWB5,I1LA40,0
I1M5N9,I1K3K8,0
K7K9T5,C6TG34,0
I1LPK7,I1K1I0,0
I1KH38,I1JRU7,0
A0A0R0FB78,I1MMY0,0
Q2PMQ4,A0A0R0EDS9,0
I1K3K8,I1KGY4,0
K7MNK5,I1NGJ8,0
I1KA98,C6TN69,0
I1N019,I1N7G4,0
I1KFP9,I1LIQ3,0
I1M1C4,C6T8C4,0
I1M5X1,A0A0R0LCZ4,0
I1N780,Q39817,0
I1KCM4,I1KQ73,0
K7KJW6,I1KRC8,0
I1N933,Q2PMU5,0
A0A0R0J296,A0A0R0IV41,0
I1KAR1,I1K3R3,0
I1LC77,C6TER0,0
K7LIZ8,I1LKY8,0
I1K5Q4,A0A0R0GYZ9,0
I1LGS0,K7KHN1,0
I1J4K1,I1N696,0
P62302,K7KUG2,0
M1FIQ5,I1JM84,0
I1J547,I1J4G6,0
K7N129,C6TK31,0
A0A0R0FB78,I1K3U6,0
K7KVV2,I1MSN3,0
Q9SWR5,I1NAJ5,0
I1K467,I1JY66,0
A0A0R4J5B7,I1LW00,0
A0A0R4J2U8,K7L6N7,0
I1K5E7,I1N846,0
C6TLW3,I1KA75,0
I1KHJ4,A0A0R0J6N9,0
D2D5G3,I1JT87,0
I1MDD8,K7MC85,0
Q9M4R7,I1LH30,0
I1J9I1,K7KK86,0
I1NAJ5,I1MUC6,0
I1J4L6,C6T8S2,0
A0A368UJ62,I1M5N0,0
I1L2T1,I1JCA9,0
I1MEQ6,I1KIJ1,0
I1L6H1,K7LSG7,0
I1K9R1,I1MGY9,0
I1NGJ8,I1K115,0
I1MGG7,I1LPJ8,0
A0A0R0IQ72,K7KGB3,0
I1KCY5,I1MIW3,0
I1NHF4,I1JDK2,0
K7MQT1,I1KZY9,0
K7KJB2,K7K4C7,0
I1K0E4,A0A0R0JSC0,0
A0A368UGG7,I1MV08,0
I1MGG7,I1L367,0
I1LGR6,I1NFB9,0
I1KPN4,A0A0R4J3X6,0
A0A0R0J7Q6,E3WC98,0
I1KNI7,I1JRJ3,0
I1JIK2,I1MSP6,0
I1KM19,I1KQP5,0
A0A0R0H690,K7K355,0
I1LU06,K7LWG6,0
I1LST6,I1LNP4,0
I1LI32,A0A0R0L0E7,0
I1K215,I1L7D4,0
I1LIA8,I1LUL2,0
I1L367,K7MPI6,0
A0A0R0JT51,C6T2F8,0
C6T8S2,I1L332,0
A0A0R0JRI8,A0A0R0J6N9,0
K7MPI6,I1N933,0
I1LG65,I1K215,0
I1KSD0,I1MJB3,0
K7KTS8,Q1W376,0
I1LME8,A0A368UI10,0
I1MLM1,A0A0R0GPR8,0
Q2Q021,I1K3R3,0
A0A0R0FIP9,I1LWP5,0
A0A0R0L828,I1KAQ7,0
C6SWR4,I1KA71,0
I1NAL7,I1MVZ6,0
P45621,I1N5H5,0
I1N4X6,K7KK86,0
A0A0R0FG80,I1J8V8,0
K7MAQ6,M1FN34,0
I1K3X9,A0A0R4J5B7,0
K7MRW8,I1LWX5,0
I1KSD0,I1LLJ4,0
I1M038,I1MW74,0
I1L1A1,I1MF65,0
I1K089,C6TGX5,0
I1JY66,C6SWH0,0
I1K4Y6,I1KRL9,0
I1LJH2,A0A0R0FTI5,0
I1K642,C6TN61,0
I1LA49,K7K3R6,0
I1LLA0,I1JMY9,0
B0M195,B4YB10,0
Q06197,I1JFW6,0
I1MTH5,I1MV80,0
I1KL32,K7L145,0
A0A0R0JQT3,A0A0R0GS25,0
I1JMD6,I1KP14,0
A0A0R0HW00,K7K3R6,0
K7LXY1,I1MLC3,0
K7L476,A0A0R0FHD2,0
K7MJ75,C6SZ88,0
A0A0R0GFH3,C6T065,0
M1FN38,I1LTW8,0
I1LEQ3,I1LBQ3,0
I1M487,K7MHQ6,0
I1M1W3,I1KL89,0
I1JS15,I1LBJ5,0
K7M466,I1LV18,0
I1LLS8,I1KPN4,0
I1LRR9,A0A0R0IL99,0
I1JE11,I1NGH7,0
K7N129,I1LIA8,0
K7K1V0,I1JYT2,0
C6SZ88,K7KTA9,0
I1LGI3,K7MMD7,0
I1M4L1,K7MGH8,0
K7KL60,I1JMY9,0
I1MHK8,I1JW06,0
A0A0R4J4G7,I1JHJ0,0
A0A0R0G8N1,I1KUE8,0
K7K127,I1JDU3,0
A0A0R0JI69,I1MR79,0
I1JK31,I1JCB1,0
I1K1R5,A0A0R0ICK4,0
K7MVE7,K7LQV0,0
K7N525,I1KTP1,0
K7KHN1,C6T857,0
K7LIE3,I1NAJ0,0
I1M643,I1JPY7,0
A0A0R0LK19,K7N598,0
K7MUS8,I1JRE0,0
C6SV60,A0A0R0E8N5,0
A0A0R0HSV6,I1K146,0
K7N529,I1KJ84,0
I1M038,I1J4B5,0
A0A0R0K6U3,I1KA98,0
I1LPC2,C6TIQ8,0
B0M1A1,K7LY43,0
I1J574,I1K9W3,0
A0A368UJ62,I1NIE5,0
I1JDU3,I1KD82,0
I1KZC9,K7MUM5,0
K7N129,I1JD07,0
A0A0R0JRI8,K7M5Q8,0
I1M130,K7MDN4,0
C6TKD8,I1JYX2,0
I1MFI0,K7L476,0
I1LKV0,A0A0R0HEG0,0
C6TE39,I1L7D4,0
C6T972,I1M1P1,0
K7KFZ9,A0A0R0KQ74,0
I1KHJ4,I1MUR2,0
I1MTH5,K7MH28,0
I1LF24,A0A0R0EJV2,0
I1LJ81,I1KJR2,0
I1LXI0,K7L2K8,0
C6TI98,I1N696,0
A0A0R4J2L5,I1JS15,0
K7L476,I1MHG6,0
K7MRW8,A0A368UJ62,0
K7KTA9,K7K355,0
A0A368UIE1,A0A0R0JNM4,0
I1K4Y6,A0A0R0EDS9,0
I1MNS7,I1KJX6,0
A0A0R0K6C1,K7KW44,0
I1L6V0,K7N4K5,0
I1JZ99,I1M6V9,0
P07134,I1LWB5,0
I1N453,K7L9S8,0
A0A0R4J3I7,I1LQ55,0
I1K1D7,I1MF50,0
A0A0R0IWM0,I1J5E3,0
A0A0R0J9Y6,C6TKV3,0
K7MQ01,C6THB5,0
I1LIG9,I1LEF5,0
I1J8D7,I1K6E7,0
I1N5R9,K7KYJ6,0
I1KSD0,A0A0R0F392,0
A0A0R0L1N9,I1LHY5,0
C6T5U0,I1ML63,0
K7MMD7,K7N145,0
I1L7J3,K7MH28,0
C6SXY4,A0A0R0IZ75,0
I1LDP9,I1K246,0
I1MG42,I1KM27,0
C6T988,C6SZG1,0
Q56GA2,I1K1W8,0
I1MUN6,A0A0R0HEM4,0
C6SYN1,I1M487,0
A0A0R4J461,I1N8V4,0
I1NCF6,A0A368UIA0,0
C6TGZ1,K7M2G2,0
C6TE57,I1LPT5,0
I1JE51,I1L880,0
I1JB52,I1NE42,0
K7K808,I1LP98,0
A0A0R0E8N5,I1LV18,0
Q9SWR5,I1LFG6,0
I1JD07,C6TN61,0
Q06197,I1JRJ3,0
K7KX53,I1L5U9,0
K7MUC8,K7N598,0
K7L6K2,C3VD33,0
I1MQC8,I1N5Z3,0
I1LIA8,K7LY43,0
I1MUM7,I1N696,0
I1LH18,I1N8F6,0
I1JM15,I1KK11,0
C6SZQ0,I1MQB8,0
A0A0R0HSH0,A0A0R0K5H8,0
C6T7K0,I1MBL5,0
A0A0R0G8N1,K7LR18,0
I1MHX1,I1MZF9,0
A0A0R0L9T4,A0A0R0GHT9,0
I1LH18,I1KTI0,0
A1YUN0,A0A0R0H141,0
I1NHH3,Q45FY8,0
K7MM50,I1K938,0
A0A0R0JRI8,K7KIY4,0
A0A0R0J6N9,I1NJ85,0
I1MBL5,I1JGX0,0
I1MT23,Q39810,0
I1MLC3,I1M038,0
C6TER0,I1NCN7,0
K7LJS8,I1LPK5,0
I1MV08,P45621,0
B4YB10,I1JGP8,0
I1M3M4,I1K6T6,0
I1KFQ1,I1LUE0,0
I1LRR9,O22518,0
I1KZ09,I1K6E7,0
C6TCH4,I1KCM4,0
E3WC98,A0A0R0GG06,0
I1K3K7,I1MUM7,0
K7KUK2,K7L723,0
I1N447,I1JKD2,0
K7MAQ6,K7K149,0
I1MJB3,A0A0R0ENB3,0
K7MXF1,I1J4T6,0
A0A0R0FUA1,I1LUL2,0
K7MPJ9,K7MUS8,0
A0A0R0GG06,K7K127,0
K7N1X2,I1KDU3,0
I1KA71,I1JEC6,0
A0A0R0GYZ9,I1KS98,0
C6TDC0,A0A0R0JYX3,0
I1NHQ6,I1K9W3,0
A0A368UI76,I1MZT5,0
A0A0R4J488,K7MKF1,0
I1LPE4,K7K4Y8,0
I1N551,I1NG45,0
I1JXI4,Q9SWR5,0
B0M195,I1JHQ1,0
A0A0R0FX75,I1K146,0
I1KQ73,I1K6N8,0
A0A0R0F214,I1LTE6,0
K7M466,E3WC98,0
C6SVA8,Q70MR6,0
A0A0R0HW00,A0A0R0ICK4,0
A0A0R0FIP9,I1MUN6,0
C6T8S2,I1MRV3,0
A0A0R0E8N5,K7KYJ6,0
C6SXG9,C6THB5,0
A0A0R4J365,I1K6U7,0
I1NDA1,I1N8M8,0
A0A0R0ELE0,I1MIW3,0
K7KYM0,I1KIG1,0
K7KLY3,I1N8F6,0
A0A0R4J3I7,Q45FY8,0
I1JA30,I1KI90,0
I1L1Q8,I1K3K7,0
K7LNG6,I1LIQ3,0
K7MH28,I1NJ53,0
I1MM97,I1JD52,0
I1N6D4,K7KN04,0
K7KZX6,I1KA98,0
I1LJG9,I1JM84,0
A0A0R0KJM2,A0A0R0LIH0,0
I1KP14,C6SZ70,0
I1KM19,A0A0R0KWT5,0
I1JGB2,K7KHN1,0
I1J574,I1MLF1,0
K7LH46,A0A0R4J365,0
I1MZ51,K7K9T5,0
K7ME58,K7KES1,0
I1NE42,I1LLH3,0
I1KP26,I1J702,0
K7MXF1,I1JY66,0
C6TD23,I1NHQ6,0
K7KW44,I1MFI0,0
I1L759,A0A0R0I304,0
I1J8M6,I1LCG9,0
I1LGR6,I1M311,0
I1L759,A0A368UGC0,0
I1K9C2,I1KVG9,0
C6TK27,I1LD16,0
I1JDU3,I1JJN8,0
A0A0R0KY77,I1KQE3,0
K7L5S0,I1LZ93,0
I1J765,I1K723,0
I1KS65,A0A0R0FFT1,0
I1N9J8,K7K578,0
I1MNV2,I1MV80,0
K7N4K5,I1JC50,0
K7KHN1,I1M5N0,0
K7K7Q8,I1KGY4,0
K7MVE2,K7MPZ4,0
I1MBL5,K7MM89,0
I1LSB5,C6TBU3,0
I1N551,P93162,0
I1LUZ5,A0A0R4J4H6,0
I1LBA8,I1LQ64,0
K7KX53,K7KMU1,0
A0A0R0GTG6,I1LJH2,0
C3VD33,K7K3R6,0
I1JQK9,I1KEC8,0
A0A0R4J4D0,I1JRJ3,0
I1M1E5,Q8GZU9,0
A0A0R0KVY6,I1JS41,0
I1JIA7,I1LRL9,0
I1LLJ4,A0A0R0EWR2,0
C6SWG9,I1NHH3,0
I1LG22,I1KJG4,0
K7M4J0,I1MU00,0
K7L939,A0A0R0GYZ9,0
A0A0R0IF33,K7ME58,0
I1LHS8,I1K938,0
I1MZV4,C6SXD2,0
I1J709,I1K3U6,0
P01055,P01064,0
I1K6H8,I1K6T6,0
I1KHV8,K7KRK6,0
I1JK59,K7MM50,0
K7M353,C6SZ70,0
I1JN65,C6SWD1,0
K7LHW6,I1LBJ5,0
I1JXJ3,A0A0R0IT62,0
I1LQ62,I1M1P1,0
I1MEA7,I1N933,0
I1MBL5,I1M3A3,0
I1JZ64,C6SX83,0
I1KTY9,A0A0R4J2L5,0
I1N5H5,I1NCF8,0
I1L3Q3,I1KQU2,0
C6T2F8,I1MBL5,0
F8WRI5,K7MAQ6,0
C6SV60,K7MPZ4,0
I1L6V0,K7MNK5,0
I1N5R9,C3VD33,0
I1N5Z3,A0A0R0E934,0
C6T9W4,A0A0R0J6N9,0
I1JDN2,C6T099,0
A0A368UI50,I1K7G0,0
C6TCH4,C6SYN1,0
K7LJS8,I1JAI4,0
C6SYN1,K7KRK6,0
I1MDY5,I1KL89,0
I1MM35,C6T7K0,0
A0A0R0FUA1,I1KAR1,0
A0A0R0H8Q8,A0A0R0GFM7,0
Q84L66,I1KDU3,0
I1LJD2,A0A0R0JQT2,0
I1MUM7,I1LT87,0
I1LI32,K7LU89,0
K7KMU1,I1K3F0,0
I1JV03,I1MEW6,0
A0A0R0IW53,I1KZK2,0
K7LQV0,P62302,0
I1JMD6,C6TI98,0
I1LII4,C6TK30,0
K7LJ17,I1L332,0
I1N976,C6SYE1,0
P93162,I1NC04,0
I1KZX6,I1KS56,0
I1JYG3,A0A0R0H537,0
A0A0R0K6U4,K7LP01,0
P01064,C6T002,0
A0A0R0H141,I1L694,0
I1LCP4,A0A0R4J2Q5,0
K7LU89,I1LEC4,0
Q9M4R7,C6TKV3,0
I1LME8,A0A0R0GPH9,0
I1LN30,I1NCF8,0
I1J981,I1JK31,0
Q2TUW0,K7LJ17,0
A0A0R0EKI7,K7LTR0,0
Q9SLW5,A0A0R0GJJ0,0
I1MHG6,I1NG45,0
A0A0R0HEM4,A0A0R0IT62,0
I1MSN3,A0A0R4J5C5,0
P45621,I1LIG9,0
I1K9R1,I1JFW4,0
I1MKJ6,K7M2G2,0
I1NIT4,I1N483,0
I1MIX6,I1JWK3,0
I1JDN7,A0A0R4J5T8,0
Q2Q021,I1LEI8,0
I1K925,C6TGZ1,0
C6T065,I1MG42,0
A0A0R0H8Q8,Q9M4R7,0
K7L6K2,I1JRE0,0
I1JE51,A0A0R0GS25,0
I1LLH3,C6T988,0
I1LJG0,I1MAX9,0
C6TJ97,K7MPX8,0
I1KZY9,I1KJF2,0
I1NA38,I1MHU4,0
K7K2H0,I1M5N9,0
B4YB07,I1KVG9,0
G3E7M6,A0A0R0K0C4,0
K7MQT1,I1LLS8,0
I1N4X6,K7MGH8,0
I1KAD1,I1KRU0,0
I1N846,I1MG54,0
I1LBN7,A0A0R0JQ82,0
A0A0R0HXK5,C6TE57,0
K7M4K7,I1MF26,0
A0A0R4J461,I1M2G5,0
C6T099,E9L577,0
I1LDY8,K7MUC8,0
C6TJW1,K7KR21,0
K7KYM0,I1LLS8,0
I1N1Z5,O22518,0
I1LME8,I1LQ62,0
A0A0R0L7U5,I1J5W0,0
K7K9D6,A0A0R0ICK4,0
K7LH46,I1L2H4,0
K7KTY4,K7L939,0
C6SZ70,I1K146,0
A0A0R0LK19,A0A0R0J6N9,0
K7MRF5,K7L2R0,0
K7KGB3,I1KCY5,0
K7KUE8,I1MP75,0
A0A0R0JC18,I1K6J1,0
P93163,I1JD07,0
I1N2G0,I1M5Z9,0
C6TKD8,K7MDN4,0
I1LCZ2,C6TBL4,0
I1LPK7,A0A0R0FAD6,0
A0A0R0F5Y7,I1NFR9,0
I1KJF2,A0A0R0FA21,0
I1L0G2,E9L565,0
A0A0R0FUA1,C6TCJ0,0
C6SWD1,A0A0R4J365,0
I1J9U5,I1M3M4,0
K7MQG6,C6TNN4,0
I1LUT1,Q8W1A1,0
I1LLH3,I1LIK7,0
K7MXF1,I1JE16,0
I1M2S7,A0A0B5EC52,0
C6T8C4,I1MW74,0
C6TDC0,C6TBL4,0
Q9XE60,K7LIZ8,0
K7LFU3,I1LP31,0
K7LNG6,I1NJ85,0
I1N846,I1JGB2,0
K7MPJ9,Q06197,0
C6T9Z5,I1K0A7,0
A0A0R0L419,K7LHS7,0
K7LIE3,I1JGK9,0
I1KRL9,I1LG22,0
I1JX17,I1K9R1,0
C6T027,C6SYE1,0
C6TE39,I1L2H4,0
A0A368UID0,K7KQZ8,0
I1JGB2,I1MM97,0
A0A0R4J488,B0M195,0
I1LIJ6,A0A0R0FIP9,0
K7M4J0,C6TJH2,0
I1KL32,I1LLC6,0
A0A0R4J5K6,I1NIE5,0
K7KF95,I1J7U9,0
K7M841,I1MQC8,0
I1KA54,I1JIW1,0
C6SWR4,I1KNE4,0
K7M6R4,I1MXY0,0
A0A0R0K188,I1KWU9,0
C6TK27,K7K9T5,0
Q70MR5,C6T8C4,0
I1K0E4,I1NAJ5,0
B4YB07,K7KIY4,0
C6T1H3,I1L694,0
I1N448,I1M325,0
I1K9G7,I1N2Z4,0
K7N563,I1NCV4,0
Q94C02,I1L7J3,0
I1MW74,C6TN61,0
K7M353,I1KM01,0
K7M6Z2,A0A0R0KWT5,0
I1M292,I1L332,0
I1L2Q0,I1M277,0
I1LIU7,I1MEA7,0
K7MH28,I1N8V4,0
I1N898,I1K9W3,0
Q42808,I1LIA8,0
A0A0R4J365,A0A0R0G1X4,0
A0A0R0EKI7,K7KAB4,0
I1K0A7,I1MK72,0
I1JET4,I1MVC6,0
I1MS33,I1LHS8,0
I1JZR6,C6TM45,0
I1LLB7,I1MF26,0
I1JYX2,I1MQB9,0
K7LTR0,I1KNV7,0
I1JPH8,I1JZ99,0
I1L1Q8,M1FN38,0
I1KDP2,A0A0R4J488,0
C6SZG1,I1MT23,0
I1JUQ0,C6TC28,0
I1JYX2,A0A0R0JSJ9,0
I1M225,K7KA65,0
A0A0R0IL99,I1MG38,0
K7KEQ2,I1JMY9,0
Q71EW8,I1KCM4,0
I1J8M6,I1JHJ8,0
A0A0R0E6T9,K7N1L5,0
I1KUF4,I1LC77,0
I1KFL5,C6THB5,0
I1KNI7,I1MQB8,0
I1MZ51,I1JXI4,0
I1JC43,I1M5S3,0
C6SXG9,K7L145,0
I1LHR6,I1NCV4,0
I1M3M4,I1L7J3,0
I1KV61,I1LIJ6,0
K7KWE4,P01070,0
I1M1W3,A0A0R0KRF1,0
I1MQW6,I1MDY5,0
C6SZG1,A0A0R0HXH4,0
I1K6N8,I1JF82,0
I1JZR6,I1M8U0,0
I1K5E7,I1JUM3,0
I1JB64,I1L903,0
A0A0R0JQT2,A0A0R4J5Z8,0
I1KA71,I1MAC4,0
I1KCM4,I1KD82,0
K7KWE4,K7LHS7,0
I1JD36,A0A0R0GU87,0
A0A368UGC3,K7LJ17,0
I1K4V8,K7KTA9,0
I1JX17,I1K4Y6,0
I1JW06,K7LQV0,0
I1MW49,I1KZY9,0
K7MM52,K7L2K8,0
I1MSP6,I1LXY1,0
I1KRC8,C6TJ97,0
I1ML11,K7KNC5,0
C6TIQ9,I1K5Q4,0
I1JMH3,K7L9S8,0
I1NBA2,I1M6M9,0
I1LDP9,I1J765,0
I1KCA3,K7MLH4,0
G3E7M6,K7MKF1,0
C6T2G5,K7LXD3,0
Q06197,I1N850,0
I1JE09,E9L558,0
I1KP14,I1NIT4,0
A0A0R0GU87,I1KVG9,0
I1J957,C6SYN1,0
C6TE39,I1L694,0
I1M038,C6SYN1,0
I1KD82,K7L7W0,0
I1JXJ3,I1N976,0
I1JIH3,C6TGP5,0
I1M130,A0A0R0FAJ6,0
K7LY43,I1NB01,0
K7MQG6,K7KNG2,0
A0A0R0EV33,C6TJ43,0
I1JE51,I1JM84,0
I1J4L6,I1N7F4,0
K7K7Q8,I1N7G4,0
I1N453,Q70MR5,0
K7KX53,A0A0R0G3R9,0
M1FP94,I1KDJ8,0
K7MPI6,I1JF82,0
I1KFZ9,K7MUM4,0
I1N5D5,E9L565,0
I1JV68,I1MUM7,0
C6TGP5,A0A0R0E6T9,0
I1LCH2,I1MIX6,0
I1KJB2,K7KUG2,0
I1K506,A0A0R0L3G5,0
I1LIU7,I1L3N6,0
I1KQI1,C6SZS1,0
I1MLC3,I1L1Q8,0
I1MNS7,I1K246,0
I1K9R1,A0A0R0GZ30,0
A0A0R0FFT1,I1KTI0,0
E9KBR8,I1K9G7,0
K7M6Z2,I1JN65,0
I1MK83,K7M9T4,0
K7K808,I1LST6,0
C6TJH2,I1K3X9,0
K7K894,I1KDP2,0
I1MUM7,A0A0R0J2W1,0
I1N798,Q1W376,0
I1KUB2,K7KUK2,0
K7MLC5,I1M643,0
I1NHN6,P45621,0
I1K3K8,K7KW44,0
I1JMZ7,C6TE39,0
C6T002,I1JVT1,0
I1JRJ3,C6T211,0
I1NCV4,I1KJB1,0
I1MU00,I1JSI5,0
I1MUM8,I1LHS8,0
E9L577,I1KNV7,0
C6TGP5,Q94C02,0
I1M5Z9,K7LQS4,0
A0A0R0FNY5,C0M0V4,0
B4YB07,A0A0R0GS00,0
I1KSD0,K7MNE6,0
C6SZ70,I1LG65,0
K7MDN4,I1M3M4,0
A0A0R0HV63,A0A0R0GS00,0
I1KUB2,I1JC50,0
A0A0R0KQ74,I1LWP5,0
I1MC96,A0A0R0KN53,0
I1MLJ0,E3WC98,0
K7KWE4,I1KTY9,0
I1L5L1,A0A0R0GFH3,0
I1M292,I1JE16,0
A0A0R0LIH0,K7M6R4,0
I1M1C4,I1L7D4,0
I1JYT2,I1K7G0,0
A0A0R0K6U3,I1M7Y3,0
I1M3Y7,I1J547,0
I1JW65,I1LFG6,0
K7MM50,A0A0R0L4P0,0
I1MRV3,A0A0R0GAQ8,0
C6TNN4,I1ML11,0
K7MQ01,I1LSB5,0
I1LTG9,I1MGY9,0
I1KCA3,I1KNI7,0
A0A0R0IW53,K7KNT9,0
K7M4J0,A0A0R0K6U4,0
A0A0R0JNM4,I1JQP8,0
A0A0R0K0C4,K7LRR9,0
E9L558,B9MST0,0
I1K4R8,I1NA94,0
A0A0R0K6C1,K7LCS7,0
Q39898,I1M4B9,0
A0A0R0IEK0,I1JMK4,0
I1JFW4,K7MPJ9,0
K7M6Z2,A0A0R0G7B5,0
K7KKT1,A0A0R0JI98,0
C6TE39,I1MNU2,0
P01064,I1LMA5,0
M1FIS9,A0A0R0JC18,0
C6SYE1,I1LDP9,0
C6TJM4,A7X641,0
K7M387,K7L0V0,0
I1MDY5,K7MUV9,0
I1MYD2,I1KPN4,0
C6SW04,I1K6T6,0
I1N850,A0A0R0FNY5,0
C6SZG1,C6SWD1,0
I1LDB6,I1JX17,0
I1LC77,A0A0R0H8Q8,0
A0A368UGG7,I1N8F6,0
K7L684,Q2TUW0,0
I1JRE0,I1KM19,0
I1L7J3,I1KCY5,0
I1LCJ2,I1K4R8,0
I1L7J3,K7KJI6,0
I1M325,C6T972,0
I1KSL6,I1KM07,0
C6T0A0,K7KQZ8,0
I1MSP6,K7L1E6,0
A0A0R4J4G7,K7KES1,0
K7KYJ6,I1M1E5,0
C6T090,I1NG45,0
A0A0R0IW53,C6T972,0
A0A0R0L828,K7MLH4,0
I1L1W0,C6SV60,0
A0A0R0IJF6,I1LJG0,0
A0A368UJF6,I1JZ64,0
C6TCH4,K7KX53,0
A1YUN0,A0A0R0KVY6,0
E9L565,A0A0R0EAZ9,0
A0A0R0E6T9,I1M4L1,0
K7MPJ9,I1J574,0
I1JD36,I1KUF4,0
I1KIJ1,I1LMA5,0
I1JFW6,I1LEF5,0
I1N8L0,I1MB99,0
C6SWA8,A0A0R0H537,0
I1MNU2,I1MRP0,0
I1JEC6,K7LJS8,0
K7N598,K7ML50,0
I1JB52,C6SWG9,0
K7MJ75,A0A0R0FNY5,0
I1L3P5,K7KF95,0
C6TJ97,K7K149,0
I1JVT1,I1N933,0
I1N344,Q42798,0
I1L4E5,I1MLM1,0
I1LG65,I1KYS8,0
I1NF53,I1JWE9,0
K7LRR9,C6TNM5,0
I1JET4,I1M3A3,0
I1K1D7,I1NA94,0
C6T217,C6T065,0
I1LXY1,I1NG17,0
I1KQE3,A0A0R0FNY5,0
Q9SLW5,I1MGG7,0
I1KNE4,I1JS15,0
I1LEI8,I1MUC6,0
I1L7J3,I1JV03,0
I1MHX1,A0A0R4J2Y1,0
Q9M6D6,A0A0R0KWL0,0
I1LUZ5,A0A0R0ICK4,0
I1MCK2,I1JAH7,0
K7L0E7,Q9XE60,0
I1K246,K7MNP5,0
I1JVT1,C6SV60,0
I1J957,Q0EDG6,0
K7ML50,I1JET4,0
I1J4L6,I1MQW6,0
C6T1H3,K7N563,0
I1JS41,I1K099,0
C6SVA8,I1MJH5,0
I1K3G1,K7MUD4,0
I1LBA8,I1JK31,0
I1LWB5,K7L329,0
I1KM01,I1M325,0
K7K7Q8,I1MR79,0
I1L3P5,I1MBA8,0
I1M038,A0A0R0G3L8,0
I1NGJ7,A0A0R0IW53,0
A0A368UIA0,A0A0R0GBB6,0
I1LXY1,B0M1A1,0
A0A0R4J3C2,K7K3C2,0
I1M3A3,I1JKG7,0
K7MNE6,I1LDP9,0
I1JJN8,I1MPJ4,0
A0A0R0GBB6,I1KHV8,0
K7M9T4,I1M038,0
Q9SLW5,K7M846,0
I1J9H6,I1L7R2,0
I1JR22,I1NDE0,0
K7K5C0,A0A368UIM7,0
I1JJX3,A0A0R0H8Q8,0
C6TJW1,C6TAM7,0
I1LXK8,I1JE11,0
I1MHA5,I1KUX4,0
A0A0R0I304,K7KR21,0
A0A0R0FX75,I1LWB5,0
I1K1R5,I1K6T6,0
A0A0R0JQ82,I1M6F0,0
I1J8E3,A0A0R0E934,0
A0A0R0HEI5,I1NA10,0
K7MXE0,K7MPI6,0
I1MU00,I1KUF4,0
I1N846,A0A0R4J5N5,0
A0A0R0H141,I1JWE9,0
K7LTR0,I1LWX5,0
A0A0R0GPR8,I1NFR9,0
A0A0R0J5Y2,I1N1X2,0
K7LSJ2,I1LPE4,0
I1MTH5,K7K3R6,0
A0A0R0FG80,E3WC98,0
I1KA75,E9L575,0
I1N371,A0A0R4J4H3,0
M1FP94,I1LXK8,0
C6T1H3,I1MKJ6,0
I1N8T4,I1NIT4,0
I1LPK7,P01070,0
I1KS65,A0A0R0L5Q1,0
I1K6U7,I1L9G9,0
I1M8F0,K7LXA6,0
K7MUC8,I1KQU2,0
C6T214,I1JU23,0
A0A0R4J309,Q0EDG6,0
K7MJ75,I1JGB2,0
I1JZ89,I1N4F6,0
I1LBA8,K7KR21,0
I1L6T8,I1JV03,0
K7MY00,C6T002,0
I1JRU7,K7KWE4,0
A0A0R0JRI8,Q2PMP9,0
K7MUM5,C6TAB5,0
K7K3C2,A0A0R0KPE1,0
I1LT87,E3WC98,0
A0A0R0IYY7,I1MGY9,0
I1KZY8,I1KDF1,0
Q9XE60,I1J9W9,0
D2D5G3,I1LJ81,0
A0A0R0K4Z5,A0A0R4J5C5,0
I1MJB3,I1NDA1,0
I1MVC6,I1JPY7,0
I1N505,A0A0R0E8N5,0
I1JIS3,I1L735,0
I1N448,I1JHN9,0
K7MPZ4,K7K127,0
A0A0R0HXK5,I1MQB8,0
I1KWU9,I1K7G0,0
K7KNG2,P93162,0
I1N5H5,I1JRE0,0
K7K149,I1N8C9,0
I1JRE0,I1NGL3,0
I1LUB3,I1J4T6,0
A0A368UHM9,K7MUV9,0
I1JMZ7,I1KQ73,0
I1N5H5,I1MBS8,0
I1K146,I1MK72,0
K7M846,A0A0R0L9T4,0
K7L2K8,K7M5U7,0
Q39898,I1L7J3,0
A0A0R0KMM9,C6T988,0
I1JQ20,I1KPN4,0
K7K3C2,I1MSN3,0
C6TAW2,A0A0R0JSJ9,0
A0A0R0KE62,I1J9W9,0
K7MUM4,I1JSG1,0
I1LJD2,I1KUB2,0
I1KM88,I1L880,0
A0A0R0FG80,I1LUV4,0
I1LUB3,I1LTM1,0
A0A0R0EYS5,C6TIQ8,0
K7N145,I1K0U5,0
A0A0R0F5Y7,A0A0R0E2R0,0
C6T034,I1K006,0
I1JJN8,I1MV08,0
I1KGY4,I1JHN9,0
K7LZ50,I1LFG4,0
K7N525,I1JR22,0
E3NYP3,A0A0R0K5H8,0
I1LN52,I1L153,0
I1NHX1,C3VD33,0
I1M5Z9,A0A0R0GFL3,0
A0A0R0FZM4,I1LKV0,0
I1MAC4,I1M5S3,0
C6T003,I1LN30,0
I1MF07,I1KJ81,0
C6SWL4,I1JHJ8,0
K7KN39,I1NA94,0
A0A0R0H668,I1KV48,0
A0A0R0K6I2,I1MNV2,0
K7LR18,C6TJH2,0
C6TNW3,A0A368UGC3,0
I1KMM6,I1N505,0
I1K0A7,C1PHB8,0
I1LFG6,K7LH46,0
K7LNG6,A0A0R0GHT9,0
A0A0R0HSH0,K7MLC5,0
Q9M4R7,I1NA10,0
A0A0R0GFH3,E9L558,0
I1LG13,A0A0R0KWT5,0
A0A0R4J583,A0A0R0IQ72,0
I1N5R9,K7N529,0
A0A0R0H537,I1NG17,0
I1JHJ8,I1MF26,0
A0A0R0K188,K7KTY4,0
A0A0R4J5K6,K7LH46,0
I1LTM1,I1JKP7,0
A0A0R0KWT5,I1LA49,0
I1N448,I1MUM7,0
I1KMM6,A7X641,0
I1K3U6,C6T099,0
I1JAH7,I1JDN2,0
I1JDN2,I1JPH8,0
I1JKP7,C6TKD8,0
K7MUS8,I1M6B9,0
I1M225,A0A0R0G7B5,0
C6TEN9,I1M1E5,0
I1KNA2,A0A0R0IF42,0
I1JPH8,K7L406,0
A0A0R0FJR0,I1LKV0,0
I1JGB2,A0A0R0HV63,0
I1LST6,I1LP31,0
I1MM35,I1KA54,0
I1N447,A0A0R0JSC0,0
C6TLW3,I1MUZ7,0
A0A0R0EMR0,K7MH28,0
I1M130,I1K115,0
I1L903,I1JFW6,0
K7MHQ6,I1KBF7,0
I1MCK2,I1NGH7,0
I1JSD2,I1M368,0
I1JPP8,A0A0R0G7B5,0
Q1W376,I1JYX2,0
I1KHZ8,I1NE42,0
K7L7W0,A0A368UI50,0
K7K5C0,I1JIK2,0
I1MGG7,I1KRC8,0
I1KD82,I1ML11,0
I1KM07,I1M6F0,0
I1KZY8,I1KG02,0
I1L0F0,I1JR22,0
K7K127,C6TJ43,0
I1NA94,I1LYB2,0
I1MGY9,I1MF65,0
A0A0R4J426,A0A0R0L419,0
I1K925,I1LVL7,0
I1JXJ3,A0A0R4J2Y1,0
A0A0R0IJF6,K7L2K8,0
M1FN34,I1KA75,0
I1LA49,I1NE02,0
K7KTS8,I1MHG6,0
I1LVN3,A0A0R0LKR7,0
A0A0R4J2Q5,A0A0R0HXK5,0
I1K4Y6,K7KRK6,0
I1L2T1,A0A0R4J536,0
K7N4K5,I1J9L7,0
I1MG38,K7KTY4,0
A0A0R0J9Y6,K7MUC8,0
A0A0R4J2H3,A0A0R4J2Y1,0
A0A0R0JI98,C6TNW3,0
A0A0R0IWM0,Q2PMQ4,0
I1K006,K7L5S0,0
K7KFY5,K7N4K5,0
I1J5W0,A0A0R4J4H6,0
A0A0R0F6H1,E9KBR8,0
I1NGJ7,M1FN38,0
I1K6H8,I1JUP2,0
I1JZE1,I1MKJ6,0
I1M643,I1N780,0
I1LII4,K7L406,0
I1KA54,I1LIU7,0
K7KHN1,K7LH46,0
I1MFN0,I1NFB9,0
C6TG34,I1N850,0
I1KA75,I1LF90,0
I1K4L3,I1LU38,0
I1LIT1,I1MU00,0
A0A0R0G7B5,I1MEW6,0
A0A0R0G3L8,I1JDF1,0
I1JSY7,K7N525,0
K7LMW2,I1NJ85,0
I1JFW4,K7LK09,0
I1LKY8,I1JVT1,0
I1K0U5,A0A0B5EC52,0
K7MS06,K7K894,0
I1KBV2,I1K723,0
A0A0R4J5B7,K7LXA6,0
K7MM50,I1MNU2,0
K7MFE5,I1MM97,0
I1MNU1,A0A0R0FLV6,0
I1KPN4,I1LI93,0
I1KQE3,I1LCJ2,0
I1MUM8,I1K4Y6,0
I1JCA9,E3NYP3,0
I1JDK2,A0A0R0I304,0
I1M8F0,I1K0A7,0
I1MEQ6,E9L556,0
I1KM19,I1N4F6,0
I1MF26,A0A0R0L7U5,0
K7MNP5,I1KYL4,0
A0A0R0E6T9,K7KVN0,0
A0A0R0GPR8,I1M325,0
I1N448,C6TBL4,0
I1JGK9,C6T1V1,0
I1NHF4,I1LFG6,0
I1M269,K7MNE6,0
I1LIA8,K7K1V0,0
I1LA39,I1JRV0,0
I1KZ09,C6TJ97,0
I1L2T1,I1M998,0
I1MK83,Q0H950,0
K7LHW6,K7MGQ2,0
I1JKD2,I1N2J3,0
I1LKY8,I1KSL6,0
C6T211,I1LYB2,0
I1LEI8,I1NJ85,0
I1MXY0,K7L2D7,0
K7MUS8,A0A0R0IJF6,0
A0A0R0H537,I1LN92,0
A0A0R4J3X6,K7L145,0
C6SX83,I1KDJ8,0
A0A0R0F6H1,C6SV60,0
A0A0R0FZM4,C6THB5,0
K7KA65,K7ME58,0
I1KAQ7,I1MK83,0
A0A0R0FUK3,K7MPZ4,0
C6TGZ1,I1JYT2,0
A0A0R0E8N5,A0A0R0HXK5,0
K7L6K2,K7M6Z2,0
I1MUP5,I1M311,0
K7LK09,I1J9H6,0
K7M353,Q2TUW0,0
I1LC77,I1KJX6,0
I1L5L1,K7KN04,0
A0A0R4J3X6,A0A0R0JI98,0
A0A0R0HSV6,D2D5G3,0
K7LJ72,I1JUQ0,0
I1NA10,I1KQU2,0
I1M3A3,K7L1E6,0
I1LU38,C6SVB8,0
A0A0R0FZM4,K7LFU4,0
I1JK59,I1LRR9,0
I1N483,C6SYW6,0
I1MS33,I1LIG9,0
A0A0R0K0K3,I1JZR6,0
I1JM84,I1MF07,0
A0A0R0ELE0,I1KVG9,0
K7LH46,K7MM52,0
Q9SLW5,I1LGI3,0
K7K1V0,A0A368UI10,0
I1LKZ0,I1MEQ1,0
I1N7B5,C6SXY4,0
I1KFL5,I1KUN6,0
I1N344,I1KQ70,0
I1KQE3,I1L540,0
I1KFP9,I1LH27,0
I1MR73,I1MUS3,0
I1N344,C6TJ43,0
A0A0R0K6U3,C6TJW1,0
I1LHS8,C6T002,0
I1JZR6,I1MNV2,0
I1KMM6,A0A368UI76,0
A0A0R0FB78,A0A0R0HQY2,0
I1K0H3,K7K9T5,0
I1KZ26,K7KIY4,0
C6TK31,I1KNG6,0
I1KTY9,I1JMK4,0
I1LCZ2,A0A0R0KQ74,0
A0A0R0ENB3,A0A0R0GJV8,0
A0A0R4J4H3,I1JDN7,0
K7MUM5,A0A0R0FEN3,0
I1KZY9,A0A0R0GG06,0
K7KYJ6,C6TE57,0
I1JKG7,I1MCH7,0
I1N8F6,I1LP98,0
I1JSD2,K7M841,0
C6TCJ0,I1LKY8,0
I1N976,I1LPC2,0
I1MG54,K7KUK2,0
I1LZ51,I1KJG4,0
I1N5D5,K7LTR0,0
I1LIU7,I1N5S0,0
K7ME58,I1JAH7,0
K7KTA9,I1M277,0
K7MTL2,K7M864,0
I1KIQ2,Q9M4R7,0
I1LPJ8,A0A368UID0,0
A0A0R0KJL0,I1JMK4,0
I1M1C4,I1MRK4,0
I1NHH3,I1MAC4,0
A0A368UIM7,K7N0V8,0
I1JC65,I1KM01,0
I1JW06,I1N9J8,0
A0A0R0EV33,I1J4G8,0
A0A0R0I304,I1NJ53,0
I1KS65,A0A0R0G8N1,0
C6T1E8,I1N798,0
I1JD07,K7K4C7,0
I1JVX3,A0A368UI10,0
I1JVT1,A0A0R0KN53,0
C6TBU3,I1KUS2,0
I1L7G4,A0A0R0IL99,0
I1J4T6,A0A0R4J2U8,0
C6SZ88,I1MQB8,0
C6TF29,A0A0R0EL31,0
I1MLC3,P01070,0
I1N8X8,I1N2G0,0
I1M6F0,I1KUS2,0
I1LF90,I1K065,0
Q71EW8,A0A0R0L828,0
K7MKF1,I1KUB2,0
I1MKJ6,I1N8X8,0
A0A0R0GZ30,I1J7U9,0
I1JDN7,K7KYJ6,0
I1M7M5,I1KIJ1,0
I1KZC9,I1LRR9,0
K7M6Z2,I1L540,0
C6TKD8,I1KXP5,0
I1LPE4,I1M292,0
K7K127,C6SWD1,0
I1JY66,I1N2Z4,0
A0A0R4J536,C6SZ46,0
C6TJ43,K7MC85,0
I1KS56,P24337,0
K7M6Z2,I1L9P5,0
I1M5X1,A0A368UJ62,0
I1JUP2,I1JGB2,0
A0A0R0GPH9,I1L153,0
A0A0R0K0K3,K7LH46,0
A0A0R0IR73,K7LP01,0
K7MM52,I1MFF9,0
K7L7W0,K7M9L4,0
C6T988,I1K7G0,0
I1KQD8,I1JEC6,0
K7L2K8,Q2PMP9,0
K7MUM4,Q8GZU9,0
A0A0R0FNY5,I1KAD1,0
I1LIG9,C6TM45,0
K7LFU4,K7KMU1,0
I1LJH2,I1MK72,0
I1KBF7,I1LVL7,0
K7M466,K7MVE2,0
I1LNF0,I1JI54,0
Q9AWB2,I1KLS0,0
A0A368UI76,I1K1I0,0
I1N448,K7KIY4,0
I1LI96,I1KTY9,0
I1LLH3,A0A0R0FEC1,0
C6TJM4,I1ML63,0
I1K146,I1J9U5,0
I1JCA9,I1K0W7,0
C6SWR4,I1NG45,0
K7LSZ2,A0A0R0H141,0
I1LH27,I1KP66,0
K7LP01,P49084,0
I1K065,A0A0R0JBL2,0
K7MNN5,I1KQD8,0
C6TML7,A0A0R0HSC1,0
C6TDC0,I1LN30,0
A0A0R4J5J3,I1JRU7,0
C6SZ70,I1JK31,0
I1LEC4,A0A0R0E8K1,0
I1JSY7,A0A0R0JT51,0
Q9M4R7,I1J4G8,0
I1JM18,I1JK67,0
I1N5R9,I1NAJ0,0
I1LP98,K7MXH5,0
I1MK72,C6SWR4,0
K7LG20,I1LCZ2,0
K7KL60,I1L1L3,0
C6SWR4,A0A0R0KWT5,0
I1K3K8,I1N447,0
K7L406,I1M1C4,0
A0A0R0JSJ9,I1JVX3,0
I1M5N9,B4YB10,0
I1JZE1,I1KS65,0
I1KGY4,C6TAB5,0
I1LKY8,I1K4V8,0
K7LI90,B0M1A1,0
A0A0R0FVX1,I1LWP5,0
I1J8C9,I1KDU3,0
I1LVL7,I1K3R3,0
A0A0R0GYC5,Q1M320,0
I1KUS2,C6TK27,0
K7LWG6,C6TIK0,0
C6TGP5,I1JSD2,0
C6TN61,A0A0R0JJI0,0
I1LG22,I1KZ09,0
C6T217,A0A0R0GS00,0
K7MYK9,I1N411,0
A0A0R0GFL3,I1LME8,0
Q9AWB2,I1LT87,0
K7LTR0,I1JIW1,0
I1K6U7,I1MZT5,0
I1LPK7,A0A0R0G3R9,0
K7L329,C6TJ43,0
I1JLC7,C6TIA6,0
A0A0R0JT51,C6T1H3,0
I1K0W7,I1JSD2,0
I1KHJ4,I1MZT5,0
A0A0R0GIH6,C6TNW3,0
I1N8V4,A0A0R0GAV8,0
I1M5Z9,A0A0R0FEC1,0
I1LN52,I1JRS5,0
K7LXD3,I1K1I6,0
K7MM89,I1L7J3,0
I1KZX6,I1MBA8,0
I1LBQ3,I1KQ70,0
I1MQ30,K7L2R0,0
I1JE11,I1MKX7,0
A0A0R0IR73,K7M846,0
K7KZX6,I1J8W6,0
I1LHS8,A0A0R0JYX3,0
I1MHX1,I1N780,0
I1J9U5,Q9SLW5,0
I1M3W1,I1JET9,0
K7LJ17,I1KS56,0
I1KZC9,A0A0R0KMM9,0
I1J765,K7KX53,0
A0A0R0L828,I1K0H3,0
A0A0R0FGT9,I1MQW6,0
I1JE14,A0A0R0L1N9,0
I1KPB0,I1K4L3,0
C6T1G9,A0A0R0HSV6,0
I1NA94,I1K3E9,0
I1KJF2,I1LH18,0
I1LA39,A0A0R0EKB4,0
I1MW49,Q9XE60,0
I1MDD8,K7LTG4,0
A0A0R0EKB4,I1N8C9,0
K7L5S0,K7LP01,0
Q45FY8,I1MNS7,0
I1KHZ8,I1JE16,0
I1JRV0,A0A0R0HEG0,0
A0A0R0HEI5,A0A0R0F6H1,0
C6SWR4,I1JYT2,0
I1KI90,A0A0R0J7Q6,0
A0A0R0HEM4,K7KFY5,0
A0A0R0JYX3,I1KS56,0
I1MV80,I1KUS2,0
P93162,A0A0R0JBL2,0
C6SYE1,K7N563,0
I1LMA5,C1PHB8,0
I1LCH2,K7KLG8,0
I1KBI7,I1N933,0
I1NIT4,K7MNE6,0
I1K4Y6,I1L9K4,0
I1NGL3,I1LIT1,0
K7KW44,I1MUC6,0
C6TBU3,C6TJM4,0
I1JMH3,I1N8T4,0
I1MIW3,A0A0R0EMR0,0
I1MW74,K7L6N7,0
I1JWK3,I1NJ53,0
C6TK73,K7MM52,0
A0A0R0L5Q2,I1LH27,0
C6SXT9,Q2PMP9,0
I1JNF2,A0A0R0FHD2,0
K7KED0,I1NIT4,0
I1JVX3,I1JJX3,0
I1JHN9,I1KFQ1,0
A0A0R0GJV8,I1MBS8,0
I1K065,I1KUS2,0
I1JZE1,I1LN52,0
K7MTL2,I1KHV8,0
I1MEQ6,K7LJS8,0
I1L6H1,I1KDF1,0
I1L540,I1MEF5,0
A0A0R0FTI5,I1KJR2,0
I1N5V6,K7MJ75,0
K7KN13,K7L329,0
B4YB07,A0A0R0KWT5,0
I1MCK2,I1LZ51,0
I1L880,I1L171,0
I1JDU3,I1LGD6,0
I1L2Q0,I1KUS2,0
A0A0R0GS25,I1NB48,0
I1LLS8,I1NFR9,0
I1LJ81,I1JGX0,0
I1K5I3,I1JDF1,0
C6SZ46,I1N2J3,0
I1JQP8,I1LUL2,0
A0A0R0G8N1,I1K565,0
K7LNG6,I1JI54,0
I1N3Z3,I1L759,0
K7N0V8,K7LLN2,0
I1J547,K7MYK9,0
A0A0R0HSY5,A0A0R0E6T9,0
Q9XE60,K7LG20,0
A0A0R0HM21,K7MKF1,0
I1JE09,I1JV03,0
A0A0R4J653,A0A0R0IQ72,0
A0A0R0LCZ4,I1KDJ8,0
K7KVN0,A0A0R4J4H3,0
K7KLY3,K7KES3,0
A0A0R0HEI5,K7KTA9,0
A0A0R0K4Z5,I1M1P1,0
I1KHJ4,I1NGH7,0
I1M6V9,I1KAR1,0
I1N8L0,I1K6E7,0
I1M269,C6SYW6,0
K7L4N7,K7KQZ8,0
I1NB01,I1LTM1,0
I1LA49,A0A0R0FB78,0
K7MM40,I1JYT2,0
I1MVZ6,Q9SLW5,0
I1LII4,A0A0R4J2Q5,0
I1MR11,A0A0R4J2L5,0
A0A0R0IJF6,I1LRL9,0
K7LP01,I1L153,0
I1MK72,C6T972,0
I1LVL7,A0A0R0FEC1,0
A0A0R0EJV2,K7LXN4,0
Q2TUW0,I1NBA2,0
I1JMZ7,I1JA30,0
I1N5D5,I1M277,0
K7N529,I1KZK2,0
K7K4Y8,M1FN38,0
C6THB5,K7KLG8,0
K7LWG6,I1MS26,0
I1L0G2,I1LEC3,0
A0A0R0KPE1,I1JZE1,0
A0A0R0I5R9,A0A0R4J2Q5,0
C6T065,I1MR79,0
K7K808,A0A0R0J9Y6,0
C6SYN1,I1MX88,0
K7N0V8,I1JHN9,0
K7KUK2,I1M225,0
I1NFB9,K7KLG8,0
K7ME58,I1KHV8,0
I1JUU2,K7KN13,0
A0A0R0K188,I1MBN8,0
I1LPT5,I1MAC4,0
I1LGS0,I1KL32,0
I1KDP2,I1L2T1,0
I1JZ89,I1JB52,0
I1LGD6,I1JF58,0
I1M3W1,I1NGH7,0
I1K1I6,I1K1W8,0
K7LQV0,C6T099,0
I1JUP2,K7MQ01,0
K7KGB3,K7LFU4,0
K7K5R7,A0A0R0JSJ9,0
K7LLV5,C6TCH4,0
K7KES1,I1JSY7,0
I1M368,I1M225,0
K7M9L4,I1MTH5,0
I1MAC4,I1MLD5,0
A0A0R4J653,I1KVG9,0
A0A0R0H668,I1NCF6,0
K7MGQ2,Q39817,0
K7N129,I1LSW3,0
I1J9U5,I1LPW2,0
C6SYE1,I1JW06,0
I1LVL7,I1K9R1,0
A0A0R0HEG0,I1N2J3,0
Q9AWB2,I1N4F6,0
A0A0R0K6C1,K7KUG2,0
I1KJR2,K7M6R4,0
A0A0R0GZ30,I1LG22,0
C6TN61,P24337,0
C6TD23,F8WRI5,0
I1N7G4,I1K3G1,0
A0A0R0EV33,C0M0V4,0
A0A0R0IXT8,I1N8L0,0
I1LI32,I1K565,0
C1PHB8,I1KK11,0
I1LG13,K7MH28,0
D8WJ57,I1N2Z4,0
I1JE11,Q1W376,0
I1KDF1,M1FIS9,0
K7LX60,I1KRV5,0
A0A0R0FZM4,K7M0S3,0
I1KGM8,A0A0R4J455,0
C6T1G9,I1KNA2,0
A0A0R0J9Y6,C6SWL4,0
K7MY00,I1MNU1,0
I1LPK7,I1LPC2,0
K7N129,I1MAC4,0
A0A0R0GAQ8,I1JGX0,0
I1KV61,A0A0R0GAQ8,0
I1JB64,I1J702,0
E9L572,K7N563,0
I1N4X6,K7LR18,0
I1KM88,I1LTW8,0
I1KP66,I1M6M9,0
I1KDR4,A0A0R4J4H3,0
I1JU23,I1JD07,0
I1KDU3,I1JUQ0,0
K7KYM0,C6TK27,0
I1N055,K7K4Y8,0
I1MUS3,A0A0R0FG80,0
K7KYJ6,K7LHW6,0
A0A0R0EUJ0,K7LHW6,0
I1KFP9,I1K723,0
C6TEN9,C6TN69,0
I1KHZ8,K7KN13,0
A0A0R0JRI8,I1LYB2,0
A0A0R4J3X6,I1JC50,0
C6TJH2,I1KHZ8,0
I1M6M9,I1K0W7,0
K7KQZ8,K7MUM5,0
I1JPH8,I1MR11,0
I1KLS0,I1M225,0
I1MF07,I1NE02,0
I1L3Q3,K7MS06,0
I1L9K4,I1J957,0
I1LEQ3,C6T1E8,0
C6T1V1,I1LA40,0
K7LZ50,A0A0R0GHT9,0
I1M998,A0A0R0IXT8,0
I1K938,I1MW74,0
C6T1V1,I1JW26,0
C6SXG9,A0A0R0L5Q1,0
I1K115,K7MMD7,0
A0A0R4J426,I1KP66,0
K7KH93,I1K1W8,0
A0A0R0G7B5,I1N5V6,0
K7KYJ6,I1K467,0
A0A0R0H537,I1KQ70,0
I1LG65,A0A0R0LIH0,0
I1J8C9,K7MDN4,0
I1LUV4,I1JZ99,0
I1MMY0,C6SZQ0,0
I1MM97,K7LEU7,0
B4YB07,I1N7B5,0
I1M7M5,A0A0R0EWR2,0
I1N8F6,I1MUN6,0
K7KP05,I1JUQ6,0
I1MZT5,I1NBA2,0
K7MUC8,I1LFD2,0
A0A0R0F5Y7,I1MX88,0
C6TAM7,Q2PMQ4,0
I1LG22,I1JIH3,0
I1JHJ0,I1M277,0
K7LX60,I1JCB1,0
I1MUM7,A0A0R0JI98,0
I1JA30,C6TC28,0
I1KA71,I1MHX1,0
I1JSY7,A0A0R0L4P0,0
I1MRV3,C6T1H3,0
K7L939,A0A368UJF6,0
I1MR73,I1N850,0
K7MUC8,I1KA98,0
I1KHZ8,I1JET9,0
A0A0R0I304,Q9AWB2,0
I1M5Z9,A0A0R0FTJ2,0
I1JYT2,A0A0R4J4M9,0
K7K149,Q8LPW2,0
K7KP05,I1LFG4,0
I1LWX5,K7K1V0,0
I1LIT1,I1JEC6,0
I1M269,A0A0R4J5J3,0
I1LWB8,C6SWS6,0
I1NG17,I1NA94,0
I1MKJ6,C6SZG1,0
A0A0R0JYX3,A0A0R0GHT9,0
I1LA49,I1N846,0
I1K5E7,I1KS56,0
K7KIY4,K7LX60,0
A0A0R0GUR9,K7MUC8,0
I1NHQ6,I1KQE3,0
I1MLF1,A0A0R0GFH3,0
I1M487,I1JUK7,0
C6TF29,I1LLS4,0
I1M292,A0A0R0JJK0,0
K7KVN0,I1LEC4,0
A0A0R4J2Q5,A0A368UGG7,0
I1LIU7,I1JKG7,0
C6T8C4,I1K6H8,0
Q39810,I1MF42,0
A0A368UI10,E3SXU2,0
C6SWU3,I1K9T5,0
I1LQ55,K7KX46,0
K7LZ50,I1MZJ8,0
C6TGX5,K7KIY4,0
I1KDA4,A0A0R0KRF1,0
A0A0R0FGT9,K7KL60,0
I1MZ51,C6SYE1,0
C6TC28,A0A0R0IT62,0
I1JYT2,B4YB07,0
I1LT34,I1JM15,0
K7LX60,K7MQG6,0
Q9XE60,I1NCN7,0
I1N976,C6TN69,0
B0M1A1,I1KM27,0
A0A368UGC3,C6TJM4,0
A0A0R0J9Y6,I1NFR9,0
I1KHJ4,I1MTV9,0
A0A0R0KJL0,M1FN38,0
A0A0R0F5Y7,K7KJB2,0
Q7XJ86,I1JGK9,0
K7MHQ6,B4YB10,0
I1LUE0,C0M0V4,0
I1JZE1,A0A368UI50,0
I1N5D5,I1LA39,0
I1L9Z8,I1MNS7,0
I1NG45,I1N8C9,0
A0A0R0JBL2,A0A0R0F719,0
I1KTP1,C6TER0,0
I1MW74,I1JMZ7,0
I1MZT5,I1K246,0
I1LQ62,A0A0R0GFH3,0
C6SYN1,K7KN39,0
I1LLS4,P17093,0
I1LN30,I1K2I1,0
I1J5E3,I1LLJ4,0
I1KNA2,I1LFG4,0
K7MEB1,A0A0R0IXT8,0
A0A0R0GFH3,K7LJS8,0
I1K723,K7KLG8,0
A0A0R0JQT2,I1NHF4,0
K7MLC5,I1MNU1,0
K7K4C7,I1KEX8,0
I1K5Q4,I1KUF4,0
K7N598,C6SXD3,0
I1MLJ0,A0A368UIC9,0
I1N453,C6SXT9,0
A0A0R0JSC0,A0A0R4J4D0,0
Q2PMU5,I1K6H8,0
K7KEQ2,I1KS56,0
I1N2G0,I1NG45,0
I1JZE1,C6T090,0
I1L0F0,I1JF82,0
A0A0R0LCZ4,C1PHB8,0
I1JSD2,A0A0R0F214,0
I1N5H5,I1L5U9,0
I1L7G4,A0A0R4J2L5,0
C6THB5,K7KFZ9,0
I1K2I1,I1JMD6,0
I1L5U9,A0A0R0FLW1,0
Q42797,I1JIA6,0
I1K3X9,I1KFP9,0
I1N551,K7K355,0
K7M6Z2,C6TN61,0
A0A0R0H690,I1KM01,0
I1LEC3,I1KWU9,0
K7LU89,C6SYE1,0
I1JWE9,A0A368UJF6,0
I1MEW6,I1M8U0,0
I1JMX7,Q2MJR5,0
K7ME58,A0A0R0FFT1,0
K7MC85,I1MG54,0
A0A0R0F392,A0A0R0ELE0,0
Q56GA2,I1LI93,0
A0A0R4J646,K7N129,0
K7LFU3,K7MVE7,0
I1LJG9,K7KW44,0
K7M864,A0A0R0K188,0
I1KNA2,I1NBA2,0
K7KKT1,A0A0R0IXT8,0
I1LLC6,I1MT23,0
I1JC08,C6TN61,0
K7N145,I1M8F0,0
I1LV18,A0A368UI10,0
K7LTG4,I1MSN3,0
I1L880,Q9M4R7,0
I1JX10,A0A0R0F6H1,0
I1MF50,I1LP11,0
I1KA75,A0A368UIA0,0
I1L6A2,A0A0R0JI69,0
I1KXP5,I1KNV7,0
K7MEB1,C6TA11,0
I1M292,I1KC50,0
K7MB82,I1N976,0
E9L565,A0A0R0IW53,0
K7N1X2,I1LME8,0
C6TBU3,C6SX83,0
I1LH30,A0A0R0I5N9,0
C6T099,K7K5C0,0
I1JVT1,K7KFZ9,0
I1L2Q0,I1NHQ6,0
I1L4E5,I1JKG7,0
I1N505,I1KV61,0
C6TNW3,I1KZJ9,0
I1M3M4,I1J9L7,0
C6TM45,A0A368UJF6,0
I1N8V4,I1KLS0,0
K7MVE7,I1LL05,0
I1LBN7,K7KN04,0
I1J4G6,A0A0R4J461,0
K7LXY1,I1NG45,0
I1MW74,A7X641,0
A0A0R4J455,A0A0R0EMR0,0
C6TK73,I1NHX1,0
I1KRC8,C6SWS6,0
I1KDJ8,I1J8E3,0
A0A0R0J2W1,A0A0R0FG80,0
I1K1R5,K7KGR8,0
A0A0R0K0K3,I1KIQ2,0
C6TM45,C6TF29,0
I1K5B7,K7K5R7,0
Q70MR6,Q2MJR5,0
A0A0R0JNM4,A0A0R0GZ30,0
I1LV79,A0A0R0KJL0,0
K7L6N7,B0M1A1,0
C6T972,I1M957,0
P49084,K7MVE7,0
K7LXD3,C6T003,0
Q43463,I1N846,0
I1LXY1,A0A0R0GBB6,0
I1KCY5,I1MQC8,0
C6T990,C6SXD3,0
I1L903,I1KA98,0
K7MEB1,I1JSY7,0
I1JQP8,I1NFB9,0
I1LPW2,K7LSJ2,0
I1MBS8,I1MV80,0
A0A0R0JJI0,C6TAM7,0
I1M277,C6TGA9,0
K7L2K8,I1JUM3,0
A0A0B5EC52,K7LHW6,0
C6SXG9,I1M2U6,0
Q71EW8,A0A0R0LBA6,0
C6TE57,A0A0R0F719,0
K7LIZ8,K7N145,0
I1LPT5,A0A0R0IF61,0
I1LPC2,A0A368UIA0,0
I1J547,I1J9W9,0
I1LQ55,I1L903,0
K7M846,A0A0R0KFY8,0
I1NHF4,I1M2G5,0
I1MGY9,I1LUZ5,0
A0A0R0FJR0,I1MC96,0
E9L577,K7MM40,0
K7MPZ4,K7LLN2,0
I1LFG4,I1LII4,0
I1LGI3,I1JYT2,0
I1JB52,I1J9L7,0
K7KUE8,I1J8E3,0
Q0H950,I1L0G2,0
C6SZQ0,C6TDC0,0
C6T988,A0A0R0E8K1,0
I1J9H6,I1M6V9,0
K7LTV8,I1N055,0
I1NAL7,A0A0R0G8N1,0
Q2PMQ4,A0A0R4J5Z8,0
I1MF50,I1LQ62,0
A0A0R4J4G7,A0A0R0E6T9,0
A0A0R0GJJ0,I1L9K4,0
I1L0G2,K7MH28,0
I1K4R8,A0A0R0JQJ0,0
I1K065,K7M5U7,0
A0A0R0EYS5,I1JQ20,0
I1KSL6,K7LZ50,0
I1JET8,K7KN13,0
I1LR48,I1M225,0
A0A0R0I5R9,A0A0R4J426,0
A0A0R4J2H3,K7KED0,0
I1J7U9,A0A0R0JBV0,0
A0A0R0HSH0,A0A0R0IF33,0
E9L558,I1MK83,0
I1JQK9,I1KQI1,0
A0A0R4J488,I1JB52,0
I1JK67,K7LTG4,0
K7MPI6,A0A368UI76,0
K7MH28,I1L4E5,0
I1L7J3,I1MQ30,0
K7KR21,I1MXY0,0
A0A0R0FUK3,K7LXN4,0
I1MF42,I1N8M8,0
A0A0R0HEG0,I1NC04,0
I1LH18,K7KQZ8,0
K7N5K2,I1JWK3,0
C6SVB8,I1MK72,0
I1K0E4,K7L1E6,0
A0A0R0JQT2,C6T8C4,0
I1LHY5,K7KUG2,0
A0A0R4J488,I1JCQ8,0
A0A0R0KFY8,K7KEQ2,0
I1LPK7,I1LIK7,0
I1MM35,C6T9Z5,0
K7LIZ8,C6TA11,0
A0A0R0FHD2,I1LSW3,0
A0A0R0HXK5,K7MQT1,0
A0A0R0KY77,E3SXU2,0
I1N5D5,I1JNF2,0
I1LLC6,I1J8P0,0
C6TER0,K7KN13,0
K7MKF1,I1MB99,0
I1LKD9,I1MZJ8,0
A0A0R0FHD2,K7KED0,0
I1NCV4,C6TAM7,0
I1L153,K7KMU1,0
I1N8M8,A0A0R4J4H6,0
I1LGD6,A0A0R0K6I2,0
K7N1L5,I1JRS5,0
Q8W1A1,I1LI93,0
K7MGH8,I1JHJ0,0
I1LXI0,I1LPC2,0
I1M4L1,P01055,0
I1JSG1,I1M3Y7,0
K7KFZ9,A0A0R0JYX3,0
I1KZX6,A0A0R0GYZ9,0
K7N529,P45621,0
I1KDP2,I1KNG6,0
A0A0R0KJM2,A0A368UH16,0
I1JDF1,I1M2S7,0
I1LZ51,I1MJH1,0
I1L694,A0A0R0JQT2,0
C6TAB5,I1LPJ8,0
I1J9U5,I1K3X9,0
I1LPJ8,K7MVE7,0
K7LQS4,K7N0V8,0
I1KUN6,C6TNN4,0
C6T8S2,I1N1Z5,0
I1J8M6,I1LU06,0
I1KQC3,K7M6R4,0
I1L5I2,I1LN52,0
I1MZ08,I1JR22,0
I1KJB1,A0A0R0H141,0
K7KLG8,A0A0R0GPR8,0
Q9M4R7,K7MM40,0
I1MUP5,A0A0R0IW53,0
I1NJ53,I1J9U5,0
I1LNZ9,I1MQC8,0
K7LFU4,I1JMH3,0
O22518,I1K963,0
C6TK73,K7N1L5,0
A0A0R0HDW2,I1JSI5,0
I1K0A7,A0A0R0IR73,0
I1L694,K7K894,0
I1K9G7,I1K5B7,0
I1M6F0,I1K1I0,0
A0A0R0E8K1,A0A0R0J7Q6,0
I1MK72,A0A0R0KZR2,0
I1LNZ9,A0A0R4J5Z8,0
I1KDP2,I1J5B4,0
I1L7R2,A0A0R0EMR0,0
I1KQU2,A0A368UGC0,0
I1K9J7,I1KM01,0
I1L1W0,I1KQ73,0
A0A0R0FB78,I1NGL3,0
C6TLW3,I1KQ73,0
A0A0R0F6H1,I1NAL7,0
C6TNM5,I1LPT5,0
I1M2S7,I1MB99,0
I1KRL9,I1JUP2,0
A0A0R4J455,I1JQY7,0
K7ME58,I1JE51,0
Q8W1A1,I1JZ64,0
K7KL60,I1LUL9,0
I1LEQ3,A0A0R0GBB6,0
K7L0E7,C6TKV3,0
K7MTL2,A0A0R4J4H3,0
I1N551,I1K215,0
I1MK83,K7KN04,0
I1M5Z9,I1MW51,0
I1M1C4,A0A0R0LK19,0
A0A0R0IZ75,A0A0R0GWH6,0
I1JHJ0,I1MG54,0
K7K3R6,I1MBN8,0
K7LFU3,A0A0R0L419,0
I1KQE3,A0A0R0KR59,0
I1ML63,C6TKD8,0
Q8LPW2,K7MQD2,0
I1JYX2,A0A0R4J3I7,0
I1KNA2,A0A0R0EMR0,0
K7MAQ6,C6TIK0,0
I1MUN6,C6SX83,0
C6TGZ1,I1KJ84,0
I1LP98,A0A0R4J426,0
K7L2K8,B0M195,0
I1J9L7,I1MUZ7,0
A0A0R0LBA6,A0A0R0JRI8,0
I1NB01,I1K246,0
K7LJ72,A0A0R0FB78,0
E9KBR8,K7MRW8,0
I1N3U5,I1JGB2,0
I1LUB3,I1KRU0,0
I1M957,C6SVB8,0
K7LJ72,D8WJ57,0
K7L9S8,P93162,0
I1KXP5,I1KSD0,0
K7MPZ4,I1LUL2,0
A0A368UH16,I1NDA1,0
K7LSZ2,I1J5B4,0
I1KNB5,I1JXJ3,0
I1JZR6,A0A0R0FX75,0
K7KVN0,I1L4E2,0
I1K6E7,A0A0R0FVX1,0
I1MX88,I1M5Z9,0
I1LKZ0,I1JDF1,0
I1MP75,A0A0R0E2R0,0
I1N5H5,I1L7R2,0
I1KRV5,K7MNK5,0
A0A0R0GG06,I1KV48,0
I1KNV7,I1L0K8,0
I1KUB2,I1NC04,0
I1KP26,A0A0R4J461,0
I1MZ08,I1JE51,0
I1K006,E3WC98,0
I1M5N9,I1K1I6,0
I1L9K4,K7MMD7,0
C6TE57,Q1W376,0
Q0H950,A0A0R0FTI5,0
I1KFP9,I1LNZ9,0
K7L145,I1MYD2,0
C6T090,I1JC50,0
K7K149,K7K1V0,0
K7LIZ8,I1K0H3,0
I1L3N6,I1NHN6,0
I1LN30,Q42797,0
K7KHN1,I1NIT4,0
A0A0R4J4H3,I1K5B7,0
I1N3Z3,I1KBD9,0
I1MBI6,Q42797,0
I1N850,I1MEW6,0
C6SZG1,I1K1D7,0
I1MBN8,C6SZG1,0
C6TIQ7,I1LV79,0
C6T7K0,K7KGB3,0
I1MM35,I1NAJ0,0
C6TK73,E9L575,0
I1KNE4,K7MPZ4,0
I1JW65,A0A0R0HSA0,0
I1M786,K7LRR9,0
I1JUV6,A0A0R0G7B5,0
Q94C02,I1K215,0
I1MW74,I1LJH2,0
I1JPP8,I1L7D4,0
K7KMU1,I1KHV8,0
I1MZJ8,A0A0R0IEK0,0
A0A0R0LK19,K7MNP5,0
I1LH27,K7KLY3,0
I1KZY8,Q9M6D6,0
C6SWR4,A0A0R0KWL0,0
A0A0R4J4D0,I1K215,0
K7K4Y8,I1KGM8,0
I1NB48,I1LR48,0
A0A0R0J7Q6,A0A0R4J365,0
K7KR21,I1N696,0
A0A0R0JSC0,A0A0R0G7B5,0
I1MB99,A0A0R0ECE8,0
I1J8P0,I1NE42,0
C6SYN1,I1KA71,0
K7K3R6,I1KZY8,0
K7LHS7,A0A0R0ENB3,0
K7L5S0,C6SWD1,0
K7N3Z1,Q06197,0
K7M6J1,I1MHX1,0
I1NCV4,I1L2H4,0
K7LTG4,I1JY66,0
A0A0R0I304,A0A0R0JQJ0,0
I1JT87,I1JCQ8,0
K7MJ75,I1MW51,0
A0A0R0HSC1,A0A0R0E8N5,0
A0A0R4J461,C6T034,0
I1K6N8,I1LLB7,0
A0A0R0GHT9,I1J9L7,0
K7M864,K7N5K2,0
I1ML11,I1JLC7,0
A0A0R0L419,A0A0R0H141,0
I1JDU3,I1KNB5,0
I1LCR6,K7L145,0
I1MDY5,A0A0R4J2L5,0
I1KA75,I1MFF9,0
A0A0R4J536,A0A0R0JSJ9,0
K7ME58,I1N2G0,0
I1K1D7,B0M1A1,0
A0A0R0H668,K7LRR7,0
I1L2Q0,A0A0R0GYZ9,0
I1MIX6,C6T2F8,0
K7L5S0,I1MBS8,0
C6SWH0,I1LCJ2,0
I1LG65,I1LZ51,0
I1KH38,I1LD16,0
K7M5Q8,I1L4I9,0
A0A0R0KR59,I1JHQ1,0
I1L3N6,Q39817,0
A0A0R0FEC1,I1MNU2,0
I1LZ93,A0A0R4J4H3,0
I1JYT2,C1PHB8,0
K7LZ50,I1LJG9,0
A0A0R0FEN3,A0A368UGA0,0
I1MJH5,K7LH46,0
A0A0R0FEN3,I1MJH1,0
A0A0R4J461,I1LQ55,0
I1MFI0,I1NCF6,0
I1KJR2,I1KVC1,0
K7MLH4,I1L5L1,0
A0A0R0HSC1,K7KTS8,0
I1LF24,I1KQP5,0
I1L4E4,I1JSY7,0
I1KDR4,I1JGU8,0
I1JSI5,I1LT87,0
A0A0R0GZ30,I1JB64,0
I1JX17,A0A0R0GS25,0
I1J8M6,I1LV79,0
A0A0R0HSH0,A0A0R0FZM4,0
I1K3K7,C6TGP5,0
K7L9M2,A0A0R0FLW1,0
C6TE39,A0A0R0KMM9,0
I1JE16,K7M4K7,0
I1JPP8,C6T1G9,0
I1N7G4,I1NDA1,0
I1JPY7,I1LT87,0
K7LDF3,K7N529,0
I1NA94,K7LLF8,0
I1LDP9,C6TER0,0
A0A0R0IW53,I1KS98,0
A0A0R0JBL2,I1K089,0
I1MC96,I1KM01,0
I1M5N9,K7L7W0,0
I1JM15,I1N9J8,0
K7MTL2,I1JC50,0
I1JUP2,K7LQV0,0
I1LC77,I1L2Q0,0
I1LGR6,I1JA30,0
A0A0R4J488,I1N483,0
A0A0R0JEV3,I1MCK5,0
I1N5R9,I1N448,0
M1FN34,I1L6T8,0
A0A0R0L5Q2,Q8GZU9,0
I1JQK9,C6SXD3,0
I1LGS0,I1KUS2,0
A0A0R0J5Y2,I1KNV7,0
C6SZQ0,I1NFB9,0
K7MPX8,I1N448,0
I1L7R2,I1MHG6,0
I1LWB5,K7KF95,0
E9L558,I1M325,0
E9L575,I1LTG9,0
I1LJG0,I1J9U5,0
I1K506,I1L759,0
K7LVH5,K7N5K2,0
K7L6N7,Q1M320,0
I1K6H8,I1LUT1,0
I1L7G4,K7LFU4,0
A0A0R0J2W1,I1NAL7,0
A0A0R0GU87,K7M9T4,0
K7N3Z1,A0A0R0IM79,0
K7KES3,K7KA65,0
K7MUS8,K7MZN9,0
I1LGD6,I1KBD9,0
I1MHA5,I1MNS7,0
B9MST0,I1N8V4,0
I1M225,A0A0R0H141,0
I1J9L7,I1LFG6,0
I1KJG4,I1MM97,0
C6TIQ8,I1MT23,0
I1LIJ6,I1LMA5,0
I1LXI0,I1N846,0
A0A0R4J5J3,I1MR11,0
A0A0R4J5J3,A0A368UGC3,0
C6SXY4,I1M2G5,0
C6TM45,C6TGZ1,0
K7K3R6,I1JET8,0
K7KJW6,I1NAL7,0
I1LWB8,I1KNB5,0
I1LJG9,K7MNK5,0
K7KTS8,K7KP05,0
A0A0R0KJM2,C6T9W4,0
I1JA95,I1K3K8,0
I1M269,K7KFY5,0
I1M311,K7LSJ2,0
I1KPN4,I1L4I9,0
I1MG38,K7K8Y9,0
A0A0R0KR59,I1JS41,0
A0A0R0K0K3,A0A0R0GJV8,0
I1K970,C6TIA6,0
I1M3W1,A0A0R0L9T4,0
I1M957,I1K4V8,0
I1KQ70,I1J9W9,0
I1N846,Q42797,0
I1JW26,I1M8U0,0
C6T972,K7KN04,0
I1JDN7,C6SWA8,0
A0A0R4J365,I1KC40,0
I1KH38,I1LHR6,0
C6TJ43,A0A0R0FX75,0
A0A0R0JJI0,I1JIW1,0
I1K5B7,A0A0R0EV33,0
I1KA71,I1JET8,0
I1LSB5,I1KJG4,0
Q70MR5,C6TJW1,0
C6TGZ1,A0A0R0L7U5,0
A0A0R0KJL0,I1MCK2,0
A0A0R0KN53,O22518,0
I1N551,I1N7M0,0
K7LY43,I1L5U9,0
I1JMY9,I1KP26,0
I1KRV5,K7MQ01,0
I1MAX9,I1KRL9,0
I1NJ85,I1LLB7,0
I1MDY5,I1MEQ1,0
I1LIT1,I1KDP2,0
K7KFZ9,A0A0R4J4H3,0
C6TJ17,I1LDY8,0
I1N780,I1MUP5,0
K7ME58,I1J547,0
K7MDN4,I1J981,0
K7MTE7,I1NCN7,0
K7MVE7,I1JUM3,0
I1LI96,I1JDN7,0
A0A0R0KWL0,I1L6I6,0
I1KNV7,A0A0R0GAV8,0
I1K565,A0A0R0IV41,0
I1KAD1,I1LI32,0
K7L6P0,I1JSI5,0
I1NDA1,I1JRU7,0
I1JET8,I1JFW6,0
I1K467,K7KRK6,0
C6TGP5,K7M846,0
I1LII4,I1KRV5,0
I1L9Z8,I1M2S7,0
I1LXY1,I1N7M0,0
K7KJI6,A0A0R0IAM2,0
Q7XJ86,I1MS26,0
K7MS06,A0A0R0GG06,0
I1MJH1,I1KMS8,0
C6T988,K7MM89,0
I1LI05,A0A0R0HEM4,0
I1LV79,I1LHS8,0
K7L684,I1JSD2,0
I1MFI0,I1KC50,0
I1LSB5,A0A0R0FAJ6,0
I1LZ93,Q9SWR5,0
C6SV60,I1J9I1,0
I1J5B4,K7LH46,0
I1K3X9,Q9M4R7,0
I1KZY9,I1NG45,0
P07134,I1JW26,0
A0A368UJF6,I1LLS4,0
I1MD26,I1MX88,0
O22518,I1LEI8,0
I1JE14,K7MVE7,0
I1LSB5,I1NB01,0
I1LIJ6,I1MQB8,0
P49084,C6TCJ0,0
I1LGR6,A0A0R0K6U4,0
C6TDC0,I1JUQ6,0
I1J5W0,K7MRW8,0
I1LDY8,C0M0V4,0
I1J957,A0A0R0H141,0
A0A368UIC9,A1YUN0,0
I1M119,I1J8C9,0
A0A0R0J296,I1JJX3,0
K7M6Z2,I1KA75,0
A0A0R0KJM2,K7M6J1,0
A0A0R0GTG6,I1J702,0
A0A0R0EUJ0,K7M9L4,0
A0A0R0IEK0,A0A0R0I5V1,0
K7MGH8,C6T214,0
I1K006,Q70MR5,0
I1MQC8,I1JU23,0
I1MVZ6,K7MKF1,0
A0A0R4J4C5,I1K925,0
I1KGM8,I1JRV0,0
A0A0R0H668,I1LCR6,0
A0A0R4J455,I1J5B4,0
A0A0R0K6C1,I1JD52,0
I1KZY9,I1LUT1,0
I1MIX6,I1N5S0,0
I1KQD8,K7LEU7,0
I1MTB5,A0A0R0IQ72,0
I1NG45,I1KJR2,0
I1MKJ6,I1KL89,0
A0A0R0HLZ4,A0A0R0H141,0
I1KT08,I1M1P1,0
A0A0R0FAJ6,C6TKD8,0
I1LEI8,I1JDK2,0
K7M387,A0A0R0G8N1,0
K7L1E6,A0A368UI50,0
K7L329,E9KBR9,0
A0A0R0KFY8,I1LLB7,0
I1J709,I1N505,0
I1JC43,I1JW06,0
I1KEC8,A0A0R0HXH4,0
C6TNN4,I1JIW1,0
Q94C02,K7M862,0
C6THB5,I1J9W9,0
I1JJN8,P49084,0
I1M130,C6T7K0,0
K7K1V0,I1J5A4,0
I1JMZ7,K7MVE2,0
I1J9U5,I1JX17,0
K7KRK6,I1N5R9,0
A0A368UJ62,I1LWB5,0
I1JD07,K7K5C0,0
K7LMW2,I1NGJ8,0
I1J4G6,A0A0R0JSC0,0
I1LCG9,C6TAB5,0
A0A0R0JI69,I1LNZ9,0
I1L7D4,I1JPH8,0
A0A0R0GS00,I1MLF1,0
A0A0R0JT51,K7KW44,0
K7K318,A0A0R0KMM9,0
I1LLB7,C6T9Z5,0
A0A0R0J6N9,I1LCH2,0
I1MS26,A0A0R0J9Y6,0
A0A0R0F5Y7,P01055,0
I1LCG9,I1KVC1,0
A0A0R0FLW1,C6THB5,0
I1KFQ1,I1K099,0
I1LXK8,I1MJH1,0
I1M957,Q42808,0
C6TNN4,I1LG22,0
I1JC08,I1LMR4,0
K7MHQ6,A0A0R0HSV6,0
I1KMM6,I1KM01,0
K7LJS8,I1J5A4,0
I1LYB2,I1MBL5,0
A0A0R0F392,I1M1I7,0
I1MJJ9,K7LP01,0
I1M5X1,I1N551,0
I1KH38,I1NHX1,0
I1JZ99,I1LMA5,0
I1M6M9,I1KM64,0
A0A0R0JBV0,I1MLC3,0
E3NYP3,I1LVN3,0
I1LTW8,K7LXA6,0
C6T034,I1J4G6,0
I1MR11,A0A0R0LKR7,0
A0A0R0JQ82,Q56GA2,0
I1M796,I1M786,0
I1NC04,I1KS65,0
I1N505,K7MQD2,0
I1MEA7,A0A0R4J5J3,0
A0A0R0H537,C6T002,0
C6T972,K7K127,0
K7KP05,I1LT87,0
I1MCH7,K7KH93,0
I1JAI4,A0A0R0FEN3,0
I1LXY1,C6SZG1,0
I1MR11,A0A0R0FG80,0
I1MK72,I1MF50,0
A0A0R4J646,I1MHG6,0
I1JUQ6,I1L3N6,0
A0A0R4J309,K7KW44,0
A0A0R0JSJ9,I1N448,0
I1L3Q3,I1JQP8,0
K7K9T5,I1JGP8,0
K7L7W0,K7N529,0
A0A0R0FNY5,K7MYK9,0
I1LV18,A0A0R0IYY7,0
I1L4E2,I1LMR4,0
I1K938,A0A0R4J3I7,0
I1LHS8,A0A0R0KVY6,0
I1LP11,A0A0R0KZR2,0
I1JAH7,K7L7W0,0
I1KZC9,I1M292,0
I1JZR6,I1K3F0,0
I1M786,I1KZ26,0
K7M864,Q94C02,0
K7LHS7,I1MK72,0
I1L2H4,I1KBV2,0
K7LVH5,A0A0R0HEI5,0
I1NBA2,E9KBR9,0
C6T217,Q2PMP8,0
I1MNU2,I1MBI6,0
A0A0R0KN53,A0A0R0ICK4,0
I1KM01,K7LXY1,0
I1MJB3,I1LTE6,0
A0A0R0L3G5,C6SZG1,0
A0A0R4J2Q5,I1KBF7,0
I1L2T1,Q8GZU9,0
I1JB64,K7K8Y9,0
A0A0R0LCZ4,I1LIG9,0
C6T9W4,I1MB99,0
K7K8Y9,C6TAB5,0
I1LNZ9,K7KTA9,0
I1KAJ9,I1JUM3,0
I1KJB1,A0A0R0FZM4,0
K7L2D7,I1JK31,0
I1K3E9,I1NF53,0
I1KBF7,A0A0R0G8N1,0
A0A0R0GIH6,I1LH18,0
I1JQ20,K7K808,0
K7M6J1,I1JMX7,0
I1NJ85,I1MUN6,0
I1K099,I1N2Z4,0
A0A0R0GS00,A0A0R0K6C1,0
P93163,K7MPJ9,0
I1K5J7,K7KGR8,0
I1K9J7,I1JZE1,0
C6SYW6,A0A0R0K0C4,0
K7KFY5,I1M1I7,0
I1L1L3,C6T1G9,0
A0A0R4J4G7,A0A0R0J7Q6,0
I1K5I3,I1KIJ1,0
I1KM88,K7KAB4,0
Q43463,I1MK83,0
I1LWB8,K7M2G2,0
I1JXJ3,I1NHN6,0
K7MYK9,I1J981,0
I1K3K8,K7LTR0,0
K7MNE6,C6SW04,0
I1MCK5,Q70MR6,0
K7MUM5,C6TGZ1,0
I1MGE5,I1JUQ0,0
I1JUQ0,K7KQZ8,0
C6TJW1,I1KCA3,0
I1M277,A0A0R0H8Q8,0
K7KF95,K7KKT1,0
I1KV48,C6T9Z5,0
A0A0R0L828,A0A0R0J7Q6,0
I1KGM8,I1ML11,0
I1K5J7,K7MM50,0
I1KQD8,I1LFG6,0
I1LT87,I1KFF8,0
I1LLS4,K7LSJ2,0
I1KS65,I1K3U6,0
I1N448,I1JEC6,0
K7LNG6,K7MGH8,0
I1LUV4,I1K506,0
I1M119,K7KLY3,0
I1L1W0,K7MTE7,0
I1KD82,P49084,0
I1JVT1,I1K9J7,0
B4YB10,I1LMR4,0
I1N8V4,I1MB99,0
C6SV60,K7LTV8,0
M1FN34,I1L4E4,0
A0A0R0FB78,I1J8M6,0
I1LJD2,I1LA39,0
I1LJD2,I1MFN0,0
I1KQD8,K7KR21,0
C6T972,C6TJM4,0
I1L1Q8,I1MF50,0
K7L2K6,I1K0W7,0
I1JGB2,A0A368UH16,0
C6TAM7,I1K6N8,0
I1JIH3,I1L7J3,0
A0A0R0L317,I1K3F0,0
A0A0R0EV33,Q8GZU9,0
K7LK09,A0A0R0L419,0
A0A0R4J488,A0A0R0J9Y6,0
A0A0R0HW00,I1LKD9,0
I1KFL5,I1N505,0
C6TAW2,E9L575,0
I1MEW6,K7LI90,0
K7L723,K7LZ50,0
A0A368UIE1,I1MMY0,0
A0A0R0GFH3,I1L1W0,0
K7KES3,I1KA75,0
A0A0R0EV33,I1K5I3,0
I1KGY4,I1JKD2,0
I1JQF4,I1K215,0
I1MZ51,I1MU00,0
C6TLW3,I1LV18,0
I1MHG6,I1JIH3,0
I1MU00,I1JN65,0
P01055,Q39810,0
I1KSL6,K7K9T5,0
I1LI96,I1KVC1,0
C6SZQ0,I1JN71,0
A0A0R0FIP9,I1K0H3,0
C6TJW1,K7K318,0
I1KP14,I1LN52,0
I1KBV2,I1MC96,0
I1JMH3,I1LP31,0
I1LUB3,B0M1A3,0
I1KHZ8,K7MXE0,0
I1N7G4,K7LXD3,0
I1L9G9,Q43463,0
I1N344,I1LSW3,0
I1M3W1,I1KDF1,0
I1LQ55,I1L3P5,0
I1LQ62,K7LCL1,0
K7L6P0,I1N8V4,0
I1JWE9,K7LIE3,0
I1NE02,M1FN34,0
I1JWE9,C6TD23,0
I1JZ99,I1KPE7,0
I1KS65,C6T034,0
I1JGU8,I1JT87,0
I1MF65,A0A0R0FA21,0
B9MST0,I1JUK7,0
I1KFP9,I1L7G4,0
I1MM97,A0A0R0KQ74,0
I1J4K1,A0A0R0GUR9,0
I1KL32,I1MSN3,0
A0A0R0JSJ9,I1MFF9,0
I1JMZ7,I1MR73,0
K7KUK2,A0A0R0K188,0
A0A0R0JSJ9,C6TAM7,0
I1LGR6,K7KFZ9,0
I1M6V9,I1MFI0,0
I1JIA6,I1NC50,0
K7N4K5,I1MW51,0
I1K3R3,I1MV80,0
I1K3E9,I1K2I1,0
A0A0R0E2R0,K7MPI6,0
I1K506,A0A0R0G3L8,0
I1NB48,I1MM35,0
I1KTY9,I1K7G0,0
I1L6H1,I1JC65,0
A0A0R0HSV6,I1M6F0,0
K7KN04,A0A0R0KQ74,0
I1JZR6,I1LA40,0
I1NA38,I1KBD9,0
I1M643,A0A0R0K4Z5,0
I1LEC4,I1KFF8,0
I1NAL7,I1KIQ2,0
I1NFB9,I1J574,0
I1KDU3,I1JUK7,0
I1MR11,I1M786,0
I1MRP6,I1LLA0,0
K7KYM0,I1MRV3,0
K7LXA6,I1JIA7,0
C6T099,K7L0V0,0
I1KHJ4,I1MD26,0
I1MF65,I1K6J1,0
I1KNG6,K7KES1,0
K7MS06,K7MH28,0
I1JGB2,I1LC77,0
I1NCF6,I1MJB3,0
A0A0R0ENB3,K7LSG7,0
I1KRU0,I1K9C2,0
K7L939,A0A0R4J646,0
E9L558,I1JW65,0
K7MTE7,I1LN30,0
I1LWB5,I1K3G1,0
I1J7U9,I1JSD2,0
I1MM35,I1JUP2,0
K7LJ72,C6TK31,0
I1K7G0,C6THB5,0
A0A368UIE1,C6SW04,0
A0A0R0HSV6,A0A0R0LIH0,0
I1MR79,A0A0R4J5C5,0
A0A0R0KWT5,I1KIQ2,0
I1JK59,A0A0R0JQJ0,0
I1KDP2,I1JSG1,0
K7MUV9,I1JJX3,0
K7LSJ2,A0A368UGC3,0
I1KTY9,C6TML7,0
I1K4V8,I1JDK2,0
A0A0R0JQJ0,I1JPH8,0
K7LFU3,A0A0R4J618,0
A0A0R0FUK3,I1LWD6,0
K7L6K2,I1KP66,0
K7L9S8,K7L1E6,0
A0A0R0G3L8,K7MXH5,0
A0A368UJ62,I1N7G4,0
K7KKT1,I1K3K8,0
I1MQW6,K7LQV0,0
C6SZ70,K7KNG2,0
I1ML63,I1N976,0
I1LSW3,I1JET8,0
P93162,I1MBS8,0
I1MHU4,I1NHH3,0
A0A0R4J5N5,K7N129,0
I1LP31,C6T9W4,0
I1J8W6,I1L2Q0,0
I1LP11,Q06197,0
I1JJ76,I1LWB5,0
I1N7B5,I1M8F0,0
I1NAJ0,I1L1Q8,0
I1N898,I1NJ85,0
P01055,I1JIA6,0
A0A0R0FA21,K7K8Y9,0
I1LN92,K7LXA6,0
K7MUD4,Q2Q021,0
A0A0R0GFL3,I1KTI0,0
A0A0R0EMR0,A0A0R0F214,0
O22518,I1JY66,0
A0A0R0KMM9,A0A0R0L7U5,0
C6T217,I1LLS4,0
I1N448,I1MKJ6,0
I1N5D5,A0A0R4J536,0
A0A0R0IL99,K7KRK6,0
I1JXS8,K7MGQ2,0
I1MGG7,I1KEC8,0
I1L5I2,A0A0R0H537,0
I1JHN9,I1K6J1,0
K7KES1,I1JZ89,0
A0A0R4J4H6,K7KGR8,0
I1JMZ7,I1LCH2,0
I1K6E7,I1KXK6,0
C6T2F8,I1JIK2,0
P45621,A0A0R0K6I2,0
A0A0R0L9T4,A0A0R0JRI8,0
I1LGD6,I1L645,0
K7MNP5,K7LLV5,0
K7MB82,I1K925,0
I1JGX0,K7M841,0
I1MM97,I1M946,0
I1MFI0,I1LMN5,0
A0A0R0LKR7,Q7XJ86,0
I1LTM1,I1K1D7,0
I1KRC8,I1LA39,0
C6SWR4,A0A0R0HQY2,0
I1KFZ9,I1K669,0
I1LBQ3,I1MG54,0
A0A0R0EV33,K7L1E6,0
I1JK59,I1M368,0
K7LCL1,I1LZ93,0
K7KTA9,I1KC50,0
I1MUS3,B4YB07,0
I1M5N0,I1KJ81,0
I1K3U6,I1LR95,0
A0A0B5EC52,I1LA40,0
I1KGY4,I1KZC9,0
I1KBF7,I1JE14,0
I1MG54,I1LNY2,0
I1KI90,K7KK86,0
Q42797,A0A0R0IJF6,0
I1N453,C6T0A0,0
I1JUQ6,K7MJ75,0
A0A0R0H8Q8,I1JM18,0
I1MS26,K7KNC5,0
K7N0V8,I1KDR4,0
K7MRW8,I1JK31,0
I1MS26,I1J4T6,0
K7MVE2,I1NFY2,0
A0A0R0FA21,A0A0R0JRB0,0
K7MGH8,Q9AWB2,0
K7LLF8,I1N8C9,0
I1KS56,I1LIT1,0
I1J981,I1LTE6,0
I1LFG6,E3SXU2,0
I1L0K8,I1M225,0
I1NFR9,I1JD36,0
I1KWU9,K7M387,0
I1JFW6,K7LY43,0
C6SZG1,A0A0R4J646,0
A0A0R0JBV0,A0A0R0FUA1,0
I1KQD8,C6TN69,0
C6TC28,C6TCH4,0
I1JF58,I1KQU2,0
I1NGH7,A0A0R0IF33,0
A0A0R4J2U8,I1KGM8,0
A0A0R0K4Z5,I1LMR4,0
A0A0R0I5V1,I1MHK8,0
I1NHX1,A0A0R0G8N1,0
I1NB48,K7KUG2,0
I1M487,A0A0R0FAJ6,0
I1LHY5,I1KA54,0
I1JYG3,I1LNZ9,0
K7LVH5,K7N129,0
I1JWE9,C6T034,0
I1N2J3,K7M841,0
I1LWD6,C6TJM4,0
I1J8D7,A0A0R0K0K3,0
I1JUK7,K7KP05,0
I1MK72,I1M643,0
I1MCK2,C6SYE1,0
I1LIG9,I1KAJ9,0
I1K0H3,K7L2D7,0
A0A0R0IXT8,K7MVE7,0
K7KFY5,Q6SPR2,0
C6SXY4,I1L645,0
A0A0R4J488,Q43463,0
I1M5S3,I1JQP8,0
I1JDK2,I1N5V6,0
I1JEC6,A0A0R0HSY5,0
K7M4J0,A0A0R0JSJ9,0
A1YUN0,I1L3N6,0
K7LH46,I1MQB9,0
I1NGJ7,A0A368UIM7,0
I1K9G7,I1LT87,0
K7LTV8,K7KIY4,0
I1N371,I1JMH3,0
A0A0R0GBB6,I1L5I2,0
I1JIS3,I1MZJ8,0
C6SWU3,I1L759,0
Q71EW8,I1LLA0,0
I1MZ53,A0A0R0GFL3,0
I1KS98,I1L645,0
I1LUL2,C6TBU3,0
I1L4E4,A0A0R0F6H1,0
A0A0R0FUA1,I1LKY8,0
K7LP01,I1KG02,0
I1KV48,Q42798,0
K7KN39,A0A0R0EL31,0
I1J8D7,A0A0R4J4D0,0
K7LVH5,K7KUK2,0
I1NAJ5,I1NIT4,0
I1JW06,C6TCH4,0
I1LW00,C6TJ97,0
K7LCL1,I1N483,0
A0A0R0GPR8,I1KSD0,0
I1MHU4,Q9AWB2,0
I1MZ53,I1K4V8,0
A0A0R0JC18,P07134,0
I1LMA5,K7N563,0
I1MZV4,I1J5A4,0
I1MBL5,I1LF90,0
I1JGB2,I1L0F0,0
K7MPZ4,I1LA39,0
I1NA94,I1MX88,0
I1LJG0,A0A0R0HEG0,0
I1JYX2,I1K723,0
I1MV56,I1M325,0
C6T8S2,I1NGJ7,0
Q2MJR5,I1LDB6,0
A0A0R0L5Q2,I1N6D4,0
K7M387,A0A0R0ELE0,0
A0A0R0FHD2,C6T065,0
I1NDA1,B9MST0,0
I1K1I6,K7L406,0
I1JLC7,C6T990,0
C6TBL4,I1KAR1,0
K7KN39,K7K3C2,0
K7L0V0,A0A0R4J4H3,0
K7MZN9,A0A0R0I304,0
C6TNN4,K7KTA9,0
A0A0R0L419,K7N1X2,0
A0A0R0GTG6,I1KXK6,0
A0A0R0K6U4,I1JUM3,0
I1K0E4,I1JRS5,0
C6SXD3,I1MNU2,0
I1NAJ5,I1LXY1,0
A0A0R0L5Q1,I1KK11,0
K7LFD7,C6TJ97,0
I1MG54,A0A0B5EC52,0
I1L5I2,I1MF07,0
Q9SWR5,I1K0W7,0
I1M1I7,I1N5S0,0
I1LIU7,C6T090,0
I1LI05,I1L694,0
I1L2T1,A0A0R0IT62,0
A0A0R0KN53,I1N5D5,0
C6TBL4,A0A0R4J426,0
A0A0R0GS00,I1JT87,0
I1JET4,K7L5S0,0
I1K0E4,I1MAX9,0
K7LWG6,K7LU89,0
C6SZ88,I1JVT1,0
I1KI90,I1KAD1,0
I1LBQ3,K7LXA6,0
A0A0R4J618,I1J981,0
I1JE51,I1L7R2,0
I1LEC4,I1MS33,0
I1J8E3,K7KQZ8,0
I1JE11,C6TAW2,0
I1KJX6,C6T1H3,0
C6T003,I1KY31,0
A0A0R0GHT9,K7MQT1,0
I1KZX6,I1L285,0
I1JMK4,I1ML11,0
E9L575,C6TEN9,0
I1JW65,I1K4V8,0
I1N3Z3,I1MAC4,0
I1KSD0,C6TJW1,0
I1JV68,K7MAQ6,0
K7MEB1,I1L4I9,0
A0A0R0KRN8,K7KTS8,0
I1JHQ1,I1KHZ8,0
K7MNP5,C6SZG1,0
I1JIS3,K7KX53,0
I1LCZ2,I1NHN6,0
I1LUL9,I1L694,0
A0A0R0FG80,C0M0V4,0
I1L540,A0A0R0GTG6,0
C6SWH0,I1LKY8,0
K7M6R4,I1MJH5,0
K7K2H0,I1N933,0
E9L556,I1JYT2,0
I1MIX6,Q70MR6,0
Q2MJR5,C6SYE1,0
C6TK27,I1M269,0
I1LNY2,I1L1L3,0
I1KDJ8,I1K5Q4,0
I1LI32,I1MFI0,0
K7MPZ4,I1MP75,0
I1JPH8,I1KAQ7,0
P62302,I1NJ53,0
I1KQ70,A0A0R0JSC0,0
I1MS26,I1J5E3,0
I1KJX6,Q9SWR5,0
C1PHB8,C6SVA8,0
I1MX88,I1KJ81,0
I1KWU9,I1NG45,0
C6SZS1,I1LWB8,0
I1JSI5,A0A0R0FG80,0
B0M1A3,I1MHG6,0
I1M5N9,I1LW00,0
A0A0R0L0E7,I1KUE8,0
A0A0R0I5R9,I1MJH1,0
I1M643,C6TJH2,0
I1JMK4,A0A0R0I5R9,0
K7MDN4,I1LEF5,0
I1K6U7,I1KTY9,0
I1LW00,I1LIU7,0
I1M592,I1MS26,0
I1M5N9,A0A0R0EKI7,0
I1KJF2,K7LHW6,0
A0A0R0LBA6,I1N798,0
Q43463,I1LCP4,0
C6T214,I1KA71,0
C6T1H3,I1JHQ1,0
I1KFQ1,A0A0R0G1X4,0
A0A0R0FG80,Q2PMU5,0
I1JDF1,A0A0R0IW53,0
I1JMX7,I1JCA9,0
P49084,I1LW00,0
I1MUN6,I1M8F0,0
I1JK59,C6T336,0
I1L6T8,C6SW04,0
I1MKJ6,A0A0R4J3I7,0
I1MEQ6,I1LUE0,0
I1KGM8,A0A0R0H690,0
C0M0V4,B4YB10,0
I1KJG4,A0A0R0LCZ4,0
K7ME58,K7L9M2,0
A0A0R4J5J3,I1L7R2,0
I1KM19,E9KBR9,0
I1KJR2,E9KBR9,0
K7KVV2,K7M6Z2,0
I1NF53,I1J9I1,0
K7N3Z1,I1JHN9,0
I1K9J7,I1LRR9,0
I1KNA2,K7KJI6,0
I1KJD2,A0A368UI10,0
I1JUQ0,K7MNP5,0
A0A0R0IAM2,K7KNG2,0
I1KP66,I1K3X9,0
I1K5J7,I1KZY9,0
I1KTI0,A0A0R0IZ75,0
A0A0R4J365,A0A0R0F6H1,0
I1LGR6,A0A0R0FLW1,0
I1JR22,I1L9P5,0
P62302,A0A0R0K4Z5,0
I1LPK5,I1JB64,0
I1KXK6,A0A0R0GYZ9,0
K7LK09,A0A0R0FGT9,0
I1N5V6,I1KQC3,0
K7MUV9,I1JDU3,0
I1JC43,A0A0R0H537,0
I1MKX7,C6TAW2,0
I1MZ53,C6TAW2,0
I1NB01,Q9AWB2,0
I1MNU1,I1K1I0,0
I1KJ81,I1M8A0,0
K7M846,I1N4X6,0
I1KM19,K7M849,0
I1LIQ3,K7M2G2,0
I1LEC3,C6TK27,0
K7MM50,I1M946,0
I1JS15,I1L1Q8,0
I1N371,I1KC50,0
I1L2T1,I1KXK6,0
Q9SWR5,I1MEQ1,0
I1JPP8,I1KNV7,0
C6T003,K7M6Z2,0
I1K4V8,C6TM45,0
I1LCH2,I1LW00,0
K7N4K5,I1JSY7,0
I1KIJ1,A0A0R0FTJ2,0
K7MLC5,I1L4E4,0
I1L1W0,I1KJR2,0
K7K808,A0A0R4J4M9,0
I1LV18,I1JW06,0
A0A368UHM9,A0A0R0GS25,0
I1N3Z3,I1MP75,0
I1KPB0,A0A0R0HEG0,0
C6SWA8,I1LI93,0
C6T990,I1M998,0
A0A0R0I5R9,I1LIG9,0
K7KYM0,I1L4E2,0
K7K149,I1M1I7,0
I1MZT5,K7LXY1,0
I1JHJ8,A0A0R0K6U3,0
I1NB48,I1MV56,0
I1JYG3,I1LJ81,0
I1L0F0,I1NAJ5,0
I1MUM8,I1J8P0,0
I1KUN6,A0A0R4J2Y1,0
K7LU89,K7MRF5,0
I1M2U6,K7MMD7,0
I1KDJ8,K7KED0,0
I1KVC1,K7M6Z2,0
C6T2F8,K7KH93,0
I1KQE3,I1NHH3,0
K7ML50,I1M3Y7,0
K7M387,I1J957,0
I1LXY1,I1MV08,0
I1JQ20,K7L939,0
K7K894,A0A368UIE1,0
I1KEX8,A0A0R0G3L8,0
I1JDU3,A0A0R0FA21,0
I1JNF2,K7M846,0
I1JD52,I1M7Y3,0
I1JWK3,A0A0R4J4G7,0
A0A0R0FHD2,C0M0V4,0
I1NE02,I1MHU4,0
I1N5Z3,I1JSI5,0
I1J957,I1JIK2,0
A0A0R4J4H3,I1M8U0,0
C6T8S2,I1JFW4,0
A0A0R0KWL0,I1K4V8,0
I1L0K8,I1J8D7,0
I1KPE7,I1K5Q4,0
K7M6R4,I1MDY5,0
A0A0R0FUK3,I1K3F0,0
E9L577,I1MG38,0
I1JMY9,A0A0R0J7Q6,0
I1LBA8,I1L2H4,0
I1L9G9,Q9M4R7,0
I1LFG6,I1N411,0
K7KUK2,I1KRV5,0
I1K3G1,A0A0R0JI98,0
C6SWU3,C6TG34,0
I1MF50,I1M796,0
I1NBA2,K7K9D6,0
C6TI98,A0A0R4J4H3,0
Q8GZU9,I1KNB5,0
I1N1Z5,I1J8D7,0
K7LK09,I1KAR1,0
A0A0R0KY77,I1KPN4,0
I1N8T4,I1K4R8,0
I1M5N9,K7KUE8,0
I1ML63,A0A0R0FNY5,0
I1NHX1,I1JZ89,0
I1KGM8,I1M8U0,0
C6TM45,K7N529,0
I1NG17,I1KMM6,0
A0A0R0EWR2,K7LTR0,0
I1JX10,I1L759,0
C6SWR4,I1MB99,0
I1LJG0,A0A0R0KIG7,0
C6T2F8,I1ND31,0
I1LBQ3,I1MXY0,0
I1MPJ4,I1KNV7,0
K7K3R6,I1MAX9,0
A0A0R0JSC0,I1JJN8,0
K7MPX8,A1YUN0,0
I1KJ84,I1L367,0
C6SXD2,I1K4L3,0
I1L3N6,A0A0R0IM79,0
I1JY66,I1LJG9,0
K7K9D6,C6SZ70,0
I1K708,K7L684,0
I1JQP8,A0A0R0HLZ4,0
A0A0R0I5V1,A0A0R0HM21,0
K7LU89,A0A0R0JBL2,0
K7K318,A0A0R0EKI7,0
I1M038,A0A0R0JJI0,0
I1KJX6,I1K6H8,0
I1LN92,I1K089,0
I1JQK9,I1MEA7,0
I1ML63,I1LGD6,0
K7L145,C6SWS6,0
A0A0B5EC52,I1MW51,0
A0A0R0EEW3,D8WJ57,0
I1KCM4,I1LJD2,0
I1KRC8,I1NJ85,0
I1KP26,I1LP31,0
I1KDJ8,I1MBI6,0
K7LLF8,I1LJG9,0
A0A0R0H668,I1KFZ9,0
I1KZK2,K7L5S0,0
I1J8E3,I1MCH7,0
K7L4N7,I1JV03,0
K7L2R0,Q0EDG6,0
A0A368UIM7,A0A0R0J5Y2,0
I1LAH1,A0A0R0EEW3,0
I1L1A1,A0A0R0FHD2,0
A0A0R0GFL3,K7K578,0
I1L6V0,A1YUN0,0
K7L2K6,I1LH30,0
K7MM50,A0A0R0L3G5,0
K7N563,A0A0R0IJF6,0
I1JSI5,I1M946,0
I1M5N7,I1M3A3,0
I1MIX6,K7K3C2,0
K7M9L4,K7K2H0,0
I1M6M9,C6TIQ8,0
I1JW26,I1LWB5,0
I1KNV7,I1MR79,0
K7MPJ9,I1L6H1,0
I1N055,A0A0R0E8K1,0
I1N447,A0A0R0J296,0
C6TJ97,I1NAJ0,0
K7MAQ6,I1L6I6,0
I1M7M5,I1KAD1,0
I1JDU3,I1J765,0
K7MGQ2,I1KQC3,0
I1N505,I1JYT2,0
I1K3G1,I1JET9,0
I1L3Q3,C6T2F8,0
I1JE16,K7KA65,0
I1NG45,A0A0R0ELE0,0
I1KBI7,I1MTH5,0
I1LIA8,E9L565,0
I1KCY5,I1K0U5,0
K7KVN0,I1L1L3,0
I1M3W1,K7L406,0
I1MK72,I1N2Z4,0
I1MX88,I1LFG4,0
K7KHN1,I1LL05,0
I1LCZ2,I1K115,0
Q9AWB2,I1LLJ4,0
K7MFE5,K7KJW6,0
K7LIZ8,I1K246,0
I1MM97,I1JM84,0
K7K9T5,C6TC28,0
K7LFD7,A0A0R0KR59,0
C6TA11,I1JUM3,0
A0A0R0KZR2,C6TEN9,0
I1MNU1,I1LPJ8,0
I1NA10,K7K2H0,0
K7L145,I1JSD2,0
I1MG42,I1KG02,0
I1KZX6,K7L939,0
I1KM19,I1M1C4,0
I1KBI7,I1KZK2,0
C6TNM5,A0A0R0KWL0,0
A0A0R4J5C5,A0A0R0HXK5,0
A0A368UGC3,I1JQ20,0
Q2PMQ4,I1LJ34,0
I1JQK9,K7K578,0
A0A0R4J365,I1MV56,0
Q9XE60,K7KRK6,0
I1JPP8,A0A0R0JQ82,0
I1LPJ8,I1MG42,0
A0A0R0KRF1,A0A368UID0,0
A0A0R0EYS5,K7LK09,0
I1MSN3,I1KA71,0
I1KBI7,I1N798,0
K7KX53,M1FIQ5,0
K7KMU1,I1MSP6,0
I1KJG4,I1KL89,0
I1MR79,I1JS15,0
I1N9J8,I1MKX7,0
K7KN39,I1LGI3,0
A0A0R0KR59,Q8GZU9,0
I1LP11,A0A0R0GU87,0
Q2TUW0,I1MW74,0
I1LQ55,P62302,0
I1LPJ8,I1N2G0,0
I1N1X2,I1KNA2,0
I1JT87,K7LDF3,0
C6T988,I1KQP5,0
I1LIU7,C6TF29,0
C6SWD1,A0A0R0IF61,0
I1L0F0,I1LIK7,0
I1K9T5,I1JGK9,0
I1KDJ8,K7N1X2,0
K7KK86,A0A0R0FB78,0
C6TJH2,I1JGB2,0
I1L6V0,A0A0R0KY77,0
I1M5N9,I1KUX4,0
I1MP75,I1KEC8,0
I1KS56,A0A0R0FLV6,0
K7K5R7,A0A0R4J488,0
I1MZJ8,I1LH18,0
I1JIA6,I1JHQ1,0
I1LPE4,K7N598,0
I1KJR2,I1JJB8,0
I1N6D4,A0A0R0IR73,0
F8WRI5,A0A0R0GFL3,0
I1MQC8,I1L9G9,0
A0A0R0IR73,Q70MR6,0
I1LBQ3,I1KUB2,0
I1JB64,I1K3E9,0
I1JM15,I1LXI0,0
I1MZT5,I1K467,0
I1JS41,A0A0R0JJI0,0
I1JMH3,K7L684,0
I1MZ53,A0A0R0KRN8,0
I1JM15,I1LIU7,0
I1L694,A0A0R0GYC5,0
I1KL32,I1NGH7,0
C6TN61,I1M6V9,0
K7K5C0,A0A0R0JRI8,0
I1KTY9,I1J5A4,0
I1LHR6,I1N898,0
A0A0R0H690,I1KGY4,0
I1K006,I1LIA8,0
A0A0R0EWR2,I1LSB5,0
I1JUU2,I1LVL7,0
I1LF90,I1JQ20,0
I1KS56,I1LGI3,0
A0A0R4J5B7,K7KAB4,0
I1KS98,A0A0R0IF42,0
K7MQT1,I1KUN6,0
I1MNU2,P93162,0
I1M6V9,I1L4I9,0
C6TK31,A0A0R0HLZ4,0
F8WRI5,A0A0R0F695,0
I1LLC6,I1MB99,0
I1LP98,I1JXI4,0
I1L5L1,I1NC04,0
K7KHU1,I1M6B9,0
I1JET4,I1NE02,0
C6T214,I1L759,0
K7LXD3,C6TIA6,0
I1MIX6,A0A0R0GJJ0,0
A0A0R4J2H3,I1JRS5,0
I1ML63,Q2PMQ4,0
Q9M4R7,A0A0R0IR73,0
I1KDP2,I1LFD2,0
A0A0R0L828,I1NIT4,0
Q43463,I1NCV4,0
I1KGM8,I1MBS8,0
A0A0R0HSA0,I1KDU3,0
A0A0R0HJR0,K7KLY3,0
K7MNP5,A0A0R4J426,0
I1K5Q4,I1JT87,0
K7MYK9,A0A0R0EYS5,0
I1LEQ3,K7KK86,0
Q8W1A1,I1KZ09,0
I1LW00,K7KNC5,0
C6T1E8,I1KTP1,0
I1NB01,A0A0R0IF33,0
K7MRF5,I1NCN7,0
Q8LPW2,I1MSN3,0
I1MXY0,I1JDU3,0
K7LCL1,A0A0R0GUR9,0
I1JXI4,A0A0R0GG06,0
I1MU00,I1KYL4,0
I1NBA2,A0A0R0F214,0
I1MZT5,I1JUK7,0
K7N145,I1LQ64,0
I1LRR9,I1LUL9,0
C6TML7,C6TIQ9,0
A0A0R0FFT1,K7L7W0,0
C6SW04,I1LCR6,0
I1N8M8,I1LPE4,0
I1JZ89,A0A0R4J653,0
I1JM18,I1JGB2,0
I1JRJ3,K7L0V0,0
A0A0R0JBL2,I1NC50,0
K7K9D6,E9L558,0
I1J4K1,I1M038,0
I1K3U6,I1N3U5,0
I1MF26,A0A0R0JC18,0
I1NFB9,K7N563,0
I1KZC9,I1L759,0
I1LGR6,I1JN71,0
I1LP11,I1JR22,0
I1M6V9,I1JR22,0
I1M1I7,I1N5H5,0
I1N780,A0A0R0IWM0,0
P01055,I1M1P1,0
K7KUK2,I1JQF4,0
I1MX88,I1LKD9,0
I1N483,K7KZX6,0
I1LJ34,E9L565,0
K7LK09,C6TJ17,0
Q9XE60,I1KRV5,0
I1JZ89,K7MM50,0
C6TKV3,K7MQD2,0
I1M038,I1KXK6,0
A0A0R0H668,I1JF82,0
I1KSL6,I1KGM8,0
I1KS98,I1J9H6,0
I1K4Y6,I1L645,0
C6SWG9,I1LME8,0
K7MYK9,I1LPT5,0
I1KJR2,I1M6F0,0
I1MEW6,A0A0R0LK19,0
K7KLG8,I1JXJ3,0
M1FP94,C6SXD2,0
I1M269,K7M6J1,0
C6TKV3,A0A0R4J2H3,0
I1JYX2,I1L9P5,0
K7K4Y8,I1KHJ4,0
I1KFF8,C6T034,0
K7MY00,I1K9T5,0
I1KM88,K7K3R6,0
I1MNU2,I1M5N0,0
K7MTL2,C6TGA9,0
I1K4Y6,K7K808,0
C6SWD1,K7N0V8,0
I1KM07,A0A0R0HW00,0
I1MEQ1,K7MDN4,0
B9MST0,I1K6H8,0
A0A0R0LK19,I1KT08,0
E9KBR8,I1KHV8,0
I1JF82,C6TJM4,0
I1LVN3,Q42798,0
I1MRV3,C6T8C4,0
K7KJW6,I1NA38,0
I1L5I2,C6SWR4,0
C6TCJ0,I1L1A1,0
K7M6J1,I1MBS8,0
Q2PMP9,I1J8P0,0
I1JIK2,C6TK73,0
Q39810,K7L6P0,0
A0A368UHM9,I1M2G5,0
I1LBJ5,I1K642,0
C6TIQ8,K7KN13,0
I1N411,I1LUB3,0
C6SVR0,A0A0R0K5H8,0
I1K3F0,I1LU38,0
I1KIG1,K7MLC5,0
I1LKN9,I1LG13,0
I1J4L6,C6TIQ7,0
Q0H950,I1JS41,0
K7MS06,A0A0R0H668,0
I1KBF7,A0A0R0GFM7,0
I1KFL5,I1JRE0,0
K7M841,I1JKK4,0
Q0H950,A0A0R0IL99,0
I1N7B5,I1MUN6,0
I1KMS8,A0A0R0H141,0
I1MHG6,C6T1V1,0
I1LIQ3,A0A0R0KPE1,0
I1L0G2,K7MUC8,0
I1JCQ8,C6TAM7,0
I1JJ76,G3E7M6,0
I1M1E5,C6SWG9,0
C6TD23,I1MQW6,0
I1MGE5,I1JZE1,0
I1K9T5,K7LJ17,0
I1MT23,I1MQ30,0
I1LH18,K7M9T4,0
I1KAR1,I1MLF1,0
K7KJW6,I1KM19,0
A0A0R4J4H3,I1MGE5,0
Q84L66,I1ML63,0
C6TD23,C6TBL4,0
A0A0R0FTJ2,I1MQW6,0
I1KK11,C6T7K0,0
A0A0R4J2Y1,K7K5R7,0
I1LCZ2,I1J4L6,0
K7LXN4,A0A0R0GS25,0
K7KES1,K7L329,0
I1JT87,A0A0R0EKI7,0
I1M5X1,I1J8V8,0
I1LPK5,C6SWR4,0
K7LTG4,I1NJ53,0
A0A368UH16,A0A0R0HJR0,0
I1JXI4,A0A0R4J5K6,0
A0A0R0HJR0,I1JD07,0
I1L2T1,K7KES3,0
I1LBN7,K7L1E6,0
C6TKD8,Q2PMP9,0
I1LBA8,K7N4K5,0
A0A0R0IV41,A0A0R0FFT1,0
I1KZK2,I1LLS8,0
I1LTW8,I1JK31,0
K7KIY4,I1JD52,0
K7M2G2,I1K065,0
K7L2R0,I1L7D4,0
I1K146,A0A0R0F6H1,0
I1L6A2,I1K925,0
I1N9J8,I1L332,0
C6TGA9,I1JC50,0
A0A0R0H690,I1LA40,0
A0A0R0FIP9,I1LKD9,0
Q70MR5,I1MGE5,0
I1KC40,I1K9W3,0
I1KDJ8,A0A368UI10,0
A0A0R0JI98,I1JRV0,0
K7LX60,I1MZT5,0
A0A0R0FB78,I1L759,0
C6TCG0,I1NDE0,0
I1K6H8,I1J4G6,0
I1N8M8,A0A0R0HEG0,0
K7LXA6,K7KFY5,0
C6T003,I1MR79,0
A0A0R0GJV8,I1LLA0,0
K7KLY3,Q2PMU5,0
I1M368,I1MZV4,0
I1JJB8,A0A0R0JI69,0
C6TIK0,K7LTV8,0
I1M3Y7,I1J9I1,0
I1L153,I1MVZ6,0
I1LGI3,I1JK31,0
I1KM19,K7K1V0,0
K7K578,A0A0R0JV11,0
I1JKP7,I1LC77,0
I1LIJ6,I1JE16,0
B0M195,A0A0R0EDS9,0
I1LJH2,Q1M320,0
I1M5X1,I1JZR6,0
A0A368UJF6,I1KZ09,0
I1KM64,A0A0R0FTI5,0
I1K1I0,B0M1A3,0
I1KP26,A0A0R0FUA1,0
K7KZX6,A0A0R0E2R0,0
A0A0R0JQJ0,I1LLJ4,0
I1LIG9,I1LCZ2,0
K7N145,Q9AWB2,0
I1LU06,I1MR11,0
A0A368UGC0,A0A0R0KQ74,0
I1KQ73,I1MRV3,0
I1L4E2,I1MHX1,0
C6TK31,P01055,0
I1NCF8,A0A0R0LK19,0
I1JQK9,A0A0R0H8Q8,0
I1KGY4,C6SXT9,0
I1JE09,A0A0R0FXD4,0
A0A0R0EEW3,Q70MR5,0
I1N453,I1JB52,0
I1JE16,I1NCN7,0
K7MM50,K7LJ72,0
I1N3Z3,K7LG20,0
K7MUS8,I1JUM3,0
C6T002,C6SW04,0
I1JW06,Q42798,0
K7L2K6,I1MUN6,0
K7LXN4,I1J4K1,0
I1LI93,I1KPE7,0
I1JK31,I1KQE3,0
I1KNE4,I1KFZ9,0
I1LDY8,A0A0R0JYX3,0
I1MW49,P01070,0
K7LRR7,A0A0R0G3R9,0
I1MUS3,C6TGZ1,0
C6TE39,A0A0R0HSV6,0
I1N8F6,A0A0R4J3C2,0
I1N8F6,Q39810,0
I1LYB2,I1JS41,0
K7L2D7,I1LBJ5,0
I1JI54,I1JHJ0,0
I1LUZ5,B4YB10,0
A0A0R0K4Z5,I1LWP5,0
I1J981,I1J8C9,0
I1KDF1,C6SYN1,0
K7L9S8,C6TJH2,0
I1K0A7,I1JET4,0
C6TML7,I1JPY7,0
A0A0R0FVX1,I1MZ51,0
A0A0R0JSC0,K7L1E6,0
A0A0R0I5N9,K7MRW8,0
A0A0R0GFL3,I1LUL9,0
K7K149,I1MR11,0
I1NBA2,I1KTY9,0
I1LHY5,K7MXH5,0
I1KNA2,A0A0R0FJR0,0
K7MM89,Q45FY8,0
P93162,A0A0R0GG06,0
K7LRR7,I1J7U9,0
I1N448,I1KNV7,0
I1M4B9,K7KUE8,0
K7MJ75,I1KLS0,0
K7LMW2,K7N5K2,0
I1K970,Q39817,0
I1LWB8,I1MDD8,0
K7KES1,K7N4K5,0
C6SVB8,Q9AWB2,0
C6T990,I1N4F6,0
K7K4C7,I1L0F0,0
A0A0R0IM79,Q39817,0
I1N9J8,Q42798,0
I1KAJ9,C6SWG9,0
C6TD23,I1L7R2,0
I1LNF0,I1JGU8,0
I1N8C9,I1MM97,0
I1KDA4,I1K0A7,0
I1LPT5,I1K0W7,0
K7KFY5,I1J9U5,0
A0A0R0IZA1,I1KDF1,0
I1N8M8,K7MGQ2,0
A0A0R0FHD2,I1J8W6,0
K7MNE6,K7M387,0
I1MG38,I1JGK9,0
I1K3X9,I1JDU3,0
I1KM19,I1JX10,0
I1L9K4,I1JQ20,0
I1M643,A0A0R0FAJ6,0
I1N933,E9L575,0
I1N1X2,A0A0R0IJF6,0
A0A0R0EAZ9,I1MW51,0
I1L1L3,I1JGB2,0
I1KAQ7,A0A0R4J2U8,0
I1KRU0,I1LWP5,0
I1JUQ6,C6TJ97,0
I1KA54,I1KWU9,0
A0A0R0IYY7,E9L556,0
I1MDY5,I1LHS8,0
C6TGA9,I1JIA7,0
I1LUT1,I1LWB8,0
K7KES3,A0A0R0L3G5,0
I1LEQ3,K7L0V0,0
K7K3C2,K7N529,0
I1KJR2,I1JN65,0
K7LDF3,C6TIQ9,0
I1L1A1,I1KQD8,0
C6THB5,K7MRF5,0
A0A0R0J9Y6,K7KKT1,0
K7KNT9,A0A0R0GYC5,0
K7L9S8,Q2TUW0,0
P17093,A0A0R0GWH6,0
I1LKZ0,I1JMD6,0
I1KSL6,K7LLN2,0
A0A0R0IT62,C6SZG1,0
K7LHW6,I1KG02,0
I1KGY4,K7K578,0
C1PHB8,I1KGM8,0
I1JA30,A0A0R0EJV2,0
K7M5U7,I1MLD5,0
I1N3U5,A0A0R0J296,0
I1MHK8,F8WRI5,0
I1JXS8,I1LGI3,0
K7K9D6,I1KS56,0
K7LJS8,K7MVE7,0
I1KCA3,K7K9T5,0
I1M119,I1L171,0
A0A368UHM9,I1M8F0,0
A0A0R0K5H8,A0A0R0L1N9,0
K7KFY5,K7L6N7,0
K7M841,K7MS06,0
I1MGG7,I1KG02,0
I1MG54,K7LG20,0
C6SWR4,K7M846,0
Q8W1A1,A0A0R0L4P0,0
C6T1E8,K7K149,0
I1L0F0,Q39817,0
I1JLC7,I1JEC6,0
K7MVE7,Q56GA2,0
K7K5R7,I1N344,0
I1L5L1,K7L7W0,0
I1MV08,K7MLH4,0
I1K3U6,I1K246,0
I1L5I2,A0A0R4J2H3,0
I1L367,I1JI54,0
K7N145,I1LKY8,0
Q42797,A0A368UGC0,0
I1KQD8,I1L6V0,0
I1LHY5,I1M368,0
K7N129,I1MZ51,0
I1N5H5,K7MS06,0
A0A0R0FAJ6,A0A0R0K4Z5,0
I1KBI7,K7MKF1,0
I1MXY0,I1K970,0
A0A0R0K4Z5,C6T1G9,0
I1K3E9,I1L285,0
A0A0R4J4H3,A0A0R0G7B5,0
I1JYX2,K7L476,0
K7LP01,C6TIQ7,0
I1KI90,K7K9T5,0
I1KM64,C6TMK2,0
I1JVX3,I1LVN3,0
I1MJJ9,G3E7M6,0
I1MEA7,I1L735,0
I1LP11,I1K9R1,0
I1L5L1,C6T211,0
K7K318,K7L329,0
I1KZC9,K7KUK2,0
K7LDF3,I1K0U5,0
I1K1I0,I1K642,0
K7N1T9,I1MV80,0
I1M2G5,A0A0R0FUA1,0
K7N1X2,I1N696,0
I1KTI0,I1JW65,0
K7KUG2,K7KTS8,0
I1M5X1,I1LJ34,0
I1J574,A0A368UI10,0
K7LQS4,I1MDY5,0
K7M849,I1L0K8,0
I1NHQ6,I1K6T6,0
K7MVE2,I1JGX0,0
I1KTI0,I1LCH2,0
I1JE11,I1J981,0
I1K642,Q2Q021,0
I1JMH3,C1PHB8,0
K7N5K2,K7L4N7,0
I1M8F0,O22518,0
I1NGJ8,E9KBR9,0
K7K894,I1LUL2,0
I1JK59,I1LCH2,0
A0A0R0KMM9,I1L4E2,0
K7KNG2,K7M387,0
A0A0R0HW00,I1M643,0
C6TJM4,I1LKZ0,0
I1KC50,Q1M320,0
I1L4E5,I1KVG9,0
I1NE02,I1JUQ6,0
A7X641,K7K318,0
I1JMZ7,I1NFB9,0
I1L6H1,C6T211,0
I1MHX1,K7M353,0
I1LEI8,I1LRR9,0
I1JFW4,I1NA94,0
I1NA38,I1MFI0,0
K7N5K2,I1KJX6,0
I1MF26,I1KP14,0
A0A0R0HW00,I1LDB6,0
I1K1I0,I1KEX8,0
I1MG42,C6T9W4,0
I1J8W6,A0A368UI50,0
I1ND31,C6T988,0
K7LQV0,I1LIG9,0
I1K565,I1L1A1,0
I1KJF2,I1MV80,0
I1K506,K7MDN4,0
I1L285,I1MKJ6,0
I1LII4,I1KUF4,0
I1LLH3,A0A0R0KZR2,0
I1J4G8,I1MQB8,0
Q9FQD3,I1MS33,0
A0A0R0FAJ6,A0A0R0KJM2,0
A0A0R4J5K6,I1JGB2,0
I1JJ76,A0A368UI76,0
K7MNP5,A0A0R0KQ74,0
I1NDA1,I1JHJ0,0
I1LCH2,A0A0R0K188,0
K7KYJ6,K7MS06,0
K7LP01,K7N145,0
I1N2G0,I1K6H8,0
A0A0R0JI98,I1MF26,0
I1LU38,I1M2U6,0
I1MQB9,I1KK11,0
A0A0R0GBB6,I1JC50,0
K7L723,I1KV61,0
K7N529,I1ND31,0
I1MF26,I1LLS8,0
I1N2G0,K7L1E6,0
I1KIQ2,I1J5B4,0
I1LLS8,I1MRP6,0
I1N1Z5,A0A0R0KJL0,0
I1MUS3,I1MLC3,0
K7KN13,A0A0R4J365,0
K7M4J0,I1KYS8,0
K7KZX6,I1M119,0
I1J4T6,I1K0H3,0
A0A0R0ECE8,M1FN34,0
K7KZX6,A0A0R4J309,0
K7M466,I1K938,0
A0A0R0HJR0,I1JJN8,0
I1KPN4,K7M9L4,0
I1MQB9,I1NCN7,0
A0A0R0GYZ9,I1L735,0
K7L6N7,P01070,0
I1LBQ3,K7L9M2,0
P01070,I1L6A2,0
I1MHA5,I1LIK7,0
C6TBL4,K7LSG7,0
I1MQB9,A0A0B5EC52,0
A0A0R4J5N5,I1K6U7,0
I1K089,K7KTY4,0
A0A0R0GJV8,I1KSD0,0
I1JYT2,K7LEU7,0
I1LBJ5,I1N2J3,0
C6TJW1,I1KAD1,0
P93162,I1LCJ2,0
K7L1E6,I1JHJ8,0
I1LMR4,I1LJ34,0
A0A0R0E934,Q2TUW0,0
Q1M320,I1LF24,0
I1JZE1,I1LV18,0
I1M3Y7,I1N898,0
I1LMN5,I1JCQ8,0
I1NCN7,I1KP14,0
A0A368UIM7,I1JZ64,0
K7LTR0,A0A0R0H141,0
K7MGH8,I1L540,0
P62302,I1KNI7,0
K7MQD2,K7KJB2,0
I1JY66,I1K9R1,0
I1KPB0,I1MV80,0
C6SWS6,A0A0R0JQ82,0
I1MEQ6,B0M1A1,0
Q42798,C6SVB8,0
K7KNT9,K7MMD7,0
A0A0R0EUJ0,I1K4R8,0
I1NGJ8,I1JQ20,0
K7L723,I1LKV0,0
I1K3K7,I1NA10,0
C6TAW2,I1LUL2,0
I1MD26,I1LJ81,0
I1LLS8,I1JM84,0
I1MAX9,K7ME58,0
I1K963,I1L5I2,0
I1MK72,I1N898,0
Q8LPW2,K7LU89,0
I1K3K7,I1JYG3,0
I1KNG6,A0A0R0HEI5,0
I1J8D7,K7KNT9,0
I1L2H4,I1KUF4,0
K7M9L4,I1L4I9,0
I1MUR2,A0A0R0JI69,0
C6SZ70,K7KL60,0
I1LCG9,I1KJX6,0
I1JFW6,I1LH30,0
I1KDU3,I1K5B7,0
I1JLC7,I1MFI0,0
A0A0R0G3R9,K7L0V0,0
A0A0R0JQ82,I1N5H5,0
K7MGQ2,M1FN34,0
P62302,I1MZ53,0
C6TDC0,I1LKY8,0
M1FP94,I1LJH2,0
I1JS41,I1MZ53,0
K7MUM4,A0A0R4J5N5,0
I1MJH1,Q2PMP8,0
I1KQC3,I1KS98,0
I1MBL5,I1M3Y7,0
I1K970,A0A368UI50,0
I1MHG6,I1K9G7,0
K7LTV8,I1KZK2,0
I1LD16,I1NFY2,0
I1L7J3,I1MS33,0
E9KBR8,K7ML50,0
I1KV61,A0A0R0HQY2,0
I1L285,A0A0R0FTI5,0
K7N3Z1,K7LTG4,0
I1KBV2,I1KJF2,0
I1JPY7,C6T336,0
A0A0R0FGT9,I1N0L1,0
A0A368UIC9,I1L2T1,0
K7M2G2,A0A0R0FNY5,0
K7LCL1,I1LTW8,0
I1M7Y3,I1NDE0,0
I1KUN6,I1NHF4,0
C6T002,I1LIJ6,0
A0A0R0J296,K7MNK5,0
I1JKG7,I1JK59,0
I1KJB1,C6SZS1,0
I1N2Z4,K7LEU7,0
C6SYW6,A0A0R0KMM9,0
I1JQK9,A0A0R0JBL2,0
K7KH93,I1N551,0
I1KS56,I1MBA8,0
I1K1D7,K7MXE0,0
I1LG13,K7K4C7,0
A0A0R0FB78,I1MX88,0
A0A0R0L0E7,I1K215,0
I1NGJ7,C6SZQ0,0
A0A0R0IF42,I1NHQ6,0
C6TNW3,I1KHZ8,0
A0A0R0FEC1,C6TK73,0
I1J547,I1M5S3,0
I1JK67,A0A0R0KN53,0
I1MGY9,I1L0K8,0
I1MZ53,I1JZ89,0
A0A0R0JJK0,K7LCS7,0
I1K6H8,I1LP31,0
K7L6K2,C6TM45,0
I1MSN3,I1LWP5,0
I1LNY2,I1MJJ9,0
C6SYW6,K7LHS7,0
I1JS15,K7LSZ2,0
I1JVX3,K7MQG6,0
I1M325,I1L9Z8,0
K7KLG8,I1K6T6,0
I1MZJ8,I1M3W1,0
I1KHJ4,I1MQB9,0
A0A0R4J2L5,I1JUQ0,0
I1MDD8,I1M5S3,0
K7LQV0,I1MMY0,0
I1LMR4,K7KTS8,0
I1KHZ8,I1M8A1,0
C6TNW3,I1J9H6,0
I1KBV2,I1MU00,0
I1MAC4,I1MEQ1,0
I1JSI5,I1LJG0,0
I1MRK4,I1JRU7,0
K7LTG4,K7K355,0
A0A0R0JSJ9,I1LFG4,0
I1JGB2,A0A0R0JT51,0
I1LG65,K7LFU3,0
A0A0R4J4C5,I1K089,0
K7LMW2,I1KJG4,0
I1JN65,I1MRV3,0
I1JKK4,I1KSL6,0
I1L6H1,K7KFZ9,0
C6TNN4,Q1M320,0
I1LGS0,K7MPX8,0
A0A0R0JQT3,I1MS33,0
I1MS26,K7K127,0
A0A0R0IAM2,I1JD07,0
Q9M4R7,I1N933,0
A0A0R0I304,I1JF82,0
I1N7B5,A0A368UHM9,0
I1KTY9,I1KUE8,0
A0A0R0K5H8,I1JPP8,0
A0A0R0G1X4,K7KFZ9,0
K7M9T4,I1JIH3,0
K7L476,K7KRK6,0
P24337,A0A0R0IQ72,0
I1KZX6,I1MQB9,0
C6TN61,I1NA94,0
I1NCN7,I1LN92,0
C6TJW1,K7L6P0,0
I1J5E3,K7KK86,0
I1MQW6,I1K4R8,0
K7L2K8,I1JE09,0
I1KI90,I1JIH3,0
I1K089,A0A0R0GFL3,0
K7M841,K7LZ50,0
K7LXY1,I1L7D4,0
I1MG54,I1JGK9,0
I1KS56,I1LFG6,0
I1JUQ6,A0A0R0EMR0,0
K7LSG7,I1MLJ0,0
K7LZ50,I1MG38,0
C6SVR0,I1JB52,0
I1JK67,I1LFG4,0
I1K669,I1KLS0,0
I1KV61,I1LN52,0
P49084,I1K1I0,0
I1L6H1,A0A0R0E934,0
I1KNE4,I1MRK4,0
I1J5E3,I1LN52,0
I1JMD6,K7K2H0,0
I1MGE5,I1KSD0,0
I1KV48,A0A0R0FAD6,0
K7MUV9,K7KZX6,0
I1MEW6,I1N1X2,0
I1N483,I1MD26,0
I1L9G9,I1MHG6,0
K7KR21,I1LT87,0
A0A0R0HSC1,K7K4Y8,0
I1KPN4,K7MFE5,0
I1M2U6,I1N3U5,0
I1MCH7,I1JCB1,0
I1N846,I1L3Q3,0
I1N898,I1JET4,0
A0A0R0L7U5,I1N780,0
I1NDE0,C6TJM4,0
K7LR18,K7L1E6,0
A0A0R4J2Q5,A0A0R0EAZ9,0
K7L684,I1LTG9,0
I1JAH7,I1K1W8,0
I1LR48,A0A368UHM9,0
I1J9U5,I1M6M9,0
I1K3U6,I1N448,0
I1L4E4,K7LP01,0
I1L7D4,K7LNG6,0
A0A0R0KQ74,I1LIA8,0
Q70MR6,B9MST0,0
I1LLA0,A0A0R0JRB0,0
A0A0R0E2R0,Q8LPW2,0
I1LCR6,I1MEA7,0
I1N411,C6T1E8,0
A0A0R4J365,I1K467,0
I1NF53,I1KDA4,0
I1JU23,I1ML11,0
I1JQ20,I1MZT5,0
I1JA30,A0A368UGC3,0
I1MW49,C6T9Z5,0
I1LC77,K7K2H0,0
I1J8W6,I1KAR1,0
I1MRP0,I1KIJ1,0
I1MBN8,C6TN61,0
I1LUT1,I1M8A1,0
A0A0R0LK19,I1JC08,0
I1L5I2,A0A0R0L1N9,0
K7MZN9,I1N3U5,0
K7MPI6,I1MF07,0
C6SWU3,A0A0R0JT51,0
I1MTV9,C6T217,0
I1M6B9,I1KJD2,0
I1NIE5,I1JDU3,0
I1LCZ2,I1LEQ3,0
E9L558,C6T217,0
I1M3A3,A0A0R0I5R9,0
K7LVH5,A0A0R4J3X6,0
I1JMH3,A0A0R0FEN3,0
K7LH46,A0A0R0IF61,0
A0A0R0FLW1,I1KQ73,0
C1PHB8,I1N483,0
I1JCB1,I1JIS3,0
A0A0R0L317,I1KFZ9,0
A0A0R0KIG7,A0A0R0K0C4,0
K7M864,I1LUL2,0
I1LVN3,I1MRP0,0
C6SWU3,I1K6J1,0
Q2PMP9,I1M368,0
A0A0R0K188,I1K6J1,0
I1NAL7,I1L332,0
I1JI54,I1L5U9,0
I1KHZ8,K7N145,0
I1JCB1,A0A0R4J2U8,0
C6TNW3,I1MZT5,0
I1KVG9,I1L367,0
Q84L66,K7N563,0
C6TIQ8,I1JWE9,0
I1K467,I1K6N8,0
A0A0R0L7U5,K7K5R7,0
A0A0R0JNM4,I1LA49,0
Q9SWR5,F8WRI5,0
I1K3X9,I1LPC2,0
I1JE51,I1N5V6,0
I1LDP9,A0A0R0IV41,0
I1KL89,I1MW49,0
I1J9I1,C6TEN9,0
B9MST0,A0A0R0IXT8,0
I1MFF9,K7ME58,0
C6TCG0,E9KBR8,0
I1N7B5,A0A0R0GAQ8,0
A0A368UGC0,K7LXD3,0
K7K355,C6TDC0,0
A0A0R0G3L8,K7LH46,0
I1MFF9,I1L903,0
A0A0R0LCZ4,I1M2S7,0
K7KR21,I1M5N9,0
A0A0R0L317,I1KZX6,0
I1MGG7,A0A0R0FFT1,0
C6SXY4,I1MKJ6,0
B4YB10,I1M6B9,0
I1K669,I1LT34,0
I1JSY7,A0A0R0EYS5,0
I1LKZ0,I1LG65,0
A0A0R0FA21,I1LFG4,0
I1M2U6,K7MTL2,0
I1KFP9,I1MTH5,0
A0A0R0HXK5,K7K9D6,0
I1LLH3,I1N780,0
I1LA39,Q70MR5,0
I1NDA1,I1LPT5,0
I1N1X2,I1JXJ3,0
A0A0R0I5N9,K7M849,0
K7L684,I1J709,0
K7N0V8,I1KBV2,0
I1N8M8,I1JA30,0
Q9AWB2,B0M1A1,0
I1MEQ6,I1J8D7,0
I1J5A4,K7KN04,0
I1KM27,I1JPP8,0
I1M5N0,I1JEC6,0
A0A0R0FAD6,I1KUS2,0
I1LRL9,I1MLC3,0
I1KRL9,I1K3F0,0
I1N505,I1M8F0,0
I1K642,C6TK27,0
I1L2H4,I1LWD6,0
A0A0R0F719,K7MUM5,0
K7MXE0,I1K3K8,0
K7K9T5,I1MBS8,0
I1LEQ3,I1JAH7,0
K7LQS4,K7KK86,0
K7L0E7,I1MF42,0
I1JA95,I1LQ62,0
K7M841,A0A0R4J4H6,0
I1L1Q8,I1LPE4,0
I1LPJ8,D8WJ57,0
K7MVE2,A0A0R0KIG7,0
I1LTW8,I1JK67,0
I1LF90,K7KHU1,0
Q2PMU5,I1N1Z5,0
I1J9I1,I1JZ64,0
C6SZ70,C6TNM5,0
A0A368UIE1,I1N846,0
I1LPW2,K7KN13,0
I1MC96,A0A0R0GUR9,0
K7L476,C6TE57,0
C6SWG9,I1MKJ6,0
A0A0R4J5Z8,I1MM35,0
I1KDJ8,I1K1D7,0
I1KRU0,I1LW00,0
K7KA65,I1KIJ1,0
A0A0R0L419,I1LRR9,0
I1MM97,I1MLM1,0
I1NDA1,A0A0R0JQJ0,0
I1LEI8,I1N019,0
Q2PMP8,I1KCY5,0
I1N411,I1N1X2,0
I1LUB3,A0A0R0I5V1,0
C6TN61,I1JSD2,0
I1LUZ5,I1J8V8,0
I1JAI4,C6TCG0,0
I1KZC9,I1KQE3,0
I1MEW6,P07134,0
I1KGY4,I1NA38,0
I1LIU7,I1LJG0,0
I1L7J3,Q0H950,0
A0A0R0EL31,C6TK30,0
A0A0R0GPR8,I1MUP5,0
I1KEX8,I1KDF1,0
A0A0R4J4M9,I1K5B7,0
A0A0R0H668,I1K1D7,0
I1N898,A0A0R0HXK5,0
K7MXE0,C1PHB8,0
K7LDF3,I1KC40,0
I1MUR2,I1K065,0
A0A0R0IXT8,Q9FQD3,0
A0A0R0E8K1,I1NB48,0
I1LPK5,C6T7K0,0
C6SYN1,K7KJI6,0
I1K925,A0A368UGC3,0
A0A0R0LKR7,I1NJ85,0
I1KS65,I1JIH3,0
I1JF58,I1K3K7,0
K7KN13,I1MKX7,0
K7M466,C6SWG9,0
K7KRK6,A0A0R0JC18,0
I1J9U5,I1KPB0,0
C6TJ97,K7M353,0
A0A0R0L4P0,A0A0R4J653,0
C6T1H3,I1MKX7,0
I1MQD2,I1MZ51,0
I1KPB0,Q56GA2,0
I1L6T8,C6SZ70,0
I1NGH7,K7MHQ6,0
I1L1A1,K7LFU3,0
K7MNE6,A0A0R4J5N5,0
P24337,A0A0R0LK19,0
I1L3N6,I1KDR4,0
I1JIS3,I1L540,0
I1L0F0,I1LUL9,0
I1MM35,A0A0R0GYZ9,0
A0A0R0KPE1,I1JU23,0
I1JDK2,I1KZY9,0
I1LFG4,I1LH27,0
A0A0R0HEM4,A0A0B5EC52,0
K7KGB3,A0A0R0E6T9,0
I1MEW6,I1MVZ6,0
K7KF95,I1LA49,0
I1JKG7,Q1W376,0
I1J4T6,C6SWS6,0
P07134,I1KSD0,0
Q42797,I1L6T8,0
I1KPB0,A0A0R4J5N5,0
I1JM15,A0A0R0LCZ4,0
I1M3M4,K7MM50,0
A0A0R0JEV3,I1KM07,0
I1JRE0,I1J4L6,0
I1LIQ3,C6SZ70,0
I1K4Y6,I1MZJ8,0
K7MY00,I1MRV3,0
D8WJ57,A0A0R0HV63,0
I1N5D5,I1LMA5,0
A0A0R0KWT5,I1K723,0
A0A0R0JQT2,Q0H950,0
B4YB10,I1JMK4,0
A0A0R0FUA1,C6T5U0,0
A0A0R0I5V1,I1M8A1,0
K7N0V8,I1KQI1,0
I1K089,K7LH46,0
I1LMA5,K7LDF3,0
K7MC85,A0A0R4J4H6,0
I1LD16,K7KHN1,0
Q70MR5,A0A0R4J365,0
I1JN71,A0A0R0K0C4,0
I1L759,I1KNI7,0
I1J5A4,I1NCV4,0
A0A0R0FIP9,I1NF53,0
K7LK09,A0A0R0HXH4,0
A0A0R4J4H3,A0A368UHM9,0
K7MNP5,I1M130,0
I1LT87,K7LIE3,0
I1K6U7,K7M6J1,0
I1NCF6,Q71EW8,0
I1KEX8,I1JYX2,0
I1MLF1,I1K006,0
C6THB5,I1MNU2,0
I1MVZ6,I1LWD6,0
I1LEF5,I1K1W8,0
I1MC96,I1K9G7,0
A0A0R0GS00,K7K8Y9,0
I1JYG3,C6T9W4,0
K7MRW8,I1K9R1,0
K7KRK6,A0A0R0E934,0
K7MLC5,I1M225,0
I1LGI3,C6SWH0,0
I1K4L3,Q9SLW5,0
I1LPC2,I1JDK2,0
I1K970,I1KNG6,0
I1MEF5,K7M387,0
A0A0R0EAZ9,I1JCQ8,0
I1N5R9,I1L5U9,0
I1JET9,A0A368UI50,0
I1KDU3,C6TGZ1,0
C6TDC0,I1LGR6,0
Q1M320,K7M0S3,0
I1KQI1,I1MHX1,0
I1JYT2,K7L6P0,0
K7KTY4,I1K970,0
I1LJ34,I1M2S7,0
A0A0R0ECE8,I1N7G4,0
Q1W376,C6SWR4,0
I1LP98,A0A0R0GUR9,0
I1MRK4,I1LPT5,0
I1KXP5,I1KTP1,0
I1J4B5,A0A0R0JV11,0
K7KKT1,I1LG65,0
C3VD33,I1MUM7,0
I1JXS8,I1LH18,0
A0A0R4J3C2,K7LH46,0
I1KTI0,I1KZ09,0
K7KED0,I1L153,0
Q9SLW5,I1LHR6,0
I1LRL9,A0A0R0GFM7,0
I1K9G7,I1NDA1,0
K7KMU1,I1LCJ2,0
A0A0R0G3L8,I1LJG9,0
I1NHQ6,C6TIQ7,0
I1MF50,C6TI98,0
I1JKK4,I1JZ99,0
I1KS56,I1M119,0
K7KHN1,C6T1V1,0
K7MQG6,I1JN71,0
K7KP05,A0A0R0FEC1,0
I1M1C4,D2D5G3,0
K7KUG2,I1LG65,0
C6SYE1,I1MZJ8,0
I1KZJ9,A0A0R0IT62,0
A0A0R0EEW3,K7N525,0
I1LIJ6,I1KUS2,0
I1K065,I1KJX6,0
A0A0R0LKR7,K7K318,0
K7MB82,I1N846,0
I1M325,I1K6N8,0
I1LMA5,I1MBN8,0
I1MV80,A0A0R4J653,0
I1KZ09,C6SZ88,0
I1JE14,C6T2G5,0
A0A0R0FEC1,I1M8F0,0
I1KMM6,C0M0V4,0
I1NCV4,A0A0R0JI98,0
I1MJB3,A0A0R0GJV8,0
K7LQV0,I1LU38,0
I1LKN9,Q43463,0
I1L903,I1K0W7,0
C6SXY4,I1K963,0
I1LV18,I1KC50,0
I1KGM8,A0A0R4J4G7,0
I1MUZ7,A0A0R0HW00,0
I1M269,K7KYM0,0
K7MM52,A0A0R0FNY5,0
B0M195,I1J8P0,0
A0A0R4J365,I1N1Z5,0
I1L9G9,I1JD36,0
I1MZ51,I1MW51,0
I1LBQ3,K7M846,0
I1NGJ7,I1LR95,0
K7K8Y9,I1JJX3,0
I1LJG9,I1LEQ3,0
K7LQS4,A0A368UGA0,0
I1LVN3,C6T857,0
I1LT87,K7KAB4,0
K7KNC5,I1L9P5,0
I1M5Z9,I1LR48,0
A0A0R0LKR7,A0A0R0GU87,0
K7KLG8,A0A0R0KZR2,0
A0A0R0J2W1,K7LXA6,0
A0A0R0IF33,A0A0R0LK19,0
I1M5X1,I1JET9,0
C6TGX5,K7LVH5,0
I1JPY7,G3E7M6,0
A0A0R0J296,K7MJ75,0
I1M643,K7N1L5,0
I1KNE4,I1N7F4,0
I1LLS4,I1K6E7,0
K7MJ75,A0A0R0JV11,0
I1L2Q0,I1K5Q4,0
Q0H950,I1KL89,0
I1LYB2,C6TIQ8,0
I1KEX8,I1LPC2,0
B0M1A1,I1M487,0
E9L558,I1MV08,0
I1LEQ3,I1KQP5,0
I1JIW1,A0A0R0JC18,0
I1JK67,I1KT08,0
I1LC77,I1MLC3,0
I1LDY8,I1JF82,0
I1LXY1,A0A0R0GFH3,0
I1LG13,I1K3F0,0
I1K3K8,K7MGQ2,0
I1KZY8,I1M592,0
I1JUQ6,I1MEQ1,0
I1KA75,A0A0R0FA21,0
I1JC65,I1L2Q0,0
I1JW26,I1MV56,0
A0A0R0JQT3,I1JJB8,0
I1LCH2,C6TG34,0
I1KP66,I1L1W0,0
I1JHQ1,I1J8D7,0
I1MBL5,I1N8M8,0
Q42797,I1JK59,0
K7K2H0,K7KA65,0
P24337,A0A0R0EV33,0
I1LJG9,I1J9I1,0
C6TJ97,A0A0R0F719,0
I1ML63,K7MB82,0
I1M2S7,I1JVT1,0
I1KZY8,I1N2Z4,0
I1N5R9,K7K4C7,0
I1LFG4,A0A0R0GYC5,0
I1LNF0,I1LYB2,0
I1K215,C6SWA8,0
I1LKN9,K7LP01,0
A0A0R0JQJ0,C6SZQ0,0
I1KJX6,I1M130,0
Q2PMU5,Q70MR5,0
A0A0R0FXD4,K7LNG6,0
K7MNE6,I1JIA7,0
A0A0R0JSC0,I1JHJ8,0
I1MW74,K7LSZ2,0
I1N411,I1KDR4,0
A0A0R0E6T9,K7K578,0
P01070,I1MR11,0
K7LHS7,I1LJD2,0
I1M8A0,I1KV61,0
I1KHZ8,I1L1L3,0
I1KPE7,I1LLS8,0
I1KNA2,I1KFF8,0
A0A0R0HJR0,K7MNK5,0
A0A0B5EC52,I1KTP1,0
I1JGK9,I1JCB1,0
I1NCN7,I1N5D5,0
A0A0R4J4H6,I1JCQ8,0
K7LWG6,A0A0R0GPR8,0
I1JGK9,I1KM01,0
I1K723,K7MDN4,0
I1JUV6,I1KSD0,0
Q8GZU9,I1MUS3,0
C6SVR0,I1NDA1,0
I1LZ93,I1MLC3,0
K7KVV2,A0A0R0K0C4,0
I1MUM7,I1NAL7,0
E9KBR8,I1NIT4,0
I1K1R5,I1K5J7,0
K7MUS8,K7LNG6,0
C6SZS1,I1MLD5,0
I1LQ64,I1MNU2,0
I1K708,Q1M320,0
I1NGL3,C6SWU3,0
Q9FQD3,A0A0R0FUA1,0
A0A0R0HM21,I1MQW6,0
Q2PMP9,K7MUM5,0
K7MJ75,C6T990,0
I1LA39,K7MC85,0
C6T002,A0A0R0HEG0,0
I1JK67,I1MTB5,0
I1L880,I1N1Z5,0
I1LI05,I1NB01,0
I1L7G4,A0A0R0JEV3,0
I1JYT2,C6TNM5,0
A0A0R0FTI5,I1KUX4,0
I1MQB9,I1M5N9,0
I1NFB9,K7M862,0
I1LBA8,K7KED0,0
A0A0R0FG80,A0A0R0G7B5,0
I1K065,I1N7F4,0
I1L171,I1LWD6,0
K7M0S3,K7M387,0
K7KGB3,I1JD36,0
I1JQF4,I1K3E9,0
I1L645,I1LBN7,0
I1MEF5,A0A0R0FHD2,0
I1KK11,I1JZ99,0
I1KIJ1,I1M1E5,0
I1JPH8,K7N0V8,0
I1J7U9,I1MGG7,0
K7KES3,K7LXD3,0
C6TK73,I1NGH7,0
I1LDP9,K7N598,0
P62302,I1NC50,0
A0A0R0FIP9,I1N1Z5,0
I1KHZ8,I1KQE3,0
I1K7G0,K7LXA6,0
K7LLF8,K7MS06,0
I1LIA8,A0A368UGC3,0
I1JD36,I1LZ51,0
I1ML63,A0A368UGC0,0
I1NFY2,I1KJB1,0
I1J9L7,I1KJB2,0
A0A0R0FUK3,A0A0R0EKI7,0
K7L5S0,K7LH46,0
A0A368UIC9,Q9XE60,0
A0A368UGC3,A0A0R0FXD4,0
I1MW49,A0A0R0K0K3,0
I1MEW6,I1JYT2,0
A0A0R4J2U8,I1K3R3,0
K7M466,I1MJB3,0
A0A0R0FZM4,I1LI93,0
I1JMK4,I1NCF6,0
C6TA11,K7KNC5,0
I1LIT1,I1MDY5,0
A0A0R0FFT1,K7N1T9,0
I1M038,K7MRW8,0
I1K3R3,I1N898,0
I1JNF2,I1N696,0
K7MS06,A0A0R0F695,0
C6SYW6,I1K5J7,0
I1LDY8,I1JHJ0,0
A0A368UJF6,D2D5G3,0
I1JM15,K7L1E6,0
I1KJB2,C6TJW1,0
I1MQD2,I1LKN9,0
I1MLD5,K7M864,0
I1N5H5,A0A0R0KR59,0
C6T9W4,I1K146,0
I1JZ99,I1KBI7,0
I1MZ53,I1JJX3,0
C6TKD8,A0A0R0IYY7,0
I1K1I0,I1MQC8,0
I1MBS8,C6T0A0,0
A0A368UIE1,A0A0R4J646,0
A0A0R0I5R9,I1KYL4,0
A0A0R0GIH6,I1MDY5,0
A0A0R0E2R0,A0A0R0JBL2,0
I1LGI3,A0A0R0KMM9,0
A0A0R4J5K6,Q9FQD3,0
I1KWU9,I1LT87,0
A0A0R0GPH9,A0A0R4J646,0
A0A0R0GJJ0,A0A0R4J4C5,0
K7KF95,I1KIJ1,0
K7MLC5,I1MBI6,0
F8WRI5,I1MK83,0
C6T990,A0A0R0J6N9,0
A0A0R0EDS9,I1MEQ6,0
C6SZ88,A0A0R0JRB0,0
I1L1Q8,I1J4K1,0
A0A0R0HQY2,C6T027,0
A0A0R0EAZ9,I1MCK5,0
C6SWL4,A0A0R0IYY7,0
I1MNU1,I1LUT1,0
K7L2D7,I1K925,0
E9L572,K7MPZ4,0
K7LXY1,A0A0R0E8K1,0
K7KFZ9,C6T8C4,0
A0A0R0I304,I1LTM1,0
I1M786,I1LTG9,0
K7MKF1,I1KFZ9,0
K7KN13,K7MFZ6,0
I1J9L7,K7KK86,0
I1MCH7,A0A0R4J488,0
A0A0R0EEW3,Q9SWR5,0
K7KK86,I1K3F0,0
A0A0R0GS25,I1LXK8,0
I1M6V9,I1MUM7,0
M1FIS9,I1LTW8,0
I1L7D4,C6T211,0
C6SXY4,I1K246,0
F8WRI5,I1KDJ8,0
I1JXS8,K7MXE0,0
I1M2G5,A0A0R0H8Q8,0
I1NA38,I1N447,0
I1JQ20,I1LDP9,0
A0A0R4J4M9,I1JE16,0
C6T0A0,K7LRR9,0
K7KWE4,I1KUN6,0
I1KJD2,P24337,0
C6T2G5,I1K3R3,0
K7N0V8,I1KXP5,0
I1J5B4,C6T988,0
I1KJX6,I1M1I7,0
K7L145,I1K099,0
I1JET8,I1L6A2,0
I1K565,C6T214,0
C6T2G5,A0A0R0L4P0,0
I1KA71,Q9FQD3,0
K7N145,I1K669,0
I1J981,I1MPJ4,0
I1L2T1,K7MNK5,0
I1JE51,I1KG02,0
I1LTM1,K7KNC5,0
K7KF95,K7L6N7,0
K7MXH5,I1JIS3,0
K7LLV5,K7LQV0,0
I1JZE1,I1LP98,0
I1MF65,I1KC40,0
K7KP05,I1NB01,0
I1K3U6,I1K006,0
I1JT87,K7KF95,0
K7KES1,I1N976,0
I1MF07,I1K0E4,0
I1LXK8,I1JA95,0
I1K6N8,I1M7M5,0
I1JGB2,I1KC50,0
I1KQI1,I1KJB2,0
I1M592,I1NG45,0
K7MHQ6,A0A0R0JI98,0
I1KH38,I1LYB2,0
I1L5I2,I1KWU9,0
K7M849,A0A0R0JSJ9,0
I1LIA8,I1MHG6,0
A0A0R0K5H8,I1J8D7,0
C6TER0,I1JHQ1,0
A0A0R0IZ75,K7MTE7,0
I1KFQ1,I1JIS3,0
I1N8M8,I1KNA2,0
Q39898,I1K6J1,0
I1LKD9,I1KRV5,0
I1N780,I1KTP1,0
C6T2G5,I1MF50,0
A0A368UIE1,A0A0R0E2R0,0
I1NJ53,C6TK30,0
Q8GZU9,K7KJB2,0
I1L9Z8,I1L9K4,0
I1LDB6,I1K089,0
I1LNZ9,I1N7M0,0
K7N529,A0A0R0HSY5,0
I1M8F0,K7KQZ8,0
C0M0V4,I1MDD8,0
I1KWU9,A0A0R4J426,0
A0A0R0FA21,I1J5A4,0
K7L9S8,A7X641,0
I1M2U6,I1NIT4,0
I1KS65,I1M311,0
I1JE09,K7MMD7,0
K7MXF1,I1JUV6,0
I1KZ09,P62302,0
I1LAH1,A0A0R0FVX1,0
I1NIT4,C6SW04,0
I1L332,K7KP05,0
I1KS65,I1MQW6,0
I1K669,A0A0R0FGT9,0
A0A0R4J5N5,I1LXI0,0
M1FIQ5,K7L5S0,0
I1MUS3,I1N3U5,0
A0A0R0L317,P01064,0
I1MGE5,I1LNY2,0
I1JHQ1,Q70MR6,0
I1J4B5,I1K215,0
I1K7G0,K7KEQ2,0
K7KQZ8,K7LZ50,0
I1LNZ9,I1K4Y6,0
I1JF82,I1LJG0,0
A0A0R0GFH3,I1LP11,0
A0A0R0J6N9,K7KMU1,0
I1J957,I1MF07,0
A0A0R0IXT8,A0A0R4J365,0
A0A0R0GS25,I1KA71,0
A0A0R0FG80,I1JPY7,0
I1M6V9,P01070,0
I1J9W9,K7LIZ8,0
K7K5R7,K7N1L5,0
A0A0R0H8Q8,Q70MR5,0
I1JHJ0,I1M1W3,0
C6TKV3,I1JVX3,0
I1K9W3,I1JM84,0
C6TNM5,I1K7G0,0
I1MCK5,I1JIW1,0
I1MUR2,K7MQD2,0
K7MUV9,I1LG22,0
I1KPE7,I1MF26,0
I1K1I6,I1LUZ5,0
A0A0R4J5N5,K7LVH5,0
C6SWG9,I1L1W0,0
I1NFR9,A0A0R0LIH0,0
I1LW00,I1MLF1,0
I1JW06,E9L556,0
K7KTY4,I1JPY7,0
I1K9C2,I1K506,0
A0A0R0IEK0,I1LZ93,0
I1K0W7,E9KBR9,0
I1KAQ7,I1K215,0
I1M8A1,C6SZ88,0
A0A0R0FJR0,I1ML63,0
I1MUN6,K7KW44,0
I1LEI8,I1KJG4,0
I1L7J3,K7MLH4,0
I1LKN9,I1JE51,0
I1MNU1,A0A0R0EDS9,0
I1K065,K7MTE7,0
K7L0V0,I1LT87,0
A0A0R0F5Y7,M1FP94,0
I1JT87,Q9FQD3,0
K7M5Q8,I1JW06,0
I1JWK3,I1JY66,0
K7K1V0,I1LV18,0
I1MD26,A0A0R4J309,0
K7MNN5,I1MW51,0
I1K708,K7MGQ2,0
I1NCV4,I1M7M5,0
I1NHN6,I1LWD6,0
I1MHK8,I1JHN9,0
K7LCL1,K7KJB2,0
I1MJH5,A0A0R0FNY5,0
C6SX83,C6T857,0
I1J702,I1M368,0
A0A0R0GJV8,I1K215,0
K7MPI6,I1JN71,0
A0A0R0ECE8,I1LKN9,0
I1KTY9,I1L6H1,0
C6TE39,A0A368UHM9,0
C6SXD2,I1LBJ5,0
I1LJG0,I1LKY8,0
I1N780,I1K146,0
I1N0L1,I1LHR6,0
I1M487,K7MB82,0
K7MC85,P01064,0
I1KRU0,P17093,0
I1JPP8,K7LIZ8,0
Q9M6D6,K7LFU4,0
I1JU23,I1J574,0
I1LPJ8,Q94C02,0
A0A0R0FHD2,A0A0R0HSY5,0
I1LMA5,I1MVZ6,0
A0A0R0K0C4,A0A0R0IEK0,0
K7LCL1,I1LN92,0
Q2PMP8,Q39810,0
K7KVV2,Q2TUW0,0
I1JJN8,K7MVE2,0
I1NGJ8,I1L4E4,0
C6TI98,C6SWL4,0
C6SZQ0,I1K4V8,0
C6TLW3,I1MHA5,0
I1N976,I1LIJ6,0
I1LFG6,C6T9Z5,0
C6SZQ0,I1KNI7,0
Q71EW8,K7LFD7,0
I1K246,I1MJH1,0
I1LLB7,I1LCP4,0
I1JCA9,C6TE57,0
A0A0R4J2Y1,K7K808,0
I1MEQ6,A0A0R0E934,0
I1LFD2,I1J547,0
A0A0R0GYC5,I1JUQ6,0
A0A0R0IF33,I1L9P5,0
K7N145,A0A368UGC3,0
I1LRL9,A0A0R0EKB4,0
K7KF95,A0A0R0J296,0
C6SWD1,I1KJF2,0
A0A0R0J5Y2,K7MPZ4,0
I1L4E4,I1LGD6,0
C0M0V4,C6TE57,0
C3VD33,C6SWA8,0
I1KSL6,K7K5R7,0
A0A0R4J5T8,I1LIT1,0
I1MHU4,I1LU38,0
K7K5C0,K7MUM5,0
I1LTM1,I1NE02,0
I1JSI5,I1N798,0
I1MEQ1,A0A0R0GHT9,0
B9MST0,I1K9C2,0
I1JIK2,A0A0R0HXK5,0
I1NE42,I1L1L3,0
A0A0R4J583,I1KEX8,0
K7LQS4,D2D5G3,0
I1JE16,I1MJH1,0
I1M2U6,A0A0R0FZM4,0
K7N598,C3VD33,0
K7KNT9,I1JC50,0
I1LTW8,I1J8E3,0
Q9SWR5,I1N850,0
I1MQB9,I1LJG0,0
A0A0R0GBB6,I1KM64,0
I1LCJ2,I1KS65,0
I1L6V0,I1LTG9,0
C6SXG9,A0A0R0E934,0
I1JAI4,I1KRL9,0
K7LIZ8,K7LQS4,0
K7LI90,I1KXP5,0
K7LDF3,I1JGP8,0
I1K506,I1J957,0
I1M1E5,I1LLB7,0
A0A368UIM7,M1FN38,0
K7LR18,K7LLV5,0
C6SZ46,A0A0R0K6U3,0
P01064,I1LGI3,0
I1LLH3,K7KES1,0
K7KYJ6,K7MVE7,0
I1JJ76,A0A0R0GJJ0,0
C6SWH0,I1LCR6,0
A0A0R0GYZ9,C6TJW1,0
A0A0R0KIG7,I1M8U0,0
I1MG42,I1L285,0
I1L3N6,I1N5R9,0
I1LRL9,A0A0R0IAM2,0
I1JXJ3,I1L6A2,0
K7KLY3,I1JR22,0
I1N0L1,I1KJX6,0
F8WRI5,I1LG13,0
Q9SWR5,K7MUV9,0
I1M946,Q9SLW5,0
K7LQS4,A0A0R0HEM4,0
I1JYT2,I1LQ62,0
A0A0R0FGT9,A0A0R0FZM4,0
I1JEC6,A0A0R0IQ72,0
A0A0R0KZR2,C6TBL4,0
I1MB99,Q7XJ86,0
I1KZC9,C6SXD3,0
I1L1W0,I1MEQ1,0
I1L9Z8,I1MLM1,0
K7LJS8,K7MLH4,0
K7N129,I1J4G6,0
A0A0R0KWT5,Q9SWR5,0
I1N8V4,I1MEA7,0
K7LHW6,K7K9D6,0
C6TIQ7,A0A0R0IM79,0
I1MEQ6,A0A0R0IEK0,0
I1LUZ5,C6T1H3,0
I1JM84,K7KH93,0
I1NHN6,Q56GA2,0
I1NGJ8,I1MDD8,0
A0A0R4J4G7,K7N1X2,0
I1NCF8,I1M3M4,0
I1LXY1,I1JV68,0
C6SXY4,I1JUP2,0
I1NB01,A0A0R4J4D0,0
K7KKT1,I1M225,0
A0A0R0F719,C6SZ88,0
I1MEW6,Q39817,0
C6SWR4,I1JGX0,0
I1K9C2,A0A0R4J583,0
I1JRJ3,I1N933,0
I1LST6,I1M1I7,0
I1M5S3,K7LXA6,0
C6SZ46,C6TLW3,0
I1J8M6,I1LBJ5,0
I1LWB5,A0A0R0FHD2,0
K7MNP5,K7MEB1,0
C6T1H3,I1KQE3,0
I1JXS8,I1M119,0
A0A0R0F6H1,I1KM27,0
I1JS41,I1JEC6,0
I1KQC3,C6TML7,0
I1MG54,A0A0R0F392,0
I1JKD2,A0A0R0K0K3,0
I1LR48,I1JW65,0
E3NYP3,I1MNU2,0
I1K3K7,A0A0R0IV41,0
C6T857,I1M130,0
I1LGR6,I1KFZ9,0
A0A0R0L4P0,I1KZY8,0
I1K5E7,I1K1I6,0
C6SXT9,I1LLB7,0
I1LSB5,I1KQC3,0
I1JMH3,I1KM27,0
I1L6H1,I1K115,0
A0A0R0GS00,I1LHY5,0
I1JUK7,I1K9C2,0
I1MS26,K7L5S0,0
A0A0R0IF33,I1K9W3,0
I1JN65,A0A0R4J2Q5,0
I1M311,I1MC96,0
I1MEQ6,I1LBA8,0
A0A368UID0,I1MFN0,0
I1LQ62,A0A368UID0,0
C1PHB8,K7ME58,0
I1LPW2,K7LXD3,0
I1L3Q3,I1MHK8,0
I1LI32,I1K146,0
I1LLJ4,I1MM35,0
I1KNB5,A0A0R0JNM4,0
A0A0R0J2W1,K7N529,0
I1L5U9,C6T214,0
C6SZ88,I1JRS5,0
A0A0R0K0C4,A0A0R0F214,0
I1JIH3,I1JC08,0
I1M5S3,K7MPJ9,0
I1MZ08,I1JM18,0
I1LWB5,I1MJJ9,0
A0A0R0KMM9,I1L5L1,0
I1JZ99,K7K127,0
I1MQB8,I1KMS8,0
Q70MR6,I1LHY5,0
I1LCH2,I1KIQ2,0
I1JB64,Q42808,0
I1LVL7,I1JK31,0
A0A0R0F392,I1K6N8,0
K7K3C2,A0A368UJF6,0
A0A0R0JC18,I1KNE4,0
I1KJ81,I1K9J7,0
I1K6U7,A0A0R0GG06,0
I1KQC3,I1LR95,0
I1K669,I1MFF9,0
I1JCB1,A0A0R0GIH6,0
A0A0R0JNM4,I1N933,0
I1K5J7,K7M6Z2,0
K7KJB2,I1MLD5,0
A0A0R0HSC1,I1NHQ6,0
I1LLC6,I1JF58,0
I1NHH3,I1JKK4,0
I1KY31,A0A0R0KJL0,0
K7KP05,M1FIQ5,0
A0A368UIM7,I1LLS8,0
K7L6P0,I1KDR4,0
I1MF50,K7M0S3,0
K7L6N7,K7KKT1,0
K7M849,A0A0R0HJR0,0
I1M2G5,K7KKT1,0
A0A0R0EMR0,C6SZQ0,0
K7LCL1,K7KFZ9,0
A0A0R4J3X6,B0M1A3,0
I1MHG6,I1LV18,0
I1L4I9,C6T211,0
I1LKY8,K7KTS8,0
I1JYG3,I1MTB5,0
K7MUC8,C6T972,0
I1JIK2,C6TF29,0
I1L9K4,I1LPT5,0
I1L3P5,I1M5N9,0
I1LIJ6,E9L575,0
A0A0R4J461,I1NGJ7,0
I1JR22,I1M5N0,0
I1LJG0,I1N1X2,0
K7KWE4,K7MQ01,0
A0A0R0JI69,I1MIW3,0
C6T027,A0A0R0JQT3,0
A0A0R0KE62,C6SXD2,0
B4YB07,I1JT87,0
A0A0R0FX75,I1LEQ3,0
I1LWD6,A0A368UJ62,0
A0A0R0FUK3,K7KTS8,0
I1LR95,E9KBR9,0
I1KQP5,M1FIS9,0
A0A0R0EUJ0,K7MUM5,0
A0A0R0K5H8,Q39810,0
I1L735,A0A0R0K6I2,0
K7KMU1,K7K9T5,0
I1KJG4,K7K149,0
I1MHA5,C6TIA6,0
I1LFG4,A0A0R0G8N1,0
I1MAX9,K7MXE0,0
C6TD23,I1JXI4,0
A0A0R0GS00,M1FN34,0
C6T988,K7MKF1,0
A0A0R4J426,I1M7Y3,0
I1LF90,A0A0R0H668,0
I1ML11,A0A0R0HDW2,0
I1J9H6,K7L145,0
K7LR18,I1MW51,0
A0A0R0LKR7,O22518,0
C6TD23,I1L6A2,0
I1KS65,I1L285,0
I1LVL7,I1LRL9,0
I1NCF8,I1JX17,0
A0A0R0EYS5,I1M796,0
A0A0R4J4H3,I1K9W3,0
I1JUV6,C6T034,0
K7MQD2,A0A0R0JV11,0
A0A0R0FEN3,A0A0R4J4H6,0
K7L1E6,K7MYK9,0
A0A0R0IF42,K7MNK5,0
A0A0R0HQY2,C6SWU3,0
I1JC65,I1LP98,0
A0A0R0L9T4,K7LQV0,0
A0A0R0GAV8,I1LC77,0
C6SV60,I1NCF8,0
I1MB99,A0A0R0EMR0,0
I1JB52,A0A0R0L5Q1,0
I1JB64,I1LJ81,0
K7MPI6,C6SVR0,0
I1LPE4,I1LI93,0
K7MQT1,K7LH46,0
I1MW49,I1MDY5,0
I1JIW1,I1K669,0
I1LME8,I1M2S7,0
K7MNE6,I1MRK4,0
A0A0R0HJR0,Q42798,0
I1LHR6,C6TG34,0
I1KI90,I1KL32,0
I1JWE9,I1K467,0
K7MUV9,A0A0R0KE62,0
I1KUF4,K7LTV8,0
I1JSG1,I1MAC4,0
I1MUR2,I1MCK5,0
K7KVV2,I1LIT1,0
I1N2G0,I1KNA2,0
C6TCG0,I1KUS2,0
I1KUX4,K7MLH4,0
I1L2Q0,I1KJX6,0
A0A0R0GJV8,A0A0R0H8Q8,0
I1JUQ6,K7K9T5,0
I1MUM7,I1J709,0
I1L2Q0,K7KTA9,0
A0A0R4J309,I1LKV0,0
A0A0R0F214,A0A0R4J2L5,0
I1K0W7,I1MHG6,0
A0A0R0FHD2,I1JWK3,0
K7LLF8,I1ML63,0
I1LN52,I1L3N6,0
I1N4X6,I1J709,0
I1L645,A0A0R0F695,0
I1J8C9,I1NJ85,0
I1LCR6,I1NCN7,0
I1LLB7,I1L285,0
C6T1V1,I1KWU9,0
I1K963,I1JET9,0
I1MZ08,A0A0R0K6U3,0
I1LHS8,Q7XJ86,0
K7MRW8,K7LTG4,0
A0A0R4J5C5,I1KJ84,0
I1M998,E9KBR9,0
I1L332,I1KL89,0
I1LN92,A0A0R0FTJ2,0
C6TE57,K7LJ72,0
K7LLV5,K7LXD3,0
I1M292,I1L6I6,0
K7KLG8,I1KZK2,0
I1K3G1,I1M7M5,0
I1JGX0,A0A0R0F719,0
I1NJ53,I1KQI1,0
A0A0R0I5R9,I1K6E7,0
K7LIZ8,B4YB07,0
I1NAL7,C6TD23,0
A0A368UIE1,I1KDU3,0
K7K9D6,A0A0R0KFY8,0
I1N780,K7LQV0,0
I1K970,I1M6V9,0
I1MF65,I1LGS0,0
A0A368UGG7,I1KZ26,0
I1L6H1,K7KTA9,0
A0A0R4J653,Q70MR5,0
I1L1Q8,K7MXF1,0
K7M2G2,I1K4V8,0
A0A0R0LBA6,I1M957,0
I1KQI1,E9L577,0
C6TF29,A0A0R0FAJ6,0
I1LCH2,I1MHA5,0
I1KJF2,K7KN39,0
I1KTY9,I1M1E5,0
A0A0R0FXD4,A0A0R0LIH0,0
I1LLA0,I1MPJ4,0
A0A0R0FAD6,I1L3N6,0
C6T972,I1KJR2,0
A0A0R0ELE0,C6TIK0,0
I1K963,C6T099,0
A0A0R0E2R0,I1L6H1,0
F8WRI5,I1J981,0
Q94C02,I1L1A1,0
A0A0R0E934,I1M1E5,0
I1K115,I1M6M9,0
I1J4K1,I1M5X1,0
I1JSY7,A0A0R0HW00,0
I1LBA8,I1JD36,0
I1JPH8,A0A368UI10,0
I1LNP4,K7M5U7,0
C6TK73,A0A0R4J426,0
I1JAI4,A0A0R0GPH9,0
I1MF42,K7KJB2,0
K7LXY1,K7N1X2,0
C6TNM5,A0A0R0G8N1,0
I1MX88,Q2MJR5,0
I1L7G4,I1JIA7,0
K7MMD7,E9L565,0
I1JS15,I1L4E4,0
A0A0R0L5Q2,I1MF42,0
A0A0R0HEG0,A0A0R0FZM4,0
I1L4E4,C6SWU3,0
I1KY31,I1MM97,0
I1NHQ6,I1JKD2,0
I1K1I0,I1MX88,0
K7LHW6,K7MB82,0
C6SWL4,I1MGY9,0
C6TDC0,A0A368UI10,0
I1K6E7,K7M5U7,0
C6TK73,A0A0R0L1N9,0
A0A0R0G3R9,C6TD23,0
A0A0R4J3C2,I1M269,0
A0A0R0E8K1,A0A0R0GZ30,0
I1KPE7,I1JHJ8,0
I1ML63,I1KA54,0
I1K5J7,K7KX46,0
I1KMS8,K7K9D6,0
I1M8U0,C6SWL4,0
K7LXD3,I1LQ55,0
Q42798,I1LKY8,0
I1L4E5,A0A0R0IF61,0
I1KT08,I1N453,0
C6T988,I1LCZ2,0
A0A0R0H537,I1JUU2,0
I1MRK4,I1MCH7,0
I1NHN6,I1JS41,0
I1JSG1,K7K2H0,0
C6TJ17,I1N850,0
I1LHS8,I1J8V8,0
I1KNA2,K7LI90,0
I1M643,K7L0E7,0
E9L577,I1KAJ9,0
I1MS26,I1LH27,0
I1LZ51,I1LEI8,0
I1LUE0,I1LTM1,0
I1LPJ8,I1KQ73,0
A0A0R0F719,I1KJB2,0
K7K8Y9,A0A0R0H668,0
A0A0R0GPH9,I1LDB6,0
A0A0R0L3G5,I1M038,0
M1FIS9,A0A0R0JT51,0
I1KXP5,I1KA75,0
A0A0R0GU87,I1L7G4,0
I1KNI7,I1MPJ4,0
C6TK27,A0A0R4J3I7,0
K7M5U7,C6TM45,0
I1LHS8,Q8W1A1,0
A0A0R0H668,I1MF07,0
I1LEC4,I1MW51,0
K7LXA6,I1JHN9,0
K7K808,I1MNU1,0
I1J9I1,I1KCM4,0
A0A0R0JJK0,K7K355,0
I1JPH8,I1MZT5,0
I1KIG1,I1LN52,0
Q42808,I1MM97,0
A0A0R0KJM2,A0A0R0KIG7,0
I1LPJ8,I1KJB2,0
A0A0R0E6T9,I1N780,0
E9L556,I1MTV9,0
I1N5H5,I1M8F0,0
I1N7G4,I1NHF4,0
I1M6M9,K7MC85,0
I1L7G4,K7LXN4,0
I1L6A2,I1M038,0
I1KQ70,I1KP26,0
I1J5E3,I1MBA8,0
C6SZ46,G3E7M6,0
A0A0R0K4Z5,K7LSJ2,0
I1LBQ3,A0A0R0HEI5,0
I1LCH2,A0A0R0I5N9,0
K7LCL1,I1JXI4,0
K7MDN4,I1M5X1,0
I1JJ76,I1KD82,0
C6TGX5,A0A0R4J455,0
K7L2K6,K7K2H0,0
K7M466,K7M2G2,0
C6TIK0,I1JXS8,0
I1JRJ3,I1MQB8,0
A0A0R4J461,I1L1L3,0
A0A0R0KMM9,I1L2T1,0
I1N2G0,I1M8U0,0
K7MUM5,K7MM50,0
B4YB10,I1KUX4,0
I1J547,I1MZF9,0
C6TE39,I1JSG1,0
C6TF29,I1KNB5,0
A0A0R0GYZ9,A0A0R0FLW1,0
I1L5I2,I1MZT5,0
I1L9Z8,I1N7B5,0
K7L9M2,K7KF95,0
I1KUE8,K7KWE4,0
K7M6Z2,I1K0E4,0
I1LA49,A0A0R0FVX1,0
I1JN65,I1KHZ8,0
A0A0R0JBV0,I1L4E4,0
I1LDY8,I1L6A2,0
I1JD36,I1N019,0
I1KTY9,I1JB64,0
K7KED0,I1LJH2,0
C6TKD8,A0A0R0KR59,0
A0A0R0EAZ9,I1MAX9,0
K7N563,A0A0R0FEC1,0
I1J709,C6SYW6,0
A0A0R4J3C2,I1JHN9,0
A0A0R0GYC5,I1LJG0,0
I1NGJ8,I1N344,0
K7KH93,I1JZ99,0
I1KIG1,I1MB99,0
I1MF65,A0A0R0IXT8,0
A0A0R0KIG7,C6TM45,0
K7KKT1,K7KW44,0
I1MUP5,K7LMW2,0
K7KUG2,I1KBD9,0
K7KGR8,I1LUL2,0
A0A0R0GU87,C6TN61,0
I1JJX3,I1N1X2,0
I1N6D4,I1KM88,0
A0A368UJF6,A0A0R0JI69,0
A0A0R0GTG6,I1N448,0
I1LH18,C6T214,0
I1MSP6,A0A0R0FFT1,0
C6TBL4,A0A0R0H690,0
I1JT87,I1KMM6,0
I1KM07,A0A0R4J2Y1,0
I1JV03,I1NGL3,0
E9L577,I1KA71,0
C6TG34,C6T972,0
I1JUU2,I1MQB9,0
A0A0R0HXK5,I1M6M9,0
I1KSD0,I1L1W0,0
I1NCF8,A0A0R0GYZ9,0
I1J8M6,I1MDD8,0
K7MUC8,I1L6T8,0
I1JPH8,I1JZ89,0
I1JHN9,I1J8V8,0
I1LCR6,C6TI98,0
I1JM18,C6T099,0
A0A0R0LKR7,I1NGJ7,0
I1L0G2,I1KA71,0
I1K3E9,I1KPE7,0
K7LXD3,C6TJ97,0
C6TK73,I1MUM8,0
C6TIQ9,K7MUC8,0
A0A0R0GUR9,A0A368UGG7,0
I1M5N0,I1KBV2,0
I1K5Q4,I1LU38,0
Q8LPW2,I1MV80,0
I1JEC6,I1MF65,0
I1L6T8,K7LHW6,0
Q9SWR5,I1KJF2,0
C6T8C4,I1MR79,0
E3SXU2,K7M864,0
I1MUM8,K7K4C7,0
K7KAB4,K7M846,0
K7N563,A0A0R0FA21,0
A0A0R0GFL3,I1M643,0
K7MTE7,I1K6E7,0
A0A0R0L1N9,I1MLF1,0
I1JF82,Q6SPR2,0
A0A0R0L4P0,C6TCJ0,0
C6TNN4,I1M277,0
A0A0R4J2H3,I1JN71,0
C6T336,I1MZT5,0
A0A0R0HEI5,I1JNF2,0
A0A0R0KRF1,C6T1H3,0
I1MF50,A0A0R0IZ75,0
A0A0R0FZM4,K7MVE7,0
C6SVR0,K7K9T5,0
I1J8P0,A0A0R0ENB3,0
C6T2F8,K7MXH5,0
A0A0R0EV33,K7L2K8,0
A0A0R0LBA6,I1N850,0
I1J8D7,I1N505,0
A0A0R0GAQ8,I1LF24,0
I1MKJ6,K7KR21,0
Q2TUW0,I1JRS5,0
C6TK30,C6T9W4,0
A0A0R0FB78,C6TK73,0
C6TML7,I1JHQ1,0
I1N7F4,I1NDE0,0
I1JMY9,C6THB5,0
A0A0R0IQ72,A0A0R0I5R9,0
I1ML11,I1KJR2,0
I1MR79,I1N2J3,0
K7MTE7,C6TIQ8,0
A0A0R0JQT3,I1L7R2,0
K7LTR0,C6TK27,0
I1LF90,I1L153,0
C6TF29,I1JA95,0
K7M5Q8,I1NAJ0,0
I1MF07,A0A0R4J4M9,0
I1L6T8,I1MUP5,0
K7N1L5,I1K9G7,0
I1MPJ4,I1J4B5,0
I1LDY8,I1KQD8,0
K7N529,I1L540,0
I1MD26,I1JV03,0
A0A0R0IAM2,I1M643,0
K7LQV0,A0A0R0FLW1,0
C6T003,I1JHN9,0
I1L1Q8,I1K4V8,0
A0A0R0IT62,I1LCP4,0
I1JM15,I1MHU4,0
A0A0R4J5K6,I1K6U7,0
A0A368UH16,A0A0R0EAZ9,0
I1JUK7,K7KES3,0
I1JSG1,A0A0R0E8N5,0
I1JV03,K7MZN9,0
A0A0B5EC52,A0A0R0ECE8,0
K7LVH5,K7LP01,0
I1KM07,I1KZ09,0
Q9SLW5,I1JF58,0
K7MM40,K7K127,0
I1K2I1,I1L735,0
C6T5U0,K7LLV5,0
I1KNE4,K7KN39,0
I1J8M6,K7LIE3,0
I1NC50,K7LDF3,0
I1MJJ9,I1JE14,0
I1KFQ1,I1MLC3,0
Q56GA2,C6TK30,0
A0A0R0EKB4,A0A0R0GFM7,0
I1LYB2,I1N7G4,0
A0A0R0K6U4,Q9M6D6,0
I1MT23,Q2Q021,0
C6TIA6,I1KTY9,0
K7M6R4,I1LIT1,0
A0A0R0GBB6,I1M1E5,0
A0A0R0FAJ6,I1JD36,0
I1LH30,I1MEF5,0
I1N9J8,I1JHJ0,0
I1KD82,I1MVZ6,0
I1L4E5,I1LJG0,0
I1JC50,K7N0V8,0
I1KK11,A0A0R0KJL0,0
I1J8P0,I1LVL7,0
C0M0V4,I1JD07,0
I1KQC3,A0A0R0JEV3,0
I1KVC1,A0A0R0KQ74,0
I1KD82,I1L7R2,0
C6SZ70,M1FN34,0
I1MTB5,I1LWP5,0
C6TLW3,C6TCH4,0
I1MHA5,I1N1Z5,0
K7LJS8,K7KK86,0
Q8LPW2,K7M0S3,0
C6TIQ9,I1L540,0
C6SZ88,I1JIH3,0
I1JY66,A0A0R4J5T8,0
A0A0R4J4H3,A0A0R0E8K1,0
I1KT08,I1ND31,0
I1JC08,I1LUZ5,0
I1JSY7,I1J7U9,0
I1K3K8,A7X641,0
I1LDP9,I1J4T6,0
A0A0R0GJJ0,K7K3C2,0
I1JX17,I1K1R5,0
I1LFG4,I1NA10,0
I1K6N8,I1LGR6,0
A0A368UI10,I1MBI6,0
A0A368UI76,A0A0R4J5J3,0
I1MHX1,I1J4K1,0
I1JXS8,C6TF29,0
A0A0R0FZM4,K7KP05,0
I1LPC2,K7K149,0
I1LIA8,I1L171,0
I1K099,K7KA65,0
I1N696,K7L2K6,0
K7MFE5,K7LTV8,0
I1MUP5,I1JUV6,0
I1J4L6,A0A0R4J2Q5,0
A0A0R0L3G5,I1N8F6,0
K7L5S0,I1MFI0,0
A0A368UI10,K7KJB2,0
A0A0R4J618,I1LUL2,0
I1L7R2,C6TJW1,0
C6T2G5,K7MNE6,0
I1LBJ5,I1JFW4,0
I1M5Z9,P01064,0
I1LCJ2,O22518,0
I1JSY7,A0A0R0EDS9,0
I1MUM8,A0A0R0GBB6,0
I1LUV4,A0A0R0JV11,0
I1M5N7,I1K9C2,0
I1L6A2,I1JIH3,0
I1J4L6,I1JWE9,0
I1KM19,K7KED0,0
A0A0R0G1X4,I1KP66,0
I1LUV4,A0A0R4J2Y1,0
I1JNF2,C6TA11,0
K7LLV5,I1KLS0,0
I1JVX3,K7MTE7,0
I1JX10,K7MTL2,0
I1M6M9,I1M786,0
I1JUQ6,A0A0R0F5Y7,0
C6SYE1,I1N846,0
I1LPW2,Q0H950,0
A0A368UID0,I1J9L7,0
Q39817,I1MZ08,0
I1J8M6,A0A0R0JBV0,0
K7KWE4,I1MF07,0
A0A0R0GHT9,Q1M320,0
I1M038,A0A0R0ECE8,0
A0A0R0GYC5,A0A0R0H668,0
A0A0R0KVY6,I1L903,0
E9KBR8,C6TJ43,0
A0A0R0LKR7,I1NHF4,0
I1JE16,K7MGH8,0
A0A0R0G8N1,C6SYE1,0
A0A0R0KQ74,K7L6K2,0
C6T8C4,I1KIG1,0
K7LJS8,I1JQY7,0
I1N5H5,I1LSW3,0
K7MGQ2,A0A0R0JSJ9,0
I1LEI8,K7MDN4,0
I1LIU7,I1MLJ0,0
A0A0R0L7U5,I1LWD6,0
I1NC04,I1KBV2,0
I1KPN4,K7KQZ8,0
A0A368UI76,A0A0R0FLV6,0
I1JXI4,K7MNP5,0
B0M195,A1YUN0,0
K7MAQ6,I1MYD2,0
I1JGP8,I1LR48,0
I1N483,I1NCF8,0
C6TBL4,K7KJB2,0
C6TBU3,I1JN65,0
C6T2G5,I1KL89,0
M1FIQ5,I1N8V4,0
C6TK73,I1MQB9,0
C6TJW1,I1LI96,0
I1KH38,I1LJH2,0
I1J8D7,I1MJH1,0
C6T8S2,I1L1L3,0
I1KJD2,A0A0R0KRF1,0
I1JXI4,A0A0R0FA21,0
I1JB64,A0A0R0FZM4,0
A0A0R0GAV8,I1KJG4,0
A0A0R0GFL3,M1FN38,0
I1NAJ5,I1J4L6,0
I1K3X9,I1JD07,0
I1L5U9,K7L329,0
A0A0R0K0K3,C6TKV3,0
I1JYX2,I1KNB5,0
I1L7J3,A0A0R0L4P0,0
K7LQS4,K7LX60,0
A0A0R0IYY7,A0A0R0HQY2,0
K7KFZ9,I1JRV0,0
I1JIA7,C6T1E8,0
C6T2G5,C6T1V1,0
K7M864,I1K3X9,0
C6TK30,I1M8A0,0
I1JS41,A0A0R4J455,0
C6TGZ1,I1MUM7,0
I1J9U5,I1LHS8,0
A0A0R4J583,C6T988,0
A0A0R0K5H8,I1JKD2,0
A0A368UJ62,I1KUF4,0
K7KL60,K7LZ50,0
C6SX83,K7MUM4,0
C6TIK0,I1JRS5,0
A0A0R4J5T8,I1JSI5,0
A0A0R4J461,I1LJG9,0
I1MLD5,I1KP66,0
Q7XJ86,I1KA75,0
G3E7M6,A0A0R0JI69,0
A0A0R4J583,I1LUL9,0
I1K0W7,I1MYD2,0
A0A0R4J618,A0A0R0HEM4,0
K7M466,I1JX10,0
I1JS15,A0A0R0JSC0,0
C6TE57,I1LME8,0
I1KDP2,I1JM15,0
A0A0R0F5Y7,I1L0K8,0
I1K1I6,K7K8Y9,0
A0A0R0GYZ9,I1J5W0,0
E9KBR8,A0A0R0J7Q6,0
A0A0R0G7B5,I1L171,0
C6TJH2,K7L0E7,0
P62302,I1MUS3,0
A0A0R0JSC0,I1N411,0
A0A0R0K5H8,C6T0A0,0
I1JYX2,A0A0R0KY77,0
K7K5C0,I1JD36,0
M1FP94,K7K2H0,0
K7MFE5,K7M6R4,0
A0A0R0GU87,A0A0R0EV33,0
I1J981,K7K9T5,0
A0A0R4J2H3,I1L153,0
I1J8M6,I1M8A1,0
I1NGJ7,A0A0R0GTG6,0
I1KK11,A0A0R4J2U8,0
I1LTW8,E3WC98,0
A0A0R0HSH0,I1J957,0
I1KS65,I1KZX6,0
A0A0R4J5C5,P01055,0
K7KN04,A0A0R0GZ30,0
K7KNC5,A0A0R4J5J3,0
C6TEN9,I1LU38,0
I1KNE4,A0A0R0JYX3,0
A0A0R0JNM4,A0A0R0GS00,0
I1N3U5,I1NJ85,0
K7LP01,I1N7F4,0
I1M269,K7L145,0
K7MPJ9,M1FIS9,0
Q9M6D6,Q9FQD3,0
I1MQC8,I1L367,0
A0A0R0IF42,K7KYM0,0
I1JGP8,I1LPT5,0
I1LV79,A0A0R4J4H6,0
A0A0R0J6N9,I1N453,0
A0A0R0FLV6,I1LUL2,0
I1LNP4,C6T1V1,0
I1KV61,A0A0R0EV33,0
K7LSJ2,I1K963,0
I1K6E7,C6TK73,0
I1LT87,A0A0R0HM21,0
I1LPE4,A0A0R4J5Z8,0
I1JYG3,I1LU38,0
K7KQZ8,I1JN65,0
Q70MR5,M1FIS9,0
I1KZK2,I1MW51,0
I1LCJ2,A0A0R0EKI7,0
P24337,I1LN52,0
I1MHU4,P45621,0
I1MW51,I1LH30,0
C6T2G5,I1M4B9,0
I1JMH3,I1LJG9,0
I1JDK2,I1MNS7,0
A0A0R0FJR0,I1LKN9,0
Q06197,I1MFF9,0
I1JS41,K7LTV8,0
I1LDB6,I1LU38,0
I1MKJ6,K7LMW2,0
I1K642,I1KV61,0
I1KXK6,I1K3F0,0
I1KYS8,I1KZK2,0
A0A0R0FJR0,I1K0W7,0
I1L6V0,I1KQC3,0
I1JSI5,A0A0R0H690,0
I1MP75,I1MB99,0
K7LDF3,I1JA30,0
K7LEU7,I1K5I3,0
I1MPJ4,I1JDN2,0
I1JQ20,K7N1T9,0
I1J547,I1JD36,0
I1LU06,A0A0R0GJV8,0
C6T090,B0M1A1,0
I1KBI7,I1K6H8,0
I1N5R9,I1K9G7,0
I1K642,I1K708,0
I1KCA3,I1KHZ8,0
C6TK30,A0A0R0KFY8,0
P93162,I1JK31,0
I1JA95,A0A0R0GAQ8,0
K7MQG6,C6TAW2,0
A0A0R0IL99,I1K7G0,0
A0A368UGC0,A0A0R0GFL3,0
I1MFN0,K7L329,0
A0A0R0GTG6,A0A0R0LIH0,0
A0A0R0HSV6,I1M277,0
C6TJ17,A0A0R0IWM0,0
C6T988,K7KH93,0
I1MVC6,I1JLC7,0
I1LNF0,I1K9J7,0
K7KF95,I1K9J7,0
K7L2K6,I1JHQ1,0
I1K0E4,K7KHU1,0
A0A368UIC9,I1MRV3,0
I1K3K8,I1L9G9,0
C6T099,I1KBV2,0
I1KUE8,I1L1Q8,0
A0A0R0JI98,I1M946,0
I1MPJ4,A0A0R0E6T9,0
I1LUL9,K7KUE8,0
I1N798,C6SVR0,0
I1LN52,I1M1P1,0
I1JWK3,A0A0R0L0E7,0
I1JIK2,I1K642,0
I1LDY8,A0A0R0FZM4,0
I1K4V8,K7KGR8,0
I1MHA5,I1KBI7,0
I1MAC4,K7KRK6,0
I1J547,I1J4T6,0
Q8W1A1,A0A0R0GJJ0,0
I1M6M9,I1KIJ1,0
I1KUN6,K7M4J0,0
I1MDD8,I1KCA3,0
I1MCK5,A0A0R0J7Q6,0
I1JC43,I1K723,0
C6TE57,I1LH30,0
A0A0R4J646,A0A0R0H8Q8,0
A0A368UIC9,C6SZS1,0
I1LJG9,A0A0R4J426,0
C6SXD3,K7M2G2,0
I1JCA9,C6T090,0
I1MUM7,I1KZY8,0
A0A0R0IT62,I1N2Z4,0
K7LFU3,I1J709,0
I1LPK7,K7KWE4,0
I1J5A4,I1MW74,0
I1JCA9,A0A0R4J3X6,0
K7LCS7,C6TD23,0
C6SXY4,I1L1L3,0
I1MV80,A0A0R0JYX3,0
K7L2K6,K7LFU3,0
A0A0R4J583,A0A0R0IWM0,0
I1MGG7,A0A0R0GPH9,0
C6TGA9,I1NHQ6,0
I1N8T4,K7K5C0,0
I1MBS8,I1JXI4,0
K7L476,I1KJF2,0
I1KZY8,P49084,0
I1L759,K7KKT1,0
A0A0R0EYS5,I1MV08,0
I1MSP6,Q7XJ86,0
I1KPE7,I1KJ81,0
I1N780,I1NDE0,0
I1MCK2,I1LI96,0
I1NGJ7,I1M5X1,0
A0A0R0GHT9,I1KV61,0
I1MZJ8,A0A0R0HV63,0
I1KUX4,I1N448,0
K7LFU4,I1KUN6,0
K7MH28,K7KLY3,0
Q2PMP9,I1J5B4,0
I1JKD2,I1J574,0
I1MTH5,I1LNY2,0
I1M292,I1KS65,0
I1MV08,K7KN04,0
I1JKP7,K7MRW8,0
A0A0R0FGT9,K7LEU7,0
I1LP31,K7L2K6,0
I1L1Q8,K7M841,0
I1NGL3,A0A0R0L5Q1,0
I1MUC6,K7L406,0
K7LFU4,C6SWU3,0
K7MGQ2,I1MHU4,0
I1KQ73,A0A0R0KIG7,0
I1J8M6,K7L684,0
I1KIG1,I1KM27,0
I1L2Q0,I1KYL4,0
I1MVC6,I1JMX7,0
A0A0R0ELE0,A0A0R0L5Q1,0
K7MPZ4,K7KNG2,0
I1M6M9,I1K4L3,0
I1J7U9,K7KW44,0
I1L6T8,I1MAC4,0
C6T1E8,A0A0R4J5Z8,0
I1N483,K7KF95,0
I1K925,I1LEQ3,0
C6T1E8,I1LA49,0
K7LXD3,I1K3K7,0
I1KV48,A0A0R4J583,0
I1N8F6,I1K669,0
A0A0R0KN53,A0A368UHM9,0
I1N976,I1L7D4,0
I1MB99,I1L285,0
I1MF42,I1K4Y6,0
I1K467,I1K3U6,0
B0M195,I1N1X2,0
I1MQ30,I1LFD2,0
I1M946,K7MYK9,0
K7MUM5,K7M9L4,0
I1LTW8,I1J5A4,0
A0A0R0IM79,I1JV68,0
C6SYN1,I1MCK5,0
I1M325,I1KRL9,0
I1N019,K7L476,0
I1KP66,C6T065,0
A0A0R0JBL2,I1KS98,0
K7LSG7,I1JSG1,0
A0A368UGC3,C6SW04,0
K7K894,C6SYW6,0
I1J765,I1LCZ2,0
A0A0R0JNM4,I1LGR6,0
A0A0R0HSH0,I1MQD2,0
I1LF90,I1LIJ6,0
C6TCG0,K7MM50,0
I1JK59,I1KUS2,0
M1FIQ5,I1LFD2,0
I1JE16,I1L645,0
I1LXK8,I1N3U5,0
I1MQB8,I1KC50,0
I1LPT5,K7LSG7,0
K7K355,A0A0R0FJR0,0
I1MG54,I1JMK4,0
K7M4J0,A0A0R0JYX3,0
K7K9D6,A0A0R0EYS5,0
I1MRV3,I1JK59,0
I1KA98,I1KTI0,0
A0A368UI76,I1JK67,0
B4YB07,I1NGJ7,0
I1J574,I1MR73,0
I1N5S0,A0A0R4J309,0
I1MZ53,Q42797,0
P62302,I1K065,0
I1MUZ7,I1MSP6,0
I1K9C2,A0A0R0EUJ0,0
I1KTI0,A0A0R0FVX1,0
I1JKG7,I1MZT5,0
I1KDR4,A0A0R4J653,0
K7KN04,I1JDN2,0
I1KJG4,K7LRR9,0
K7MDN4,C6T034,0
I1NJ85,I1KV61,0
A0A0R0EYS5,I1NG17,0
I1N5H5,I1N055,0
I1J9L7,I1L6I6,0
I1L6A2,A0A0R0GPH9,0
A0A0R0FVX1,K7KYJ6,0
I1JSD2,K7MMD7,0
A0A0R0GZ30,K7M5U7,0
K7MUC8,A0A0R0JBV0,0
I1JI54,I1KZY8,0
I1MHX1,I1LUV4,0
A0A0R0G8N1,I1LGD6,0
I1JZ89,I1L2Q0,0
I1KC50,A0A0R0FB78,0
A0A0R0I5R9,K7KA65,0
I1L1Q8,K7ME58,0
K7M5Q8,I1MW74,0
I1LQ62,K7LFU4,0
I1L4E5,I1JAH7,0
I1JQF4,I1N1Z5,0
I1JC08,A0A0R0GIH6,0
I1JSG1,K7MJ75,0
I1NA10,I1MYD2,0
K7LJ17,C6TIQ8,0
E3SXU2,C6TD23,0
I1MRP0,I1KMM6,0
P45621,I1JCQ8,0
A0A0R0IF33,I1L9K4,0
I1LH27,I1MZV4,0
C6TCH4,I1NGJ7,0
K7KJW6,I1L540,0
C6T1G9,K7M0S3,0
A0A0R0HSY5,K7LLF8,0
I1N2Z4,I1N933,0
A0A0R0LK19,I1N1X2,0
I1MG38,I1KFP9,0
I1KBI7,I1MGY9,0
I1LPW2,I1K970,0
C6TKV3,C6TAB5,0
I1JZE1,I1JK31,0
I1NCF6,I1KAQ7,0
I1K3F0,I1MR79,0
I1K7G0,I1MYD2,0
I1N344,I1KAD1,0
K7LG20,I1KMS8,0
K7M6J1,I1JAI4,0
I1LP98,A0A0R0F6H1,0
K7K9D6,K7MS06,0
I1NGJ7,A0A0R0E934,0
I1K0E4,A0A0R0GPH9,0
I1LP98,I1J4L6,0
K7MVE7,I1JGP8,0
I1JPP8,K7LJ17,0
I1K1I6,I1N7M0,0
K7L329,C6T090,0
A0A0R0HXH4,I1K0W7,0
I1M6V9,I1JJX3,0
I1JUV6,I1NGH7,0
K7MQG6,K7KUG2,0
A0A0R0IF33,I1KFQ1,0
I1MBL5,I1LWX5,0
I1JR22,I1NFB9,0
K7LQS4,K7L476,0
A0A0R0FJR0,I1K3E9,0
I1JM18,A0A0R0L5Q1,0
I1LII4,I1KJB2,0
I1KA98,A0A0R0EYS5,0
I1N5Z3,I1M796,0
A0A0R0KR59,A0A368UGA0,0
I1MF65,K7K4C7,0
I1JSY7,I1J957,0
I1KIJ1,I1MBS8,0
I1M1E5,A0A368UHM9,0
I1KAQ7,I1KFZ9,0
I1KM01,I1KXK6,0
C6TG34,Q06197,0
K7KJI6,I1LT34,0
I1ML63,A0A0R0L9T4,0
I1KIG1,I1MV08,0
A0A0R0JRI8,I1M7M5,0
I1JXS8,I1L645,0
A1YUN0,I1MLC3,0
I1JJN8,A0A0R0K0C4,0
B9MST0,I1MNS7,0
I1LYB2,I1N898,0
I1MS33,I1N1Z5,0
I1J8W6,I1MV80,0
A0A0R0F5Y7,I1JDN7,0
I1MZV0,I1KA71,0
Q2Q021,C6T8S2,0
K7L0V0,A0A0R0L3G5,0
I1KZY8,C6TJ97,0
I1K089,K7KIY4,0
A0A0R4J488,I1K006,0
A0A0R0KE62,K7L329,0
I1M6M9,I1L5I2,0
I1JQK9,I1LPJ8,0
C6TER0,I1K1D7,0
I1MUR2,A1YUN0,0
I1MJB3,I1MF50,0
I1MEW6,I1JSD2,0
C6TM45,I1L694,0
I1K4Y6,I1N8T4,0
I1MAC4,I1L4E5,0
K7MEB1,I1N5S0,0
C6TJH2,I1KFP9,0
I1NGJ8,Q45FY8,0
I1N976,K7MGQ2,0
I1KQP5,K7LJ72,0
I1LWD6,K7M466,0
A0A0R0H8Q8,I1JC65,0
C6TG34,I1MCK5,0
C6TIA6,I1N7G4,0
C6SWU3,I1M269,0
A0A0R0F392,I1LIG9,0
C6T034,K7KW44,0
I1J709,I1LWX5,0
I1JD07,I1MBN8,0
I1KM19,I1LFD2,0
I1JXJ3,K7L939,0
A0A0R0HEI5,I1M7M5,0
I1JR22,K7N1L5,0
A0A0R0EV33,I1KYS8,0
C6SXT9,K7KN39,0
B9MST0,K7MS06,0
A0A0R0GFH3,I1JSI5,0
A0A0R0HSH0,K7LLN2,0
I1NGJ7,I1N0L1,0
Q9SWR5,P93162,0
I1JYT2,I1J4G8,0
I1LWB8,K7M849,0
K7LDF3,I1KIG1,0
A0A0R4J2L5,K7M841,0
I1LZ51,C6T988,0
A0A0R0K0C4,I1M8A1,0
I1KDF1,K7L0E7,0
I1JC08,I1LHR6,0
I1M946,I1N8M8,0
Q42808,I1KA71,0
C6TE57,K7KLG8,0
I1KEX8,I1JE16,0
Q0EDG6,I1K099,0
I1KA71,I1MZF9,0
I1KNE4,I1LJG0,0
I1L7D4,I1K0E4,0
E9L565,I1N3U5,0
I1N8T4,I1L903,0
I1N483,I1N7G4,0
K7KKT1,A0A0R0EWR2,0
I1KRU0,I1L3Q3,0
K7MPI6,I1KY31,0
E9L575,K7K5R7,0
I1MX88,K7M864,0
I1KUX4,A0A0R0E6T9,0
I1JYT2,A0A0R0LCZ4,0
A0A0R0EAZ9,K7LU89,0
K7L2K8,I1LIQ3,0
I1KJB1,C6T034,0
A0A0R0IF61,I1N1X2,0
I1KFQ1,A0A368UI50,0
C6T1H3,I1LCH2,0
I1MAC4,I1M946,0
I1MZ53,I1LJG0,0
A0A0R0IQ72,I1M3Y7,0
A0A0R4J2U8,I1KL89,0
I1LSB5,I1NIT4,0
K7LSJ2,I1K4L3,0
I1KIJ1,K7LXN4,0
I1LSB5,K7M846,0
I1K3K7,I1M2S7,0
I1JUU2,A0A0R0IT62,0
I1N7G4,I1MQB8,0
K7LJ72,I1MYD2,0
C6TIQ8,B4YB10,0
K7K3R6,I1M119,0
I1JB52,I1KNE4,0
A0A0R4J2U8,I1MZ51,0
A0A0R0H537,A0A0R0K4Z5,0
I1K642,I1J547,0
A0A0R0GYC5,I1M6M9,0
G3E7M6,I1KA54,0
K7MM50,C6SXT9,0
A0A0R0HW00,K7KUE8,0
I1L1A1,I1LGS0,0
A0A0R0G8N1,I1LA40,0
Q9SWR5,C6TIQ9,0
C6T211,C6SWH0,0
A0A0R0H668,A0A0R0HSY5,0
K7N4K5,K7N1T9,0
I1K3G1,C6SWL4,0
A0A0R4J2Y1,I1NHF4,0
I1JV68,I1JF58,0
I1N8L0,I1NCV4,0
I1MZ51,I1M946,0
A0A0R0FA21,A0A0R0KRN8,0
K7L723,I1L6V0,0
A0A0R0HM21,I1M998,0
K7N145,E9L565,0
A0A368UI10,I1JMD6,0
C6TJW1,K7MPX8,0
I1KTP1,I1NA94,0
I1N5R9,I1JV68,0
A0A0R0G8N1,I1MRP0,0
I1LWB8,K7MH28,0
I1MQB8,Q2TUW0,0
K7L6P0,I1JZE1,0
Q8W1A1,I1KSD0,0
A0A0R0IWM0,I1LG65,0
I1MAC4,I1KM88,0
I1M292,I1KSL6,0
E9KBR8,A0A0R0JQT3,0
K7ME58,C6TJ43,0
I1L1Q8,I1ML63,0
I1MUZ7,I1LIT1,0
A0A0R0HXK5,C6T217,0
I1KZC9,A0A0R0K188,0
I1L2H4,I1MM97,0
E9KBR9,I1LT87,0
A0A0R0GS25,I1JC65,0
M1FN34,I1LGD6,0
A0A0R0FB78,K7LIE3,0
I1LI93,I1MSN3,0
I1K1R5,I1MB99,0
K7LSZ2,I1N5H5,0
C6TE57,I1LA39,0
A0A0R0JBV0,I1LH30,0
A0A0R0HXK5,I1J709,0
I1K4L3,I1MHX1,0
K7KKT1,A0A0R0KIG7,0
I1KZ26,I1K5E7,0
I1LD16,I1KNA2,0
C6TI98,K7L406,0
K7KTY4,I1MRV3,0
I1N453,I1L645,0
K7KJB2,K7K127,0
I1MVC6,A0A0R0JSC0,0
I1KBV2,I1JF82,0
I1JYG3,Q39898,0
I1KP14,I1JS41,0
I1MXY0,K7MTL2,0
Q39817,I1M7M5,0
I1JJB8,I1L332,0
A0A0R4J2L5,I1KJX6,0
C6SZQ0,I1N976,0
K7MNE6,I1MD26,0
P01064,I1JWE9,0
C6T9Z5,C6SVB8,0
B9MST0,I1KDJ8,0
B4YB07,A0A0R0ICK4,0
A0A368UH16,I1JET4,0
K7MNE6,Q84L66,0
I1KC40,I1KNV7,0
I1JC08,I1JC43,0
A0A0R0HQY2,I1NFB9,0
I1L5U9,I1JZR6,0
K7MQD2,K7MM52,0
K7KJI6,I1MJH1,0
I1J8P0,I1L645,0
I1LFG4,I1M2U6,0
K7M864,I1KJB1,0
I1K065,I1KNB5,0
I1LNY2,I1M1E5,0
I1K1I0,I1N798,0
C6T0A0,I1KNA2,0
I1K9T5,I1KUN6,0
Q2Q021,A0A0R0GS00,0
I1MTV9,I1KAD1,0
A0A0R0FXD4,I1JC65,0
I1K3K8,A0A0R4J309,0
C6SYN1,I1MNV2,0
I1JAI4,A0A0R0LIH0,0
K7KW44,I1N5D5,0
K7LXN4,I1MG38,0
I1K565,I1KDP2,0
A0A0R0KE62,C6TG34,0
A0A0R0HSY5,I1NFR9,0
A0A0R0K0C4,A0A0R0FHD2,0
K7K355,I1JDK2,0
M1FN38,A0A0R0JQJ0,0
I1MW74,K7MUV9,0
I1JET8,I1MQW6,0
K7L2K6,I1KFP9,0
C6T1V1,I1JMX7,0
K7N145,C6SWS6,0
I1KI90,A0A0R0FAJ6,0
K7KUK2,I1MKJ6,0
I1JUQ6,C6SVB8,0
K7N598,I1KI90,0
K7M6J1,I1L153,0
A0A368UIM7,A0A0R0L828,0
A0A368UI76,A0A0R0EDS9,0
Q6SPR2,K7LJ72,0
K7N145,I1N2J3,0
A0A0R0L9T4,I1L3Q3,0
I1JI54,C6TE39,0
I1LCJ2,I1KJ81,0
I1N798,A0A0R0E934,0
I1NHF4,I1N898,0
A0A0R0FHD2,I1JZR6,0
K7KJB2,C6SYN1,0
C6TE39,Q9SLW5,0
A0A0R0L0E7,I1KHV8,0
C6TJH2,K7LXN4,0
I1JXS8,I1KMM6,0
I1K0E4,I1MJB3,0
I1N371,I1N8C9,0
C6SWA8,I1MS26,0
I1LG22,A0A0R0E8K1,0
I1J9W9,I1LJH2,0
A0A0R4J365,C6TD23,0
A0A0R0I304,I1JMH3,0
I1KJX6,I1KNG6,0
Q8GZU9,K7MVE2,0
I1MHK8,A0A0R0KN53,0
I1M5N9,A0A0R4J309,0
C6TEN9,I1LWB8,0
C6T0A0,I1KRL9,0
I1MUZ7,I1KJB1,0
I1L7D4,I1L735,0
I1LKV0,C6TAB5,0
A0A0R0G3R9,I1MG38,0
A0A0R0KJM2,I1KWU9,0
K7LHW6,I1MV80,0
I1KNV7,K7MQG6,0
I1LZ51,A0A0R0HSH0,0
A0A0R0I5N9,I1LII4,0
C6TIQ9,I1LIG9,0
Q2PMP8,A0A0R0I5V1,0
I1K5I3,I1KCM4,0
I1K565,I1LKN9,0
I1J9L7,I1KA71,0
I1N4X6,A0A0R0I5N9,0
I1KDJ8,A0A0R0FLV6,0
E9L565,I1KJD2,0
K7MUM5,I1MFN0,0
A0A0R0GS00,I1M5N0,0
I1K1R5,I1K4L3,0
C6TD23,C6T214,0
I1JZE1,K7LSG7,0
I1K6J1,A0A0R0F392,0
I1K3K7,A0A368UH16,0
I1KDR4,K7KYM0,0
A0A0R0L1N9,A0A0R0EDS9,0
A0A0R0F392,I1KMS8,0
Q0EDG6,A0A0R0KMM9,0
I1K6J1,I1LNP4,0
A0A0R0FTI5,I1KP14,0
A0A0R0HM21,I1MF07,0
A0A0R0GU87,I1JF58,0
C6TD23,I1LEI8,0
I1J4K1,K7LJ17,0
I1NBA2,I1K5J7,0
I1JAH7,I1JDU3,0
I1LV79,C6TML7,0
I1NBA2,I1KUS2,0
I1MR73,I1MHU4,0
I1JCB1,I1NC50,0
I1M946,K7LK09,0
I1LIG9,K7L4N7,0
I1LKZ0,C6T0A0,0
I1KDJ8,I1J9W9,0
I1J9H6,C6TD23,0
K7K5R7,I1NB48,0
I1J9W9,D8WJ57,0
K7KED0,K7K4Y8,0
K7MPZ4,C6TN69,0
I1N8T4,I1L153,0
C6TJM4,K7MPJ9,0
I1KZ09,P93163,0
A0A0R0G1X4,A0A0R0L9T4,0
I1K938,I1MVC6,0
A0A0R0HJR0,I1JMZ7,0
A0A0R0E2R0,I1KRL9,0
A0A0R0J2W1,I1K246,0
I1LTG9,C6TIK0,0
I1JXI4,C6SZ88,0
I1LA40,A0A0R0JBL2,0
A0A0R0HEI5,I1MB99,0
I1JCB1,A0A0R0KWL0,0
I1NFY2,A0A0R0FUA1,0
K7MLH4,I1K9T5,0
I1J547,I1K2I1,0
I1JPP8,I1KPE7,0
I1KL89,I1KUF4,0
I1KRU0,C6T099,0
I1NHN6,A0A0R0FAJ6,0
E3SXU2,I1KXK6,0
Q2MJR5,I1NAJ5,0
I1K5Q4,I1LRL9,0
K7MPZ4,A0A0R0JRB0,0
I1KIG1,K7MRF5,0
A0A0R0HEM4,A0A0R0K6U3,0
I1LWB8,K7LIE3,0
C6TA11,K7LTR0,0
I1M6M9,I1KH38,0
I1ML63,I1KZX6,0
A0A0R0L5Q2,I1LIU7,0
K7KUE8,K7N129,0
I1JV68,A0A0R0JYX3,0
A0A0R4J2L5,I1JZE1,0
I1LH18,C6T7K0,0
I1LN30,I1KMS8,0
I1JCQ8,I1JHQ1,0
I1LP98,I1MM35,0
I1KYS8,I1K6N8,0
K7LXD3,I1M311,0
I1NHQ6,K7M2G2,0
M1FIS9,F8WRI5,0
C6T988,C6TNM5,0
A0A0R4J309,I1MZF9,0
C6TAW2,I1MUR2,0
K7LNG6,I1MYD2,0
A0A0R0FZM4,K7N598,0
I1KDF1,I1JVT1,0
I1KJB2,A0A0R0HSA0,0
I1LL05,I1KUF4,0
A0A0R0FEC1,I1JUQ0,0
I1KS56,I1L735,0
I1NCN7,K7KP05,0
I1KSL6,I1JFW4,0
I1MIX6,I1KBI7,0
C6SZG1,I1JKK4,0
C6TA11,I1MM35,0
A0A0R0IT62,I1JMZ7,0
K7KZX6,I1KWU9,0
A0A368UIM7,K7K355,0
K7L723,I1MHK8,0
I1MLC3,A0A0R0GWH6,0
I1MF26,K7KA65,0
I1KMS8,I1NCN7,0
I1K708,I1JPP8,0
A0A0R0L1N9,I1N5H5,0
K7MUV9,I1JX17,0
I1KZC9,I1JPH8,0
I1J4K1,I1MR11,0
A0A0R0KMM9,I1JYX2,0
C6T857,C0M0V4,0
K7L4N7,K7LRR9,0
K7MGQ2,I1L0K8,0
C6SXY4,K7M849,0
I1JI54,I1LII4,0
I1LFD2,I1LF90,0
I1MLF1,I1JIA6,0
K7ME58,I1M8A1,0
I1JF58,K7LTG4,0
C6TCG0,C6SZ88,0
I1LKY8,I1MUZ7,0
I1K506,I1M643,0
Q8GZU9,I1MG42,0
I1JDN2,A0A0R0IJF6,0
I1JHQ1,I1MPJ4,0
A0A0R0IL99,I1J4T6,0
C6SW04,I1KZ26,0
I1L3Q3,C6TN61,0
I1LQ55,I1KQI1,0
I1N371,Q39817,0
I1KJG4,I1KWU9,0
A0A0R0JQ82,C6TAM7,0
I1KA75,I1K669,0
I1M6V9,I1K4Y6,0
I1JN65,I1LR48,0
K7K894,I1L2Q0,0
A0A0R0JRI8,I1J9I1,0
A0A0R0L7U5,I1MF07,0
I1K723,I1N1X2,0
I1J4B5,I1K0A7,0
I1LIA8,K7KLY3,0
A0A0R0FFT1,I1K6U7,0
K7LIZ8,I1LLB7,0
K7LJ17,A0A0R0F214,0
C6SWH0,I1N5R9,0
K7M4K7,C3VD33,0
I1JE09,I1K0W7,0
K7MEB1,I1MCK2,0
C6T8C4,I1LI32,0
Q2PMQ4,I1NJ53,0
K7KW44,I1L9P5,0
C6TER0,E9L556,0
A0A0R0GTG6,A0A0R0HXK5,0
K7LQS4,I1MSP6,0
I1LYB2,I1JE11,0
I1N898,I1J765,0
I1L5I2,C6TIA6,0
A0A0R0HSA0,I1LUZ5,0
K7KQZ8,I1K0U5,0
I1J8E3,K7KWE4,0
I1N4X6,K7LI90,0
I1MHU4,A0A0R0JRB0,0
K7LFU4,I1M592,0
I1LMR4,I1KFZ9,0
I1JYG3,I1N5D5,0
I1M5N9,I1JYT2,0
I1L3Q3,I1L171,0
K7MQT1,I1L3N6,0
K7M5U7,K7KH93,0
C6SX83,A0A0R0IZ75,0
I1LDY8,Q8W1A1,0
A0A0R0J6N9,K7L7W0,0
A0A0R0IW53,K7M6R4,0
K7L2D7,I1KP66,0
C6T217,I1N8V4,0
K7KQZ8,A0A0R4J3C2,0
I1JZ64,I1MLD5,0
I1KDA4,I1NIT4,0
I1LWB5,I1L1Q8,0
I1K938,I1N8X8,0
I1L0G2,A0A0R0HDW2,0
I1K4V8,I1JUV6,0
A0A0R0E6T9,I1JSI5,0
C6SX83,I1MGG7,0
I1MNV2,A0A0B5EC52,0
I1K6T6,I1M292,0
I1MCK2,E9L558,0
I1JDN2,I1MHK8,0
C6T2F8,I1LIJ6,0
I1MUC6,P45621,0
A0A0R0J296,I1MBI6,0
I1M7M5,I1JDN7,0
A0A0R0GYZ9,I1J9H6,0
A0A0R0EV33,I1MM97,0
A0A0R0HSY5,I1LP31,0
I1KZY8,A0A0R4J488,0
K7MYK9,I1K115,0
I1LW00,I1KM88,0
A0A0R0GUR9,I1M3W1,0
I1K3R3,I1JN71,0
A0A0R0GIH6,I1LII4,0
I1MV56,K7LTR0,0
A0A0R0L317,I1JSD2,0
I1KUF4,I1L3N6,0
K7N529,K7KW44,0
I1MKJ6,K7MM50,0
I1K5Q4,I1JXJ3,0
A0A0R0F6H1,K7LIZ8,0
I1JHJ0,I1JW06,0
P07134,K7MNP5,0
I1N8V4,K7K4C7,0
I1LYB2,I1L7R2,0
I1LIA8,I1JHQ1,0
A0A0R4J2U8,I1N0L1,0
I1JQK9,I1KUB2,0
A0A0R0GIH6,K7K3R6,0
A0A0R0KWT5,Q2PMQ4,0
K7KNC5,I1KV48,0
C6T065,Q42808,0
I1L7J3,I1KQP5,0
A0A0R0LIH0,K7KUE8,0
I1NE02,I1L735,0
I1L5I2,I1MNV2,0
K7LXN4,I1KQ70,0
I1MR73,I1JJ76,0
I1LSB5,A0A368UIE1,0
I1JKD2,I1JN65,0
I1NHX1,I1M957,0
I1M8U0,I1K115,0
K7L9S8,A0A0R0J6N9,0
A0A0R0HSV6,K7MYK9,0
I1L1L3,I1LI93,0
I1L6I6,I1MD26,0
K7MLC5,A0A0R0LIH0,0
A0A368UGG7,I1LXK8,0
A0A0R0JJI0,I1MUZ7,0
I1JN65,C6SWH0,0
A0A0R0E2R0,A0A0R0HLZ4,0
I1JFW6,I1NCN7,0
C6SXD3,I1JE14,0
I1MQB9,I1M5S3,0
C6TK31,Q06197,0
I1J8P0,A0A0R4J309,0
K7L9S8,A0A0R0EDS9,0
K7LSJ2,I1LMR4,0
I1NC50,I1JW06,0
I1LCZ2,A0A0R0L419,0
K7MZN9,K7LHS7,0
I1NC04,A0A0R0FUA1,0
Q2PMQ4,I1N371,0
I1NF53,K7MUM4,0
I1KP66,I1JE16,0
A0A0R0K6C1,K7MS06,0
I1JXI4,I1MQD2,0
A0A0R4J426,I1K3G1,0
K7LX60,I1LLB7,0
K7MZN9,C6TJM4,0
I1KJX6,I1K4L3,0
A0A0R0IZ75,I1MK72,0
K7KX53,A0A0R0G7B5,0
I1JZ89,I1MNS7,0
I1K6E7,I1NGH7,0
I1N483,I1M7M5,0
I1LXI0,A0A368UJ62,0
A0A0R0HXK5,A0A0R4J4G7,0
I1JUV6,I1KAR1,0
I1JJ76,I1KNA2,0
I1JMH3,C6SXD2,0
I1NA94,K7MM89,0
A0A0R0GAV8,I1MK83,0
K7ML50,I1MF42,0
I1JJ76,I1J8M6,0
I1LCR6,I1K3X9,0
I1MFI0,C6TGX5,0
I1LJ81,I1MDY5,0
A0A0R0G3R9,I1JC08,0
C6SZ46,A0A0R0FEC1,0
I1MUM7,I1J5B4,0
I1K4V8,I1LIK7,0
I1MJB3,A0A0R0J9Y6,0
A0A0R4J3X6,K7K8Y9,0
I1JVX3,A0A0R0HXH4,0
I1LV18,A0A0R0IEK0,0
K7KTA9,I1M6F0,0
I1LTG9,I1LWX5,0
I1M3Y7,C6TG34,0
I1N371,I1JFW6,0
C6SYW6,A0A0R0LK19,0
A0A0R4J5K6,I1JS15,0
C6TLW3,A0A0R0HEM4,0
I1LCP4,Q9M6D6,0
K7LEU7,I1KQU2,0
A0A0R0G7B5,K7MNN5,0
K7N563,I1LCR6,0
A0A368UI10,I1MLC3,0
K7LSJ2,A0A0R0L3G5,0
K7KYJ6,I1LNP4,0
C6TEN9,I1J709,0
I1KUX4,I1MKX7,0
I1K1I6,I1NHF4,0
I1KFF8,K7K4C7,0
I1JUQ6,K7MFZ6,0
I1KC50,C6T1H3,0
I1KG02,A0A0R0K0C4,0
I1LEC3,I1JV03,0
I1MX88,I1JCA9,0
I1K723,I1MV08,0
A0A0R0JYX3,C6SXG9,0
I1LBQ3,I1JDN7,0
K7LQS4,I1JUK7,0
I1LR95,I1JKK4,0
Q2PMP8,I1LME8,0
I1LU38,A0A0R4J5J3,0
C6T857,I1LPE4,0
I1K115,I1L171,0
K7L939,K7LFU3,0
K7MM50,I1N8L0,0
I1LIJ6,A0A368UJ62,0
K7LHW6,I1MNU2,0
I1L1Q8,A0A368UJF6,0
A0A0R0GPR8,I1KNB5,0
A0A0R0LKR7,I1J4G6,0
A0A0R0FX75,I1JQ20,0
I1N8T4,I1JJB8,0
I1M796,A0A0R0HV63,0
A0A0R0GYZ9,I1NC04,0
I1NFY2,I1K9G7,0
I1KV48,I1KAD1,0
K7LK09,I1KAD1,0
A0A0R0GFM7,A0A0R0ICK4,0
K7MHQ6,A0A0R0FGT9,0
K7LFU3,I1JS41,0
I1LHS8,K7KW44,0
A0A368UGG7,I1NDE0,0
C3VD33,I1KXK6,0
C6TEN9,K7L1E6,0
A0A0R0G3R9,I1KP14,0
K7KTS8,I1MLF1,0
I1JRU7,A0A0R0EJV2,0
A0A0R0IEK0,A0A0R0F6H1,0
I1LR95,I1MDY5,0
I1MNU1,C6T217,0
A0A0R0EL31,I1M130,0
A0A0R0F5Y7,A0A0R0G3R9,0
A0A0R0JYX3,I1K925,0
K7LEU7,I1J7U9,0
I1M3A3,I1M292,0
I1K9J7,A0A0R0GPH9,0
I1KVG9,I1JYX2,0
I1JT87,A0A0R0IF33,0
I1L0G2,I1NHH3,0
A0A0R0JRB0,C6SWA8,0
A0A0R0K0C4,I1KDU3,0
C6SWR4,A0A0R0HJR0,0
I1LL05,I1KJR2,0
K7MH28,I1M038,0
I1LCZ2,A0A0R0KVY6,0
I1MNV2,C3VD33,0
A0A0R0KVY6,K7LK09,0
A0A0R0IJF6,I1LST6,0
I1NAJ0,A0A0R0K4Z5,0
A0A0R0IZA1,I1KVG9,0
I1L694,F8WRI5,0
I1KNI7,I1M368,0
K7MUC8,I1LHS8,0
A0A0R0FA21,A0A0R0J5Y2,0
A0A0R0GUR9,I1LCR6,0
I1MSP6,I1NCN7,0
A0A0R0KZR2,I1JMK4,0
I1NF53,A0A0R0K0K3,0
K7K149,K7K4C7,0
A0A0R4J426,I1KPN4,0
K7K5C0,I1JW26,0
C6TN61,I1LJ81,0
I1L694,K7LXY1,0
A0A0R0JI69,K7KN39,0
I1MCH7,C6TE57,0
I1MZJ8,K7L9M2,0
I1L9K4,I1JJB8,0
I1N453,A0A0R0KQ74,0
I1KDJ8,I1JS15,0
C6T8S2,I1LQ55,0
C6TE57,A0A0R0GPR8,0
I1J4L6,A0A0R0HV63,0
I1LPK5,A0A0R0IWM0,0
I1KRV5,C6TEN9,0
I1LLS4,A0A0R0HM21,0
I1JIH3,I1N850,0
K7K318,K7L6N7,0
A0A0R0JQT3,I1NAL7,0
I1MRK4,I1LRR9,0
I1LD16,K7LCL1,0
K7L145,I1L171,0
I1JVX3,I1L9K4,0
C6SWD1,Q7XJ86,0
I1MRV3,I1MC96,0
K7MNP5,I1N898,0
K7N1X2,A0A0R0GG06,0
A0A0R4J365,I1N371,0
I1LTE6,I1KV48,0
A0A0R0KE62,Q06197,0
I1KC50,I1MJJ9,0
I1N846,I1MHU4,0
I1MMY0,K7LXD3,0
I1L7D4,I1MG42,0
A0A0R0KR59,I1K938,0
I1M796,A0A0R0EL31,0
I1JT87,K7L6P0,0
A0A0R0GFL3,I1JB64,0
I1MCK2,A0A0R0JJK0,0
I1KNE4,I1N411,0
K7N525,I1L759,0
C6TER0,A0A0R0H8Q8,0
I1K3X9,C6TJ17,0
I1LDP9,Q70MR5,0
I1JA95,I1LCP4,0
C6TJW1,I1NBA2,0
K7LFU4,K7N1T9,0
I1JX17,I1LEI8,0
I1LDB6,I1LLS8,0
I1MGG7,I1N8L0,0
I1KRV5,A0A0R0JQT2,0
I1L367,C6TIQ9,0
I1M1C4,C6TML7,0
A0A0R0GHT9,K7L6N7,0
I1KJX6,F8WRI5,0
A0A0R0HXK5,I1M1I7,0
I1MUM7,I1L7R2,0
C6T217,K7MUV9,0
K7L5S0,I1LXK8,0
I1LCH2,I1JKP7,0
A0A368UIE1,I1N5V6,0
C6SWD1,I1L2T1,0
I1KZC9,I1MLD5,0
A0A0R4J426,I1KS56,0
I1JW06,K7KRK6,0
I1J4G6,C6TNW3,0
K7L2K6,I1KAJ9,0
I1LEQ3,C6TJH2,0
A0A0R0LBA6,K7KKT1,0
K7MM89,I1LVL7,0
A0A0R0KIG7,K7N5K2,0
K7N145,I1KP26,0
C6TIQ7,I1L6I6,0
I1JSY7,I1JET4,0
K7KTA9,I1N7B5,0
K7MTE7,I1KFL5,0
Q9SLW5,K7MEB1,0
K7LU89,Q9FQD3,0
A0A0R0J7Q6,A0A0R0JYX3,0
I1MV08,A0A0R0KMM9,0
I1MLD5,I1L9Z8,0
I1MJH1,K7L329,0
I1LKZ0,A0A0B5EC52,0
I1LA49,I1KM19,0
I1M5N9,I1MK83,0
I1KL32,K7ME58,0
I1L759,C6TAB5,0
I1MZ51,I1NHH3,0
K7N4K5,I1KHZ8,0
I1LIQ3,I1MPJ4,0
I1JFW4,C6T9Z5,0
A0A0R0IM79,I1N0L1,0
I1MLJ0,A0A368UIM7,0
Q2PMU5,I1KNA2,0
I1KBD9,I1JX17,0
A0A0R0GFL3,I1LZ93,0
I1LFG6,I1MLC3,0
K7MQT1,K7LP01,0
I1M225,A0A0R4J3C2,0
K7LX60,I1LCG9,0
I1K3R3,I1K4L3,0
A0A0R0K6U3,A0A0R4J583,0
A0A0R0ICK4,I1MKJ6,0
I1KA71,I1LYB2,0
I1N1Z5,A0A0R0LK19,0
I1K3K7,K7LK09,0
I1KTY9,I1LV79,0
I1JV03,K7MHQ6,0
I1KIQ2,A0A0R0EEW3,0
K7K4C7,I1MHU4,0
I1L9G9,Q1W376,0
I1JRU7,I1KGY4,0
I1KC50,I1K6N8,0
Q1W376,A0A0R0IW53,0
A0A0R0GJV8,I1MNU1,0
I1MW49,I1MCK5,0
I1LJ81,I1JQ20,0
I1JE16,C6SVB8,0
C6TIQ9,I1JUU2,0
K7MC85,I1K1D7,0
I1N3Z3,I1JV03,0
A0A0R0KWL0,K7MM52,0
I1MQC8,C6TGA9,0
K7LIE3,K7M0S3,0
I1JK67,I1KTY9,0
I1LKY8,I1KLS0,0
I1L153,A0A0R0JQJ0,0
I1MZV4,I1M5N0,0
A0A0R0JYX3,C6SZS1,0
C3VD33,A0A0R0L3G5,0
I1MNU1,I1LI05,0
K7MXH5,E9L565,0
I1K9R1,A0A368UIC9,0
K7LJ72,A0A0R0HQY2,0
I1M946,I1K246,0
I1KG02,I1KA54,0
K7K9D6,I1N7B5,0
C6TIA6,I1JB52,0
K7K355,I1KAJ9,0
A0A0R0K6I2,K7M846,0
K7KHU1,A0A0R0IAM2,0
I1N7B5,K7KED0,0
P93163,Q70MR6,0
I1K3K8,I1JMZ7,0
I1MEQ1,I1LMN5,0
P93163,C6THB5,0
A0A0R0ELE0,I1LU06,0
I1JCA9,D8WJ57,0
A0A0R0L7U5,I1MTV9,0
I1KG02,K7MLC5,0
I1K708,I1JKG7,0
I1N2J3,K7LU89,0
I1K5B7,I1KM01,0
I1MR73,C6TGX5,0
C6T090,I1LPE4,0
K7LCL1,I1N411,0
I1JGX0,K7KAB4,0
A0A0R0G3L8,K7KES3,0
I1N448,I1MQ30,0
I1MMY0,K7KFY5,0
K7MJ75,I1JXI4,0
K7KL60,I1JPH8,0
K7KJB2,K7MUM4,0
I1JD36,A0A0R0F214,0
A0A368UGC3,E9L565,0
I1JMY9,A0A0R0KRN8,0
A0A0R0JI98,I1LMN5,0
A0A0R0IV41,A0A0R0JJI0,0
I1LST6,I1JRU7,0
I1JC50,A0A0R0HJR0,0
I1KAR1,I1JSI5,0
K7KP05,A0A0R0F719,0
I1JGK9,K7MVE7,0
I1LIG9,I1J8W6,0
A0A0R4J5C5,K7LSZ2,0
I1MG38,I1KRU0,0
I1NBA2,I1J709,0
I1LGS0,I1LIJ6,0
A0A0R0JJI0,I1MDY5,0
M1FN38,I1KUS2,0
I1LN92,A0A0R0J296,0
K7M841,K7MQT1,0
C6TJM4,K7LFD7,0
I1N6D4,I1M946,0
A0A0R0FGT9,I1MHA5,0
I1MZ53,B4YB10,0
I1MNU1,I1MXY0,0
I1J8M6,I1JMH3,0
I1LI93,I1JCA9,0
I1N8L0,I1KXK6,0
I1KQE3,C6TN61,0
I1M796,I1LAH1,0
I1MJJ9,I1JR22,0
I1KLS0,I1MMY0,0
C6TE39,I1N2G0,0
I1L7D4,I1M1E5,0
I1LI32,I1KCM4,0
I1JPH8,A0A0R0K5H8,0
A0A0R4J5J3,K7KP05,0
A0A0R0KFY8,A0A0R0HEM4,0
I1LKV0,K7M862,0
I1M4B9,A0A0R0HV63,0
C6TBU3,K7MNK5,0
I1MBA8,I1LP11,0
A0A0R4J4G7,K7N529,0
A0A0R0I5R9,I1KI90,0
I1JMY9,A0A0R0JC18,0
Q45FY8,K7L2K6,0
A0A0R0GJJ0,I1LUV4,0
I1N453,I1MJH5,0
A0A0R0KIG7,I1NE42,0
I1LDB6,K7KF95,0
I1KDR4,I1JAI4,0
I1J702,C6SWS6,0
A0A0R0GAQ8,K7N5K2,0
K7LI90,A0A0R0GZ30,0
K7MZN9,I1K4Y6,0
I1JET4,I1L9P5,0
C6TER0,A0A0R0JT51,0
C6SZS1,A0A0R0E8K1,0
I1N4X6,I1JPH8,0
K7MTE7,I1MZV4,0
A0A368UI50,A0A0R0KN53,0
I1JIA6,I1MCK2,0
I1LEQ3,C6T7K0,0
I1KFP9,Q42808,0
K7M862,K7M387,0
I1JDU3,A0A368UGG7,0
I1JC43,A0A0R0L9T4,0
I1LBJ5,I1J5W0,0
I1JDF1,K7K355,0
I1N5V6,A0A0R0GIH6,0
I1L6V0,I1K0U5,0
I1JS15,Q2PMP8,0
K7L9M2,C6TG34,0
Q42798,A0A0R0K6U4,0
K7MUS8,A0A0R0IEK0,0
I1JN65,I1JDK2,0
P01064,I1K3F0,0
I1KCY5,I1K3G1,0
A0A0R0KJL0,A0A0R0L5Q2,0
K7MNN5,I1MBS8,0
A0A0R0FG80,K7ML50,0
K7L0E7,I1N8V4,0
A0A0R0JNM4,I1N8V4,0
I1JW06,C6SWL4,0
I1LI96,C6SZQ0,0
I1M1C4,C6T002,0
I1LNY2,I1JVX3,0
I1LI96,I1K7G0,0
I1LCH2,A0A0R0FTJ2,0
A0A0R0I5R9,I1N6D4,0
I1KTI0,K7N4K5,0
I1LBJ5,K7LTV8,0
C6TAB5,I1LWB5,0
K7KVV2,I1MDD8,0
I1NJ53,K7KLG8,0
I1N448,K7K808,0
Q71EW8,K7L2K6,0
C6T2F8,K7LXN4,0
I1L6T8,I1LI32,0
I1M487,I1JI54,0
C6SWG9,K7N563,0
I1N850,A0A0R0GAV8,0
I1K1R5,I1LI96,0
I1KK11,K7MM40,0
I1JD52,I1MQB8,0
A0A0R4J3I7,Q42797,0
C6TJM4,I1MSN3,0
A0A368UGA0,A0A0R0EDS9,0
K7KNC5,A0A0R4J5K6,0
A0A0R0JT51,K7MNN5,0
I1LGS0,I1NHN6,0
I1K215,I1J8P0,0
A0A0R0GAV8,Q2PMU5,0
I1LIQ3,I1LHS8,0
I1N8T4,I1JDU3,0
I1LZ51,I1L3Q3,0
I1KA75,Q2PMP9,0
I1L880,I1LU38,0
I1NGH7,K7KWE4,0
C6TIQ9,G3E7M6,0
I1LV79,K7LRR9,0
I1KNI7,I1JKK4,0
A0A0R4J5J3,K7L2K8,0
I1LAH1,A0A0R0LKR7,0
A0A0R0L5Q1,I1JY66,0
I1LTM1,C6SZS1,0
I1NE42,I1MG42,0
I1M5N7,K7N129,0
C6TNM5,I1ML63,0
I1K6N8,Q9FQD3,0
A0A0R0KZR2,A0A0R0K0C4,0
K7KN04,A0A0R4J2H3,0
I1LIK7,I1KFQ1,0
I1KM01,K7LIE3,0
I1KJR2,A0A0R0LBA6,0
K7M846,A0A0R0EKI7,0
I1L540,I1KQP5,0
I1M2G5,I1LF24,0
I1NHN6,K7MFE5,0
A0A0R4J618,K7KFY5,0
A0A0R0L7U5,I1KUS2,0
I1K4V8,C6T857,0
I1NJ53,C6SZ46,0
K7KMU1,C6T0A0,0
C6TC28,I1JDN2,0
A0A0R0F5Y7,I1MZ08,0
I1MNS7,Q2TUW0,0
K7KEQ2,I1MKX7,0
K7N4K5,I1KBV2,0
C6THB5,I1LFG4,0
I1LIA8,K7MLC5,0
I1MGY9,I1L4E2,0
K7K127,I1LIT1,0
I1JZ89,A0A0R0FA21,0
I1KCM4,A0A0R0JRI8,0
C6TKD8,I1KS98,0
I1N7G4,C6T034,0
I1K9C2,I1JD36,0
K7KNG2,K7M6Z2,0
I1KL89,I1N551,0
A0A0R0FA21,I1MBI6,0
I1LDY8,I1K1W8,0
A0A0R0IZA1,I1K1I6,0
A0A0R0FTJ2,A0A0R4J653,0
A0A0R4J4C5,A0A0R4J5J3,0
I1M1C4,I1MB99,0
K7N563,Q2PMP8,0
F8WRI5,I1JKK4,0
I1KL32,K7K127,0
I1N371,A0A368UI50,0
K7L5S0,A0A0R0FIP9,0
A0A0R4J646,I1LIT1,0
A0A0R0JT51,I1KS56,0
I1KCA3,A0A0R0GPR8,0
C3VD33,K7M841,0
I1LUT1,K7KK86,0
C6TD23,A0A0R0K6C1,0
A0A0R0H8Q8,I1LA40,0
I1LH27,I1LJ34,0
C6T857,I1J5B4,0
K7KTY4,C6T211,0
C6T9W4,K7KNG2,0
I1L7D4,A0A0R0KQ74,0
K7K2H0,I1NB01,0
K7M0S3,Q2MJR5,0
I1M3A3,K7MDN4,0
A0A0R0F392,I1JQF4,0
I1J4T6,A0A368UI76,0
E9KBR8,A0A0R0FX75,0
I1JU23,A0A0R0E8N5,0
I1KDA4,A0A368UID0,0
I1LIU7,K7K8Y9,0
I1MNS7,I1J957,0
I1MS26,I1MIX6,0
K7KTA9,A0A0R0G7B5,0
I1JRV0,I1M292,0
I1LGS0,A0A0R0EMR0,0
I1MF26,Q8W1A1,0
C6TN69,I1NG45,0
I1KM01,I1JC08,0
I1JV68,C6SZ70,0
A0A0R0E2R0,I1N055,0
I1LH27,A0A0R0EMR0,0
A0A0R4J4M9,I1NFY2,0
I1LP11,K7KGR8,0
A0A368UIM7,C6SZ88,0
A0A0R4J4G7,I1NA94,0
I1NJ85,I1J4T6,0
K7MB82,I1LH30,0
K7L1E6,K7M841,0
I1N8M8,I1K4V8,0
C6SWG9,I1NGJ8,0
Q39810,I1LI05,0
A0A0R0K6U3,B4YB10,0
Q2PMU5,A0A0R0HEM4,0
I1KAJ9,I1L735,0
I1JRS5,K7MC85,0
I1K9J7,I1KRV5,0
I1LHY5,A0A0R4J2Q5,0
I1NE42,I1MPJ4,0
I1NA10,I1JC65,0
A0A0R0G3R9,I1K6N8,0
Q06197,I1LSW3,0
I1J9W9,C6T1G9,0
I1LXI0,I1LI93,0
I1NCF6,I1MS33,0
A0A0R0EUJ0,A0A0R0IM79,0
I1M8F0,I1MHU4,0
I1MZ53,K7LG20,0
Q71EW8,K7KTY4,0
M1FN38,A0A0R0JBL2,0
I1LR95,I1JS41,0
K7L1E6,A0A0R0FEC1,0
I1N5V6,E9L575,0
A0A0R0GBB6,A0A0R0J9Y6,0
I1MNU1,I1N551,0
I1MTV9,K7LRR9,0
K7LJ17,K7KIY4,0
I1LJD2,I1M998,0
A0A0R0GFL3,I1K9R1,0
C6TJ17,I1L3N6,0
I1LH18,I1NAJ5,0
I1J8E3,I1N2G0,0
A0A0R0HM21,K7MUC8,0
A0A0R4J5T8,I1N2J3,0
K7MVE7,C6SZ88,0
A0A0R0JYX3,I1K1I6,0
K7KRK6,K7LR18,0
K7M0S3,I1KZY8,0
P62302,I1N055,0
C6T1E8,K7KA65,0
I1MQW6,I1KA75,0
K7M5Q8,I1LUV4,0
A0A0R0JI69,I1L367,0
I1KDJ8,I1LPK5,0
I1MW49,I1LCR6,0
I1LMR4,K7MM50,0
I1KQ73,I1N7M0,0
I1JQK9,I1JDN7,0
I1JE51,C6TM45,0
I1N447,K7LHS7,0
A0A0R0ENB3,M1FN38,0
A0A0R0IZ75,K7ME58,0
K7M2G2,I1M487,0
I1LKZ0,K7N525,0
I1N0L1,A0A0R0L1N9,0
A0A0R0KE62,K7N0V8,0
A0A0R0HV63,A0A0R0J5Y2,0
K7KTS8,I1KS56,0
I1KH38,A0A0R0E6T9,0
A0A0R4J4G7,A0A0R0GPR8,0
I1L735,I1LVN3,0
A0A0R4J5J3,I1M1W3,0
I1J9U5,I1L1L3,0
I1KQU2,K7LFU4,0
K7LFU3,C6SX83,0
A0A368UIC9,I1M6M9,0
I1K3F0,Q7XJ86,0
I1NCF8,I1KDA4,0
I1K9R1,I1LST6,0
A0A0R0G3L8,A0A0R0IYY7,0
C6SZQ0,I1KM64,0
I1JN71,A0A0R0EUJ0,0
I1K065,I1LR95,0
I1N344,I1KNG6,0
A0A0R0FUA1,Q7XJ86,0
K7MH28,A0A0R0FNY5,0
K7K4Y8,I1K1R5,0
K7KQZ8,K7MRF5,0
I1NB01,I1LGS0,0
I1L171,A0A0R0K5H8,0
I1LIT1,I1NFR9,0
I1L540,I1K6H8,0
I1KIJ1,I1NGL3,0
I1LIK7,I1JM84,0
I1JKK4,A0A0R0IT62,0
A0A0R0K5H8,A0A0R0I5V1,0
I1NCF8,A0A368UIM7,0
A0A0R0F392,Q8W1A1,0
A0A0R0GYC5,I1M269,0
I1N6D4,A0A0R0IZ75,0
I1JQ20,Q84L66,0
A0A0R0EKB4,A0A0R0KRN8,0
I1KA75,I1LIU7,0
K7M353,I1JQ20,0
I1K0H3,A0A0R0FTJ2,0
I1MMY0,K7MNK5,0
I1KQD8,I1N846,0
C6TJM4,I1JMX7,0
I1M292,K7MFE5,0
I1L540,I1KZY9,0
K7MZN9,I1KP66,0
I1LDP9,I1KZJ9,0
B9MST0,I1M4L1,0
I1LKY8,Q42797,0
I1JHN9,I1LKD9,0
K7K355,K7KJI6,0
I1M8A0,I1NE02,0
Q9M6D6,I1JB52,0
I1JVT1,I1N6D4,0
A0A0R0EL31,I1MBA8,0
I1LQ64,I1K0H3,0
I1JRV0,I1JN71,0
A0A0R0FLW1,I1J5B4,0
I1JUV6,I1M130,0
I1MS26,I1LCH2,0
A0A0R0IT62,A0A0R4J426,0
E9L556,I1KFQ1,0
C6T857,I1L735,0
I1JJB8,C6TJ17,0
I1JM18,I1LUV4,0
I1NHN6,K7N4K5,0
C6TG34,I1N2J3,0
Q94C02,I1L2H4,0
I1JQP8,K7KHN1,0
I1LHR6,I1LEQ3,0
A0A0R4J2L5,I1J702,0
I1JGX0,I1M225,0
I1KHV8,C6TA11,0
A0A0R0JQ82,I1MEW6,0
I1L9G9,I1KA71,0
P45621,I1MEQ1,0
K7MUM4,I1MHA5,0
A0A0R0K0K3,I1MK83,0
I1K0H3,K7KLY3,0
I1JQF4,A0A0R0EDS9,0
I1K6E7,I1LN52,0
I1LCZ2,C6T8C4,0
I1JD52,I1L9G9,0
K7LR18,K7L6N7,0
I1L2Q0,I1MNS7,0
C6TAW2,B4YB07,0
I1NGJ8,Q71EW8,0
I1K9T5,K7KL60,0
C6T988,I1JJB8,0
I1L4I9,I1KYS8,0
I1LI05,I1M796,0
I1MQ30,I1JA95,0
A0A0R0I304,K7M0S3,0
A0A0R0IV41,I1JDK2,0
C6SXD3,I1LSB5,0
C6SWL4,I1M038,0
I1NBA2,I1LU06,0
K7MH28,C6TAW2,0
I1K4R8,B0M1A3,0
A0A0R0IL99,A0A0R0KVY6,0
K7MGH8,I1LWX5,0
A0A0R0IF42,I1NHH3,0
I1KM01,A0A0R0KRN8,0
Q56GA2,C6SWH0,0
K7M6Z2,A0A0R0L1N9,0
I1NJ53,I1LBN7,0
I1NB48,I1KBV2,0
I1L4E5,I1KPN4,0
K7N4K5,I1JRE0,0
B9MST0,P01055,0
I1K099,I1JK31,0
C6SVA8,K7K578,0
I1NHQ6,A0A0R0IF61,0
K7LVH5,K7L476,0
A0A0R4J426,I1MCK2,0
I1KGM8,I1MSN3,0
I1KV48,I1MAX9,0
A0A0R0FG80,B9MST0,0
C6TDC0,I1KDR4,0
I1N5S0,I1LBQ3,0
A0A0R0FHD2,A0A0R0HEG0,0
C6SWH0,E9L556,0
I1L694,I1MEQ6,0
K7L2K6,I1LIQ3,0
C6T217,I1JC65,0
I1LDB6,I1JK59,0
I1MFN0,I1KIJ1,0
I1JU23,M1FP94,0
Q42808,I1L6V0,0
K7KYM0,I1N780,0
I1MBN8,I1KNA2,0
Q0H950,I1NC50,0
I1LGI3,A0A0R0HJR0,0
A0A0R0J2W1,I1NC04,0
C6TE39,I1MM97,0
I1JKK4,A0A0R0H8Q8,0
I1JZR6,I1LT34,0
Q2PMP9,K7K9D6,0
K7L2K8,K7ME58,0
K7K578,I1NC04,0
A0A0R0F695,K7MFZ6,0
A0A0R0L5Q1,I1KQP5,0
A0A0R0GYC5,A0A368UI50,0
I1K5B7,Q9XE60,0
K7LFU4,I1N344,0
I1JE16,I1J957,0
A0A0R0F392,C6SXT9,0
K7L406,I1M5N7,0
A0A368UIM7,I1KZK2,0
A0A0R4J5C5,I1KVC1,0
I1MS33,K7K318,0
I1J4G8,I1L171,0
I1K0W7,I1N696,0
I1NHN6,K7KR21,0
I1MMY0,I1NHH3,0
I1JK31,I1NAJ0,0
I1L5L1,I1LFG6,0
A0A0R0F695,I1JR22,0
I1JV68,Q2TUW0,0
I1MRP0,K7KGB3,0
A0A0R0F719,I1LWD6,0
I1LN30,A0A0R0JNM4,0
I1KDF1,I1LGR6,0
I1N5V6,K7MPI6,0
A0A0R0IYY7,I1JM84,0
C6TG34,A0A0R0KPE1,0
I1K0E4,K7MUM4,0
I1K4V8,I1JMD6,0
I1KA54,I1M269,0
I1LEI8,I1MTV9,0
C6SXD3,I1JDU3,0
I1KGY4,I1M592,0
I1LFD2,A0A0R0HXK5,0
K7LLF8,I1M946,0
C6TNM5,P62302,0
I1JUK7,K7ME58,0
I1JDU3,K7KUG2,0
Q7XJ86,I1KJX6,0
K7KX53,I1J8P0,0
I1K099,C6SWR4,0
C0M0V4,I1KHZ8,0
I1L4E5,I1N696,0
K7KMU1,K7K127,0
K7MUM4,I1L2H4,0
I1LDY8,A1YUN0,0
I1K6U7,K7KED0,0
I1JIA7,A0A0R4J461,0
I1K9T5,I1M487,0
I1LXK8,K7KJI6,0
I1N055,I1KFP9,0
I1N411,K7MJ75,0
I1NHN6,K7K5C0,0
A0A0R0FNY5,C6TKV3,0
C6T5U0,I1N7B5,0
I1KUB2,K7K578,0
I1NCV4,I1MEF5,0
A0A0R0HDW2,I1LCG9,0
K7MM50,I1NHF4,0
A0A0R0IQ72,C6T090,0
C6TAM7,I1LTW8,0
K7L6K2,I1J9L7,0
A0A0R0F695,K7LJS8,0
Q6SPR2,A0A0R0ICK4,0
A0A0R0E8K1,I1LFG4,0
A0A0R0EAZ9,A0A0R0IQ72,0
I1MK72,I1M592,0
I1KZY8,I1LIJ6,0
C6T7K0,I1K3E9,0
I1N7G4,A0A0R0GUR9,0
I1JX10,K7KED0,0
I1N8F6,I1MC96,0
A0A0R0GS00,I1K4L3,0
K7LFD7,K7MM52,0
I1MF42,I1LTM1,0
C6T211,A0A0R4J2H3,0
C6SXD2,K7KZX6,0
I1KEC8,I1K669,0
I1KM19,K7MC85,0
C6TN61,I1KZX6,0
I1JDN2,A0A0R0IZ75,0
I1KTY9,A0A0R0KRN8,0
I1K5B7,I1LIA8,0
C6T857,I1LVL7,0
C6SV60,K7LFD7,0
A0A0R0K6I2,I1JUV6,0
I1JYX2,A0A0R4J5C5,0
I1KP26,K7MPJ9,0
I1N2J3,I1LH27,0
I1K5I3,A0A0R4J2U8,0
A0A0R0G1X4,Q2Q021,0
I1KP26,K7KQZ8,0
I1MG42,I1LDP9,0
I1L9K4,K7K8Y9,0
I1M7M5,I1LJG9,0
I1MHU4,I1MQD2,0
I1L759,K7KHN1,0
K7MXE0,K7LK09,0
I1K708,K7KTY4,0
A0A0R0G8N1,C6T7K0,0
A0A0R0KZR2,I1JF82,0
K7L2K8,I1K115,0
I1JQK9,I1LG13,0
I1LJG9,I1MR11,0
K7K355,A0A0R0FUA1,0
A0A0R0GFL3,Q2Q021,0
K7MPJ9,I1J8M6,0
I1KAD1,A0A0R0K6U3,0
A0A0R0GWH6,A0A0R0IXT8,0
I1KNI7,I1LFG4,0
I1MZV4,K7MUM5,0
I1LPW2,I1M4L1,0
A0A0R0KE62,I1L903,0
K7KNC5,I1JD07,0
I1LI05,I1L1A1,0
K7KNT9,A0A0R0K6U3,0
I1M277,K7N5K2,0
I1NCF6,I1KUS2,0
I1MMY0,K7MUD4,0
I1MEW6,I1N5D5,0
I1ML11,I1JW26,0
I1JD36,I1J8E3,0
A0A0R0EYS5,I1KM19,0
I1N7M0,A0A0R4J455,0
I1LDB6,I1KDU3,0
I1KGY4,K7M387,0
I1K065,C6TD23,0
G3E7M6,A0A0R0FXD4,0
K7KMU1,K7KJI6,0
I1KHV8,I1KY31,0
C6T1V1,I1JC43,0
A0A0R0JNM4,K7LHS7,0
A0A0R0GS25,A0A0R0LK19,0
A0A0R0GTG6,I1LA49,0
K7N0V8,K7KIY4,0
A0A0R0HEI5,A0A0R0L1N9,0
I1J8D7,I1LFG6,0
I1LG65,I1K6E7,0
I1MDD8,A0A0R0E8N5,0
A0A0R0KWL0,K7M4K7,0
K7MLH4,Q9AWB2,0
A0A0R0H537,I1KNB5,0
I1JW65,I1JQY7,0
C6SZ88,K7KLG8,0
A0A0R0KJL0,I1LQ64,0
C6T1H3,I1KRU0,0
K7LXN4,A0A0R0JNM4,0
B0M1A1,A0A0R0LBA6,0
G3E7M6,I1J5B4,0
Q7XJ86,K7MZN9,0
I1MLF1,C6TNW3,0
K7K149,I1L645,0
I1M957,I1JC65,0
C6TK27,A0A0R0FEC1,0
K7MTE7,A0A0R0KY77,0
K7MQ01,A0A368UH16,0
I1J5E3,C6TGP5,0
I1KAJ9,A0A0R0HEI5,0
A0A0R0JQT2,I1J4L6,0
I1N447,A0A0R0EYS5,0
K7LQS4,C6TBL4,0
K7N3Z1,A0A0R4J365,0
I1LUV4,I1K9W3,0
Q42797,I1N9J8,0
Q2MJR5,I1LI96,0
K7LZ50,I1JRV0,0
K7MPJ9,I1K708,0
C6T8C4,I1JXJ3,0
I1N7G4,K7M5Q8,0
A0A0R0JEV3,I1JIH3,0
A0A368UGA0,I1NAJ0,0
C6TML7,I1LU38,0
I1LKD9,I1L7G4,0
I1K467,A0A0R4J5J3,0
A0A0R0J296,A0A0R0L5Q2,0
I1KJ81,I1KSL6,0
A0A0R0L3G5,K7K318,0
I1NB48,K7L7W0,0
K7KNT9,K7MZN9,0
I1K6N8,I1JQY7,0
I1K6N8,A0A0R0GZ30,0
K7KQZ8,I1JIH3,0
A0A0R4J583,C6TI98,0
I1KJF2,I1KHJ4,0
I1LGI3,I1MBL5,0
A0A0R0K5H8,K7MUS8,0
I1K146,I1KUB2,0
I1KV61,Q43463,0
I1MKJ6,A0A0R0HM21,0
I1MBL5,I1M957,0
I1NFB9,A0A0R0FLW1,0
K7M0S3,I1KS56,0
I1KUN6,I1KUE8,0
K7MB82,Q43463,0
I1K006,I1L5L1,0
M1FIS9,I1LF90,0
K7MPZ4,A0A0R0H537,0
C6THB5,I1LTM1,0
K7N529,I1MZV0,0
C6TAB5,P62302,0
A0A0R0EYS5,Q2MJR5,0
K7LP01,A0A0R0FB78,0
I1JW26,I1NF53,0
I1N2J3,K7MUM4,0
I1LHR6,I1MHG6,0
I1LBQ3,A0A0R0E6T9,0
I1LHY5,K7KTA9,0
K7LFU4,K7LXY1,0
K7KLG8,A0A0R0KRN8,0
K7MGQ2,I1JB52,0
A0A0R0EL31,C6SWD1,0
I1MLF1,E9KBR8,0
I1JKD2,I1K0A7,0
I1J8P0,I1KFF8,0
I1LI96,C6SVR0,0
I1M038,I1LEI8,0
A0A0R4J536,A0A0R0J5Y2,0
K7M6R4,A0A0R4J2U8,0
I1N7F4,I1K246,0
I1M592,Q39817,0
I1K669,A0A368UIM7,0
A0A0R0K6U3,A0A0R0EKI7,0
Q42797,C6T065,0
K7LVH5,K7L6K2,0
A0A0R0JSC0,I1KQP5,0
A0A0R0K0K3,A0A0R0F6H1,0
I1MZJ8,A0A0R4J4H3,0
Q0EDG6,K7M353,0
Q2MJR5,I1MQW6,0
I1J4K1,I1LCR6,0
I1JUP2,K7KN13,0
I1JHJ0,A0A0R0J7Q6,0
I1NGJ7,I1MVC6,0
I1LXK8,K7N4K5,0
Q9M6D6,I1MSN3,0
A0A0R0J6N9,I1LMR4,0
C6SWD1,I1KYS8,0
K7KJI6,I1K9R1,0
A0A0R0K5H8,K7LSZ2,0
I1K3G1,I1LDB6,0
I1L285,I1JZR6,0
I1MUN6,K7L6P0,0
I1N9J8,C6SWG9,0
I1K089,K7MB82,0
I1N055,I1JK59,0
C6T5U0,A0A0R0KRN8,0
I1MD26,I1L4I9,0
A0A0R4J5B7,I1KNV7,0
I1KHV8,I1M292,0
I1MNU2,A0A0R0L1N9,0
I1J574,I1N5S0,0
I1LFD2,C6TGZ1,0
D8WJ57,I1L735,0
C6SWS6,I1JM15,0
K7K7Q8,K7K894,0
A1YUN0,I1LV18,0
K7KTA9,C6SZ70,0
A0A0R0EAZ9,A0A0R0FX75,0
I1N5Z3,Q9XE60,0
A0A0R0L9T4,A0A0R0JI69,0
I1M7M5,K7MRW8,0
I1KT08,A0A0R0L419,0
Q9AWB2,I1J4G6,0
I1KS65,C6TGZ1,0
I1MW49,I1LPK7,0
I1JS15,I1MRP6,0
I1LJ81,C6TAW2,0
C6TM45,A0A0R0F392,0
C6SWU3,C6TJW1,0
I1KUX4,K7KL60,0
A0A0R0L317,I1M130,0
K7L145,I1N448,0
C6TN69,K7LIE3,0
A0A0R0K188,I1N371,0
P01070,I1LUB3,0
I1LG13,I1MUC6,0
I1NGL3,I1J9W9,0
I1MZF9,K7MNE6,0
I1MBA8,K7K3R6,0
I1NGJ7,I1JE09,0
I1K9T5,I1JYG3,0
I1LUB3,A0A0R0L828,0
I1L5I2,I1K1I0,0
I1L759,K7M353,0
I1KHV8,A0A0B5EC52,0
C6TD23,A0A0R0IL99,0
C6T7K0,K7L2D7,0
A0A0R0H690,I1NHF4,0
I1K4L3,K7KA65,0
I1MG38,I1K6J1,0
I1MQB8,C6TM45,0
I1N8X8,I1M7Y3,0
A0A0R0GFH3,I1L3Q3,0
I1JK59,I1LG22,0
I1LL05,K7K5R7,0
I1LGS0,I1KAD1,0
I1M4B9,C6SVR0,0
I1JVT1,I1JUQ6,0
I1JC65,K7MXH5,0
A0A0R0HSH0,I1ML63,0
I1K3G1,I1J8W6,0
I1LIA8,K7KX46,0
I1LCR6,K7MXH5,0
I1JGP8,I1JM18,0
A0A0R0E8N5,I1JD52,0
I1N5V6,A0A0R0KIG7,0
I1LCH2,I1J9I1,0
I1KUS2,I1MQW6,0
I1JE09,I1L171,0
I1MZV4,I1K1D7,0
A0A0R0GFH3,A0A0R0GS00,0
K7MUM4,I1JHJ8,0
I1KEX8,I1L903,0
I1N7G4,I1LNY2,0
K7KJI6,I1LWP5,0
I1LRR9,I1MNS7,0
A0A0R0LBA6,K7MUV9,0
I1JYG3,I1M6M9,0
A0A0R0FG80,I1KBF7,0
I1N7B5,I1L6V0,0
I1LRL9,I1N780,0
I1KM27,K7LCL1,0
K7L329,I1KJR2,0
I1LMR4,I1NA94,0
I1KRL9,I1K4L3,0
A0A0R0GG06,I1K4V8,0
Q2PMP8,K7LIZ8,0
I1N5R9,I1MCK5,0
I1LIG9,K7KZX6,0
K7LJ72,A0A0R0JV11,0
I1NA10,C6T0A0,0
K7N129,I1M3M4,0
I1MMY0,I1LF90,0
K7MAQ6,I1LGR6,0
I1K5Q4,I1M2U6,0
K7MDN4,C6TCG0,0
K7KH93,I1K3F0,0
I1M786,I1KA98,0
I1NCN7,I1JA30,0
I1LP11,K7LJS8,0
A0A0R0HEM4,I1MG38,0
I1LGS0,A0A0R0JRB0,0
I1LSB5,I1LDP9,0
I1KM88,A0A0R0HEG0,0
K7LK09,I1JRU7,0
C6T988,K7K2H0,0
A0A0R4J2Q5,Q9FQD3,0
I1N055,I1MC96,0
K7N598,I1LQ55,0
C6SZ88,I1LFD2,0
I1LNF0,I1MUP5,0
C6T002,I1JW06,0
I1M130,K7MTL2,0
C6SYW6,I1NC50,0
I1K0W7,K7KFZ9,0
K7KN04,I1LKN9,0
I1NHH3,I1K1D7,0
I1M957,I1JB64,0
A0A0R0GG06,K7L9M2,0
I1KRV5,I1JQ20,0
A0A0R0GJV8,I1M277,0
A0A0R4J2H3,B4YB10,0
I1M5N9,I1M6V9,0
C6TAM7,I1MBA8,0
C6TM45,K7LX60,0
A0A0R0JQ82,I1JF58,0
I1NGH7,C6SV60,0
Q8LPW2,K7MQT1,0
C6TK30,I1MAX9,0
I1J8P0,A0A368UIE1,0
A0A0R4J5Z8,K7M387,0
P93162,C6TIA6,0
C6TAM7,I1KWU9,0
A0A0R0FAD6,A0A0R4J583,0
I1K089,A0A0R0LBA6,0
I1LNZ9,I1MKX7,0
I1JGP8,I1L9G9,0
A0A0R0EAZ9,I1JIW1,0
A0A0R0JV11,I1JVX3,0
I1K1D7,I1L9K4,0
A0A0R4J4G7,I1JV68,0
I1JE16,I1J8P0,0
K7M387,I1LP98,0
I1J4B5,I1KIJ1,0
I1LCJ2,Q8W1A1,0
K7M846,C6TIK0,0
I1MUP5,I1NFY2,0
I1N344,I1KIJ1,0
A0A0R0K0K3,K7MLC5,0
I1MTH5,K7K149,0
C6TCJ0,I1KDU3,0
Q2PMU5,A0A0R0K0K3,0
I1JKK4,I1MV08,0
I1NDE0,I1J8P0,0
A0A0R0KZR2,K7KVN0,0
I1MF07,K7KYM0,0
I1JIA7,I1M277,0
A0A0R4J5K6,A0A368UIC9,0
A0A0R0KZR2,I1KFQ1,0
I1K0H3,I1K099,0
I1LU38,I1KAJ9,0
K7K3C2,I1K6H8,0
I1NAL7,I1NIT4,0
K7MMD7,I1LHS8,0
I1KDF1,I1MEQ1,0
I1LV79,I1JB52,0
I1KA75,A0A0R0F214,0
I1N6D4,K7KUG2,0
I1MG54,I1KFZ9,0
K7M6R4,K7LR18,0
I1LIG9,B0M1A1,0
I1JC43,K7L329,0
K7MS06,A0A0R0G3L8,0
I1LF90,I1MAC4,0
I1JJB8,A0A0R4J4G7,0
I1JDU3,A0A0R0IZA1,0
I1K1D7,A0A0R0K188,0
I1KS65,I1N055,0
A0A0R4J536,K7N529,0
A0A0R4J4H6,K7MAQ6,0
A0A0R0JRI8,I1KLS0,0
I1KZC9,I1LQ64,0
K7KHU1,I1L6H1,0
I1L6T8,I1MEQ1,0
C1PHB8,A0A0R0IQ72,0
I1KPN4,C6T211,0
I1LI05,I1KYS8,0
I1MEA7,A0A0R0HQY2,0
I1MEF5,I1K9G7,0
I1MTV9,I1K1I0,0
I1J5E3,A0A0R0JNM4,0
I1KAR1,K7MMD7,0
C6SWR4,I1KM01,0
I1MZ51,K7LH46,0
I1K0H3,K7M862,0
I1KXK6,I1LCR6,0
I1JK67,A0A0R0IT62,0
A0A368UJF6,I1JPP8,0
I1JD07,Q39810,0
A0A0R0L5Q2,A0A0R0GS00,0
I1LTM1,I1M4L1,0
I1LME8,K7M2G2,0
C6SWA8,I1KDA4,0
I1LV18,A0A0R4J5C5,0
I1LN92,C6T857,0
K7LTR0,I1JIA7,0
C6SWG9,I1JYX2,0
A0A0R4J4M9,I1JMX7,0
I1LCZ2,K7KRK6,0
I1JCA9,A0A0R0LCZ4,0
K7MTE7,K7MLH4,0
I1KQD8,I1NA94,0
I1MRV3,K7MS06,0
I1KBF7,A0A0R0KN53,0
I1KDF1,K7L4N7,0
A0A0R4J4G7,A0A0R0HSC1,0
C6T9Z5,I1KQE3,0
A0A0R0F6H1,K7LTV8,0
K7KN39,I1JW65,0
P01064,I1JAI4,0
K7LEU7,I1M946,0
I1M368,I1KJB2,0
I1N371,I1K708,0
I1NGJ7,I1JMZ7,0
A0A0R4J309,A0A0R0FGT9,0
I1KH38,A0A0R4J2U8,0
I1NF53,I1M5X1,0
I1LGD6,C6TMK2,0
I1K6N8,A0A368UI10,0
K7KHU1,I1JSG1,0
K7KTS8,A0A0R0KZR2,0
I1JLC7,K7L2K8,0
I1MQB9,C6THB5,0
I1MR11,A0A0R0F719,0
I1KVC1,I1MLC3,0
I1LDY8,K7M387,0
I1KQU2,I1KCA3,0
I1JCB1,A0A0R4J3X6,0
E9L556,I1JAH7,0
A0A368UIE1,I1NF53,0
K7KES1,I1NAL7,0
K7K1V0,K7MKF1,0
I1M2G5,A0A0R0LIH0,0
A0A0R0HSA0,K7L0V0,0
I1J5A4,I1JMD6,0
I1K7G0,A0A0R0ENB3,0
K7MTE7,I1L7J3,0
C6T9Z5,I1N3Z3,0
I1K6U7,I1KDU3,0
A0A0R0I304,I1L9K4,0
A0A0R0H690,C6T003,0
I1MV56,A0A0R0K0C4,0
I1K1R5,Q84L66,0
A0A0R0JSC0,C6SWG9,0
I1LIT1,K7LCL1,0
A0A0R0HEG0,I1MW51,0
K7LSZ2,I1JUQ0,0
Q9M4R7,I1MB99,0
I1MSP6,I1N2Z4,0
I1MFI0,I1K9W3,0
A0A0R0LK19,Q2TUW0,0
E3WC98,I1N411,0
I1MEW6,I1MK72,0
K7MNE6,I1JRE0,0
K7LSZ2,K7KVV2,0
C6TKD8,I1MFN0,0
I1LKY8,K7LSZ2,0
I1K6T6,I1KY31,0
E9KBR8,I1NG45,0
K7KH93,I1JWK3,0
K7MYK9,C6T2F8,0
I1KZC9,M1FN34,0
A0A0R4J646,I1J547,0
K7N598,I1MM97,0
C6T990,A0A368UJ62,0
I1ML11,I1N696,0
E9L558,A0A0R0G3R9,0
I1JQF4,I1JK67,0
I1KCM4,I1JIW1,0
I1JK31,K7L684,0
A0A0R0FA21,I1LEF5,0
K7LK09,C6TIQ7,0
I1MLJ0,C6TNM5,0
I1N898,A0A0R0HQY2,0
I1JE14,I1MBI6,0
I1K1I6,I1LD16,0
Q0EDG6,I1LPC2,0
I1NCV4,K7M846,0
I1MQB9,A0A0R0G3R9,0
K7MPZ4,K7MQT1,0
K7MM50,I1LTM1,0
K7MM89,I1L880,0
I1L153,I1K9J7,0
I1JIS3,A0A0R0JRI8,0
I1KIG1,I1MGY9,0
I1N055,I1L7R2,0
I1LG65,K7LLF8,0
I1MNS7,C6TE39,0
C6THB5,D2D5G3,0
I1JUM3,A0A0R0HSH0,0
I1JUP2,K7LXN4,0
I1L880,I1JR22,0
I1J4G6,A0A0R0L419,0
A0A0R4J309,I1KQ73,0
I1M5Z9,I1N8L0,0
I1MEA7,A0A0R0I5N9,0
I1JC08,I1KNG6,0
A0A0R0KRN8,I1ML63,0
I1L0K8,I1LUB3,0
I1MMY0,A0A0R0JQ82,0
A0A0R0F719,I1MW49,0
C6TC28,C6SXT9,0
I1MEQ1,C6TJM4,0
I1JUQ0,I1K9C2,0
Q71EW8,I1LST6,0
K7L7W0,K7K4Y8,0
E3SXU2,K7MNP5,0
I1JM84,I1KCM4,0
A1YUN0,I1JXJ3,0
K7KJB2,K7MUC8,0
K7MPJ9,I1K1I0,0
C6T990,A0A0R0HSA0,0
I1M5Z9,I1LUE0,0
K7L9M2,K7LMW2,0
I1KFL5,K7M6R4,0
K7K5R7,I1JHJ8,0
I1MZV0,A0A0R0L9T4,0
A0A0R4J426,I1LPJ8,0
I1LNF0,I1NIT4,0
I1KS65,I1K9C2,0
A0A0R0GIH6,I1M957,0
I1J4G8,B4YB07,0
C6TAB5,I1LTE6,0
K7MTL2,A0A0R0K6C1,0
I1K642,K7MJ75,0
B0M195,A0A0R0GTG6,0
Q94C02,I1JUP2,0
I1N5V6,K7KR21,0
Q70MR5,I1LUL2,0
C6TML7,D2D5G3,0
I1LQ64,I1LA40,0
C6SVA8,A0A0R0FGT9,0
Q06197,I1JQF4,0
I1JE11,C6T217,0
K7MEB1,I1MAC4,0
I1JWK3,I1NFR9,0
A0A0R0K6I2,I1LPJ8,0
C6TC28,I1K246,0
K7MPX8,I1M6M9,0
I1N8L0,I1LN52,0
I1MMY0,K7N598,0
K7LXY1,K7MQD2,0
K7LLF8,C6TJW1,0
A0A0R0IL99,I1KJF2,0
Q2MJR5,I1KNV7,0
A0A368UIM7,A0A0R0H141,0
K7M6R4,I1J4L6,0
I1LSB5,A0A0R0GJV8,0
A0A0R0KQ74,I1NGH7,0
A0A0R0H8Q8,E9L572,0
I1MQ30,C6SZS1,0
I1L694,I1JN71,0
I1JMX7,I1MF07,0
I1KAJ9,A0A0R0EEW3,0
I1LQ55,I1K9C2,0
I1MZF9,K7KX53,0
I1N5H5,I1MEF5,0
A0A0R0GJV8,A0A0R0IV41,0
I1MRP6,P93162,0
I1K3R3,A0A0R0ECE8,0
I1K3X9,C6TIQ7,0
A0A0R0L1N9,I1JA95,0
A0A0R0FA21,I1LMR4,0
A0A0R0JRB0,C6TBU3,0
I1LYB2,I1NCN7,0
I1KBD9,C6T857,0
I1LWB8,I1J5B4,0
I1MNU2,P17093,0
I1K9W3,I1MG42,0
K7M846,C6TKV3,0
I1KZY9,I1LKY8,0
A0A0R0GZ30,A0A0R0FFT1,0
K7N3Z1,E3NYP3,0
E9L558,I1J4B5,0
I1JV03,I1KV61,0
A0A0R0FTJ2,I1M4L1,0
I1LLS8,I1KP66,0
I1JQF4,C6SVA8,0
I1JE09,I1N7B5,0
I1MD26,C6TE39,0
I1L9G9,A0A0R0FLV6,0
I1MEF5,I1N2J3,0
I1K065,I1LKD9,0
I1K6T6,C6TCJ0,0
A0A0R4J4H6,A0A0R0KWT5,0
I1M1E5,K7LZ50,0
I1J8C9,I1LIU7,0
A0A0R0IXT8,K7M864,0
I1L6A2,Q2PMQ4,0
I1LJH2,I1MV80,0
I1J8M6,B4YB10,0
A0A0R0H8Q8,I1N5R9,0
I1KM27,I1MJH1,0
I1M5N9,I1NDA1,0
I1M6M9,K7M4K7,0
K7N529,A0A368UGC0,0
I1LJH2,A0A0R0FEN3,0
I1JET4,I1KJ84,0
A0A0R0FVX1,I1KPB0,0
K7KFZ9,I1LG65,0
K7M5U7,C6SWL4,0
K7LFU4,I1MJH5,0
I1K7G0,K7MQD2,0
K7N1X2,I1KJD2,0
I1N780,I1JX17,0
I1KAJ9,Q9SWR5,0
I1LCH2,I1L6A2,0
A0A0R0LCZ4,I1JCQ8,0
A0A0R0GTG6,I1KUX4,0
A0A0R0K6U4,I1JMX7,0
I1KIJ1,I1LWP5,0
K7KUG2,I1NJ85,0
K7LMW2,A0A0R0L3G5,0
A0A0R0IJF6,I1JWE9,0
I1MV08,I1LIK7,0
I1MTV9,I1L880,0
I1KQ73,I1M5N7,0
I1KDU3,Q39898,0
A0A0R0KMM9,A0A0R0JSC0,0
I1LR95,I1LL05,0
I1KCM4,I1LUT1,0
A0A0R4J583,E3WC98,0
I1LN52,A0A0R0K188,0
I1KEC8,I1JKK4,0
I1LQ55,I1N7G4,0
I1L9K4,A0A0R4J3C2,0
C6TKV3,I1N933,0
I1LBA8,I1NG45,0
I1JX10,K7KIY4,0
K7M846,K7L329,0
I1LP98,K7K149,0
I1KQP5,I1MF26,0
I1N447,I1N019,0
I1MX88,K7M841,0
I1NFY2,A0A0R0I304,0
K7MQT1,I1NA38,0
K7MVE2,I1K115,0
I1KRV5,I1LP11,0
I1L0F0,C6T211,0
I1KIQ2,I1KTY9,0
A0A0R4J4C5,A0A0R0JT51,0
I1MLD5,K7LSZ2,0
C6TBL4,I1KAJ9,0
I1L7G4,I1MS26,0
I1JUU2,C6TCJ0,0
I1M119,I1JV68,0
I1LGD6,I1KZX6,0
I1J8C9,I1L7J3,0
I1LIT1,Q42808,0
Q71EW8,A0A0R4J5C5,0
K7MPX8,K7KX46,0
K7K3C2,I1KTI0,0
I1L171,K7L7W0,0
C6TF29,I1M325,0
K7L329,I1MBL5,0
I1L0K8,Q39810,0
C6T972,A0A368UI50,0
I1KG02,K7N598,0
A0A0R0LBA6,I1LR48,0
A0A0R0LK19,K7M2G2,0
K7MPI6,I1KJB1,0
I1LCR6,Q2PMP9,0
K7L0E7,I1JK59,0
K7MUD4,I1JY66,0
K7MRW8,K7MFE5,0
A0A0R4J2L5,C6SWG9,0
C6SXT9,I1MW51,0
I1KAQ7,I1JE09,0
I1N0L1,I1JD36,0
I1N850,I1LI32,0
I1LH27,A0A0R0HV63,0
K7N598,I1KHZ8,0
I1MZT5,I1MEQ6,0
I1MDD8,I1J9W9,0
I1NAJ5,I1LW00,0
I1J9W9,I1LLH3,0
I1JHJ8,C6TC28,0
C6SWA8,A0A0R4J4D0,0
K7KW44,A0A0R0IF42,0
I1NCF6,C6T1G9,0
A0A0R4J455,I1NIT4,0
I1L0K8,I1KWU9,0
I1J702,A0A0R0K6I2,0
I1KZK2,A0A0R0FJR0,0
K7LXY1,K7MTL2,0
I1MV80,K7L2D7,0
I1K467,A0A0R0IEK0,0
I1LTG9,A0A0R0EKI7,0
I1JN65,I1MUS3,0
I1K9G7,I1LUZ5,0
I1KCM4,I1KA54,0
I1JX17,I1L1Q8,0
M1FN38,K7M846,0
A0A0R0K5H8,A0A0R0FAJ6,0
I1LU38,K7MNE6,0
I1MHU4,A0A0R0JQT3,0
K7MPJ9,I1KBF7,0
I1L0K8,I1KDP2,0
I1L171,K7LVH5,0
K7LEU7,I1K669,0
I1M3M4,A0A368UGA0,0
A0A0R0JV11,A0A0R0JRI8,0
I1JRJ3,I1JXJ3,0
C6T099,I1JX10,0
C6SXY4,I1JPY7,0
K7LX60,I1LGI3,0
I1JQ20,K7MUM5,0
I1M8F0,A0A0R0FAJ6,0
I1JK67,I1LEC3,0
I1JD36,I1JUM3,0
K7L6N7,K7MHQ6,0
K7LIE3,I1L6T8,0
E3WC98,I1LNY2,0
I1JKP7,I1JNF2,0
K7L9S8,C6TE57,0
E9L577,A0A0R0HXK5,0
K7N145,A0A0R0FTI5,0
K7K894,C6TM45,0
I1MQB8,C6TD23,0
I1JRS5,Q42798,0
A0A368UIA0,A0A0R4J4H6,0
K7MXE0,I1K115,0
K7MUM5,C6TJM4,0
I1LWP5,I1LFG4,0
Q0EDG6,A0A0R0I5V1,0
Q7XJ86,I1L0G2,0
A0A0R0HSC1,A0A0R0FA21,0
I1J9W9,I1KZC9,0
K7M9L4,K7MFE5,0
K7MEB1,A0A0R0J2W1,0
I1LH30,I1MQW6,0
A0A0R0GFL3,A1YUN0,0
C6TIQ7,I1MNU1,0
I1K565,A0A0R0HQY2,0
K7KUG2,I1LQ62,0
E9L577,A0A368UH16,0
I1KQE3,A0A0R0EUJ0,0
I1LWB5,I1KUX4,0
K7M6Z2,I1JKG7,0
K7MUS8,A0A0R0GS00,0
A0A0R0H668,I1L0G2,0
I1N019,A0A0R0I5N9,0
K7K355,I1L9P5,0
A0A0R0GUR9,I1JQK9,0
A0A368UJ62,I1KY31,0
I1KZX6,A0A0R0KJM2,0
C6TA11,I1JHJ0,0
C6TGP5,I1KJD2,0
K7MDN4,I1J9U5,0
I1J9I1,I1JKK4,0
I1LNY2,K7LP01,0
I1LXY1,I1L5U9,0
A0A0R0F5Y7,I1KFL5,0
I1N850,I1KAJ9,0
I1MS33,I1LCH2,0
I1MNU2,I1K506,0
I1JCB1,I1JW65,0
I1MUS3,K7KTY4,0
I1LPT5,I1MIW3,0
A0A0R0HJR0,A0A0R0JEV3,0
I1JM84,I1J5B4,0
C6TA11,I1LKD9,0
I1K2I1,I1J5W0,0
K7MAQ6,I1M325,0
I1JE16,I1M3Y7,0
I1N7B5,I1L1A1,0
P24337,I1L5I2,0
K7MQD2,I1J8P0,0
I1JQK9,I1KDJ8,0
I1MAX9,I1JMX7,0
I1KBV2,I1JIH3,0
I1KHK1,A0A0R0K6I2,0
A0A0R0L317,I1N1X2,0
A0A0R0E2R0,C6TMK2,0
I1K099,C6SVR0,0
I1KC40,I1JUK7,0
I1JJX3,I1LRL9,0
A0A0R0GHT9,I1JA95,0
I1MZF9,I1L4E5,0
A0A0R0JEV3,I1N411,0
K7LQS4,I1M130,0
I1M6B9,I1LCG9,0
I1JW06,K7M864,0
A0A0R0I304,I1JB64,0
I1JW06,C6SXD3,0
K7M6J1,K7LTR0,0
I1LEF5,I1LT87,0
I1LCZ2,I1N8M8,0
A0A368UHM9,I1KM07,0
I1K099,I1LGI3,0
I1LN30,K7MH28,0
I1NB48,I1JK67,0
I1KQP5,I1KAJ9,0
I1KG02,A0A0R0IZ75,0
A0A0R4J3C2,I1JYT2,0
I1LEC3,I1JU23,0
K7LVH5,I1K506,0
I1LZ51,I1LWD6,0
I1JGX0,I1M8F0,0
A0A0R0GTG6,I1JMY9,0
I1LLB7,I1LDP9,0
A0A0R0FLW1,C6TK30,0
I1LI05,I1L7R2,0
A0A0R0JBV0,I1LKD9,0
I1KM88,I1JMX7,0
K7KHU1,I1KBF7,0
A0A0R0JT51,A0A0R0IF42,0
I1KC50,I1N8V4,0
I1LQ64,I1JE11,0
A0A0R0IZ75,I1MF42,0
A0A0R0KVY6,I1LUE0,0
I1MR79,I1LIK7,0
A0A0R0IQ72,I1JUU2,0
A0A0R0IF42,C6SZ88,0
K7MLC5,I1JU23,0
I1LCJ2,I1KUB2,0
I1KGY4,K7KES1,0
I1JQK9,A0A0R0FEC1,0
I1NA94,I1K9W3,0
A0A0R4J536,I1LKY8,0
A0A0R0K5H8,A0A0R0GAV8,0
A0A0R0JRI8,A1YUN0,0
I1K925,I1JZ89,0
I1L0F0,I1JET4,0
I1N551,I1KUS2,0
I1L9K4,I1MB99,0
K7MY00,I1MZ08,0
I1K5I3,Q8LPW2,0
A0A0R0L9T4,A0A0R0KJM2,0
A0A0R4J4C5,I1N5S0,0
K7KFY5,I1N505,0
I1LN52,C6THB5,0
K7MC85,I1KNV7,0
K7KFY5,K7N5K2,0
A0A0R0IT62,I1KQI1,0
C6SZ70,K7M9L4,0
I1L880,I1NGJ8,0
Q42797,I1LBQ3,0
I1JYG3,A0A0R0FXD4,0
C6TJ97,I1JC65,0
I1MS26,K7N4K5,0
A0A0R0J6N9,I1LH30,0
I1KQP5,I1JR22,0
I1JZE1,I1JK59,0
I1LU06,K7MUM5,0
Q9M6D6,I1NDA1,0
A0A0R0IF61,C6TIQ9,0
I1NBA2,I1NAL7,0
A0A0R0ELE0,A0A0R0IM79,0
K7LU89,A0A368UJ62,0
I1JIH3,I1MRP0,0
I1KH38,I1M311,0
A0A0R0L4P0,I1JPP8,0
I1N798,I1LPK7,0
K7LFU3,K7ML50,0
A0A0R0J9Y6,K7LIE3,0
I1K9W3,I1L5L1,0
Q94C02,A0A0R0GJV8,0
C6T1E8,C6SXY4,0
Q0H950,I1LKV0,0
A0A0R0FHD2,Q42798,0
A0A368UH16,I1J9W9,0
Q39898,I1M277,0
P01070,I1KJB2,0
I1MAC4,A0A0R0GJV8,0
K7KUK2,I1KM19,0
I1JC08,K7KUG2,0
I1MZJ8,A0A0R0JRI8,0
K7KHU1,A0A368UID0,0
K7KX53,A0A0R0FUK3,0
I1JPY7,I1K5E7,0
I1LP31,I1LLA0,0
I1JN65,A0A0R0IQ72,0
A0A0R0HW00,I1KM19,0
I1L4I9,K7N1T9,0
I1JU23,K7MM89,0
A0A0R0JQ82,I1KCY5,0
I1JAH7,K7L1E6,0
Q0H950,K7LLV5,0
I1M225,M1FP94,0
I1NCF6,I1K1I0,0
I1JX17,K7LQV0,0
K7LDF3,I1LI05,0
A0A0R0LKR7,I1MG38,0
K7KTS8,I1JXJ3,0
K7KK86,C6TGZ1,0
I1JX10,I1LEF5,0
C6TJM4,I1LGI3,0
I1LG13,I1KFQ1,0
I1JX17,A0A0R0G3R9,0
C6TC28,I1NFY2,0
C6TIA6,I1NAL7,0
I1K925,I1LJ34,0
I1JWK3,I1KBI7,0
A0A0R0GAV8,I1MQB9,0
K7LCL1,I1M3W1,0
I1LBA8,A0A0R0JI69,0
K7K3C2,I1LJH2,0
A0A0R0HSC1,I1KQ70,0
K7MQT1,I1J9I1,0
I1KNB5,P93163,0
I1JSY7,Q42797,0
P24337,I1JRE0,0
I1JC50,C6TNW3,0
K7L4N7,C6SWL4,0
C6T2G5,C6SXY4,0
I1M5Z9,I1LG65,0
I1N933,I1K3K7,0
I1LPT5,I1LLH3,0
I1KT08,A0A0R0FAJ6,0
I1K3K7,I1N2G0,0
I1JIK2,I1JET4,0
C6SXY4,A0A0R0J296,0
A0A0R0JC18,I1M277,0
I1LFG4,I1MNV2,0
K7MM50,I1LR95,0
C6T002,K7KES3,0
I1LUL2,I1JRJ3,0
K7KP05,I1N0L1,0
I1MGY9,I1L6I6,0
A0A0R0KN53,K7LJS8,0
I1KMM6,A0A0R0LCZ4,0
I1MS26,K7KZX6,0
I1M6F0,K7KRK6,0
A0A0R0GJV8,A0A0R0FFT1,0
K7MHQ6,M1FIS9,0
I1K9W3,A0A0R0J5Y2,0
I1L6A2,A0A0R0IZA1,0
I1LF90,I1LJG0,0
I1JIA7,C6SXY4,0
I1L9Z8,A0A0R0F6H1,0
I1KFP9,A0A0R0FEC1,0
K7KFY5,A0A0R0L7U5,0
A0A0R0HJR0,K7LFU3,0
C6TNM5,I1LF24,0
I1JK67,A0A0R4J2U8,0
I1K1R5,I1LAH1,0
A0A0R0EDS9,A0A0R0FNY5,0
I1KFL5,A0A0R0EAZ9,0
I1JW26,K7MXE0,0
K7LG20,I1JXJ3,0
I1JZ64,A0A0R0HLZ4,0
I1LTE6,I1J5B4,0
I1KJR2,A0A368UIC9,0
I1M6F0,I1N5V6,0
I1J8V8,K7KW44,0
C6SWH0,P01064,0
I1MM35,K7MS06,0
I1K215,I1MCK5,0
K7KK86,I1M487,0
I1KA75,A0A0R0IJF6,0
I1LJG0,I1KRU0,0
K7LP01,K7MPZ4,0
I1MHK8,I1KDU3,0
K7KKT1,I1NDA1,0
I1KRV5,I1L9K4,0
A0A0R0HEM4,I1N483,0
I1LMA5,I1M786,0
A0A368UI10,I1KDF1,0
A0A0R0KWT5,I1MHX1,0
C6SWA8,I1K6U7,0
A0A0R0FUK3,I1N8M8,0
I1K3R3,I1LT34,0
A0A0R0J6N9,I1M6B9,0
I1JFW4,I1MEF5,0
K7MUD4,I1LTW8,0
A0A0R0HEM4,I1L1L3,0
I1NJ85,M1FN38,0
I1JMK4,M1FN34,0
I1MHU4,I1JSG1,0
I1MW51,I1KZY8,0
D8WJ57,A0A0R0FZM4,0
I1L332,I1LMR4,0
A0A0R0HQY2,A0A0R0E6T9,0
A0A0R0FB78,I1LH27,0
I1JD52,I1LH30,0
K7N1T9,I1N7F4,0
A0A0R4J646,K7LY43,0
I1KZ09,I1M119,0
I1L9K4,I1KQI1,0
I1K506,A0A0R0GG06,0
P01055,I1K7G0,0
I1JX17,A0A0R4J455,0
K7KA65,K7MEB1,0
I1KHZ8,I1MDD8,0
I1JZR6,A0A0R0JRI8,0
I1K3U6,C6T1V1,0
I1KV61,A0A0R0FNY5,0
I1M277,I1MBL5,0
K7MAQ6,I1LHY5,0
K7KX46,I1M643,0
I1J7U9,A0A0R0IXT8,0
I1J9H6,A0A0R0FX75,0
I1M038,A0A0R0JYX3,0
C6TKD8,K7K578,0
A1YUN0,I1MAC4,0
A0A0R0KJM2,I1JIK2,0
I1NHH3,I1N780,0
I1LPK7,M1FN38,0
I1K4V8,C6TIQ7,0
I1KJB2,I1KHK1,0
I1M325,K7KGR8,0
K7L1E6,K7L2K8,0
Q42798,I1KY31,0
C6TCJ0,I1MNU2,0
I1KA98,K7MTE7,0
A0A0R0EKB4,A0A0R0FUA1,0
K7LXA6,I1K3F0,0
K7MM52,K7L476,0
I1M643,C6T214,0
I1JA95,A0A0R0L317,0
I1J547,K7LI90,0
I1KZK2,A0A0R0FIP9,0
Q84L66,I1L540,0
K7MM52,C6TIQ9,0
I1LF24,K7MQT1,0
I1L2Q0,I1MRV3,0
I1MRK4,K7N1T9,0
P49084,K7LRR7,0
I1LNP4,I1JMD6,0
I1K565,I1KNE4,0
I1K970,I1MK83,0
M1FP94,I1NDA1,0
M1FIS9,I1JK67,0
I1J981,A0A0R0IV41,0
I1N5Z3,I1K5E7,0
I1KQ73,K7KKT1,0
A0A0R0JQT2,C6SVB8,0
K7LFD7,K7MUD4,0
I1JZ64,I1LKN9,0
K7MUM5,I1JRS5,0
K7MPX8,I1NA94,0
A0A0R0J6N9,I1KJB1,0
I1NAJ0,I1KFP9,0
K7K9D6,I1MUZ7,0
A0A0R0FIP9,E9KBR9,0
I1LUL9,I1J4B5,0
K7MUV9,I1KZC9,0
K7LMW2,C6TN61,0
A0A0R0EDS9,I1L0K8,0
I1L7R2,K7M9T4,0
I1MF26,I1LCP4,0
I1LBJ5,K7KAB4,0
I1LRR9,I1LHR6,0
I1KK11,I1KZ09,0
C6SZQ0,I1LA40,0
A0A0R4J4C5,I1MVC6,0
I1L9Z8,I1L7J3,0
I1JJB8,A0A0R0ENB3,0
I1JMK4,I1NFY2,0
K7M862,C6SW04,0
I1MX88,A0A0R0JC18,0
I1MEA7,I1JKG7,0
I1M1P1,I1JPH8,0
I1KDA4,I1JET9,0
A0A0R0LKR7,A0A0R0L7U5,0
I1MU00,A0A0R0LK19,0
I1NHN6,I1MSP6,0
I1L4E2,I1JF58,0
K7KJI6,I1NGH7,0
I1JZ89,P07134,0
C6TGP5,I1KUX4,0
I1KRV5,E9L556,0
I1M2S7,I1M786,0
I1KUF4,C6T5U0,0
C6TD23,I1N696,0
K7MQG6,K7MLH4,0
I1L4E4,A0A0R0HW00,0
C6T9Z5,K7MXE0,0
K7MM50,A0A0R4J426,0
I1MFF9,I1JE16,0
C6T972,I1KEC8,0
K7KRK6,I1KXK6,0
I1KP14,I1LG65,0
K7L6N7,A0A0R0I5N9,0
I1LBN7,P62302,0
K7LU89,I1LZ93,0
A0A0R0EYS5,A0A0R0ECE8,0
I1L9Z8,I1N8X8,0
I1L9K4,K7MNE6,0
I1MK83,I1JK59,0
I1MIW3,E9KBR8,0
A0A0R0JT51,K7K3R6,0
K7N4K5,I1JDN2,0
I1N7G4,I1LKD9,0
I1N448,I1J5B4,0
I1JE11,I1LEI8,0
K7MUM5,I1M4B9,0
I1JUU2,C6TGZ1,0
I1JWE9,K7LVH5,0
I1K246,I1JPH8,0
I1KNE4,I1KAD1,0
C6TNM5,I1LBJ5,0
I1MUC6,K7MM50,0
I1LLC6,I1L285,0
C6TML7,K7MPX8,0
I1LJG9,I1N5D5,0
K7LSZ2,I1LWB8,0
K7MMD7,C3VD33,0
A0A0R4J5J3,A0A0R0HJR0,0
I1KFL5,I1JRU7,0
A0A0R4J5C5,K7K5C0,0
C6TK73,K7LIE3,0
I1KCY5,I1KPN4,0
I1MR11,I1KA71,0
I1KL89,I1MVZ6,0
I1K9G7,K7M6J1,0
K7LIE3,I1JUP2,0
C6TD23,I1LBJ5,0
K7M841,I1M8A0,0
C6TIK0,C6SW04,0
I1KPE7,I1KWU9,0
C6SVB8,K7KES3,0
K7LHW6,I1MG54,0
A0A0R0GIH6,A0A368UI50,0
I1JB64,I1JGX0,0
Q42808,I1MEQ6,0
Q9M6D6,I1JN71,0
K7K355,C6T972,0
K7K355,I1KIJ1,0
I1K115,I1MEF5,0
Q0EDG6,I1J8C9,0
I1LA39,I1K0U5,0
C6T857,Q56GA2,0
B0M1A3,I1KDR4,0
I1NGH7,A0A0R0FZM4,0
A0A0R0E8K1,I1JCB1,0
K7KGR8,C6TNW3,0
I1LU38,K7L6N7,0
A0A0R0GIH6,I1LUB3,0
K7LJ72,I1JM84,0
K7M2G2,I1JDF1,0
Q39810,I1JIS3,0
I1MAC4,I1KEC8,0
I1JUU2,A7X641,0
I1M8U0,I1JM18,0
Q70MR6,I1LJ34,0
A0A0R4J536,I1LI32,0
A0A0R4J488,I1LFG6,0
A0A0R0GIH6,I1M998,0
K7LX60,I1MVC6,0
B4YB10,I1L6H1,0
A0A0R0EKB4,K7KHU1,0
I1M3Y7,K7L1E6,0
K7KHU1,I1LV18,0
I1LI05,I1LCZ2,0
I1JZ89,I1KGY4,0
I1MSN3,K7LSZ2,0
A0A0R0K6C1,I1K0E4,0
I1KDA4,I1M5Z9,0
K7K8Y9,A0A0R0HXK5,0
I1L4E2,K7KF95,0
I1N7F4,A0A0R0IR73,0
I1M368,I1N019,0
A0A0R0JSC0,K7K5C0,0
C6SZG1,I1JSI5,0
I1JMX7,K7MEB1,0
I1JJN8,I1KFF8,0
C6T336,I1M796,0
K7LFU3,K7K8Y9,0
I1L5I2,I1LHR6,0
I1JGK9,I1MZV0,0
K7MDN4,I1JMZ7,0
C6SV60,I1JGP8,0
C6SXD3,K7LXD3,0
I1JY66,K7K5R7,0
I1KA75,K7K355,0
E3SXU2,K7MM52,0
K7M466,Q9SLW5,0
I1LP98,I1LR48,0
A0A0R4J536,A0A368UH16,0
I1KQ73,I1JB52,0
A0A0R0IQ72,A0A0R0FJR0,0
A0A0R0IXT8,I1KBD9,0
I1KNI7,I1LZ51,0
A0A0R0HDW2,I1JQ20,0
I1N3U5,I1JGU8,0
I1L0K8,K7KNG2,0
I1MZT5,I1KRU0,0
K7ML50,I1MM97,0
I1K9J7,K7N563,0
A0A0R4J2H3,I1MZV4,0
I1MMY0,Q39898,0
I1JM15,I1KL32,0
K7KJW6,A0A0R4J2Y1,0
I1K6U7,I1K506,0
I1KNI7,I1JPY7,0
I1NAJ5,F8WRI5,0
I1N6D4,C6T9Z5,0
I1JM84,I1MLM1,0
I1KM64,A0A368UHM9,0
I1LGD6,I1N055,0
C6SZ88,I1KYL4,0
I1K6J1,C6T9Z5,0
I1MV80,I1KJR2,0
I1J5A4,C6SZG1,0
I1N1X2,I1JKP7,0
C6SZ46,I1LTM1,0
K7KIY4,I1LH18,0
A0A0R0FUK3,C6T5U0,0
I1NC50,I1MYD2,0
A0A0R0IYY7,K7L2K6,0
I1K5J7,G3E7M6,0
A0A0R0GYZ9,K7LSJ2,0
I1JQ20,I1N2G0,0
I1LH30,I1MZ08,0
C6T8C4,I1JWK3,0
C6TJM4,I1MQB9,0
K7MQG6,I1N0L1,0
K7L5S0,C6T099,0
I1K4L3,I1LJ81,0
I1JVT1,A0A0R0FAJ6,0
I1LG65,A0A0R0KRN8,0
C3VD33,K7N1T9,0
K7KAB4,K7L4N7,0
I1JUV6,C6T211,0
I1K099,A0A0R0I304,0
A0A0R0FFT1,K7M9L4,0
I1JR22,I1J9H6,0
A0A0R0H537,Q1M320,0
A0A0R4J455,I1JIA7,0
I1MKX7,I1MFF9,0
I1KUN6,I1JKK4,0
I1L4I9,E9KBR8,0
A0A0R0JBL2,C6TCJ0,0
E9KBR8,K7N1T9,0
A0A0R0FAJ6,K7KES3,0
Q8GZU9,K7LIE3,0
C6TEN9,K7MLH4,0
I1J9W9,I1LMR4,0
I1M6B9,K7L145,0
I1LHS8,I1LQ55,0
A0A0R0JYX3,I1N5V6,0
I1JPY7,I1LST6,0
I1JA30,A0A0R0GPR8,0
I1J9H6,I1KCA3,0
I1MF26,I1J5W0,0
C6SWU3,I1KNA2,0
I1KK11,I1KQP5,0
I1KRV5,I1M368,0
I1NIT4,M1FN38,0
I1KP66,I1KQD8,0
I1NGJ7,I1LMR4,0
A0A0R0J9Y6,I1M957,0
I1N055,I1KJ81,0
I1MFF9,I1LEI8,0
Q45FY8,I1J4G8,0
K7KED0,I1N019,0
I1KAQ7,I1N7F4,0
A0A0R0FUK3,I1LI32,0
C6TJ97,K7KP05,0
K7MM40,I1NHH3,0
I1N8M8,I1LEC4,0
C6TJM4,K7K7Q8,0
I1KNB5,A0A0R0EYS5,0
A0A0R0JRI8,I1L0G2,0
K7N529,I1MRP6,0
A0A0R0F6H1,I1MJB3,0
I1NHX1,I1NFR9,0
I1MSN3,Q2PMU5,0
C6TC28,K7LQV0,0
C6T8S2,I1N846,0
I1MMY0,K7K4C7,0
A0A0R0KQ74,I1LA39,0
I1L285,I1K146,0
I1KNE4,Q8GZU9,0
C6T336,A0A368UID0,0
A0A0R0GUR9,A0A0R0L828,0
A0A0R0FHD2,I1JVT1,0
I1NE42,M1FP94,0
I1N2G0,I1MEA7,0
K7K808,A0A368UJ62,0
K7N525,I1NC50,0
K7LQV0,C6TN69,0
C6T027,A0A0R0GAQ8,0
K7L2K6,I1LF24,0
K7LCL1,I1LH27,0
I1K3K7,I1LIQ3,0
K7K578,K7K894,0
I1L645,Q9SWR5,0
A0A0R0JNM4,P93163,0
Q43463,I1JUP2,0
K7LHS7,I1J4G6,0
I1MF65,I1KM88,0
I1MTV9,K7LR18,0
A0A0R0KRF1,I1KJB1,0
P93162,I1LII4,0
I1JE16,I1LST6,0
I1N7G4,B0M1A3,0
K7LQV0,I1MQB8,0
I1LPE4,P17093,0
E9L556,I1MVC6,0
A0A0R0GTG6,I1KCA3,0
A0A0R0GYZ9,A0A0R0JSJ9,0
I1N696,K7KFY5,0
I1KM64,K7MVE7,0
K7ML50,A0A0R0KFY8,0
A0A0R4J653,A0A0R0GAV8,0
I1MSP6,P93162,0
I1JE51,I1J957,0
I1MFI0,I1LI93,0
K7MUM5,I1N7M0,0
K7LR18,I1KI90,0
I1KAR1,I1LTW8,0
K7L9S8,I1KH38,0
I1KIG1,I1N448,0
I1L6I6,I1L4E2,0
I1LUL2,A0A0R0HV63,0
K7KYM0,I1JHJ8,0
I1MTB5,I1KI90,0
K7LI90,I1JC50,0
I1KAQ7,A0A0R0IF61,0
A0A0R4J3C2,I1MNV2,0
I1JIA7,I1K642,0
I1M8F0,I1LN30,0
I1J4B5,A0A0R0FAJ6,0
I1L2Q0,E9KBR8,0
I1JZ64,I1M130,0
P01064,K7M466,0
I1KM19,I1JN65,0
I1M1D5,I1J5B4,0
I1N9J8,I1LP31,0
I1K246,I1M3A3,0
K7MQG6,I1KI90,0
I1K5Q4,A0A0R0K0K3,0
K7MQD2,A0A0R4J488,0
C6SXT9,I1MUC6,0
E9L577,A0A0R0KJL0,0
I1L903,I1JQP8,0
K7MM52,K7L6P0,0
C6SZ88,I1LLB7,0
C6TIK0,A0A0R0FA21,0
I1K0H3,I1K3X9,0
I1L5U9,I1KRL9,0
K7MQG6,C6SZ46,0
I1K938,I1KHJ4,0
I1MUN6,I1JB52,0
I1LPC2,I1KSL6,0
I1LT34,I1KDR4,0
A0A0R0EDS9,K7KGB3,0
I1K3X9,I1MM97,0
I1K925,K7L9M2,0
I1LSB5,I1LUV4,0
I1L735,I1K099,0
I1KD82,I1LXK8,0
I1KP14,A0A0R0K0C4,0
I1LF24,I1L0F0,0
I1LCG9,K7M862,0
I1JZ99,I1LEC4,0
I1K1W8,I1JQY7,0
I1KJB2,A0A0R0L4P0,0
I1M4L1,A0A0R0FZM4,0
I1J9U5,I1KC40,0
K7MHQ6,I1MEW6,0
I1JGP8,I1JX17,0
K7L476,I1MZV0,0
I1NJ85,A0A0R0GHT9,0
K7KFY5,I1LU06,0
C6T336,K7MNK5,0
I1MGG7,I1M6M9,0
Q8GZU9,I1JC08,0
A0A0R0FG80,I1KGY4,0
A0A0R0LKR7,I1KG02,0
I1JUU2,A0A0R0K0C4,0
A0A0R0ENB3,I1L694,0
K7MQD2,I1N019,0
I1KQU2,A0A0R0GYC5,0
I1KG02,A0A0R4J4H6,0
I1JF58,A0A0R0JRB0,0
A0A0R0EL31,I1K0H3,0
A0A0R0FX75,A0A0R0IM79,0
I1M269,K7N1T9,0
K7M862,C6TIK0,0
K7K149,K7LRR7,0
I1LIK7,I1MV56,0
K7KX53,I1KT08,0
I1LN30,I1JK31,0
C6TN61,I1JGP8,0
I1KS98,I1M1C4,0
I1LCH2,I1J8M6,0
I1JM84,K7MQG6,0
A0A0R4J4C5,K7N525,0
I1MR73,Q94C02,0
I1N1X2,I1KIG1,0
I1M1I7,K7KK86,0
K7MQ01,I1KZC9,0
I1J4B5,C6T1V1,0
I1LKD9,K7LSG7,0
K7K4Y8,I1NE42,0
K7MPZ4,A0A0R0KY77,0
I1LI96,I1MUC6,0
I1L1L3,I1JD07,0
A0A0R0HSY5,I1L1L3,0
K7KX46,A0A0R0FTJ2,0
K7LZ50,I1LEQ3,0
I1JM84,I1J8M6,0
C6TCG0,A0A0R0G3R9,0
M1FIQ5,I1KS56,0
A0A0R0F392,K7L0V0,0
I1JXS8,A0A0R0IM79,0
A0A0R4J653,K7M5U7,0
I1LCR6,Q9FQD3,0
A0A0R0EAZ9,K7KX53,0
I1MZ08,I1JF58,0
I1K4R8,I1MQ30,0
K7L939,I1J4B5,0
K7LRR7,I1LUZ5,0
A0A0R0K6U4,I1N8M8,0
C6TBU3,A0A0R0H537,0
I1N5S0,K7L7W0,0
K7MH28,I1JRV0,0
I1NB01,I1MLF1,0
K7KNT9,I1LJ34,0
I1NIT4,I1MLF1,0
A0A0R0I5N9,Q2PMP9,0
I1KUN6,I1JXJ3,0
A0A0R0KY77,I1MB99,0
I1MJH5,K7MM52,0
A0A0R0GIH6,I1K6J1,0
I1JUV6,I1K4Y6,0
I1K3E9,I1K9C2,0
A0A0R0HSY5,C6TGA9,0
I1J4B5,I1NHF4,0
K7MMD7,A0A0R0GPR8,0
I1L4I9,K7L7W0,0
I1JE51,C6TCH4,0
Q42808,I1LYB2,0
C6TD23,C6TIQ8,0
K7KGB3,A0A0R4J2L5,0
K7MMD7,A0A0R0FZM4,0
I1LQ62,A0A0R0JQT2,0
I1N8M8,I1JE51,0
A0A0R0HSY5,I1N8V4,0
C6TEN9,A0A0R0FLW1,0
K7N145,I1MFF9,0
I1MLC3,K7N0V8,0
I1JSD2,K7MRF5,0
C6SWG9,A0A0R0JI98,0
I1K5J7,K7N598,0
I1JMY9,I1MZ08,0
I1N447,C6TK73,0
C6TD23,A0A0R0JI69,0
K7LEU7,K7LVH5,0
I1MRP0,C6SYN1,0
K7KFY5,C6T7K0,0
C6T099,K7L9M2,0
I1M130,A0A0R0K6U4,0
I1MMY0,I1N411,0
I1LAH1,A0A368UGC0,0
I1KXP5,A0A0R0IV41,0
I1LSB5,I1L5U9,0
C6T2F8,I1K9J7,0
K7KES3,I1L0G2,0
K7KVV2,I1K4R8,0
C6TIK0,K7MXF1,0
I1J8D7,I1KT08,0
C6T5U0,K7ME58,0
A0A0R0JI98,A0A0R0K6I2,0
C6TE57,I1M643,0
C6TK31,I1KUF4,0
A0A0R0L7U5,I1MR79,0
I1MJB3,I1LCG9,0
K7MZN9,I1MUR2,0
I1K6E7,Q9M6D6,0
B0M195,K7KYM0,0
A0A0R0KPE1,A0A0R0H668,0
I1NG45,I1JCQ8,0
I1L1A1,K7LXY1,0
I1K7G0,I1JKK4,0
A0A0R0KE62,I1K3F0,0
C6TNW3,I1N055,0
I1MJJ9,I1M1I7,0
I1MUN6,I1N019,0
I1JV68,I1J4K1,0
I1JRS5,I1JD36,0
A0A0R0IF42,A0A368UIA0,0
I1LF90,K7K5C0,0
A0A0R0GIH6,A0A0R0H537,0
I1KT08,K7K9D6,0
I1KDR4,I1JD52,0
I1LZ51,A0A0R0K0K3,0
K7KAB4,C6TML7,0
I1MG38,A0A368UIA0,0
I1L4E5,A0A0R4J2L5,0
I1NGL3,I1MUR2,0
I1MHU4,K7MH28,0
I1MUS3,I1LST6,0
I1NHX1,I1M7Y3,0
I1JET4,I1KI90,0
I1LW00,A0A0R0IJF6,0
I1JSG1,A0A0R4J4D0,0
I1LMR4,I1L9Z8,0
I1KZ09,A0A368UHM9,0
I1JV68,I1JRS5,0
A0A0R4J5Z8,K7LG20,0
I1NJ53,I1KDF1,0
I1J981,K7KRK6,0
P07134,I1L1L3,0
E9L575,I1KL89,0
I1J4G6,K7MQD2,0
I1N344,C6TI98,0
A0A0R0F695,I1N850,0
K7MM52,I1MNU2,0
I1K5I3,A0A0R0FTI5,0
I1MFI0,I1MAX9,0
A0A0R4J4C5,K7L6P0,0
I1NDA1,I1K938,0
I1JSI5,A0A0R4J646,0
K7L2D7,I1LHR6,0
K7KNG2,K7LJS8,0
K7M5U7,A0A0R0HSA0,0
K7MFE5,A0A0B5EC52,0
I1M796,I1JR22,0
I1M5S3,I1LGS0,0
I1J9U5,I1NAJ0,0
I1JRV0,A0A0R0LBA6,0
I1MBI6,I1K6E7,0
I1LEQ3,A0A0R0IV41,0
I1M1P1,I1JC50,0
K7LCL1,I1K9T5,0
I1N8M8,I1KAR1,0
I1NG45,I1NDA1,0
I1MSP6,I1LEC4,0
K7LH46,I1LW00,0
I1MW49,I1N780,0
K7M4K7,I1JET4,0
I1NA94,A0A368UID0,0
C6TNM5,I1K115,0
P24337,I1LPJ8,0
I1LN30,I1KTP1,0
A0A0R4J4D0,I1K708,0
I1KCM4,C6T065,0
I1KAR1,A0A0R0EKI7,0
I1JMX7,I1M8A1,0
C6TNM5,K7LIE3,0
I1JQ20,A0A0R4J5T8,0
I1LST6,I1JV68,0
I1L4E4,A0A0R0HEI5,0
A0A0R4J3X6,I1KAQ7,0
K7KFY5,I1JFW4,0
A0A0R0ICK4,K7MLC5,0
A0A0R0H690,C6TCJ0,0
A0A0R0F5Y7,I1MW49,0
K7LVH5,I1N7F4,0
I1K7G0,I1MZV4,0
I1LP98,I1KJG4,0
I1JRS5,I1KCM4,0
I1N2G0,A0A0R0HSH0,0
K7MY00,Q06197,0
I1MK72,K7MB82,0
I1NCV4,I1J9L7,0
I1JIK2,I1JQK9,0
A0A0R0EV33,I1K4R8,0
I1JW06,I1N5H5,0
I1JMK4,A0A0R0G3L8,0
K7MVE2,I1J5B4,0
A0A0R0I5N9,I1MHX1,0
A0A0R4J5Z8,K7KH93,0
K7MM52,I1LGS0,0
E3SXU2,I1JGX0,0
I1JW65,I1LC77,0
I1MBS8,C6TJW1,0
I1JZ64,I1LIA8,0
K7LLN2,I1JRE0,0
I1LUL9,I1LEC3,0
I1LZ93,C6TNM5,0
I1JLC7,I1JHJ8,0
K7KNT9,I1LGS0,0
A0A0R4J618,K7K578,0
I1M1W3,I1LJG9,0
C6TAW2,K7LTG4,0
C6SZ70,I1LFD2,0
I1LPK7,I1KYL4,0
I1JZ99,I1LI96,0
I1LPK7,I1JDF1,0
I1KNE4,K7KJW6,0
I1JD36,I1LLJ4,0
I1LEC4,C6TGX5,0
A0A0R0IR73,A0A0R4J5C5,0
A0A0R4J2Y1,I1MF26,0
C6SXY4,K7LI90,0
I1L9Z8,I1KJF2,0
A0A0R0FEN3,I1MLM1,0
K7LNG6,C6TJW1,0
I1LKY8,I1K3K7,0
I1ND31,C6TGP5,0
I1MYD2,I1KTI0,0
A0A0R0FHD2,I1LPJ8,0
I1K506,I1M6B9,0
I1LEC4,I1J4G6,0
I1LCR6,I1LIK7,0
K7LK09,I1LVN3,0
C6SWH0,K7KFY5,0
K7LY43,K7LLV5,0
K7KNC5,C6TIQ9,0
I1J4G6,G3E7M6,0
I1JZR6,A0A0R0FIP9,0
I1MCK5,I1JHJ0,0
C6T9Z5,C6SXT9,0
I1M1I7,I1MJH5,0
I1K938,I1LPJ8,0
I1JF82,I1N8C9,0
I1JET9,I1LTE6,0
I1M7M5,I1N371,0
K7MYK9,I1LAH1,0
A0A0R0L828,A0A0R0L5Q1,0
E9L572,I1MBI6,0
K7LSJ2,A0A0R0E2R0,0
C6TJ17,I1KRV5,0
K7KZX6,K7KIY4,0
A0A0R0K6U3,K7MLC5,0
I1M8A1,I1JZE1,0
I1M3Y7,I1LIQ3,0
I1K1W8,A0A0R0HW00,0
I1L7G4,I1K506,0
I1LSW3,C6SZ70,0
P24337,I1M3W1,0
I1K9C2,I1K5B7,0
Q2PMU5,A0A368UI10,0
I1LCG9,I1LT34,0
A0A0R0HLZ4,I1JRU7,0
K7N129,K7KJB2,0
I1K089,I1LVL7,0
I1K3F0,I1MHU4,0
I1KTI0,I1NC04,0
C6T9Z5,I1MW51,0
I1JLC7,K7LFD7,0
I1NHH3,I1K2I1,0
M1FIQ5,I1LJD2,0
A0A0R4J3C2,I1NFR9,0
I1JW26,C6T8C4,0
C6TKV3,I1K3X9,0
A0A0R0HM21,I1M7M5,0
I1LKZ0,I1NG45,0
I1L171,I1LDY8,0
A0A0R0FLV6,C6T034,0
A0A0R0K6I2,K7KGB3,0
I1LWP5,A0A0R0L7U5,0
A0A0R4J365,C6TIK0,0
I1MUS3,I1MBL5,0
C6T003,I1LBJ5,0
A0A0R0IT62,I1K506,0
A0A0R0HSV6,C6TG34,0
K7KNT9,I1L6H1,0
I1N1X2,I1LRR9,0
I1LBJ5,I1JX10,0
I1LDY8,C6T090,0
I1L7D4,I1N5Z3,0
I1K099,I1MSN3,0
A0A0R0K5H8,A0A0R0KIG7,0
A0A0R0KPE1,C6TGP5,0
K7MH28,I1M957,0
K7LI90,I1L3N6,0
I1M6V9,I1N8X8,0
A0A0R0L1N9,C6TAM7,0
I1K246,I1KBD9,0
K7L6K2,I1KBI7,0
A0A0R0J2W1,K7KES1,0
A0A0R0HW00,K7ML50,0
A0A0R4J5K6,I1MFF9,0
I1KZK2,I1KQD8,0
A0A0R4J653,I1LEI8,0
A0A0R4J653,I1KQI1,0
C6TGX5,I1KEC8,0
I1N846,M1FIS9,0
I1LBN7,K7KVN0,0
A0A0R0G8N1,I1M957,0
C6TE57,I1N447,0
I1L3Q3,I1MRV3,0
P93163,I1LU38,0
I1MGG7,A0A0R0IR73,0
I1LNZ9,I1N453,0
K7ME58,I1L1W0,0
I1J9U5,I1JC43,0
C6SZS1,I1LT87,0
P93162,C6SYW6,0
I1JGU8,A0A0R0L4P0,0
I1MMY0,I1M038,0
I1MZV4,I1N8V4,0
K7KMU1,K7KH93,0
I1LN92,I1MC96,0
I1NFR9,I1LDP9,0
I1NHN6,I1M5Z9,0
I1LBN7,A0A0R4J4H3,0
K7LHS7,C6TML7,0
K7KES1,K7KFY5,0
I1JPP8,I1J702,0
I1NDA1,A0A0R4J488,0
I1KRU0,I1JD07,0
K7KUG2,I1LI96,0
I1MU00,I1LCH2,0
I1JDN7,K7KLG8,0
K7L0E7,I1L4I9,0
I1J5W0,Q0EDG6,0
A0A0R0IWM0,K7LVH5,0
M1FP94,C6SWR4,0
I1JSD2,I1KTP1,0
Q42798,I1N2G0,0
C6TCH4,I1N1X2,0
I1LUZ5,F8WRI5,0
K7LJS8,I1KC40,0
A0A0R4J4H3,I1LRR9,0
A0A0R0KRF1,K7M2G2,0
I1NGL3,C6TJH2,0
I1MG54,K7M4J0,0
K7LDF3,I1MFN0,0
K7M5Q8,C6TE57,0
I1KEX8,C6SYE1,0
I1K1R5,I1KDA4,0
C6TCG0,I1JMY9,0
I1MQ30,I1LIK7,0
I1L1L3,I1LUT1,0
I1L2T1,C6SXD3,0
I1M325,A0A0R4J4H6,0
I1MQB9,I1MNU2,0
I1MCH7,I1MS33,0
I1MBN8,I1L6V0,0
I1KUN6,I1JD36,0
A0A0R4J309,I1LCP4,0
I1K0W7,K7K3R6,0
I1K6E7,A0A0R0J2W1,0
I1M6F0,I1MK72,0
I1LCG9,A0A0R0KPE1,0
I1LFG4,K7KMU1,0
I1MNU1,A0A0R0IZA1,0
A0A0R0J6N9,K7M0S3,0
K7KFY5,K7MPZ4,0
I1L1Q8,I1LN52,0
A0A0R0GTG6,I1KM19,0
K7K9D6,I1LBJ5,0
I1JMD6,C6T990,0
M1FIS9,C6TK27,0
I1MC96,A0A0R4J4D0,0
I1M592,A0A0R0GFL3,0
K7MPX8,A0A0R0HW00,0
I1JRJ3,I1LEQ3,0
I1KRC8,I1K1W8,0
K7MFZ6,Q0EDG6,0
A0A0R0GFH3,K7MY00,0
I1M6B9,A0A0R0KPE1,0
I1K963,I1MNU2,0
I1L4E5,K7LFU4,0
C6TC28,I1LQ62,0
I1M786,I1L3N6,0
I1K708,I1JUQ6,0
K7M6R4,A0A0R0L1N9,0
C6T211,C6T214,0
I1M1P1,I1MZ51,0
K7N1T9,I1LCZ2,0
I1MM97,A0A0R0JSC0,0
I1MQB9,K7KA65,0
K7M6J1,I1J9U5,0
A0A0R0L7U5,I1L4E5,0
K7KNC5,A0A0R0IM79,0
I1LNY2,I1LII4,0
I1JW26,I1N2Z4,0
K7LQS4,K7N129,0
I1JR22,I1JSY7,0
I1L4E4,I1M6V9,0
I1J9W9,K7MQT1,0
I1LMR4,K7L6K2,0
I1KIQ2,I1LF24,0
I1KL89,A0A0R4J5Z8,0
I1L0F0,E9KBR8,0
K7KF95,A1YUN0,0
K7MM52,A0A368UI76,0
I1JHJ8,A0A0R0GHT9,0
I1N483,Q9SWR5,0
I1L4E5,I1MJH1,0
M1FN38,C6SWU3,0
A0A0R0GPH9,K7L1E6,0
I1JCA9,I1LJH2,0
I1L694,I1KHJ4,0
I1LCJ2,A0A0R0G8N1,0
I1MGE5,I1MEQ6,0
I1MS26,I1JGU8,0
M1FIS9,I1LKY8,0
I1K089,I1JRV0,0
I1MK83,I1N019,0
C6T214,A0A0R0LK19,0
I1KP26,K7LCS7,0
I1M5Z9,I1K0W7,0
I1LA40,A0A0R0L9T4,0
I1KFF8,K7MNK5,0
K7LCL1,I1MF07,0
I1N4X6,I1K1W8,0
I1KQC3,K7KFZ9,0
C6T090,I1JUV6,0
I1MJH1,I1NFR9,0
E9KBR9,I1MLM1,0
I1KG02,A0A0R4J2L5,0
I1KSL6,C6T1V1,0
I1JVT1,I1LFD2,0
A0A368UH16,I1MUZ7,0
I1L7G4,I1JRV0,0
K7K3C2,K7LLN2,0
K7KTA9,K7MY00,0
I1L903,E3NYP3,0
K7MQG6,A0A368UJF6,0
K7KN04,I1K963,0
I1JT87,I1J5B4,0
A0A0R0K0C4,K7KGR8,0
I1NAL7,I1K0U5,0
I1L2T1,I1K3K8,0
I1MR11,K7MVE2,0
I1KS65,E3SXU2,0
I1MEQ6,I1LP31,0
I1LPW2,A0A0R0LKR7,0
A0A0R0IV41,A0A0R0FHD2,0
I1KZY8,A0A0R0JV11,0
K7MRW8,K7N563,0
C6SZG1,I1J7U9,0
I1LF24,I1JGB2,0
I1K1D7,I1K3U6,0
A0A0R4J4H3,I1KL32,0
A0A0R0FIP9,I1J8V8,0
Q2MJR5,I1M2S7,0
C6TN69,A0A0R4J646,0
A0A0R4J2Q5,K7K2H0,0
K7KX53,I1LD16,0
I1M225,I1N8M8,0
I1J9U5,I1KVG9,0
I1LIJ6,A0A0R4J2U8,0
A0A0R4J646,A0A368UGG7,0
K7LX60,A0A0R0EL31,0
I1JJX3,I1K0U5,0
K7MC85,I1KYL4,0
A0A0R0IZA1,I1KGY4,0
K7N563,K7MY00,0
I1MB99,I1MVZ6,0
I1JIA7,I1JPY7,0
C6TNW3,I1KTI0,0
A0A0R0J9Y6,I1KQE3,0
C6SWD1,K7L0V0,0
I1KDU3,I1LJ34,0
K7N145,K7KED0,0
K7KYM0,A0A0R4J4M9,0
I1KQP5,I1LCZ2,0
A0A0R0G3L8,C6T988,0
C6TNN4,Q8GZU9,0
K7K894,I1M1E5,0
I1K0W7,I1LQ64,0
I1KA75,A0A0R0GS00,0
B4YB10,C6SVR0,0
I1JHJ0,I1KDF1,0
I1MSN3,Q45FY8,0
I1MJJ9,A0A0R0EDS9,0
I1MLC3,A0A0R0IXT8,0
I1LI32,I1MNS7,0
I1K1I6,I1K9J7,0
I1KNG6,I1NJ53,0
I1JAI4,I1JUM3,0
I1LWB5,K7M9L4,0
I1M786,I1KUN6,0
A0A368UID0,I1NHH3,0
I1LUE0,I1KPB0,0
K7MNP5,C6TBL4,0
K7L6K2,C6TLW3,0
I1JE16,I1J9H6,0
I1N9J8,K7LMW2,0
K7MPI6,C0M0V4,0
I1NB48,I1KFF8,0
I1MTV9,I1K3U6,0
I1MIW3,A0A0R0GPR8,0
I1L6I6,K7KA65,0
K7KHN1,I1M2G5,0
I1KUF4,I1N850,0
I1MBA8,I1KQC3,0
I1NG45,I1ND31,0
A0A0R0LKR7,M1FP94,0
I1JD07,I1NAL7,0
C6T003,I1J5E3,0
I1M6F0,Q0EDG6,0
I1L332,I1N6D4,0
I1MJJ9,A0A0R0GJV8,0
C6T0A0,K7MTE7,0
K7LXY1,I1LDY8,0
K7L9M2,I1M368,0
I1KQP5,A0A0R0IV41,0
K7KNT9,I1NJ53,0
B0M1A1,I1K065,0
I1KIQ2,K7LFD7,0
A0A368UGC0,A0A0R4J4H6,0
I1M6M9,K7MDN4,0
I1KFQ1,A0A0R0JBV0,0
I1N3Z3,I1K938,0
K7KN39,I1MR79,0
I1KJF2,A0A368UHM9,0
I1MK72,I1LCG9,0
I1M957,Q2MJR5,0
A0A0R0KWT5,A0A0R0IEK0,0
I1KL32,C6TK30,0
I1LJ81,I1K4R8,0
C6TJM4,I1KTP1,0
M1FIS9,A0A0R0H668,0
I1MZJ8,C6TNM5,0
K7MB82,A0A0R4J4G7,0
A0A368UGC0,K7M0S3,0
A0A0R0JJI0,I1M7Y3,0
I1KBF7,A0A0R0HXH4,0
A0A0R0FTI5,C6TKV3,0
K7LRR9,I1N453,0
I1M6B9,I1L7J3,0
I1MHA5,I1LN52,0
I1M119,K7MVE7,0
K7LP01,K7LK09,0
I1JIA6,K7M4J0,0
I1LTG9,K7K894,0
A0A0R0E6T9,I1LUZ5,0
C6TJW1,E9KBR8,0
I1M643,A0A0R0E8K1,0
I1NGH7,K7KJB2,0
I1JIW1,I1LJG0,0
A0A0R0JQT2,I1MZV0,0
A0A0R0FZM4,I1LXI0,0
I1KQD8,I1JDN2,0
Q71EW8,I1LQ62,0
I1JZR6,I1MU00,0
Q42798,A0A0R0GPR8,0
Q39817,I1LBQ3,0
A0A0R0FA21,I1MEF5,0
I1KUS2,P01064,0
B4YB07,I1KS65,0
A0A0R0GTG6,I1K146,0
K7K7Q8,I1KVG9,0
K7KTS8,I1LJ81,0
I1JIW1,I1KI90,0
Q8W1A1,I1LBJ5,0
I1JET4,I1MQD2,0
K7L329,C6T990,0
I1K0W7,A0A0R0J7Q6,0
A0A0R0HSA0,K7LRR9,0
Q42797,Q9XE60,0
A0A368UI10,A0A0R0KR59,0
K7MEB1,K7K1V0,0
I1JRS5,B0M195,0
A0A0R0IEK0,K7M2G2,0
K7MGH8,I1JGX0,0
A0A0R0GU87,I1K506,0
K7KUK2,I1KCY5,0
I1N447,I1JT87,0
K7KN39,C6SXD3,0
I1JC50,P49084,0
I1KY31,C6T9Z5,0
I1JSG1,A0A0R0FUA1,0
K7KNC5,I1KD82,0
I1MR79,K7L145,0
E3SXU2,A0A0R4J365,0
I1KP26,A0A0R0HEG0,0
I1KA75,A0A0R0JQT2,0
I1LCG9,I1MV56,0
K7K9D6,I1M5S3,0
I1JC43,A0A0R0GBB6,0
A0A0R0FJR0,I1KRC8,0
K7KQZ8,K7MQD2,0
A0A0R0IZ75,C6TAB5,0
A0A0R0G1X4,I1MLC3,0
I1M1I7,I1JIH3,0
I1L4I9,I1MUP5,0
K7LTR0,K7LNG6,0
I1JVX3,K7MGQ2,0
K7M2G2,K7MUM5,0
I1J981,A0A0R0FUK3,0
C6T990,I1LV79,0
I1LGI3,I1J574,0
I1KM64,A0A0R0KY77,0
K7L2K6,I1MW74,0
K7LX60,I1KTY9,0
I1LLC6,C6TN61,0
K7LFD7,A0A0R0GYC5,0
K7LRR9,K7M353,0
A0A0R0K5H8,I1M292,0
I1N1X2,K7KIY4,0
I1JPY7,K7L5S0,0
I1J4T6,I1KWU9,0
I1J4T6,K7LIZ8,0
I1N8M8,A0A0R0K0K3,0
A0A0R0EJV2,A0A0R0EEW3,0
I1JSD2,I1MS33,0
I1ML63,I1N7G4,0
I1NE02,I1JS15,0
K7K2H0,I1KQE3,0
C6TNN4,K7LQS4,0
K7K127,I1N8X8,0
I1J702,Q56GA2,0
A0A0R0JYX3,E9KBR9,0
C6TIQ9,A0A0R0EEW3,0
K7KQZ8,I1N7M0,0
I1JEC6,K7LJ17,0
I1M2S7,I1M038,0
C6TD23,I1KUX4,0
I1K0W7,K7L2K8,0
I1LNZ9,I1JDN7,0
I1M998,I1N976,0
I1KJB2,I1NFB9,0
C6TE39,A0A0R0GYC5,0
I1NA94,K7MZN9,0
I1LH27,I1JEC6,0
I1NHF4,I1K970,0
I1N5R9,I1M5Z9,0
A0A0R4J653,C6TJM4,0
K7MFE5,A0A0R0FAJ6,0
I1JNF2,I1LXY1,0
A0A0R0IF42,A0A0R0LBA6,0
A0A0R0F392,I1LG65,0
I1N2Z4,M1FP94,0
C6TK27,A0A0R0L317,0
I1LZ51,A0A0R0GAQ8,0
K7KYM0,C0M0V4,0
I1KRC8,I1LP31,0
I1LU38,K7LFD7,0
I1LAH1,K7M862,0
C6TK31,I1NHF4,0
A0A0R0GAV8,I1KBD9,0
I1LUV4,I1LU38,0
I1KJG4,I1N019,0
I1M2U6,I1JMK4,0
A0A0R0GS00,A0A0R0EL31,0
I1KNA2,K7MUS8,0
I1MGY9,I1KAD1,0
A0A0R0G8N1,K7L2K6,0
I1JS15,I1LKD9,0
I1N7M0,A0A0R0FTJ2,0
I1JV03,I1L285,0
I1L7G4,I1MQC8,0
I1LVN3,C6SZ70,0
A0A0R4J536,I1J8V8,0
K7MC85,A0A0R4J3C2,0
I1JAH7,C6SWH0,0
I1LEC3,K7L0V0,0
I1MR11,I1J702,0
I1M3Y7,K7MEB1,0
I1JE14,I1LQ55,0
I1MXY0,I1KTI0,0
A0A0R0IAM2,I1MZJ8,0
I1LNF0,I1MG38,0
K7LEU7,I1MNU2,0
A0A0R0HSA0,I1L2Q0,0
I1MZ51,I1K467,0
K7KTA9,I1KZK2,0
C6T336,I1KL89,0
K7LDF3,I1MTV9,0
I1JRV0,E3WC98,0
I1M6M9,C6TNW3,0
K7L476,I1KQU2,0
C6TCJ0,K7KX46,0
I1KLS0,I1KQD8,0
K7MGQ2,I1K963,0
I1M592,A0A0R0FLV6,0
C6TBU3,K7KHN1,0
A0A0R0E2R0,I1KAR1,0
I1KGM8,K7KX53,0
I1K1R5,I1JSY7,0
I1L5I2,I1L2T1,0
I1M119,I1L2Q0,0
I1L4E4,I1M8U0,0
I1N5H5,A0A0R0L419,0
I1MW51,I1MEQ1,0
I1JGB2,A0A0R0KWT5,0
I1KBV2,K7M6Z2,0
I1LV18,I1JET4,0
I1JC65,I1JGU8,0
E9L575,A0A0R0FEC1,0
E3SXU2,K7L0E7,0
K7M846,A0A0R0IJF6,0
I1JIS3,I1N696,0
A0A0R0HV63,I1LP98,0
A0A0R0F6H1,I1NC04,0
I1LIT1,P93163,0
A0A0R0HDW2,I1M269,0
I1KQP5,I1LUV4,0
K7KHN1,I1LWB8,0
I1K506,I1M1W3,0
K7LQS4,I1LJG0,0
I1JSD2,I1KYL4,0
I1L6I6,C6SWR4,0
I1J547,I1LWD6,0
I1K963,I1NCF8,0
I1KRL9,I1MDD8,0
B0M195,I1KAR1,0
K7LDF3,I1JGK9,0
I1LCP4,I1J709,0
I1KJF2,I1JD36,0
A0A0R0KN53,I1JK59,0
I1KAJ9,E9KBR9,0
A0A0R0HSV6,C6TK30,0
A0A0R4J488,A0A0R0L828,0
I1KIQ2,I1JJN8,0
I1KL89,I1MS33,0
I1K3U6,I1M5N0,0
K7M353,I1M6V9,0
C6T9W4,A0A0R0HSV6,0
K7MVE7,I1LKN9,0
K7MRW8,I1KQU2,0
I1KM01,K7KP05,0
A0A0R0J5Y2,K7KRK6,0
I1N551,A0A0R0L0E7,0
A0A0R0H668,I1LMA5,0
Q39817,I1MQW6,0
I1LJ34,K7KES3,0
I1L903,K7L4N7,0
A0A368UGC0,K7KHU1,0
I1LIG9,A0A0R0F695,0
I1JYT2,I1LEQ3,0
I1LWX5,C6TML7,0
I1M643,I1JD36,0
A0A0R4J455,I1JZE1,0
K7M5U7,K7KK86,0
I1MV80,A0A0R0E8K1,0
I1K3K7,I1KFP9,0
I1M7Y3,A0A0R0HV63,0
I1JMH3,I1JQY7,0
I1N4F6,K7MKF1,0
I1LCR6,I1K2I1,0
I1MZT5,A0A0R0KR59,0
I1MEQ1,K7LSJ2,0
Q2MJR5,K7KTA9,0
I1LI05,I1JM18,0
C6TK31,A0A368UIC9,0
I1MKX7,I1MNV2,0
I1KC40,I1JW06,0
I1J8P0,I1M8A1,0
I1KV61,K7LU89,0
I1L5L1,I1LHR6,0
I1NC50,E3SXU2,0
I1K3F0,C6TIQ9,0
A0A0R0K6U3,C6T2F8,0
C6TJW1,I1LUV4,0
C6SVB8,P01055,0
I1MEA7,A0A0R0K6I2,0
I1KHK1,I1M2G5,0
Q9SWR5,I1N5S0,0
Q6SPR2,I1LZ51,0
I1M3Y7,A0A0R0FAJ6,0
I1KJX6,I1N453,0
A0A0R0KN53,K7MMD7,0
C6TA11,I1MG38,0
I1M786,A0A0R0JRB0,0
C6T7K0,A0A0R0FVX1,0
K7KMU1,I1JV68,0
A0A0R0ICK4,I1KM27,0
I1LGS0,I1LUZ5,0
I1JUU2,K7MKF1,0
A0A0R0JQT2,I1LPJ8,0
K7LJ17,K7MUD4,0
I1L4E5,K7MMD7,0
I1K9W3,K7MYK9,0
I1JCB1,K7L145,0
I1JS41,C6T972,0
I1KZY9,A0A0R0IW53,0
K7MRF5,I1M3W1,0
I1J574,A0A0R0JI98,0
I1JS15,C6TK31,0
I1N3Z3,I1KUF4,0
I1KEC8,C6TJH2,0
I1N5H5,I1JF82,0
I1LWD6,I1MUR2,0
I1LLS4,I1N5V6,0
I1LKY8,I1KUS2,0
I1JXS8,I1JN65,0
I1MNU2,I1MK72,0
I1J709,I1L880,0
K7M849,I1N3U5,0
I1JQ20,A0A0R4J5B7,0
I1JU23,I1LRR9,0
A0A0R0K6I2,A0A0R4J4H3,0
I1L694,K7KLG8,0
Q42797,K7K149,0
M1FIQ5,I1LKV0,0
I1JUQ0,I1M786,0
Q39817,A0A0R0FX75,0
K7LMW2,I1KG02,0
I1KNA2,K7M864,0
I1N5D5,K7K3C2,0
I1LSB5,I1JAH7,0
I1LJD2,I1M5N9,0
I1KAD1,K7KNT9,0
K7MYK9,I1LKN9,0
I1KQ70,I1M1P1,0
A0A0R0GG06,I1LJD2,0
I1MHG6,A0A0R0HW00,0
I1MNS7,K7MH28,0
I1KP26,C6SW04,0
A0A0R0HLZ4,I1NG17,0
I1LBN7,I1JV03,0
A0A0R0GYZ9,I1KYS8,0
K7LR18,K7KW44,0
K7MUD4,I1MP75,0
I1LZ93,I1MZ51,0
I1JXJ3,I1MJJ9,0
I1M1I7,A0A368UI76,0
I1KPN4,C6TM45,0
I1KDU3,K7LX60,0
K7N3Z1,Q9AWB2,0
A0A0R0JV11,K7L5S0,0
Q8LPW2,I1JVT1,0
A0A0R0JRB0,K7KES3,0
I1K5E7,I1K0E4,0
I1JM15,C6TGZ1,0
I1KJD2,C6T7K0,0
I1KM27,I1LPE4,0
K7LU89,C6TI98,0
A0A0R0HDW2,I1LBJ5,0
K7K149,I1K669,0
I1LA49,I1LI93,0
I1JN65,I1K7G0,0
I1LD16,C6TML7,0
I1KNB5,A0A0R0G3R9,0
C6TAW2,I1J9W9,0
K7N129,I1LDB6,0
I1KS56,I1LIQ3,0
I1KJF2,A0A0R0GHT9,0
K7MUC8,C6TIQ8,0
A0A0R0H537,I1NB48,0
A0A0R0EKI7,I1JSG1,0
C6TNW3,I1LEC3,0
K7KH93,A0A0R0K4Z5,0
I1KTP1,I1JHQ1,0
I1MUC6,I1K9G7,0
A0A0R4J618,I1JIS3,0
K7MC85,A0A0R0FA21,0
A0A0R0HV63,C6T217,0
A0A0R0KFY8,A0A0R4J2Y1,0
I1JFW4,K7KLG8,0
A0A0R0K4Z5,A0A0R0EKB4,0
A0A0R0FJR0,A0A0R0EWR2,0
K7M6Z2,I1MLF1,0
C6T1V1,A7X641,0
I1LIU7,I1L4I9,0
A0A0R0F214,K7M6Z2,0
I1LJG0,I1K5I3,0
I1LST6,A0A0R0IWM0,0
A0A0R0FAD6,K7N1L5,0
I1KS56,I1KZY8,0
I1M8U0,Q1W376,0
C6TCJ0,K7KGB3,0
I1KUX4,I1M592,0
I1KBD9,A0A0R0JBV0,0
K7LFU4,I1MF07,0
I1LGD6,A0A0R0GYZ9,0
I1JVX3,I1NHN6,0
E9L572,C6TK27,0
I1LXI0,I1NE42,0
A0A0R0JQT2,I1N8F6,0
I1MVC6,A0A0R0FHD2,0
A0A0R0GWH6,K7LLF8,0
I1NA38,K7MJ75,0
B0M1A1,A0A0R0IT62,0
I1JNF2,I1JX10,0
I1L6H1,I1N4F6,0
I1K3G1,I1NFR9,0
K7LCL1,K7L2K8,0
I1MK72,P62302,0
I1L2T1,I1KIJ1,0
I1JGX0,A0A0R4J2U8,0
I1LST6,K7K5C0,0
K7KHN1,A0A0R0JBV0,0
P01055,I1K3F0,0
I1KBF7,K7MB82,0
I1K938,I1MW51,0
A0A0R0EL31,I1ML63,0
I1MZV0,I1L3P5,0
I1LN52,I1JX17,0
I1JPY7,A0A0R0L9T4,0
I1JA30,I1L1L3,0
E9L575,I1KY31,0
I1JRV0,I1MM97,0
K7KUE8,I1KDU3,0
I1L7J3,I1LZ93,0
A0A0R0FEC1,I1LLS4,0
I1JUM3,I1ML63,0
I1MR11,I1K938,0
K7MNK5,I1NFR9,0
A0A0R0IW53,A1YUN0,0
I1K565,I1JIH3,0
I1JUQ0,I1KPB0,0
A0A0R0G1X4,I1JZR6,0
A0A0R0K4Z5,I1KBI7,0
A0A0R0IZA1,K7KES3,0
K7M841,I1L1A1,0
F8WRI5,I1MF42,0
I1M957,I1KHK1,0
C6SVB8,I1MFN0,0
K7M6R4,I1NJ85,0
C6SXD3,K7L4N7,0
M1FIQ5,I1L1W0,0
I1LWD6,K7N525,0
A0A0R0GUR9,I1KL32,0
I1KM07,I1NCN7,0
I1N7F4,I1L6A2,0
I1MJJ9,A0A0R4J583,0
A0A0R0KE62,I1KCA3,0
I1KJR2,C6TJ17,0
I1K565,A0A0R0HEM4,0
I1LJG9,I1N7F4,0
K7MZN9,K7MQT1,0
I1MU00,I1K2I1,0
P01070,A0A0R4J4G7,0
I1M3W1,I1KPN4,0
I1LUV4,K7KKT1,0
K7KN13,I1KAJ9,0
Q43463,I1J547,0
I1J7U9,I1L7D4,0
Q0H950,I1L4E4,0
I1M1E5,K7KNC5,0
I1M643,I1LTW8,0
I1M5N9,I1KEC8,0
K7M6Z2,A0A0R0F5Y7,0
I1MUM8,K7K9D6,0
I1JIW1,I1MIW3,0
K7LNG6,C6T7K0,0
A0A0R0L1N9,I1LCJ2,0
I1MCH7,I1JT87,0
I1JZE1,I1K925,0
K7MDN4,I1MV80,0
I1LEI8,B4YB10,0
A0A0R0K188,I1MF26,0
I1KP66,A0A0R4J455,0
I1KL32,I1L759,0
C6SVA8,A0A0R0GAQ8,0
C6SXG9,A0A0R0G3R9,0
I1MUN6,Q9M6D6,0
B0M195,I1JMH3,0
Q0H950,I1KDA4,0
K7KW44,I1N4X6,0
I1KM88,I1JRV0,0
A0A0R0E2R0,C6TCH4,0
K7KES1,K7KGR8,0
A0A0R0FNY5,I1JN65,0
C6TBU3,I1NCF8,0
I1LV18,I1MQC8,0
K7KQZ8,A0A0R0JQT2,0
I1KSL6,I1LCJ2,0
I1N898,I1JET9,0
I1K7G0,A0A0R4J461,0
I1KBF7,A0A0R0IZA1,0
I1JWE9,A0A0R0EDS9,0
I1JW26,I1JF82,0
I1KZJ9,K7KGR8,0
I1KA75,C6TC28,0
I1K669,I1LCH2,0
A0A0R0KY77,I1NJ53,0
C6T211,A0A0R0L828,0
I1LKN9,I1LBJ5,0
F8WRI5,I1MNV2,0
Q43463,I1JIA7,0
C6TML7,I1M786,0
I1JMD6,I1MW51,0
K7LXN4,C6SWU3,0
K7M862,A0A0R0KRN8,0
I1JPP8,A0A0R0H141,0
K7LG20,A0A0R0JYX3,0
I1L7G4,I1MIX6,0
I1JRJ3,A0A0R0EMR0,0
I1LIT1,P93162,0
K7LFU3,K7LJS8,0
I1JWE9,I1LPK5,0
I1JRU7,M1FP94,0
I1KM01,I1M8F0,0
I1N6D4,C6TMK2,0
C6TE39,Q84L66,0
A0A368UH16,K7M849,0
I1LTM1,C6SYE1,0
I1JDN2,I1NAJ5,0
I1MQB8,I1M3Y7,0
I1JW26,I1MIX6,0
A0A0R0E2R0,C6T972,0
A0A0R0JEV3,I1KJB2,0
A0A368UIA0,I1L0G2,0
I1MJH5,K7KEQ2,0
I1M1D5,I1LR95,0
I1LVN3,I1JDU3,0
I1LCP4,I1LEI8,0
I1L1L3,Q45FY8,0
A0A368UIC9,K7K9T5,0
C6T090,I1JDN2,0
K7MUM5,C6TMK2,0
K7K3R6,I1KD82,0
I1MP75,I1KJF2,0
C6T217,K7KL60,0
I1LRL9,K7L0E7,0
I1NF53,I1LV79,0
C6TGA9,Q9M4R7,0
A0A0R4J455,K7KIY4,0
I1LUB3,I1M957,0
I1NHQ6,I1M5S3,0
I1M643,I1J4G8,0
I1MSN3,I1MG54,0
I1N780,K7MUS8,0
I1K1D7,I1MQW6,0
I1JB52,C6TAW2,0
A0A0R0GHT9,A0A0R0I5R9,0
A0A0R0K4Z5,A0A0R0HJR0,0
I1M130,I1N780,0
K7KX46,C6TIK0,0
C6TKV3,C6TM45,0
A0A0R4J309,K7KAB4,0
I1NJ53,I1MF07,0
A0A0R0ENB3,I1LH18,0
I1LPK5,I1MP75,0
I1MF26,K7MQG6,0
I1MK72,I1M946,0
A0A0R4J4D0,I1K9R1,0
I1KNV7,I1J5A4,0
I1JZR6,I1JE51,0
I1KJ84,A0A0R0HM21,0
A0A0R0FA21,I1LWB8,0
C6SV60,K7MY00,0
I1N5H5,I1NE42,0
A0A368UID0,I1K1D7,0
A0A0R0FAJ6,I1K5J7,0
I1JJX3,C6TK27,0
A0A0R0E934,I1MGE5,0
I1M2G5,I1KCY5,0
I1KXP5,I1MZF9,0
I1M2G5,I1KEC8,0
A0A0R0IF61,O22518,0
I1MUC6,I1KTY9,0
A0A0R0JYX3,I1JZ64,0
I1LI96,I1KEC8,0
I1KZY9,C6TLW3,0
I1K1D7,A0A0R0IM79,0
I1NG45,I1MM35,0
I1K215,C6SYW6,0
Q2TUW0,A0A0R0HV63,0
I1ND31,I1K6E7,0
I1K4R8,I1LP31,0
I1KJR2,I1JJX3,0
I1K146,I1K0A7,0
I1M3Y7,A0A0R0F214,0
I1LUL2,K7LEU7,0
I1LSW3,I1LR48,0
K7MQG6,B0M1A3,0
I1JF58,K7LFD7,0
I1JA30,I1MVC6,0
K7KYM0,I1JCA9,0
I1K5B7,I1MRP0,0
I1MMY0,K7KHN1,0
I1LDB6,K7MUV9,0
A0A0R0LK19,Q06197,0
A7X641,A0A368UGC0,0
I1JLC7,I1N846,0
K7M466,A0A0R4J3I7,0
I1MIX6,I1JA95,0
A0A0R0K5H8,I1JDN2,0
I1NBA2,I1LV18,0
I1KQI1,I1JMK4,0
I1K5I3,I1MK83,0
A0A0R4J455,A0A0R0K6U4,0
K7K3C2,I1MHG6,0
A0A0R0FFT1,C6TAW2,0
I1N7M0,I1M1P1,0
K7N3Z1,I1LV18,0
I1J5W0,C6T336,0
I1M487,I1N453,0
C6TNW3,A0A0R0FXD4,0
K7MPX8,Q42798,0
A0A0R0IEK0,I1L759,0
K7K127,A0A0R0L1N9,0
I1JE11,I1N8T4,0
I1MUN6,Q94C02,0
A0A0R0EKB4,I1MUM7,0
I1LPC2,A0A368UGC3,0
I1KQ73,I1KZY8,0
I1KS98,A0A0R0GPH9,0
I1N696,I1MG38,0
K7MUS8,I1K3E9,0
K7N1T9,I1N4X6,0
A0A0R0KVY6,K7MXE0,0
I1KMS8,I1J9W9,0
I1JRS5,I1LCJ2,0
K7LTG4,A0A0R0K0C4,0
A0A0R0K0C4,I1LL05,0
I1JN65,K7M4K7,0
I1K4L3,A0A0R4J653,0
I1KPN4,I1N8M8,0
A0A0R0KR59,I1LF90,0
C6T5U0,I1N448,0
I1KS65,I1J765,0
I1NDA1,C6T2F8,0
I1NFR9,A0A0R4J2H3,0
C6T1E8,A0A0R0HEG0,0
I1N5R9,I1K0W7,0
A0A0R0GFH3,A0A0R0GU87,0
C6SWD1,I1LQ55,0
I1MNU1,C6TML7,0
I1JFW4,A0A0R0K6U3,0
C6SVB8,K7KNT9,0
I1KV61,I1MM97,0
I1N411,I1LN92,0
K7LLV5,I1L2Q0,0
K7LMW2,C6SWU3,0
K7KF95,C6TGA9,0
A0A368UIC9,I1KHK1,0
I1L694,I1KYL4,0
I1L880,K7MUD4,0
K7KH93,K7MRF5,0
Q2PMU5,A0A0R0FTI5,0
I1M3A3,A0A0R0GPR8,0
I1JPH8,I1LEF5,0
C6TA11,A0A0R0IR73,0
A0A0R0FNY5,C6TJW1,0
I1LPW2,C6T1G9,0
I1KGM8,A0A0R0L1N9,0
A0A0R0IT62,I1LGR6,0
I1K3G1,C6T211,0
I1N2Z4,Q2PMQ4,0
K7N1T9,A0A0R4J646,0
I1ML11,I1MCK2,0
I1N5H5,C6SZ88,0
I1JUK7,I1LUE0,0
I1K3R3,I1KRV5,0
K7LSZ2,Q42798,0
C6T2G5,I1JGK9,0
I1LI93,I1K6T6,0
I1NHX1,I1LUB3,0
I1MQD2,I1JIA7,0
I1M8A1,I1MNV2,0
I1J574,I1KD82,0
Q1M320,A0A0R0HW00,0
C6TIQ8,I1MUC6,0
Q84L66,I1M8F0,0
C6T988,I1MK72,0
I1KQE3,I1M225,0
K7KL60,I1MGG7,0
A0A0R0IAM2,C6TLW3,0
A0A0R0EL31,I1JR22,0
A0A0R0JBL2,K7N0V8,0
A0A0R0L9T4,I1JHQ1,0
I1MUM8,G3E7M6,0
I1LLS4,I1JA95,0
C6THB5,I1L285,0
I1K1W8,C1PHB8,0
B0M1A1,I1JIA6,0
I1MZ53,K7M6R4,0
C0M0V4,A0A0R0FLV6,0
A0A0R0KMM9,I1MEQ1,0
I1KZJ9,I1K1D7,0
I1LBA8,I1LJD2,0
A0A0R0JBL2,I1J4B5,0
I1M4B9,I1MZ08,0
A0A0R4J4M9,I1KQU2,0
I1KUX4,K7KRK6,0
I1KHJ4,A0A368UJF6,0
I1KBF7,I1KUB2,0
I1JCQ8,I1K9R1,0
I1L4E5,K7KFY5,0
I1LLC6,Q42798,0
I1M1P1,K7N145,0
I1MIX6,K7N1X2,0
I1KC50,I1KFL5,0
I1M946,A0A0R0JQJ0,0
I1L540,K7MH28,0
K7KR21,K7MUD4,0
K7MUS8,I1MXY0,0
I1LIU7,I1KM88,0
I1KDA4,C6T0A0,0
I1KM19,I1LP31,0
I1NCF8,A0A0R0HSY5,0
Q42798,C6T027,0
I1N453,I1JQY7,0
I1KFL5,K7KTY4,0
I1KDF1,I1L880,0
K7LCS7,I1J4L6,0
K7KHN1,C6TCH4,0
I1LI96,K7LFD7,0
K7KH93,P62302,0
K7L4N7,Q70MR5,0
I1LEQ3,Q39817,0
A0A0R0ICK4,K7KLY3,0
A0A0R0HSV6,K7KN04,0
I1LGD6,I1JUM3,0
K7LH46,A0A0R0JBV0,0
I1KDA4,C6SVA8,0
I1KUF4,I1LMA5,0
C6TK30,A0A0R0L4P0,0
A0A0R0JSC0,A0A0R0GFL3,0
I1M5S3,I1MJH5,0
I1JCQ8,A0A0R4J653,0
C6T211,F8WRI5,0
C6TER0,I1KDR4,0
I1LPC2,A0A0R0GPR8,0
K7L9M2,I1LP11,0
I1LPC2,I1M2S7,0
A0A0R0HXK5,I1MXY0,0
C6TK73,A0A0R0HSY5,0
A0A0R0IF61,A0A0R0JC18,0
K7KNG2,I1J8W6,0
A0A0R0KN53,I1KWU9,0
I1JMX7,A0A0R0JEV3,0
A0A0R0KPE1,A0A0R0L1N9,0
I1KBD9,K7MUS8,0
I1LKN9,K7LH46,0
A0A0R0L5Q1,I1K7G0,0
I1K925,K7M9T4,0
Q06197,K7M9L4,0
I1N4F6,A0A0R4J618,0
I1LI96,I1M5S3,0
C6SWD1,I1JYT2,0
I1L9P5,I1LXK8,0
I1J547,I1L1Q8,0
C6SZ46,I1LGI3,0
K7KP05,A0A0R0ELE0,0
K7KA65,I1K669,0
A0A0R4J3X6,I1J8C9,0
I1N976,I1N3U5,0
I1JB64,I1M368,0
I1K467,I1N8T4,0
I1NG45,K7K9T5,0
A0A0R0E934,I1LIU7,0
Q70MR5,K7K355,0
K7K4C7,I1LXK8,0
C6T972,B0M1A3,0
I1MS33,I1KZX6,0
I1J8V8,A0A0R0IAM2,0
K7MVE2,A0A0R0IAM2,0
Q42797,A0A0R0E8K1,0
A0A0R0IXT8,I1K065,0
A0A0R0JI69,K7K4Y8,0
A0A0R0IW53,I1MW74,0
M1FN38,I1NF53,0
I1MCK5,E3SXU2,0
K7LTG4,I1JQP8,0
C6T211,K7MPX8,0
I1N0L1,B4YB07,0
I1JIW1,C6TJ17,0
I1J702,K7KP05,0
I1LCH2,K7KGB3,0
A0A0R0JEV3,A0A0R0EL31,0
I1KZ09,I1K7G0,0
A0A0R0G8N1,I1KAD1,0
I1LL05,C6TJ17,0
I1L6V0,C6TE39,0
I1JUK7,P17093,0
I1MEF5,I1JS41,0
I1N8F6,K7LRR7,0
K7KNT9,I1MBI6,0
C6TLW3,A0A0R0FTJ2,0
C6T336,I1MV08,0
K7LJS8,I1JDK2,0
I1K1I0,A0A0R4J4C5,0
I1N7G4,C6SWD1,0
A0A0R0KJM2,K7L1E6,0
I1JKG7,I1MHU4,0
C6TJW1,K7KN39,0
A0A0R0K6U4,I1MZT5,0
I1J709,I1LPC2,0
I1JUU2,K7KTA9,0
I1KD82,C6TN69,0
A0A368UJF6,I1MZV0,0
I1L9K4,A0A0R4J3I7,0
C6TE39,I1JYG3,0
I1KXK6,I1JET9,0
A0A0R0GWH6,I1N551,0
A0A0R0HEI5,C6TIK0,0
I1N976,K7M6J1,0
A0A0R0FB78,A0A0R0GJV8,0
I1L4I9,I1L880,0
Q9AWB2,K7K4C7,0
K7L939,I1JI54,0
C6TJ97,I1L367,0
Q2PMQ4,I1M325,0
I1MF07,I1J8P0,0
K7MB82,I1KUS2,0
I1NE42,I1JB64,0
I1MNU2,I1MLD5,0
K7MQD2,Q9XE60,0
I1MP75,I1MRK4,0
I1LUZ5,I1LKN9,0
A0A0R0EEW3,I1MTV9,0
A0A0R0GUR9,I1KBF7,0
C6TK27,I1N5V6,0
K7KEQ2,I1LPJ8,0
K7LIE3,I1J4L6,0
K7N0V8,I1NG45,0
I1LIK7,C6SZG1,0
A0A0R0HSH0,I1LJH2,0
K7KYJ6,I1NFR9,0
I1K9G7,I1M998,0
K7K318,A0A0R4J536,0
I1K1I0,I1LF24,0
A0A0R0FIP9,C6SXT9,0
I1KUS2,I1JMK4,0
I1K3E9,K7KL60,0
I1MKX7,C6TAM7,0
I1LHS8,I1J4L6,0
K7LXY1,I1KNV7,0
K7LVH5,C6T2G5,0
K7M9T4,Q9AWB2,0
I1KI90,I1MX88,0
I1MF50,I1KUS2,0
I1KGY4,I1KS65,0
K7L9S8,I1JRV0,0
A0A0R0H141,I1MHK8,0
A0A0R0EUJ0,A0A0R0L0E7,0
Q9SWR5,I1N344,0
I1LFG4,I1KJG4,0
I1KNV7,I1KTY9,0
I1LNF0,I1JUQ6,0
K7MY00,I1KM27,0
I1N7M0,K7MB82,0
K7LXN4,K7MXF1,0
I1MLF1,A0A368UI10,0
A0A0R0L0E7,P49084,0
I1J981,I1JW06,0
I1LA49,K7LU89,0
A0A0R4J461,I1M8A0,0
I1M5N0,I1K5B7,0
C6TAB5,I1M277,0
I1L5I2,K7MJ75,0
I1NA38,I1LFG6,0
C6T034,I1N483,0
C6TE57,A0A0R0EAZ9,0
K7LFD7,K7K1V0,0
I1KPN4,K7KUE8,0
A0A368UI76,C6TML7,0
Q9SWR5,I1LIQ3,0
B0M195,K7MM89,0
K7KNC5,I1K467,0
K7N145,I1MC96,0
C6SYW6,I1MCK2,0
A0A0R0J9Y6,I1M6V9,0
I1LG13,I1KNB5,0
A0A0R0F695,Q84L66,0
I1K4L3,A0A0R0JQJ0,0
I1JDU3,I1M2S7,0
K7K3R6,K7LFU4,0
C6TJ97,I1KNB5,0
K7LSZ2,A0A0R0FEN3,0
I1LPK7,I1M1E5,0
A0A0R0LBA6,I1NAL7,0
I1J9U5,I1L2H4,0
I1JZ99,A0A0R0GWH6,0
K7L6N7,K7KNT9,0
C6TK31,I1KUS2,0
K7MNP5,I1JQK9,0
A0A0R0JI98,A0A0R0IM79,0
A0A368UJ62,K7MUM4,0
K7N129,I1JA30,0
K7MLC5,K7MNE6,0
I1M796,I1KJG4,0
I1N7G4,K7LTV8,0
I1KQD8,I1J8P0,0
K7LHS7,C6TEN9,0
I1JI54,I1M6B9,0
I1JFW6,I1K708,0
I1LIT1,I1MCK5,0
A0A0R0ICK4,I1LVL7,0
K7KTS8,I1KJ81,0
I1JJB8,I1KH38,0
Q9FQD3,A0A0R0GFH3,0
I1NE02,A0A0R0IF33,0
C6TCH4,B0M1A3,0
C6T065,I1MYD2,0
I1KGM8,I1N8F6,0
C6TBL4,A0A0R0L9T4,0
K7KX53,Q70MR6,0
A0A0R4J536,Q6SPR2,0
K7M6R4,K7KAB4,0
I1MTV9,A7X641,0
I1LQ64,I1J8C9,0
I1JAH7,I1N5H5,0
I1N3U5,I1JKK4,0
I1JE16,I1L285,0
I1KD82,I1M4L1,0
C6TK27,I1NCF6,0
C6SXG9,I1KBF7,0
I1MJJ9,I1KCY5,0
B4YB07,K7KJI6,0
Q2PMP9,C6TK27,0
I1LCH2,A0A0R0F719,0
A0A0R0GFH3,I1J8M6,0
M1FP94,K7MVE7,0
A0A368UJF6,I1JDN2,0
K7MGH8,I1JB52,0
K7KTY4,I1JIK2,0
I1JKG7,I1KYL4,0
K7K1V0,I1MKX7,0
K7LSJ2,I1MF26,0
A0A0R0FGT9,C6T8C4,0
C6SWL4,I1L5U9,0
P93163,I1MM97,0
I1JV03,E3WC98,0
I1N696,A0A0R0IYY7,0
A0A0R0GTG6,I1KQ73,0
I1L2H4,K7L6K2,0
I1KQ70,I1NG17,0
I1LA39,P01064,0
I1JY66,I1K4R8,0
I1JM15,I1KCM4,0
I1J9H6,I1JA30,0
A0A0R4J4M9,I1KTI0,0
I1LH18,I1LG13,0
I1MF50,I1KJB1,0
I1N411,I1LJG9,0
I1NB01,K7M0S3,0
C6TAW2,A0A0R0L4P0,0
A0A0R4J455,A0A0R4J461,0
I1LIU7,I1KUB2,0
I1JFW6,I1JSY7,0
I1M311,I1JZ64,0
K7KW44,A0A0R0FAD6,0
I1LVL7,I1LP31,0
I1LTG9,I1LWB5,0
I1LL05,I1LPJ8,0
A0A0R0EJV2,I1JDN7,0
K7KYJ6,I1LGI3,0
I1J4G8,I1L4E2,0
I1NFY2,I1N448,0
I1JE14,I1LIA8,0
I1L6H1,I1M6B9,0
I1K1I6,I1L6V0,0
K7LLV5,A0A0R0IW53,0
F8WRI5,A0A0R4J4M9,0
I1L4E5,I1JDN7,0
K7MUV9,A0A0R0E2R0,0
I1MK72,A0A0R0GG06,0
I1LA49,I1JY66,0
I1L0G2,K7LVH5,0
I1MUM8,I1M5N9,0
I1MC96,I1MFN0,0
I1LJD2,I1LG13,0
I1KG02,I1N5S0,0
I1K708,I1KQC3,0
K7LCS7,Q94C02,0
I1MUM8,I1KNA2,0
C6THB5,I1JMD6,0
I1KT08,I1JV68,0
I1KDP2,D2D5G3,0
C6T8C4,I1MNV2,0
D8WJ57,I1KDU3,0
A0A0R0E934,I1N4F6,0
A0A0R0FTJ2,I1L5I2,0
A0A0R0I5R9,I1KUE8,0
C6T099,I1LKN9,0
K7LCL1,I1K5J7,0
I1KDF1,K7MGH8,0
I1JSG1,I1ND31,0
I1KNI7,I1KCY5,0
I1LI96,I1LCP4,0
I1JQF4,I1LT87,0
K7KYJ6,I1MLJ0,0
I1KZ09,K7LEU7,0
A0A0R4J4M9,A0A0R0IQ72,0
C6TAW2,I1LLH3,0
Q45FY8,C6T9Z5,0
C6T988,K7N5K2,0
I1JC43,A0A0R0KVY6,0
K7M387,E3WC98,0
K7LLF8,I1MK72,0
A0A0R0K5H8,I1NB01,0
I1KFL5,I1JZ99,0
I1M325,A0A0R0GAQ8,0
I1JMY9,I1KRU0,0
A0A0R4J4D0,M1FP94,0
A0A0R0I5R9,I1JRJ3,0
C6TE39,C6T990,0
I1LIK7,K7KED0,0
A0A368UI50,K7KQZ8,0
I1KJ84,I1LLC6,0
K7LFD7,C6TK27,0
P45621,C6T8S2,0
C6TM45,I1LEQ3,0
I1MW51,I1JAH7,0
I1J8C9,I1JWE9,0
G3E7M6,I1KRV5,0
I1N5V6,I1JGK9,0
I1M487,I1LLJ4,0
K7M4J0,I1MBI6,0
I1J5W0,I1KIG1,0
I1JF82,I1LFG4,0
C6SZ46,I1KJR2,0
K7M841,I1N8V4,0
I1JS41,I1JYX2,0
I1L2Q0,A0A0R0JJK0,0
A0A0R0LIH0,K7KQZ8,0
I1KJB2,I1KUX4,0
C6TN61,C6T211,0
I1MHX1,C6TAB5,0
A0A0R0FFT1,I1NB01,0
K7L5S0,K7LFD7,0
A0A0R4J5K6,I1M2G5,0
A0A0R4J3X6,I1J4K1,0
C6T8S2,I1LUV4,0
A0A0R0KFY8,I1LIU7,0
I1LP11,A0A0R0LCZ4,0
I1JIW1,Q7XJ86,0
C6THB5,K7MNE6,0
I1JUM3,I1MDY5,0
I1MUR2,K7M6R4,0
A0A0R0EMR0,A0A0R0L828,0
I1K3R3,I1KC50,0
I1JE14,I1J4G6,0
I1LGD6,A0A0R0F719,0
I1LN30,C6SYE1,0
A0A0R4J2L5,A0A0R4J2H3,0
I1KS56,I1LCZ2,0
I1MZV0,K7KFZ9,0
A0A0R0EDS9,K7KES1,0
I1KBI7,A0A0R4J4D0,0
M1FIQ5,I1LP98,0
K7K2H0,I1LJG9,0
I1KUN6,Q45FY8,0
O22518,K7M841,0
I1JWE9,K7LWG6,0
I1J9I1,I1N5S0,0
I1M119,K7LG20,0
I1K1I6,K7MUM4,0
I1MUC6,A0A0R0GS25,0
I1LPJ8,K7L9S8,0
I1NG45,I1NIT4,0
A0A368UJF6,Q71EW8,0
I1LUV4,K7LRR9,0
I1KVG9,I1JV03,0
K7MPX8,I1LKD9,0
A0A0R0HSV6,I1MX88,0
K7K5R7,I1J5W0,0
I1N8C9,C6TGA9,0
I1L3N6,I1NHQ6,0
I1M1C4,A0A0R0EL31,0
I1N7B5,K7MS06,0
I1MEQ6,K7KYJ6,0
C6TAW2,C6T099,0
A0A0R0L7U5,K7M6R4,0
K7MM89,I1J8P0,0
I1N505,I1NB48,0
C6T214,I1LH30,0
I1KFF8,I1N8V4,0
C6SWU3,I1JHJ8,0
I1LDB6,I1LLC6,0
I1ND31,C6TN61,0
I1JUQ0,I1L645,0
K7MXH5,A0A0R0K188,0
I1MHK8,I1JGB2,0
I1KNG6,I1K5B7,0
A0A368UIC9,I1M5S3,0
I1KM07,I1KBF7,0
I1M5N9,A0A0R4J3C2,0
K7MYK9,A0A0R0HM21,0
C6SYE1,C6TBL4,0
C6T211,C6TE39,0
I1JT87,I1N2G0,0
I1KPE7,I1MUZ7,0
C6TC28,K7LWG6,0
I1KS56,I1JI54,0
I1L5U9,C6T003,0
I1M1W3,A0A0R4J455,0
K7KYJ6,I1MRP6,0
I1KAJ9,A0A0R0H8Q8,0
I1M6B9,I1LUZ5,0
K7KH93,I1JCB1,0
C6T0A0,K7KES1,0
I1LI96,I1KM27,0
I1KV61,I1MF26,0
P24337,I1NCF6,0
I1JR22,I1JS15,0
I1LL05,A0A0R0GAV8,0
A0A0R0F695,I1LV79,0
I1K3F0,A0A0R0GTG6,0
I1JUP2,K7MRW8,0
K7M466,M1FIS9,0
I1MAX9,A0A0R0JT51,0
I1MZJ8,I1JC50,0
I1JIK2,A0A0R0K0C4,0
I1N5Z3,I1KQ73,0
I1LUB3,K7MEB1,0
I1LUT1,I1MGG7,0
C6TJW1,A0A0R0HEI5,0
I1LJH2,Q9AWB2,0
K7KX53,I1KHZ8,0
I1KFF8,K7K8Y9,0
I1JC50,A0A0R0KE62,0
A0A0R4J4D0,I1LF24,0
I1MLM1,I1NCF8,0
I1JMD6,K7LLV5,0
A0A0R0JSJ9,C6TM45,0
I1KJB1,K7LK09,0
C6SWR4,A0A0R0FIP9,0
I1K089,C6TAB5,0
I1K1W8,I1LQ64,0
I1JRS5,I1MHG6,0
Q9XE60,K7N1L5,0
K7MUS8,I1J8E3,0
I1LXY1,F8WRI5,0
B4YB07,I1KG02,0
I1MYD2,I1MQC8,0
I1M5N9,Q2PMP9,0
I1MW74,I1MZF9,0
I1N5V6,I1L171,0
I1LHS8,I1JKP7,0
A0A0R0G3L8,I1ML11,0
I1JIS3,C6T1E8,0
I1J9H6,I1JKD2,0
I1MUP5,C6TA11,0
C0M0V4,A0A0R0LK19,0
I1MF50,A0A0R0KFY8,0
I1LCG9,I1NE02,0
I1L0G2,C6SV60,0
I1LJD2,I1MGG7,0
I1KK11,C6TKD8,0
I1MZV4,I1N447,0
A0A0R0K0C4,I1MV08,0
A0A0R0IWM0,I1KFF8,0
I1LGI3,I1K963,0
I1KNB5,K7L2K6,0
K7KJI6,K7MPI6,0
K7MLC5,I1JE09,0
I1NB01,C6TEN9,0
C6TIQ9,K7LRR9,0
A0A0R0L7U5,I1N3Z3,0
I1M3W1,I1KFP9,0
I1KHK1,I1LJH2,0
I1JWK3,I1N8L0,0
K7K1V0,I1JPP8,0
I1KLS0,C6TE57,0
C6TCJ0,A0A0R0E934,0
A0A0R0L5Q2,K7LHW6,0
I1M592,I1J574,0
I1M6M9,I1K3R3,0
I1MR11,I1M292,0
E9L556,A0A0R0EEW3,0
I1MKX7,I1JGU8,0
K7MUM5,I1N551,0
I1KS98,I1MM97,0
K7KF95,I1LF90,0
I1L3P5,A0A368UHM9,0
A0A0R0G7B5,C6TE57,0
I1NDA1,I1LCZ2,0
I1MJJ9,I1JGB2,0
K7MNE6,A0A0R0HSY5,0
K7MQD2,I1JMX7,0
K7N5K2,Q39817,0
A0A0R4J4H3,B0M195,0
I1MR11,K7LHW6,0
A0A0R4J2Y1,K7MTE7,0
I1L0F0,A0A0R0GJJ0,0
K7MQD2,I1MUS3,0
I1K4Y6,C6T1E8,0
K7MDN4,A0A0R0GTG6,0
C6T099,I1JC43,0
I1KCA3,I1KPE7,0
P01070,I1M225,0
I1JWK3,M1FN38,0
A0A0R0L1N9,I1MKX7,0
I1MNU1,I1K5E7,0
I1MXY0,I1KSD0,0
I1JA95,A0A0R0F392,0
A0A0R4J3I7,I1JXI4,0
I1J4B5,I1MM97,0
I1JF82,I1LEC4,0
A0A0R0KWL0,I1K9J7,0
I1MJH5,K7MTL2,0
I1M946,I1JKP7,0
A0A0R0JNM4,C6T003,0
K7MRF5,I1K9C2,0
I1L6A2,I1MUP5,0
C6TD23,K7M0S3,0
K7KNT9,A0A0R0JI69,0
I1MHU4,A0A0R0LKR7,0
I1L9G9,K7LIZ8,0
I1M5S3,I1N7M0,0
I1KM64,I1KJB2,0
I1J765,I1N2G0,0
K7MM52,K7MXE0,0
I1N5S0,I1NGL3,0
K7L2R0,Q9M6D6,0
I1LW00,I1JUK7,0
I1LIA8,I1N4F6,0
A0A0R0EL31,K7MHQ6,0
K7N563,Q1M320,0
I1MHG6,I1MPJ4,0
I1JHQ1,I1JM18,0
I1JD52,I1MF50,0
I1J5B4,I1KM07,0
A0A368UGC0,I1J8C9,0
I1M2U6,I1M1E5,0
K7LXY1,A0A0R0FLV6,0
K7KVV2,K7LCS7,0
A0A0R4J365,I1LBA8,0
I1LGR6,K7LRR9,0
I1L9G9,I1K4V8,0
K7N529,K7LEU7,0
K7L9M2,Q8W1A1,0
C6TCJ0,A0A0R0I5R9,0
I1NAL7,Q9SLW5,0
Q45FY8,I1KXP5,0
C6SXG9,I1N371,0
K7L476,I1LDP9,0
C6TKD8,K7LRR9,0
A0A0R0GIH6,I1LW00,0
K7MPJ9,I1JXJ3,0
I1M3A3,A0A0R0FFT1,0
I1LN52,Q84L66,0
A0A368UI10,I1KJX6,0
A0A0R0KRF1,K7N0V8,0
K7MMD7,K7MKF1,0
I1LRR9,A0A0R4J3X6,0
I1JB52,A0A0R0KJL0,0
I1LTG9,C6TGX5,0
Q42808,I1L0G2,0
A0A0R0IZ75,I1MUC6,0
A0A0R0EWR2,C6T988,0
A0A0R0IF42,K7MLH4,0
I1JQK9,K7N1X2,0
K7MQ01,I1LI96,0
K7LG20,I1KQI1,0
I1KJX6,K7N529,0
I1JC50,C6TDC0,0
K7KAB4,I1JHN9,0
I1NE42,I1J9H6,0
I1LQ55,I1KS98,0
K7L476,K7KGR8,0
I1M269,I1LME8,0
K7KVN0,I1JF82,0
I1MR11,I1M325,0
C6TJW1,I1JQF4,0
A0A0R0GBB6,A0A0R0EUJ0,0
Q2PMP9,K7LVH5,0
A0A0R0FLW1,A0A0R0EV33,0
A0A0R0EWR2,I1KDJ8,0
K7LZ50,A0A368UI10,0
Q06197,K7K5C0,0
I1LKZ0,A0A0R0L419,0
I1MAC4,A0A0R0K188,0
I1LKN9,I1L5U9,0
M1FN34,C6TA11,0
C6TD23,K7L5S0,0
C6TK73,I1M6V9,0
I1J8E3,C6SWU3,0
Q1M320,I1MEF5,0
K7MJ75,I1JJX3,0
C6TAM7,B0M195,0
I1LEC4,I1KQU2,0
K7M0S3,I1NA10,0
K7MM40,I1KCY5,0
C6SZ46,A0A0R4J5J3,0
A0A0R0I5N9,I1K5I3,0
A0A0R0K4Z5,I1JMD6,0
I1J709,I1KK11,0
M1FIQ5,I1MSN3,0
I1LN92,C6TK27,0
I1N344,A0A0R0EWR2,0
K7MRW8,I1KTI0,0
I1M6B9,K7KL60,0
I1KD82,A0A0R0HEM4,0
I1JD36,K7N4K5,0
I1M5N0,I1JKG7,0
C6TER0,C6TG34,0
I1JMK4,I1K006,0
I1N1Z5,A0A368UI10,0
I1LJ34,I1JSY7,0
A0A0R0JSJ9,A0A368UJF6,0
K7MGQ2,I1M1I7,0
I1K6U7,I1LUL9,0
C6T2F8,I1LLJ4,0
I1KHV8,I1KXP5,0
I1LG13,A0A0R0HEG0,0
I1K9J7,I1MF50,0
Q42797,A0A0R0FZM4,0
P49084,I1MRP0,0
I1JW06,A0A0R4J5N5,0
C6SYN1,I1MK83,0
I1KM01,K7MPX8,0
I1LV79,I1K506,0
I1JMY9,I1JWK3,0
A0A0R0HXK5,I1KZ09,0
I1MUR2,I1NHF4,0
Q2TUW0,I1M038,0
C6TJ43,I1LUE0,0
I1JIA7,I1KDA4,0
A0A0R0GFH3,I1MV08,0
C6T988,A0A0R0IWM0,0
I1KM19,I1MZ51,0
K7MEB1,I1M2G5,0
I1MZ53,K7M4K7,0
I1LKD9,K7LQS4,0
K7KEQ2,A0A0R0KJL0,0
I1LKD9,A0A368UIM7,0
K7KK86,I1M4B9,0
I1JM84,I1JPH8,0
B0M1A3,A0A0R0KZR2,0
I1LH30,I1LU38,0
I1J4G8,I1KP26,0
I1K3E9,C6SWU3,0
I1MVZ6,I1L9G9,0
A0A0R0GJJ0,K7KL60,0
I1JD36,I1K1I6,0
A0A0R0KWT5,I1JS41,0
I1JJN8,I1K7G0,0
A0A0R0HXH4,A0A0R0H668,0
A0A0R4J2U8,I1JU23,0
I1LJH2,A0A0R4J426,0
K7KLY3,I1JZ64,0
I1LTM1,I1MTB5,0
K7KZX6,K7KFZ9,0
M1FN34,I1JRU7,0
I1LF90,A0A0R0GYZ9,0
I1MR73,I1MNU2,0
I1N3Z3,I1JA30,0
K7M4J0,K7LG20,0
A0A0R0G3R9,I1L4E2,0
A0A0R4J3C2,I1MC96,0
C6T7K0,I1MSN3,0
I1LDP9,K7K355,0
I1JXI4,I1MD26,0
I1MLC3,A0A0R0GYC5,0
A0A0R4J4D0,A0A0R0F695,0
I1MZ51,I1J765,0
I1KJG4,I1J5E3,0
E3SXU2,I1JJ76,0
K7M9L4,I1LN52,0
K7L2D7,I1LZ93,0
I1JM15,I1L1Q8,0
K7KEQ2,I1K099,0
K7KP05,I1KA54,0
I1NJ53,K7LXA6,0
I1JC43,I1K099,0
K7KNT9,I1N8C9,0
Q9XE60,I1JMX7,0
I1MEW6,I1MZ51,0
I1K0W7,I1MDD8,0
I1N6D4,I1MLM1,0
I1N850,Q9FQD3,0
Q42808,I1NGL3,0
I1K0W7,I1JKD2,0
K7LWG6,I1JMH3,0
I1M3W1,Q2MJR5,0
I1LTG9,K7MFZ6,0
K7LLF8,C6T8S2,0
C6TK73,I1KJR2,0
I1LG65,A0A0R0IEK0,0
C6TN69,I1MF50,0
I1K669,A0A0R4J583,0
I1MU00,I1LI32,0
A0A0R0KVY6,I1KUS2,0
I1L2T1,C6SVA8,0
K7KX53,I1M1C4,0
I1N8F6,I1J4T6,0
I1LGR6,I1L759,0
K7KES1,K7L4N7,0
C6TJ97,I1KG02,0
I1K5B7,I1N9J8,0
I1LP98,K7L6N7,0
I1KJ84,C6SWL4,0
I1MLM1,K7M864,0
C6T034,I1KDF1,0
A0A0R0JI69,K7LHW6,0
I1KUB2,I1LLJ4,0
I1M8U0,I1M311,0
I1JJ76,K7MUC8,0
I1LG65,I1LDY8,0
C6T099,K7MRW8,0
K7L406,I1LJ81,0
I1MCK2,I1M292,0
A0A0R0IF42,K7MUS8,0
K7MXE0,I1N7G4,0
I1KRL9,A0A0R0JQT2,0
A0A0R4J365,I1KRU0,0
I1LGI3,I1JD07,0
I1LXY1,I1L5L1,0
I1MR73,K7LY43,0
I1J4B5,A0A0R0IM79,0
I1JQK9,A0A368UIA0,0
C6TNW3,K7L6K2,0
K7KWE4,I1KJ81,0
I1K565,I1J9H6,0
A0A0R0J6N9,A0A0R0IWM0,0
Q06197,K7MS06,0
I1KC50,I1JJB8,0
K7M6J1,I1J8E3,0
I1L5I2,I1N483,0
K7LK09,A0A0R4J426,0
I1LZ93,K7KJI6,0
I1KUS2,I1N846,0
A0A0R0IW53,I1JZ99,0
A0A0R0F6H1,I1KDJ8,0
I1M6M9,I1K089,0
I1JW65,I1LIU7,0
I1K3K7,K7MLC5,0
I1MHX1,I1L0F0,0
K7LFU3,K7N145,0
A0A0R0JSJ9,A0A0R0E8K1,0
I1LXY1,A0A0R0L1N9,0
K7KEQ2,I1MZJ8,0
I1KZY9,I1NIE5,0
K7LQS4,A0A0R4J309,0
K7MM50,I1N846,0
A0A368UI76,A0A0R0JJK0,0
I1MXY0,C6T090,0
A0A0R0EL31,K7LNG6,0
I1LKY8,I1N505,0
I1JWE9,K7MM52,0
A0A0R0GYZ9,I1K0E4,0
A0A0R0FUK3,I1L759,0
I1LZ93,C6TIA6,0
I1N448,A0A0R0GPR8,0
I1LMR4,I1LIJ6,0
I1MM97,I1MAX9,0
A0A0R0HXH4,I1LUZ5,0
I1JE14,I1N696,0
A0A0R0GAQ8,I1LNF0,0
I1LTE6,I1MDD8,0
I1M3W1,I1MC96,0
I1LI32,I1LG13,0
K7M9T4,I1MRP0,0
I1JXS8,I1MXY0,0
I1KRV5,A0A0R0IEK0,0
I1K5I3,A0A0R0FIP9,0
A0A0R0FEC1,C6T034,0
I1KZJ9,I1MJH1,0
I1J5B4,I1MW74,0
I1NHH3,I1N8M8,0
A0A0R0G8N1,A0A0R0FXD4,0
I1LMN5,K7K578,0
I1LDP9,I1MX88,0
I1LIU7,I1K642,0
I1JJX3,A0A0R4J5Z8,0
I1J574,I1KPN4,0
K7MUV9,A0A368UGC3,0
I1JD52,A1YUN0,0
K7L2K6,I1NFR9,0
I1KA98,I1JMD6,0
I1MW51,I1MR11,0
I1LXI0,C6T2F8,0
I1J9I1,I1KJG4,0
I1LIG9,I1M1I7,0
A0A0R0H668,A0A368UIM7,0
K7MGQ2,K7MYK9,0
K7MQD2,I1LJH2,0
Q1M320,K7LU89,0
A0A0R0EUJ0,I1N411,0
A0A0R0KRN8,A0A0R0FAD6,0
A0A368UI76,E9L565,0
I1J574,I1MTV9,0
I1KTY9,I1LJG9,0
A0A0R0E8N5,K7K578,0
I1L6T8,I1M7M5,0
I1JSY7,I1M487,0
I1M2U6,K7KW44,0
C6SVR0,I1ML63,0
I1L7J3,C6SZ46,0
A0A0R0HM21,I1KSL6,0
P01055,I1KJG4,0
I1K642,I1J4L6,0
I1KBI7,I1L5U9,0
A1YUN0,A0A0R0IZA1,0
I1K5B7,I1K970,0
A0A0R0GPH9,I1KNI7,0
K7KA65,I1J957,0
K7K5C0,A0A0R0FLW1,0
I1ML63,I1L880,0
C6SWR4,A0A0R0HSV6,0
I1M5S3,A0A0R0HEM4,0
I1MBS8,A0A0R0FNY5,0
C6TIA6,I1LCJ2,0
Q9M4R7,K7LZ50,0
I1KY31,I1NAL7,0
A0A0R0IR73,I1MR73,0
I1LD16,Q8LPW2,0
I1NAL7,I1K6J1,0
I1K5J7,I1LJD2,0
A0A0R4J5Z8,I1MV08,0
A0A0R0K5H8,I1N4X6,0
A0A0R0IAM2,I1M7Y3,0
K7LEU7,I1KMM6,0
A0A368UI76,Q42797,0
I1KVG9,A0A0R0KE62,0
I1LWD6,I1J8E3,0
I1LWD6,I1K708,0
I1LDY8,I1LI32,0
I1KZY9,I1LMA5,0
A0A0R0L0E7,C6TG34,0
A0A0R0HV63,I1K5B7,0
I1KQI1,I1JC65,0
K7L2R0,A0A0R4J461,0
K7L2K8,I1N7F4,0
K7KVV2,C6T002,0
C6T1H3,K7MXH5,0
I1L285,I1JAI4,0
A0A368UI10,I1N3Z3,0
C6SYW6,C6T0A0,0
I1LRR9,A0A0R0EKB4,0
A0A0R0GFH3,I1MZF9,0
I1MM97,I1J8E3,0
I1N505,I1LUV4,0
K7MRF5,C6TDC0,0
K7L2K6,A0A0R0I5V1,0
I1KMM6,I1NDE0,0
I1M2G5,C6SZ70,0
A0A0R0F719,I1L7D4,0
I1N4F6,A0A368UHM9,0
I1K9R1,K7LXD3,0
I1JUQ6,C6T1H3,0
I1MAC4,I1MAX9,0
K7K808,A0A0R0EV33,0
I1MBI6,C6SYW6,0
C6SYE1,A0A0R0K188,0
I1LIU7,I1K669,0
A0A0R0KJM2,K7N1X2,0
I1LEQ3,I1JCQ8,0
I1KV61,D2D5G3,0
C6TNW3,Q43463,0
I1J765,A0A0R0HEM4,0
K7L684,I1N8F6,0
I1LLC6,I1LPT5,0
B4YB10,I1JKG7,0
I1LI93,A0A0R0FA21,0
A0A0R0L4P0,I1LUB3,0
A0A368UIE1,I1J5W0,0
C6SYW6,I1JJ76,0
Q9AWB2,I1MCK2,0
C6TI98,E9L572,0
A0A368UH16,I1N898,0
I1K006,I1LCP4,0
I1MM35,I1MF07,0
I1M998,I1LEI8,0
I1KBI7,I1N411,0
K7LQS4,I1KDF1,0
I1ML63,I1JW65,0
C6T1G9,A0A0R0K0C4,0
Q2PMP9,K7KN04,0
A1YUN0,I1JRU7,0
I1LUV4,P62302,0
I1M1P1,K7KHN1,0
I1L4E2,I1J5W0,0
I1MSN3,I1LTE6,0
I1KZ26,K7LH46,0
I1MZ51,I1JPP8,0
I1JKK4,I1J8P0,0
I1JET4,I1J8D7,0
I1N483,I1JA30,0
I1LG22,K7L145,0
I1M5X1,I1JJX3,0
I1LLJ4,I1J8W6,0
I1MPJ4,I1LI05,0
A0A0R0FG80,I1LZ93,0
C6TCG0,K7N129,0
C6TC28,K7MM52,0
A0A0R0K6C1,I1N7G4,0
K7M862,I1KGY4,0
I1MG54,A0A368UIE1,0
A0A0R0KJL0,A0A0R0K6U3,0
E9L558,A0A0R0HDW2,0
I1MP75,I1NDA1,0
I1JU23,I1K1I6,0
I1JM15,A0A0R0FUA1,0
I1J4B5,I1M2U6,0
I1MNS7,C6T003,0
A0A0R0I5N9,I1LQ64,0
I1KJ81,I1LIJ6,0
I1LGR6,A0A0R0K188,0
I1NHN6,I1LTG9,0
A0A0R0H8Q8,C6SVR0,0
I1ML11,K7LY43,0
A0A0R0GG06,Q2PMP8,0
C6TC28,I1LDY8,0
Q43463,I1NIT4,0
I1LRL9,I1K708,0
A0A0R0GPR8,I1K2I1,0
I1JSD2,I1JCB1,0
K7LCS7,I1NHX1,0
I1KGY4,E9L556,0
I1JYT2,I1JE11,0
A0A0R0HJR0,I1ND31,0
K7KQZ8,C6TJ43,0
I1MR79,B0M195,0
I1K0H3,I1KLS0,0
C6T211,I1KJX6,0
A0A0R4J3C2,A0A0R0IR73,0
K7MFE5,I1J9L7,0
I1JXI4,I1JW65,0
I1JGB2,I1KHZ8,0
I1LZ93,I1LDB6,0
I1L5I2,I1JGP8,0
C6T027,C6TML7,0
I1KQI1,C3VD33,0
I1LEC4,A0A0R0FEN3,0
K7L6K2,K7N145,0
I1K9W3,I1K963,0
I1KA75,I1NC50,0
A0A0R4J461,I1N483,0
I1K506,I1KHZ8,0
A0A368UIC9,C6TKV3,0
I1J5E3,I1KQP5,0
A0A0R0K5H8,I1NAJ5,0
I1MP75,K7KFY5,0
I1J8P0,I1MX88,0
C6TDC0,I1M2U6,0
I1L4E4,I1JKG7,0
K7KHN1,K7LP01,0
K7M849,I1M1C4,0
I1NB48,A0A0R0FG80,0
I1JRV0,I1LRR9,0
I1K642,K7L0V0,0
C6TCJ0,K7LNG6,0
I1KUF4,I1JGX0,0
K7MPX8,I1N933,0
I1LWX5,K7N525,0
I1NHQ6,I1KRC8,0
A0A0R0HSV6,A0A0R0G3L8,0
I1MUZ7,I1LH18,0
I1LFG6,A0A0R0GS00,0
C6SZQ0,A0A0R0FB78,0
I1N846,A0A0R0F5Y7,0
K7LJ72,K7N1X2,0
I1MBN8,I1MR79,0
I1KFP9,K7LSJ2,0
I1M5N7,I1L2H4,0
I1JJX3,A0A0R0JEV3,0
I1LU38,I1ND31,0
I1KBV2,I1JMD6,0
I1LNF0,K7MKF1,0
I1LH27,I1N933,0
I1K5I3,I1LXI0,0
I1LJG9,A0A0R0H8Q8,0
C6T9Z5,A0A0R0GG06,0
I1M5N7,I1LPT5,0
I1JX10,A0A0R0KIG7,0
I1KM64,I1N505,0
K7KF95,K7N0V8,0
A0A0R4J488,C1PHB8,0
K7KTA9,I1JVX3,0
I1KG02,I1N8F6,0
I1MQW6,I1J574,0
A0A0R0JSC0,I1MT23,0
K7LTR0,I1JSI5,0
K7K3C2,K7L406,0
A0A0R0IAM2,I1MQB8,0
I1L2T1,K7M864,0
I1NAL7,I1MUR2,0
C6SZS1,Q2MJR5,0
I1LNY2,I1MB99,0
I1JQF4,K7N3Z1,0
A0A0R4J461,I1MDY5,0
I1N447,K7L406,0
I1J8V8,I1KJB1,0
I1LPC2,I1KM64,0
I1KQ73,I1LEC3,0
I1KDF1,I1KZJ9,0
K7MH28,C6SX83,0
K7N525,I1N850,0
I1LG13,Q2Q021,0
I1JPY7,I1K5B7,0
I1LTG9,I1JS41,0
K7MNK5,I1KBV2,0
A0A0R0JQJ0,A0A0R0K0K3,0
I1MKJ6,I1KIG1,0
I1KHK1,K7MMD7,0
I1LBN7,I1LLC6,0
A0A0R0LBA6,Q43463,0
I1L332,I1NDA1,0
A0A0R0EKI7,I1JZ89,0
K7KH93,A0A0R4J4M9,0
I1NJ85,I1JAH7,0
I1MRK4,I1K9C2,0
I1N7B5,I1M130,0
I1KUB2,I1KZ26,0
K7L6K2,A0A0R0I5V1,0
I1LN52,I1K925,0
K7M862,K7N0V8,0
A0A0R0GFL3,I1KQ70,0
C6SZ70,K7MTL2,0
I1M7Y3,I1JC50,0
K7L2K8,A0A0R0L3G5,0
A0A0R0LCZ4,I1KUE8,0
I1K5Q4,K7KTS8,0
I1NC04,I1LDP9,0
C6TIQ7,A0A0R0I5V1,0
I1JKK4,I1LG13,0
B4YB10,I1KJB2,0
I1LI96,I1LWX5,0
I1MQC8,K7MRW8,0
K7ML50,K7MM52,0
I1JJN8,I1JW06,0
C6SXG9,C6TAW2,0
I1N5D5,P01055,0
K7K355,I1KDA4,0
K7MMD7,K7KJI6,0
K7MQG6,A0A0R0HV63,0
I1JZ89,I1NAJ0,0
I1KCY5,C6T2F8,0
I1N3Z3,I1LP31,0
K7KX46,I1L9P5,0
A0A0R0FUK3,I1J8D7,0
K7MUS8,C6SZ70,0
I1MHX1,I1J765,0
A0A0R4J4D0,I1LG13,0
I1MK72,I1JS15,0
I1NAJ5,A0A0R0EMR0,0
A0A0R4J455,I1KPB0,0
A0A0R0HSH0,K7KVN0,0
K7MLH4,K7MM40,0
A0A0R0GS00,I1JC65,0
I1JGP8,A0A0R0FNY5,0
I1L3N6,I1MUM8,0
K7MC85,I1KM01,0
I1MAX9,C6TCH4,0
I1LNZ9,I1JET8,0
Q39810,C6SWL4,0
I1LF90,I1JVT1,0
B0M195,I1J4G8,0
K7MRW8,I1J4L6,0
A0A0R0JC18,A0A368UH16,0
C6T7K0,I1MRV3,0
I1LYB2,I1MCH7,0
I1LNP4,I1KNE4,0
K7N1L5,I1MG38,0
I1KQE3,K7N1L5,0
I1NCF8,I1MCH7,0
I1LLJ4,C6TGP5,0
I1MUN6,I1M2G5,0
I1JM84,C6SWH0,0
I1N453,I1NIE5,0
I1KJR2,A0A0R0KN53,0
I1LHY5,I1L3Q3,0
I1LA40,I1K708,0
I1MBS8,K7LZ50,0
I1KM88,I1NGH7,0
I1JDF1,I1N5R9,0
I1JU23,Q9XE60,0
I1LCJ2,I1JA30,0
A0A0R4J488,I1LTG9,0
C6TN69,K7M466,0
I1JMZ7,I1MZT5,0
I1J5A4,I1MUZ7,0
C6TG34,K7MQT1,0
I1KFF8,C6T099,0
I1KNE4,K7KFY5,0
I1KM01,A0A0R0GJJ0,0
I1KFQ1,K7KN39,0
K7LIE3,I1L3P5,0
A0A0R0EJV2,A0A0R0GAQ8,0
K7MMD7,I1J547,0
A0A0R0FLW1,P01064,0
I1NFY2,A0A0R0ENB3,0
A0A0R0GFM7,A0A0R0KVY6,0
I1J4B5,C6T2F8,0
C6T099,A0A0R4J4D0,0
K7L7W0,I1LIQ3,0
C6T1H3,C6SXD2,0
C6SXD2,K7MFZ6,0
I1MFI0,C6SZG1,0
C6T1E8,I1KC50,0
A0A0R0IV41,I1JM15,0
K7L9S8,K7KES1,0
I1KVC1,I1KJ81,0
I1LZ93,I1MQB9,0
I1LGD6,C6TK31,0
I1LI32,Q9SLW5,0
K7LQV0,K7LXY1,0
C6T099,I1LIA8,0
K7KF95,K7MJ75,0
A0A0R4J461,I1L759,0
I1L645,I1J4L6,0
A0A0R0JSJ9,E3NYP3,0
K7MLC5,I1MAC4,0
Q42797,C6T990,0
K7KA65,K7LJ17,0
I1MF65,I1M6M9,0
K7MUS8,I1M4B9,0
A0A0B5EC52,A0A0R0EWR2,0
I1ML63,C6SVB8,0
K7LXD3,I1MZ53,0
I1MS26,I1LST6,0
I1LKY8,I1KT08,0
I1JKK4,I1MJH5,0
A0A0R0FEN3,C6SVR0,0
C6TJW1,K7KES3,0
Q06197,K7LCL1,0
C6TA11,C6TIK0,0
I1JKD2,I1L645,0
I1MV56,A0A0R0L9T4,0
K7MDN4,I1KV61,0
I1JMY9,A0A0R0FEN3,0
A0A368UI10,E9L575,0
A0A0R0E8K1,I1N2Z4,0
K7MNE6,K7MXE0,0
I1JE14,I1MMY0,0
A0A0R0JV11,C6TJ17,0
I1M946,I1MVC6,0
I1K0H3,K7K3C2,0
C6TDC0,A0A0R0HXK5,0
C6SYE1,A0A0R0KFY8,0
K7MLC5,C6SWU3,0
Q2PMU5,I1L880,0
K7KYM0,I1L285,0
C6SWR4,I1N551,0
I1MX88,I1LG65,0
I1M1W3,I1MZV0,0
G3E7M6,I1MUN6,0
I1MGE5,P45621,0
I1LLB7,A0A0R0J5Y2,0
A0A0R0IR73,I1JIK2,0
I1MM35,I1MVC6,0
I1J4B5,I1K5Q4,0
I1LN52,I1NAJ5,0
I1L4E5,A0A0R0HV63,0
I1N9J8,I1MX88,0
A0A0R0IW53,I1N976,0
I1LUL2,Q9M4R7,0
A0A0R0FAD6,Q56GA2,0
E9L565,K7K4Y8,0
P45621,A0A0R0HJR0,0
I1K9W3,I1MS33,0
I1LU38,I1MEQ1,0
K7LR18,I1L9Z8,0
C6T972,A0A0R0FGT9,0
A0A0R0FAJ6,Q9AWB2,0
K7MFE5,K7LHW6,0
A0A0R0H141,A0A368UIE1,0
A0A0R0ECE8,A0A0R0HEG0,0
I1LLC6,K7MPZ4,0
I1K669,I1JDF1,0
D8WJ57,I1NAL7,0
I1LLS8,A0A0R0FX75,0
A0A0R4J3X6,A0A0R0G1X4,0
I1KM27,I1K5Q4,0
I1LSB5,K7N525,0
I1JS15,A0A0R0IAM2,0
A0A0R4J5J3,I1MUR2,0
I1LU06,I1LWP5,0
I1N5S0,K7MHQ6,0
I1LTW8,I1MAX9,0
Q1M320,A0A0R0ECE8,0
I1LCH2,A0A0R0GJV8,0
C6TD23,A0A0R0H537,0
K7ME58,Q42798,0
I1MG54,I1LA39,0
I1M8A1,I1LBN7,0
I1K0E4,C6TJH2,0
I1LVL7,K7M5Q8,0
I1N933,I1MZ08,0
A0A0R0KMM9,A0A0R0FLW1,0
I1MCK5,I1LII4,0
K7MXE0,I1JEC6,0
I1MK83,A0A0R0JBV0,0
I1NFB9,I1LMR4,0
A0A0R0IEK0,A0A0R0GYZ9,0
I1KD82,A0A0R4J5N5,0
A0A0R0GUR9,I1K0U5,0
I1LA40,I1KL32,0
A0A0R0HEG0,I1NJ53,0
I1LNF0,I1JC43,0
I1N933,I1KL89,0
I1KMM6,I1K1D7,0
I1N344,I1JJN8,0
I1LUL2,I1KC40,0
Q56GA2,I1M998,0
Q6SPR2,K7LCL1,0
I1L2H4,I1LLA0,0
I1L171,I1MRP0,0
I1N483,A0A0R4J5B7,0
E3NYP3,C6TJ97,0
I1N7G4,I1J4K1,0
I1LMA5,E3WC98,0
C6SVR0,K7LSZ2,0
I1JCQ8,I1M2S7,0
I1MNS7,I1LQ64,0
A0A0R4J2L5,I1JHJ0,0
I1LSW3,I1KDU3,0
I1LCZ2,I1NC50,0
I1LMR4,I1MM97,0
I1LST6,I1LUT1,0
A0A0R0L317,I1J9L7,0
K7KUK2,I1K3E9,0
I1KUB2,I1JCA9,0
I1NE02,I1KSD0,0
I1NHF4,A0A0R0KPE1,0
A0A0R4J4H6,K7LVH5,0
Q42808,I1N447,0
C6TE57,K7KRK6,0
A0A0R0GZ30,I1KHK1,0
K7MUM5,I1LR48,0
I1MEQ1,I1K0H3,0
I1JUP2,C6TGP5,0
A0A0R0HXK5,I1KEC8,0
I1K970,Q9XE60,0
I1N5R9,I1JE11,0
A0A0R0GFH3,Q6SPR2,0
I1N8V4,A0A0R0JRI8,0
I1J4B5,I1MRV3,0
K7M466,K7L2K8,0
I1LYB2,I1K4Y6,0
I1JD36,A0A0R4J2L5,0
K7MNN5,I1NDE0,0
C6SZG1,I1LEI8,0
A0A0R4J2U8,I1L645,0
K7KES3,K7MQ01,0
K7KN39,I1M957,0
I1K3K8,A0A0R0JBL2,0
A0A0R0ELE0,I1LHR6,0
K7MDN4,I1K099,0
I1K9J7,C6SXD3,0
A0A0R0G8N1,A0A0R0HXK5,0
K7LCL1,Q0EDG6,0
A0A0R0L1N9,A0A0R0FUK3,0
C0M0V4,I1MG42,0
I1JS41,I1LH30,0
K7M353,I1MR79,0
I1LFD2,K7LH46,0
A0A0R0EL31,K7MJ75,0
I1LNY2,I1MTB5,0
K7L6K2,C6TJ97,0
C6TCG0,I1MT23,0
P93162,I1MFF9,0
C6SZ46,I1JXS8,0
C6SWS6,I1N019,0
K7MXE0,I1LRL9,0
K7M841,I1JAH7,0
I1NA10,A0A0R0FXD4,0
K7MTL2,I1L3Q3,0
A0A0R0IWM0,I1N898,0
A0A0R0IZA1,C6SWA8,0
I1N8C9,I1LV18,0
I1MX88,K7MLH4,0
I1M368,K7K4Y8,0
K7LU89,I1JDF1,0
I1NGJ8,I1K5B7,0
Q8GZU9,A0A0R0FUA1,0
I1LXY1,I1JDN2,0
I1JQ20,I1N850,0
I1N447,I1N7B5,0
A0A0R0E2R0,I1N3U5,0
A0A0R0EUJ0,I1LSW3,0
C6TCH4,K7M2G2,0
I1L4E5,A0A0R0FFT1,0
K7KHU1,I1K6H8,0
I1KM27,I1NB48,0
I1LUT1,K7KN04,0
A0A0R0GPR8,I1L6A2,0
I1LP31,K7M5U7,0
I1KNV7,C6TNW3,0
I1LII4,A0A0R0IV41,0
I1N8F6,A0A0R0HXK5,0
I1K3E9,I1N447,0
I1KHV8,K7K149,0
K7KQZ8,I1M946,0
I1MNU2,P07134,0
I1NG45,I1MV56,0
I1LUV4,I1M3W1,0
I1LUV4,B0M1A1,0
A0A0R0E934,I1KZC9,0
I1L367,I1LMN5,0
K7MQT1,A0A0R0GAQ8,0
I1N5S0,K7LIZ8,0
I1J4T6,C6T8C4,0
I1MBI6,I1K246,0
I1JFW6,D8WJ57,0
C6SWS6,A0A0R0I5V1,0
K7KN13,I1J709,0
K7MUD4,I1K5J7,0
I1K708,A0A0R4J536,0
I1K0E4,A0A0R0HJR0,0
I1K925,I1NIT4,0
A0A0R0FG80,I1JSG1,0
A0A0R4J461,I1M592,0
I1N6D4,K7L329,0
M1FP94,I1LCH2,0
I1KQI1,A0A0R0GFH3,0
A0A0R0HSA0,I1MQW6,0
I1KDU3,I1N2Z4,0
I1JKG7,I1KBF7,0
I1KV61,A0A368UJF6,0
C6T065,K7L2K8,0
I1LCJ2,K7MKF1,0
I1KA71,I1JET9,0
I1LMA5,I1KBD9,0
I1LPK5,I1LP98,0
I1K215,E3SXU2,0
I1JC50,I1MG38,0
I1MQ30,I1JSY7,0
I1L6I6,E9L558,0
Q45FY8,I1K9W3,0
I1MUP5,I1J5E3,0
I1N933,P62302,0
I1LZ51,I1LFG6,0
Q2PMU5,I1L1A1,0
I1JUU2,I1JE51,0
A0A0R4J2U8,A0A0R0GPH9,0
K7MAQ6,I1KNG6,0
I1JF82,I1M3M4,0
Q9FQD3,A0A0R0GS00,0
K7LI90,I1KM27,0
A0A0R0JQJ0,Q42797,0
A0A0R4J4H3,I1M225,0
I1MRV3,M1FN34,0
I1KQI1,I1KZJ9,0
I1J765,A0A0R0EDS9,0
A0A0R0FG80,I1KJB1,0
K7KNT9,I1K4L3,0
I1LG65,I1MP75,0
I1KRL9,I1KEC8,0
Q42798,Q43463,0
I1MZJ8,I1KCA3,0
I1KBV2,I1JRU7,0
Q2PMP8,K7MHQ6,0
I1N8F6,A0A0R0F214,0
K7L5S0,I1N7G4,0
Q9M4R7,A0A0R4J3X6,0
I1MEF5,I1KJG4,0
K7LJ72,A0A0R0KQ74,0
I1MK83,I1MQD2,0
K7LVH5,I1KBF7,0
I1NB01,I1LIJ6,0
Q1W376,I1KDU3,0
I1L7D4,A0A0R0L4P0,0
I1N5H5,K7LXN4,0
I1JZ64,A0A0R0EWR2,0
I1NG17,K7LSJ2,0
I1N8V4,I1K9C2,0
I1K708,A0A368UIE1,0
C6TD23,I1KDA4,0
K7KHN1,C6TDC0,0
A0A368UGG7,I1KTP1,0
C6T1V1,K7MUV9,0
E3NYP3,I1K1I0,0
I1MF50,I1LTG9,0
I1LJH2,I1MUN6,0
P01055,A0A0R0IR73,0
C6TJH2,I1MVZ6,0
I1KHZ8,Q45FY8,0
I1MV80,C6T0A0,0
C6SVA8,I1NBA2,0
K7MQG6,I1JXS8,0
A0A0R0F214,I1N6D4,0
C0M0V4,I1K9T5,0
I1LJH2,I1L540,0
I1J4B5,A0A0R0EJV2,0
I1KPE7,I1NGL3,0
A0A0R0GFL3,E9L572,0
I1M225,I1MCK2,0
A0A0R0L5Q2,K7LQV0,0
K7L329,K7N525,0
E3WC98,I1K4R8,0
K7MS06,I1M325,0
K7N4K5,K7LQS4,0
I1KAQ7,I1M6M9,0
K7MUD4,A0A0R0I5R9,0
A0A0R0FAJ6,I1N1X2,0
I1LC77,D8WJ57,0
A0A0R0GAQ8,C6TK27,0
A0A0R0K5H8,I1M368,0
I1KIQ2,K7KES3,0
I1NFR9,I1K9C2,0
A0A0R4J2U8,I1LCZ2,0
I1JDK2,K7K894,0
I1LN92,I1M1I7,0
I1KHK1,A0A0R0EJV2,0
I1L3N6,A0A0R0EEW3,0
A0A0R0GYZ9,I1KDP2,0
I1MJB3,I1NB48,0
K7MUM5,A0A0R0FG80,0
I1MQC8,Q8LPW2,0
A0A0R0E6T9,I1JRE0,0
A0A0R0GFM7,I1LH30,0
K7MZN9,A0A0R0GYZ9,0
I1K3U6,K7M864,0
Q9AWB2,I1MDY5,0
K7KUG2,A0A0R0K5H8,0
I1JUV6,M1FN34,0
A0A0R0EAZ9,I1M7Y3,0
A0A0R0JQ82,C6TGP5,0
I1M8A1,I1LCZ2,0
K7LXD3,I1MEQ6,0
K7LEU7,I1J8D7,0
I1L540,I1KXP5,0
C6T8S2,A0A0R0G3R9,0
C6TIQ7,I1MUR2,0
I1LLB7,I1JE16,0
I1K3F0,C6SXD3,0
A0A0R0HXH4,C6TCJ0,0
I1LMR4,C6T214,0
A0A0R0IT62,I1JV03,0
I1KM19,K7L7W0,0
I1JE16,I1JB64,0
I1NE02,A0A0R0G3R9,0
I1K3K8,C6TNM5,0
I1L735,I1LWX5,0
I1LJG9,I1K5E7,0
I1KYL4,C6TEN9,0
I1KA54,I1LLS4,0
K7KVV2,I1LPT5,0
I1L171,I1N8T4,0
I1M277,A0A0R0K5H8,0
P17093,I1LLA0,0
A0A368UIE1,K7LG20,0
A0A0R0HEI5,A0A368UIC9,0
I1MBS8,I1K1D7,0
K7M846,I1MEQ6,0
C6SWG9,K7LVH5,0
I1K215,A0A0R0LKR7,0
I1N846,K7L9M2,0
I1KXP5,K7K4C7,0
I1M6B9,K7MVE7,0
I1KFL5,I1LPE4,0
A0A0R0E934,A0A0R0KRF1,0
I1MUZ7,I1MHX1,0
K7KF95,A0A0R0KFY8,0
K7N0V8,I1KRL9,0
I1MM35,K7L6N7,0
I1LP11,I1LII4,0
I1JWE9,I1LT34,0
I1J5E3,E9L575,0
K7LVH5,I1J547,0
I1M368,I1MUM8,0
I1JKG7,A0A0R0FUA1,0
A0A0R0GBB6,A0A0R0K6U4,0
I1LVN3,I1JKD2,0
I1M796,I1K0A7,0
K7M2G2,I1MAC4,0
I1M796,K7LFU3,0
A0A0R0EYS5,A0A0R0E8N5,0
I1KGY4,A0A0R0J2W1,0
K7KH93,I1MCK2,0
I1K9T5,K7K4Y8,0
I1NC50,I1LST6,0
C6T7K0,A0A0R0GFH3,0
I1M7M5,I1L9K4,0
C6TCG0,A0A0R0KY77,0
C6SVB8,A0A0R0JJK0,0
I1N780,K7LZ50,0
I1J8D7,I1MHU4,0
I1KC50,I1JE16,0
I1K6U7,C6TK31,0
I1KPE7,I1K669,0
I1MBA8,C6TEN9,0
I1KRL9,I1M957,0
A0A0R4J2H3,A0A0R0FHD2,0
K7K2H0,C6T1V1,0
C6TIK0,K7K127,0
K7KRK6,C6TJ43,0
I1J574,I1KYL4,0
K7MS06,I1LJ81,0
C6T002,K7MLC5,0
K7KTS8,A0A0R0L5Q2,0
K7LXA6,I1KUS2,0
I1NC04,I1MLC3,0
I1N2G0,K7KNC5,0
I1JZR6,I1L332,0
I1KUS2,I1N0L1,0
I1LCJ2,I1K938,0
K7M466,C6T1G9,0
Q2PMP9,I1M1E5,0
I1K1W8,A0A0R0GUR9,0
C6T8S2,I1MUM8,0
E9L577,C6TIQ7,0
I1LRL9,A0A0R4J2U8,0
I1KUF4,A0A0R0H668,0
K7KUK2,A0A0R0EKI7,0
I1KIQ2,I1LZ93,0
K7KNG2,A0A0R0GJV8,0
I1L735,A0A0R0IF33,0
A0A0R0IR73,I1MNS7,0
I1KM88,I1KL89,0
Q2MJR5,K7L2K6,0
I1MQW6,I1M6V9,0
K7KVV2,K7KUK2,0
A0A0R0IM79,K7MC85,0
B9MST0,I1K115,0
I1JZR6,I1K938,0
I1KUB2,I1J957,0
I1KSL6,A0A0R0K0C4,0
A0A0R0HDW2,K7MAQ6,0
K7KTS8,A0A0R0JJI0,0
I1N7F4,C1PHB8,0
I1K9C2,A0A0R0H141,0
F8WRI5,A0A0R0JJK0,0
I1M1W3,Q2PMQ4,0
K7MY00,I1MD26,0
I1LNY2,I1LCR6,0
K7KL60,I1JK67,0
I1J574,I1MNS7,0
C6SZS1,I1KHK1,0
K7N529,I1JQ20,0
I1LI93,C6T8C4,0
I1KXP5,K7K355,0
I1KCY5,I1JIS3,0
B0M195,K7L145,0
I1KFZ9,A0A0R0L4P0,0
C6T9Z5,I1N780,0
K7KMU1,K7LY43,0
K7KGB3,I1JMH3,0
I1JE14,K7MY00,0
I1NGH7,I1MFF9,0
I1JI54,I1LUZ5,0
I1LAH1,Q9M6D6,0
C6TML7,C6TCH4,0
I1MEF5,B4YB10,0
I1MM35,A0A0R0GAQ8,0
I1KT08,I1LA49,0
K7MKF1,I1LZ51,0
K7LH46,I1M5S3,0
I1JPY7,I1KSD0,0
I1MF50,A0A0R0LK19,0
I1JKP7,Q70MR5,0
I1JUP2,A0A0R0KJL0,0
I1MDY5,A0A0R0FLV6,0
I1JSD2,I1KS56,0
I1JXI4,I1JE16,0
I1LWD6,A0A0R4J618,0
A0A0R0JV11,I1KGM8,0
I1K246,A0A0R0G7B5,0
I1L6I6,I1KUE8,0
A0A0R0K6U4,I1L1W0,0
A0A0R4J2L5,A0A0R0FNY5,0
I1LPT5,A0A0R4J2H3,0
I1LD16,E9L575,0
I1MF42,K7KNT9,0
A0A0R0FEN3,C6TJW1,0
I1LBN7,K7KW44,0
A0A0R0GUR9,I1KYL4,0
K7M5U7,K7LG20,0
C6TGP5,C6T336,0
A0A0R0G8N1,I1KTY9,0
K7KFY5,A0A0R0HSV6,0
B0M195,I1J4L6,0
I1JGX0,I1LEQ3,0
K7LCL1,A0A368UID0,0
A0A0R0JQ82,K7M387,0
A0A0R0HXH4,K7MUM5,0
P01064,I1N9J8,0
I1J4T6,I1JDK2,0
M1FN38,A0A0R4J4D0,0
A0A0R0HSY5,I1MHU4,0
I1MZT5,A0A0R0J296,0
K7KTA9,I1L6V0,0
I1N7B5,K7L5S0,0
I1MKX7,A0A0R0GG06,0
A0A0R0L7U5,I1LPC2,0
I1MBS8,I1N505,0
I1NFB9,A0A0R0EKB4,0
K7K355,A0A0R0GS00,0
C6SVR0,C6SW04,0
K7K894,I1KP66,0
A0A0R4J461,I1MUZ7,0
I1LT87,I1LBN7,0
I1KH38,E3SXU2,0
I1MRP6,I1LLC6,0
I1K1W8,I1KM27,0
Q0EDG6,I1MEF5,0
I1JUM3,I1J4G6,0
I1NIT4,C6SWG9,0
I1KY31,I1MS33,0
C6TK73,I1KL32,0
I1KBD9,I1NAJ0,0
K7M849,I1N483,0
I1KUF4,I1K0H3,0
A0A0R0FJR0,K7MNE6,0
I1L1A1,I1KZJ9,0
I1LG13,C6SYN1,0
K7L7W0,Q8LPW2,0
K7KHU1,I1LN52,0
A0A0R0JNM4,I1LLS4,0
I1LLA0,K7MHQ6,0
K7MC85,I1NC50,0
I1MAX9,A0A0R4J5T8,0
I1J547,I1K0A7,0
E9KBR8,I1ML11,0
A0A0R0FXD4,I1KAD1,0
I1M311,I1JNF2,0
I1L2Q0,A0A0R0FEN3,0
I1LH30,I1KH38,0
I1KGM8,I1ML63,0
I1MMY0,C6TNW3,0
I1KDR4,K7MDN4,0
I1MHG6,K7MNN5,0
A0A0R0JQT3,I1N483,0
A0A0R0FLW1,A0A0R0H537,0
K7L5S0,I1MD26,0
K7KUE8,I1LG13,0
I1M3M4,I1LG65,0
K7L9S8,K7N1X2,0
I1LGD6,I1LYB2,0
A0A0R0FX75,I1JE16,0
I1KZC9,A0A368UGC3,0
I1LA40,A0A0R0IWM0,0
I1K1I6,I1MM97,0
I1LST6,I1JK59,0
I1J957,I1JQK9,0
I1K5J7,A0A0R0KFY8,0
K7MXH5,I1JKK4,0
I1J5B4,I1J8V8,0
A0A368UGA0,A0A0R0ELE0,0
I1LVL7,C6TGZ1,0
I1N850,I1LVL7,0
I1JSI5,I1L4E2,0
I1JM18,B0M1A1,0
I1KEX8,K7KUG2,0
C6T214,I1KJR2,0
K7LSZ2,K7K3C2,0
C6T1G9,C6SWS6,0
I1LKD9,I1J4K1,0
K7M4K7,K7L4N7,0
K7L5S0,K7LSG7,0
C6T8C4,A0A0R0IF61,0
I1N5H5,A0A0R0KRF1,0
I1MZJ8,I1NC04,0
I1NB01,I1JB64,0
I1JMX7,A0A0R4J2U8,0
E9L575,I1MW49,0
A0A0R4J4H6,I1KVG9,0
I1LUL9,I1LIK7,0
I1LW00,I1MIX6,0
K7M6J1,K7N0V8,0
I1J5E3,Q9SLW5,0
I1NB48,A0A0R0F214,0
D2D5G3,C6TIK0,0
A0A0R0GAQ8,I1LSB5,0
K7K3C2,P01055,0
I1MF50,I1KJF2,0
A0A0R0JSJ9,I1LVL7,0
A0A0R0FAD6,I1MRK4,0
I1JX10,I1JMY9,0
A0A0R0J2W1,I1LUB3,0
A0A0R0HEG0,I1KWU9,0
I1J8V8,I1MK72,0
C6T002,I1LPT5,0
I1KFL5,I1JF58,0
I1K9W3,I1NJ53,0
I1L153,I1L880,0
I1LWX5,I1NHH3,0
A0A0R0FGT9,C6TIA6,0
A0A0R0H8Q8,P93163,0
K7LTG4,K7L2R0,0
A0A0R4J536,I1K6N8,0
I1MUM8,A0A0R0HJR0,0
I1JXI4,I1K1R5,0
C6TJ43,I1LEC3,0
I1MX88,P01055,0
I1LUV4,A0A368UID0,0
C6SXT9,C6TIQ7,0
K7LJS8,I1JR22,0
I1JUQ0,C6T5U0,0
C6T7K0,I1KBV2,0
I1JB64,I1JET4,0
A0A0R0HV63,I1K006,0
I1JD07,I1LNP4,0
A0A0R0K6I2,M1FN34,0
Q2PMQ4,I1MIW3,0
C6TEN9,I1J5E3,0
I1JCA9,K7M862,0
I1JLC7,I1M786,0
I1N798,I1LSW3,0
K7MDN4,C3VD33,0
K7MYK9,I1MNV2,0
I1K708,I1N448,0
A0A0R0EDS9,A0A0R4J426,0
I1JJ76,I1KEX8,0
I1M269,I1JGP8,0
I1JMD6,I1J9W9,0
I1KH38,A0A0R0IJF6,0
A0A0R0GFM7,A0A0R0IL99,0
K7M6Z2,I1M130,0
I1JW26,I1JQP8,0
Q6SPR2,I1KTI0,0
I1NHH3,K7M2G2,0
C6SVB8,I1KP26,0
A0A0R0FGT9,I1J9H6,0
K7KVN0,I1KC40,0
I1KCA3,I1KJB2,0
E9KBR8,Q42808,0
I1K970,C6TAM7,0
C6SYW6,A0A368UGG7,0
B4YB07,I1K089,0
I1L5U9,I1LQ55,0
I1MW74,I1KNV7,0
I1MEF5,C6T972,0
I1N7G4,K7N563,0
C6T988,I1JDF1,0
I1MNS7,I1JNF2,0
A0A0R0EAZ9,I1N846,0
I1KUB2,I1M1I7,0
I1L6H1,I1KY31,0
I1LH27,A0A0R0EEW3,0
I1MEQ1,I1LVN3,0
I1ND31,A0A0R4J3I7,0
I1KQI1,I1JRV0,0
C0M0V4,I1NDE0,0
F8WRI5,I1L4E4,0
K7L476,I1MJJ9,0
I1K0W7,I1MNS7,0
I1LWB8,K7MUS8,0
I1N898,I1L0G2,0
I1LV79,K7LHW6,0
I1L0K8,Q2PMU5,0
A0A0R4J4G7,I1JUU2,0
A0A0R4J4G7,C6TKD8,0
I1MXY0,I1MVC6,0
A0A0R0IZA1,I1LPC2,0
I1LPK5,I1KJD2,0
C6TMK2,K7N3Z1,0
I1L7R2,A0A0R0KN53,0
K7L5S0,K7MH28,0
I1KCY5,C6T336,0
A0A0R0F719,K7M9T4,0
C6SV60,I1NJ53,0
Q9M6D6,I1L6V0,0
I1KDJ8,I1KNV7,0
A0A0R0F214,A0A0R0KIG7,0
A0A0R0FG80,I1M311,0
C6TEN9,A0A0R0FEC1,0
A0A0R0L828,I1LWB8,0
I1LIA8,A0A0R0H690,0
I1J981,K7K7Q8,0
A0A0R0FTI5,I1N2J3,0
K7KED0,K7L684,0
A0A368UI10,I1M5Z9,0
A0A0R0JSJ9,I1MF07,0
I1NAL7,A0A0R4J3C2,0
A0A0R0L3G5,K7KL60,0
K7KN13,C6TD23,0
A0A0R0JQT3,A0A0R0GFL3,0
K7K8Y9,I1NA10,0
A0A0R0EV33,I1JC50,0
I1N798,K7LFD7,0
I1LVN3,K7L5S0,0
I1JET8,I1K0H3,0
I1MS33,I1N8F6,0
I1MB99,A0A0R0KWL0,0
A0A0R0GIH6,I1JPH8,0
I1MAX9,I1LLC6,0
I1JQY7,I1LKZ0,0
I1LCP4,Q39810,0
C6TIQ9,I1N780,0
C6TE39,A0A0R0J6N9,0
K7KN13,I1LGD6,0
I1LIU7,I1LLB7,0
I1JM18,K7MQT1,0
I1KMS8,I1JC50,0
A0A0R0GZ30,A0A0R0I5V1,0
I1M8A0,A0A0R4J5K6,0
K7KW44,C6TG34,0
I1K9J7,I1K3E9,0
C6TJW1,I1JIA7,0
A0A0R0JI69,A0A0R0GAV8,0
A0A0R0JQT3,Q1W376,0
I1K2I1,I1JE09,0
I1M5Z9,A0A0R0IF61,0
E3NYP3,A0A0R0ICK4,0
I1JA95,I1LFD2,0
K7L0V0,E3NYP3,0
I1MR73,I1MLM1,0
I1MZ51,I1N483,0
I1NGJ8,K7LR18,0
A0A0R4J426,I1NA94,0
A0A0R0EAZ9,I1JS41,0
A0A0R0HSA0,A0A0R0G8N1,0
I1MTV9,I1MU00,0
I1KHK1,A0A0R0GFH3,0
K7LVH5,I1LEC3,0
A0A0R0FAJ6,I1KVG9,0
I1NFY2,E3NYP3,0
I1JV03,I1JDK2,0
I1MDD8,A0A0R0KPE1,0
K7KN04,I1MZ08,0
I1KGY4,K7LU89,0
C6T8S2,I1LU38,0
I1LWB8,I1JN71,0
I1M5N0,I1JIA6,0
E9L577,I1JAI4,0
A0A0R0GJJ0,A0A0R0HSC1,0
I1JWE9,I1NA38,0
I1L4E5,I1JET4,0
I1KFF8,A0A0R0L419,0
K7MPX8,I1KBI7,0
A0A0R0F6H1,B4YB07,0
I1JLC7,I1LUT1,0
I1NDA1,I1L694,0
I1LGD6,B9MST0,0
I1KL89,I1JQK9,0
A0A0R0IYY7,K7KNC5,0
I1M1P1,I1LEI8,0
I1L1W0,K7KRK6,0
I1JIS3,K7K3R6,0
A0A368UGA0,I1JC65,0
I1MTH5,K7LFU4,0
I1MW49,I1JC08,0
K7MLH4,I1K4Y6,0
A0A0R0IM79,I1LLC6,0
I1J4T6,I1LNP4,0
I1MSP6,I1N344,0
I1MM97,I1K099,0
K7N1T9,I1LP98,0
A0A0R0HDW2,C6T972,0
I1ML11,K7LDF3,0
I1KK11,I1MTH5,0
I1KPE7,K7KX53,0
K7MM52,I1KHJ4,0
I1JI54,I1KQI1,0
I1MGE5,I1J4L6,0
I1J8P0,I1M5S3,0
A0A0R0IL99,A0A0R0EWR2,0
C6TIK0,I1MUR2,0
I1M7Y3,K7MNK5,0
A0A0R4J2H3,I1N411,0
I1LUB3,I1L6T8,0
I1LQ62,I1JIS3,0
I1LDP9,I1M7M5,0
I1M6V9,B4YB07,0
A0A0R0GIH6,K7LQS4,0
K7MFE5,I1LLJ4,0
I1JET4,I1MHX1,0
A0A0R0LBA6,I1KYL4,0
I1MT23,A0A0R0EDS9,0
I1JMY9,A0A0R0JT51,0
I1NG45,A0A0R0JJK0,0
Q0EDG6,C6TMK2,0
A0A0R0EEW3,C6SZG1,0
E9L572,I1JE14,0
I1N9J8,I1MNU1,0
K7LX60,C6SXT9,0
I1MDY5,C6TBL4,0
A0A0R0LKR7,I1JA95,0
I1MHU4,K7LP01,0
I1M1W3,I1KQ73,0
A0A0R0GUR9,I1LI05,0
I1L735,Q71EW8,0
I1LEF5,I1JF58,0
A0A0R0E2R0,A0A0R0IZA1,0
K7KES1,I1JPH8,0
A0A0R0FTI5,I1KGY4,0
C6SVA8,I1JXS8,0
I1M946,K7KUE8,0
I1L0G2,K7LFD7,0
I1LT87,C6TAB5,0
I1LPK7,I1JET8,0
I1JQF4,A0A0R0HEI5,0
I1JPY7,K7L145,0
I1M6M9,C6SXG9,0
I1LWX5,K7K578,0
C6TBU3,K7LX60,0
I1MUP5,I1MS33,0
I1L6A2,I1KJ84,0
I1NGH7,K7KA65,0
A0A0R0ENB3,I1LLH3,0
C6T099,I1MZT5,0
I1M8F0,K7K4Y8,0
I1J8D7,I1N8F6,0
I1M796,I1LWP5,0
I1MM97,K7K318,0
I1JGB2,C6T9W4,0
I1MTB5,I1KNG6,0
K7KGR8,I1K089,0
A0A0R0KMM9,I1JMZ7,0
K7LMW2,I1M1I7,0
K7KNG2,K7KN13,0
I1JMH3,A0A368UJ62,0
K7N145,I1L6H1,0
A0A0R0EAZ9,I1JE16,0
I1MEQ1,K7KA65,0
K7M864,I1N453,0
I1JGK9,K7L0V0,0
K7L476,C6TC28,0
I1M3M4,A0A0R0JI98,0
I1LUZ5,K7M849,0
I1KC50,I1NGH7,0
I1JDN2,I1JZ64,0
K7LSZ2,I1LHR6,0
A0A368UI76,I1MHX1,0
C6T2G5,I1M786,0
K7KGR8,I1KZX6,0
I1K4Y6,K7M6R4,0
I1KGY4,I1JSY7,0
I1N055,K7K894,0
I1LST6,I1NCF8,0
I1MMY0,I1MZJ8,0
I1LH18,I1J8P0,0
I1KCA3,K7LRR9,0
D8WJ57,A0A0R0GAQ8,0
A0A368UI76,I1KZX6,0
A0A0R0GAV8,I1N551,0
I1KJF2,K7M862,0
K7KN39,I1K5B7,0
I1NDE0,C6SYN1,0
I1K3G1,K7K5C0,0
I1JQY7,I1K6T6,0
Q2Q021,I1JIW1,0
I1KFZ9,I1M269,0
I1M119,A0A0R0FG80,0
I1LPT5,I1NC50,0
I1L3Q3,I1LRR9,0
K7N529,C6TK31,0
C6TCJ0,I1JJN8,0
A0A0R0JEV3,I1JMZ7,0
K7KJB2,I1L332,0
E9L556,I1KM19,0
I1JFW4,K7LSZ2,0
I1KDP2,P62302,0
I1LP98,A0A0R0FEN3,0
K7LP01,I1JD52,0
K7LHW6,A0A0R4J5B7,0
I1M6M9,A0A0R4J461,0
C6TK73,I1LH27,0
I1N933,I1MLD5,0
A0A0R0E8K1,K7MUM4,0
C6TEN9,I1LV18,0
I1KFQ1,I1LL05,0
I1N798,K7MXH5,0
I1MG42,K7L5S0,0
A0A0R0HSV6,I1MF50,0
I1J9L7,Q2MJR5,0
A0A0R4J4C5,K7N598,0
I1JET9,C6TI98,0
K7KAB4,I1N055,0
I1MZF9,C6SXG9,0
I1KSD0,I1KJD2,0
I1N1X2,K7M864,0
I1JE51,A0A0B5EC52,0
A0A0R0L4P0,I1K1I6,0
A0A0R0KRN8,C6T1V1,0
I1J4K1,I1JC65,0
I1JUM3,A0A0R4J4D0,0
I1LRR9,A0A0R0ICK4,0
A0A0R0HQY2,I1LWX5,0
K7L406,I1JQ20,0
I1N5Z3,I1MIW3,0
I1L4E5,K7MFE5,0
A0A0R0IEK0,I1KHV8,0
A0A0R0EL31,I1KNE4,0
I1MS33,A0A0R0GBB6,0
I1LEQ3,Q2PMP9,0
I1N780,I1LLB7,0
I1JFW4,K7LLV5,0
K7L5S0,K7M6Z2,0
A0A0R0FIP9,I1MR79,0
A0A368UJF6,I1MGG7,0
A0A0R0GG06,K7K9T5,0
I1MUM8,A0A0R0K0C4,0
I1M1I7,I1KNG6,0
I1LPK7,P49084,0
I1LI32,I1JM18,0
I1JSD2,I1JF82,0
C6TGA9,K7KMU1,0
I1JC65,I1LCR6,0
A0A0R0GPH9,Q9SWR5,0
I1JCQ8,C6SZ46,0
I1JET9,B9MST0,0
I1MLD5,C6SWL4,0
P01070,I1MYD2,0
K7LZ50,A0A0R0JJI0,0
K7K4C7,I1LTM1,0
K7K808,A0A0R4J3I7,0
A0A0R4J536,I1JCQ8,0
C6T8C4,I1JD07,0
I1JD07,A0A0R0HSY5,0
A0A0R0GHT9,K7LHW6,0
I1MK72,K7LG20,0
K7LTG4,A0A0R0LBA6,0
I1K5I3,I1JXJ3,0
I1MQD2,K7LU89,0
K7LX60,I1MHX1,0
K7LP01,K7MUM5,0
I1MKJ6,K7N145,0
I1LT87,I1MDY5,0
I1JM84,I1LLH3,0
K7M0S3,K7KLG8,0
A0A0R0EAZ9,I1LTE6,0
K7K808,K7LSG7,0
I1K0E4,I1NHX1,0
A0A0R0JJI0,A0A0R4J5K6,0
I1JLC7,A0A0R0I304,0
B0M195,I1K146,0
I1LWB8,I1JZE1,0
I1K2I1,A0A0R0K6U3,0
I1NAL7,A0A0R0HSH0,0
K7KR21,I1LIQ3,0
A0A0R0HEG0,C6TCG0,0
I1M6F0,I1M8A0,0
I1J8P0,I1KYL4,0
I1MUC6,Q1W376,0
I1NHX1,A0A0R0J7Q6,0
I1LL05,A0A0R4J618,0
I1K9G7,I1LWB8,0
K7L723,I1LTW8,0
C6SZ70,C6TMK2,0
I1K4R8,C6TK30,0
C6TIK0,I1N696,0
A0A0R0I304,K7KTY4,0
A0A0R0KIG7,I1KPE7,0
A0A0R0JNM4,C6T027,0
I1L9Z8,I1J8E3,0
I1MF07,I1K1R5,0
A0A0R4J5J3,I1M292,0
I1L1W0,I1LMA5,0
A0A0R0FAJ6,I1LLC6,0
I1M3A3,I1JIS3,0
I1JIW1,A0A0R0KE62,0
A0A0R0GYC5,A0A0R0G3R9,0
K7LCS7,C6TDC0,0
I1LNP4,I1M6F0,0
K7N1X2,C6TC28,0
C6TMK2,P01070,0
I1N8M8,I1M6V9,0
I1LI93,I1ND31,0
A0A0R0IR73,I1K506,0
I1LTW8,A0A0R0G7B5,0
I1LCH2,I1K0E4,0
I1NFR9,P93163,0
A0A0R0GPH9,I1LEF5,0
K7L145,I1N505,0
I1KIJ1,K7LQS4,0
K7MPI6,I1LCZ2,0
I1LV18,K7N1X2,0
A0A0R0JI98,I1JIA7,0
I1N850,I1JU23,0
I1KMM6,I1MHU4,0
A0A0R0IYY7,I1N5S0,0
I1LIA8,I1J5A4,0
I1M7M5,I1N2J3,0
A0A0R0IZA1,I1LI96,0
I1JZR6,I1L6H1,0
K7MAQ6,A0A0R0EMR0,0
I1LDY8,A0A0R4J426,0
K7MUM4,K7LLV5,0
I1M8U0,I1KXP5,0
I1K0H3,I1L9Z8,0
I1KP66,I1KS56,0
I1J5W0,I1KDA4,0
Q0H950,I1L7R2,0
K7K4Y8,I1K9W3,0
I1KMM6,I1L2H4,0
I1KDP2,I1JVT1,0
K7KUE8,I1JSD2,0
I1L9P5,I1JSD2,0
I1L903,K7KRK6,0
I1LDY8,K7N563,0
A0A0R0HW00,I1JF82,0
K7L1E6,I1JUQ0,0
I1JQY7,C6TBL4,0
I1MPJ4,A0A0R0F6H1,0
C6TAB5,I1LQ62,0
K7MQ01,K7MXE0,0
I1JM15,I1LUT1,0
A0A0R0EL31,I1KQE3,0
Q9FQD3,I1KRC8,0
I1LIQ3,P24337,0
I1MDY5,A0A0R0HEM4,0
I1MS26,Q9AWB2,0
I1KBV2,A0A0R0IW53,0
I1KG02,I1LV79,0
I1LMN5,I1JSY7,0
I1J709,I1JXS8,0
A0A0R0LKR7,I1LVL7,0
I1KM01,A0A0R0HXH4,0
I1JV68,I1MC96,0
A0A0R0FX75,I1LUL2,0
I1MPJ4,I1N2J3,0
A0A0R0KVY6,I1JMY9,0
I1MQC8,I1MMY0,0
K7KQZ8,K7KN13,0
I1JET4,A0A0R0KWL0,0
A0A0R0IWM0,I1KSD0,0
I1NGJ7,K7LFD7,0
A0A0R0FUK3,A0A0R0K6U4,0
I1J8M6,I1M3Y7,0
K7KHN1,I1MTV9,0
I1NCV4,A0A0R0LBA6,0
I1MD26,I1JET8,0
I1K6U7,I1M8A1,0
C6TE57,I1L694,0
I1MW51,C6TJ43,0
I1JYT2,I1LDP9,0
I1K6E7,I1KL32,0
K7LEU7,K7M5U7,0
I1KAD1,C6TA11,0
I1K6U7,K7ML50,0
C6TJM4,I1K506,0
I1J981,I1K2I1,0
I1K9T5,I1MAX9,0
Q39810,C6TM45,0
K7MQG6,Q2PMP8,0
I1MV80,I1J7U9,0
I1KPN4,I1KC50,0
I1NAL7,I1M3M4,0
I1KPN4,A0A0R4J5T8,0
I1KBF7,K7LFD7,0
I1KMS8,I1JY66,0
K7N563,K7MQD2,0
A0A0R0L419,C6TKD8,0
C6TNN4,I1LF90,0
A0A0R0HJR0,A0A0R0LIH0,0
I1K9R1,I1MNU1,0
A0A0R0GU87,A0A0R0IYY7,0
I1M368,A0A0R0GS25,0
I1KEC8,K7L6P0,0
K7K355,I1LGS0,0
Q6SPR2,I1KSL6,0
K7LFD7,I1LII4,0
I1MRP6,K7LU89,0
I1KJF2,A0A0R0HXK5,0
A0A0R0J2W1,A0A0R0JJK0,0
I1MHG6,A0A0R0KN53,0
C6TJ97,I1LZ93,0
I1L171,I1LF24,0
K7KED0,A7X641,0
I1KMM6,K7K127,0
K7L2R0,K7L0V0,0
A0A0R0GPH9,I1K7G0,0
Q2PMP8,I1L645,0
C6SWS6,A0A0R0IL99,0
I1MUM7,I1JMX7,0
K7M6Z2,I1LSB5,0
I1MHU4,I1L4E2,0
I1KIQ2,I1K9R1,0
A0A0R0IXT8,K7L723,0
A0A0R0EYS5,I1LP11,0
K7L2D7,Q8GZU9,0
I1J9W9,I1JRV0,0
I1JWK3,I1K1D7,0
K7LJ17,I1K006,0
I1L0G2,I1K925,0
K7K1V0,I1KMM6,0
I1N8V4,I1KZ26,0
A0A368UJF6,I1KZJ9,0
I1JXI4,I1LI05,0
I1M957,C6TBL4,0
I1JX10,I1KQ73,0
A0A0B5EC52,C6TNM5,0
A0A0R0FTJ2,I1JAI4,0
A0A0R0GUR9,K7N5K2,0
K7MB82,K7K9D6,0
I1K0A7,A0A0R0L828,0
K7N129,I1MVZ6,0
A0A0R0GG06,A0A0R0L4P0,0
I1K5B7,I1K146,0
A0A0R0E8K1,K7MY00,0
I1N453,I1MW74,0
I1MEW6,I1KQU2,0
I1N976,A0A0R0KWL0,0
I1ND31,K7L145,0
I1JD52,Q9XE60,0
I1LA39,I1J547,0
I1N9J8,K7MY00,0
E9L565,I1KTI0,0
I1MJJ9,A0A0R0JQT2,0
I1KLS0,A0A0R0I5V1,0
I1MG54,I1LR48,0
I1KQE3,I1MZJ8,0
I1L6H1,M1FIS9,0
A0A0R0JQT2,A0A0R0FG80,0
I1MG38,I1MIX6,0
A0A0R0GFL3,I1MCH7,0
C6T003,I1JUU2,0
I1JV03,I1JK59,0
A0A0R0GTG6,I1L367,0
I1KLS0,Q06197,0
A0A0R0IR73,A0A0R0GFM7,0
I1LN92,A0A0R4J2L5,0
I1LIJ6,K7LCS7,0
A0A0R0J6N9,A0A0R4J309,0
I1M957,I1KJ81,0
I1K4V8,K7L0V0,0
I1L7J3,A0A0R0FTJ2,0
A0A0R0HEM4,A0A0R0FEN3,0
A0A0R0IYY7,K7MLC5,0
I1LKV0,I1MQB8,0
A0A0R0L419,I1JC50,0
C6TJM4,K7N529,0
A0A0R0KN53,I1NA38,0
A0A0R0JBL2,I1JK59,0
I1LT87,A0A0R0JI69,0
I1LA39,C6TDC0,0
K7KL60,D2D5G3,0
I1LH18,I1NG17,0
I1JK59,I1L903,0
A0A0R4J536,I1KJX6,0
A0A0R0H668,I1KAQ7,0
I1LTG9,I1MSP6,0
I1J4K1,I1LMN5,0
I1M6B9,A0A0R0G1X4,0
I1N8T4,P62302,0
C6TK30,C6TAB5,0
I1KIQ2,K7MLH4,0
K7LK09,K7KES3,0
A0A0R0GHT9,A0A0R0JV11,0
I1M1C4,I1LWB8,0
A0A368UIA0,I1L735,0
I1MZ53,K7KNC5,0
I1MMY0,K7LTV8,0
A0A0R4J653,Q39817,0
I1L367,I1J9L7,0
C6SWS6,I1MZJ8,0
I1NDA1,I1KFQ1,0
I1JCB1,M1FIS9,0
I1MRK4,A0A0R0FTJ2,0
A0A0R0K6I2,A0A0R0JQT2,0
A0A0R0JSC0,I1KRV5,0
I1M325,I1KDP2,0
I1N8F6,K7L939,0
I1JS15,A0A0R0L317,0
I1K4R8,I1LG13,0
I1LJH2,I1JYX2,0
K7KAB4,I1MEA7,0
A0A0R0L3G5,A0A0R4J5J3,0
I1MEQ1,C6TK31,0
K7LSG7,I1KRU0,0
I1MAX9,A0A0R0FVX1,0
C6TBL4,C6T034,0
I1M3M4,A0A0R0KN53,0
K7LIE3,K7LHW6,0
A0A0R0G3L8,A0A0R0J9Y6,0
I1NJ53,I1L153,0
A0A0R4J4C5,I1KZ26,0
I1J5W0,I1LN52,0
I1JCB1,C6TGZ1,0
K7KN13,I1MF42,0
I1LLJ4,I1MAC4,0
I1JF82,A0A0R0JT51,0
I1K9T5,A0A0R0H8Q8,0
K7MB82,K7MPI6,0
A0A0R4J2U8,A0A0R0H690,0
I1LZ93,K7M864,0
I1MUZ7,K7L5S0,0
I1LV79,A0A368UID0,0
I1JE09,I1JVX3,0
A0A0R0G7B5,I1MIW3,0
K7MZN9,C6SXD3,0
I1J702,I1NG17,0
I1L171,C6TGZ1,0
I1M119,I1MLJ0,0
I1JW65,I1K215,0
I1JD36,K7K149,0
I1L4E4,I1K6U7,0
C6T211,A0A0R0ELE0,0
I1LIQ3,A0A0R4J5N5,0
C6TN61,A0A0R0E2R0,0
I1NDE0,I1KM27,0
A0A0R0G3L8,C6TK27,0
I1K4R8,I1M277,0
I1MLM1,Q2PMQ4,0
C6TN69,A0A0R0HDW2,0
K7KED0,K7KVV2,0
I1JN71,I1KTY9,0
I1KEX8,A0A0R0KRF1,0
I1M7M5,K7MPI6,0
I1K0H3,I1K5Q4,0
I1MW74,A0A368UH16,0
I1K963,A0A0R0GS00,0
I1LJD2,A0A0R0L3G5,0
I1LVL7,I1KHJ4,0
I1NCF6,I1JIH3,0
I1L3Q3,I1JNF2,0
K7KTS8,C6SX83,0
I1KRC8,I1JIA7,0
I1N1X2,C6T2F8,0
K7LI90,C6T214,0
I1KP66,I1MDD8,0
I1MV08,I1JE11,0
I1LGD6,I1MFF9,0
C6TCG0,I1LGI3,0
I1MD26,I1LGI3,0
P24337,K7L406,0
I1L4E5,I1KA71,0
I1LPK5,A0A0R0J6N9,0
A0A0R0FLW1,I1L9Z8,0
K7L2K6,A0A0R0JC18,0
C6TJ43,I1MTH5,0
I1KPN4,I1N8L0,0
I1JC50,K7KTS8,0
I1M1D5,I1KJD2,0
I1N5S0,I1MUP5,0
K7MHQ6,I1JKD2,0
I1JT87,P01064,0
I1LLS8,I1MLD5,0
I1JHQ1,A0A368UI76,0
K7MC85,I1LQ64,0
I1MNU2,A0A0R0HEI5,0
I1K7G0,K7KJB2,0
I1NAL7,I1JUV6,0
I1JSY7,I1K506,0
A0A0R0GU87,K7LHS7,0
K7N5K2,D2D5G3,0
C6TK30,I1N5Z3,0
I1L4E4,I1JFW6,0
A0A0R0L1N9,A0A0R0GUR9,0
A0A0R0GTG6,I1N8M8,0
I1JKK4,I1JVT1,0
I1JYG3,K7N1X2,0
F8WRI5,I1JM84,0
C6TIA6,C6T099,0
A0A368UIC9,I1KJG4,0
I1KEX8,A0A0R0E934,0
I1L0K8,K7M6R4,0
C6TN61,C6SXD2,0
I1MDY5,C6SV60,0
I1L9G9,I1LF90,0
P49084,I1LLS4,0
A0A0R0I304,I1JCB1,0
I1LF24,I1N5V6,0
Q42797,K7KH93,0
I1LW00,I1JWK3,0
A0A0R0GFM7,K7L6N7,0
I1KTI0,I1NAJ0,0
A0A368UHM9,K7LH46,0
I1JXJ3,Q42797,0
I1JW06,I1MJH1,0
I1L1A1,K7KX46,0
I1L0G2,I1JZR6,0
I1NA38,K7MVE7,0
A0A0R0HDW2,I1LLJ4,0
A0A0R0JNM4,I1LLA0,0
E9L565,Q2PMQ4,0
I1KJF2,I1MEW6,0
I1KA54,A0A0R0FGT9,0
C6TER0,I1NGJ8,0
I1N5V6,C6TNN4,0
I1LR95,A0A0R4J646,0
C6TIQ7,I1MKJ6,0
I1JDN7,I1JE09,0
I1J9I1,I1LST6,0
I1J8M6,I1JXI4,0
K7LRR7,A0A0R0ICK4,0
I1N5H5,I1LUL9,0
K7LJS8,K7LX60,0
I1KJR2,I1KZC9,0
A0A0R0H668,Q9SLW5,0
I1N2Z4,I1M311,0
I1NA94,I1LHR6,0
I1LST6,I1LEQ3,0
I1LCP4,I1JKP7,0
I1NCN7,P17093,0
A0A0R0JSJ9,Q6SPR2,0
I1LPE4,A0A0R0GAQ8,0
C6T2F8,I1L3N6,0
C6TBU3,I1KA98,0
I1MQ30,I1K3G1,0
K7KAB4,K7LTG4,0
K7MPZ4,I1LR48,0
K7MNP5,C6TAW2,0
I1K3F0,I1LWP5,0
A0A0R0E6T9,A0A0R0IV41,0
A0A368UGG7,K7MHQ6,0
C6TNN4,I1N5R9,0
K7MUC8,K7MFZ6,0
C6T1E8,I1M5N9,0
E9L575,K7MEB1,0
A0A0R0G8N1,A0A0R4J583,0
I1L4E5,I1LPC2,0
I1LCP4,I1LUZ5,0
A0A0R0G3L8,A0A0R0I5N9,0
I1MTB5,C6SVR0,0
I1NHN6,K7LCL1,0
A0A0R0K6C1,I1LWB8,0
A0A0R0I5N9,I1LBJ5,0
I1NHH3,I1K146,0
C6TN61,I1LLA0,0
A0A0R0JI69,I1N696,0
I1JF82,I1JZ64,0
C6SZQ0,I1N7M0,0
A0A0R0G8N1,A0A0R0IR73,0
K7M4J0,I1LEC4,0
I1M368,I1JYX2,0
I1MZ53,I1LIT1,0
I1LAH1,I1K0W7,0
I1LA40,I1NCN7,0
K7M0S3,K7M4J0,0
Q39817,Q9SWR5,0
A0A0R0KR59,I1MHK8,0
C6SV60,I1KXP5,0
A0A0R4J5T8,I1JA95,0
I1JGX0,I1J5E3,0
K7MPJ9,I1KAQ7,0
I1LMR4,I1K6U7,0
I1LKZ0,A0A0R0IJF6,0
Q0H950,K7M0S3,0
C6TK31,I1KV61,0
I1KMS8,I1KC40,0
K7LCS7,I1LFD2,0
I1JRE0,C0M0V4,0
I1M038,I1J8D7,0
A0A0R0F392,I1LIK7,0
I1LF90,K7M849,0
I1M038,I1KDA4,0
I1K065,K7MUC8,0
A0A0R0LKR7,Q0EDG6,0
I1LQ64,P62302,0
K7KKT1,A0A0R4J618,0
I1JUP2,I1N4X6,0
I1KQ73,I1LG65,0
I1LXY1,K7K808,0
I1MX88,P01070,0
K7LXY1,I1NAJ0,0
A0A0R0GJJ0,K7LRR9,0
I1L5L1,I1M1I7,0
A0A0R0FUA1,I1K925,0
I1JET8,A0A0R0KMM9,0
I1NHX1,Q2PMP9,0
K7KJI6,K7KES1,0
I1NGJ7,I1LUT1,0
D2D5G3,A0A0R0JQT3,0
A0A0R0IM79,I1L903,0
I1JKP7,I1N371,0
A0A0R4J488,A0A0R0IR73,0
K7KAB4,K7L9S8,0
I1KCA3,I1L694,0
A0A0R4J488,Q84L66,0
C6TLW3,E9L572,0
K7MUM4,I1JKK4,0
K7LX60,I1KP66,0
C6T217,A0A0R0EEW3,0
K7LH46,A0A0R0H8Q8,0
A0A368UGC3,A0A0R0F5Y7,0
A0A0R0FA21,A0A0R0I304,0
A0A0R0K0K3,A0A0R0FJR0,0
I1KFL5,A0A0R0F6H1,0
K7MC85,I1MF50,0
I1M796,K7M353,0
I1LF24,Q70MR6,0
I1M1I7,A0A0R0ENB3,0
K7M466,I1KC40,0
I1M5Z9,I1LP31,0
I1LEI8,I1KGM8,0
A0A0R0ECE8,I1LVL7,0
K7KLY3,I1MK72,0
I1KYS8,Q71EW8,0
A0A0R0IZ75,I1KDJ8,0
A0A0R0GHT9,I1JM15,0
I1MBA8,Q71EW8,0
I1N2J3,A0A0R4J2Q5,0
C6TJW1,I1MPJ4,0
I1L3P5,I1LII4,0
I1JD07,I1MLD5,0
A0A0R0KMM9,I1KV61,0
I1JGX0,F8WRI5,0
I1K9J7,I1KRU0,0
E9KBR9,I1JZE1,0
K7K894,Q1W376,0
A0A0R4J5N5,A0A0R0KVY6,0
K7KNT9,I1MPJ4,0
I1KPN4,K7MLC5,0
C6TA11,I1M8A0,0
I1LIK7,I1JPH8,0
I1MDY5,I1MTV9,0
K7LU89,A0A0R0FA21,0
I1LQ64,I1LF24,0
I1LNZ9,I1K1D7,0
I1NHF4,I1LCJ2,0
I1LD16,A0A0R0HJR0,0
K7KVN0,I1K4V8,0
I1LLH3,A0A368UHM9,0
A0A0R0G3R9,K7MMD7,0
I1LA40,C6TIQ7,0
C6T988,I1LST6,0
I1KJF2,A0A0R0J7Q6,0
K7KKT1,K7LDF3,0
I1M225,C6TML7,0
K7L2R0,I1M8A0,0
I1LGS0,K7L4N7,0
I1MJH5,I1JDK2,0
I1L645,E9L572,0
I1J5A4,I1L1A1,0
I1N447,I1M6V9,0
K7M9T4,A0A0R4J2H3,0
A0A0R4J4G7,I1JF58,0
I1L4E2,I1M6M9,0
I1NFR9,I1JRU7,0
I1KNG6,A0A0R0JC18,0
I1N8V4,I1J4K1,0
K7ME58,I1KUS2,0
A0A0R0L3G5,I1L759,0
I1J4K1,I1MK72,0
K7KN39,Q71EW8,0
I1NA94,K7MUV9,0
I1KXP5,I1N344,0
K7K127,I1K0U5,0
I1M7Y3,I1K5B7,0
I1KH38,C6TD23,0
I1L7G4,I1JDF1,0
I1L9K4,I1MV08,0
I1L5L1,I1MJH1,0
I1JCB1,I1NF53,0
I1MF50,A0A0R4J583,0
I1NF53,E9L575,0
A0A0R0HEM4,C6TIQ7,0
I1NAJ0,K7MM52,0
I1JIW1,C6T0A0,0
A0A0R0KR59,C6TIK0,0
K7LWG6,K7L6K2,0
A0A0R0F214,I1MNU2,0
K7K808,I1LPW2,0
I1L367,I1JLC7,0
K7KHU1,I1KQU2,0
K7L9S8,I1LUE0,0
B0M195,A0A368UGA0,0
I1KJ84,A0A0R0IW53,0
K7LXD3,I1KV48,0
I1M038,I1MD26,0
K7K894,I1MKJ6,0
I1K4V8,A0A0R0IF42,0
A0A368UHM9,C6TIQ8,0
K7KHN1,I1KHK1,0
I1KPE7,K7L6N7,0
I1LMA5,I1KRC8,0
I1LN30,K7LEU7,0
C6T0A0,A0A0R0JRI8,0
I1KL89,I1N1Z5,0
Q6SPR2,C6TER0,0
A0A0R0KRF1,I1L540,0
I1MBI6,I1LT34,0
I1M946,K7M5U7,0
I1M4B9,C6SZS1,0
I1M6M9,I1JN71,0
I1JET4,I1LA39,0
A0A0R0GFH3,K7MUC8,0
I1M998,K7N525,0
I1LZ93,I1M1W3,0
I1JEC6,I1MW49,0
I1KZ26,C6TI98,0
I1JS15,I1MJJ9,0
A0A0R0FTJ2,E3SXU2,0
C6TK27,I1LQ55,0
I1L1W0,I1N8V4,0
I1NCF6,K7ML50,0
Q2PMP9,I1LMA5,0
I1MGY9,I1K4V8,0
A0A0R0IWM0,I1JJB8,0
I1LHS8,I1KNI7,0
I1N5R9,K7L1E6,0
K7KVV2,I1KYL4,0
I1KJG4,I1L4E2,0
I1JQF4,I1LTM1,0
C6T002,I1LL05,0
I1K6E7,I1MQB8,0
I1LXY1,I1KG02,0
I1M1C4,I1K1D7,0
I1KQE3,I1MHU4,0
C6T002,I1N505,0
I1L367,A0A0R4J2L5,0
P62302,I1M5N0,0
I1K3K8,C6T9W4,0
A0A0R0GFL3,P01064,0
I1N5D5,I1LA40,0
K7KFY5,I1K5E7,0
I1L5U9,A0A0R0FUA1,0
I1JGK9,I1MEF5,0
A0A0R4J4G7,Q39810,0
A0A368UIE1,I1LA40,0
Q56GA2,I1LYB2,0
I1KXP5,I1LIQ3,0
C6T9Z5,E3NYP3,0
I1LLA0,I1LGR6,0
I1KDJ8,I1MYD2,0
I1KDU3,I1J7U9,0
K7MPI6,I1JZE1,0
A0A0R0IZ75,A0A0R0HV63,0
I1LHY5,A0A0R0JNM4,0
Q70MR6,K7K4C7,0
I1LF24,K7KYM0,0
I1KMS8,I1MTH5,0
A0A0R0H537,K7LJS8,0
C6TK31,I1MS33,0
I1J5B4,I1JDU3,0
I1J8V8,I1KZY9,0
C6SYE1,I1MS26,0
K7MGH8,A0A0R0GJV8,0
I1L153,K7MM52,0
K7KHU1,P01055,0
I1JV03,I1J4B5,0
I1NCV4,A0A0R0FHD2,0
I1NGL3,C6T099,0
A0A0R0IQ72,I1N8C9,0
I1NHF4,P49084,0
I1K4Y6,I1N798,0
I1LBJ5,K7M6J1,0
I1JHJ8,K7MH28,0
I1MS33,I1KGY4,0
I1N898,I1LKZ0,0
I1M269,I1N3Z3,0
I1KV61,I1JQK9,0
I1K9R1,C6SXT9,0
I1LHY5,I1MK72,0
I1NG45,I1JX17,0
I1K1D7,I1JZR6,0
I1M6B9,A0A0R0EKB4,0
A0A0R4J5N5,I1LUV4,0
K7MNN5,I1MG42,0
K7KGR8,A0A368UJF6,0
I1LPE4,I1MKJ6,0
I1MW49,K7LXY1,0
I1KS56,I1LG65,0
I1NA94,A0A0R0HJR0,0
A0A0R4J5B7,K7KVV2,0
Q2Q021,K7M849,0
K7K1V0,I1KQ70,0
I1L9K4,I1JI54,0
K7L939,I1LKY8,0
K7L9S8,C6TJ17,0
I1KAJ9,I1L7R2,0
I1N1X2,A0A0R0FLW1,0
I1LHY5,I1MHK8,0
I1LBJ5,I1M4B9,0
I1NJ53,I1MGG7,0
I1K938,K7L1E6,0
I1MKJ6,C6SZ70,0
I1K1R5,I1M5N0,0
I1JE14,I1M3Y7,0
A0A0R4J2Q5,I1JUM3,0
A0A0R4J4H3,I1J4B5,0
K7LXN4,I1N1X2,0
A0A0R0FG80,A0A0R0JJI0,0
A0A0R4J365,I1MLD5,0
A0A0R0F214,I1JE51,0
K7KW44,A0A0R4J426,0
I1JX17,A0A0R0L4P0,0
I1N3U5,A0A0R0HLZ4,0
K7LWG6,K7LXN4,0
A0A0R0EWR2,I1JYX2,0
K7L1E6,I1JNF2,0
I1LTM1,I1MEQ1,0
C6SZ46,A0A0R4J4D0,0
Q56GA2,K7L0E7,0
I1JJN8,F8WRI5,0
A0A0R0JQT3,I1LUZ5,0
A0A0R0JQJ0,C6TJ17,0
A0A0R0GUR9,I1NDA1,0
I1KA75,A0A0R0JSC0,0
C6TA11,A0A0R0ENB3,0
I1KAJ9,I1LME8,0
C6SVR0,I1LXI0,0
I1KSL6,I1ML11,0
I1JDU3,I1KJ81,0
K7MS06,I1L4E4,0
I1KV61,I1JM84,0
I1JKP7,I1KNG6,0
A0A0R0L5Q2,K7MM52,0
C6TGA9,K7LIE3,0
I1LL05,A0A0R0JBL2,0
I1N2J3,I1L7J3,0
A0A0R0JQT2,A0A368UGC3,0
K7KKT1,K7K2H0,0
I1MNU2,I1LN52,0
I1MEW6,I1JXI4,0
K7K4C7,I1NAL7,0
I1KAQ7,I1LCR6,0
I1KUE8,I1KZY9,0
K7K2H0,K7KN04,0
I1N3Z3,K7MLH4,0
I1JGP8,I1MZ51,0
I1J9W9,I1LLJ4,0
Q2TUW0,A0A0R0F5Y7,0
I1JUM3,A0A0R0EV33,0
K7K894,A0A0R0EV33,0
A0A368UIM7,A0A0R0GFM7,0
I1L367,I1LMA5,0
I1LLS4,A0A0R0FZM4,0
I1JN65,I1LA39,0
I1MBN8,I1K4Y6,0
I1K6N8,I1KFZ9,0
I1N448,I1NE42,0
A0A0R4J488,I1M1I7,0
I1MUR2,A0A0R0FVX1,0
I1LW00,A0A0R0GYZ9,0
A0A0R0HM21,K7M9T4,0
K7LXY1,K7MFE5,0
I1M6F0,C6T1G9,0
E9L556,A0A0R0IWM0,0
Q2PMP9,A0A0R0FB78,0
I1KZ09,K7MNN5,0
K7MUV9,C6TKD8,0
I1JUP2,I1MP75,0
I1L2T1,A0A0R0I5R9,0
I1LSB5,C0M0V4,0
I1L4E5,I1JZR6,0
I1L285,I1L6T8,0
K7L2K8,A0A0R0G3R9,0
I1LCZ2,I1MHU4,0
A0A0R0FHD2,C6SZS1,0
K7K3C2,A0A0R0GAQ8,0
K7LLV5,I1JB64,0
I1MF50,I1JGB2,0
I1LLJ4,I1JGU8,0
K7KVN0,A0A0R4J583,0
I1M946,I1N8X8,0
K7M2G2,K7LK09,0
K7KW44,K7KNG2,0
C6SVA8,K7K3R6,0
K7MPZ4,A0A0R4J653,0
C6SXT9,I1JQF4,0
A0A0R0FUK3,K7MHQ6,0
C6TN61,I1K467,0
I1J8P0,K7L6P0,0
I1MZT5,I1MLJ0,0
I1LPW2,I1JMH3,0
I1LUL9,K7MAQ6,0
I1JUK7,I1MV08,0
K7LR18,K7MTL2,0
I1LN52,I1MXY0,0
I1KZ26,I1K467,0
I1MF42,I1MR11,0
A0A0R4J2L5,Q0H950,0
P93163,I1MW74,0
I1LAH1,I1N798,0
I1N7G4,A0A0R0GPH9,0
I1JCB1,I1LL05,0
A0A0R0GPH9,I1JGK9,0
K7LU89,C6TN69,0
I1L332,I1K0A7,0
A0A0R0EKB4,K7KR21,0
Q94C02,I1KEC8,0
K7K149,I1MUM7,0
I1L9K4,A0A0R0KVY6,0
I1K2I1,I1NB48,0
I1N7M0,I1MIX6,0
Q9SLW5,I1MK72,0
K7MUD4,I1JXJ3,0
A0A0R0G3L8,I1LEF5,0
A0A368UI76,K7LXD3,0
A0A0R0FZM4,K7M6R4,0
C6SZS1,K7K9T5,0
C6T0A0,Q9FQD3,0
K7KTS8,I1K0U5,0
C6TEN9,I1LJH2,0
A0A0B5EC52,C6SZQ0,0
I1KQP5,I1LT87,0
K7MDN4,I1K5J7,0
I1JM84,C6TC28,0
K7MY00,A0A0R0HEI5,0
I1K6N8,I1M4B9,0
I1L4I9,I1K506,0
C6T857,I1L5L1,0
I1MC96,I1MQB9,0
I1KPB0,C6TN69,0
C6TCG0,K7L5S0,0
I1NCF8,I1L6T8,0
I1K4Y6,C6SWD1,0
I1NHH3,I1KA98,0
Q42808,A0A0R0FZM4,0
I1MCH7,I1MF07,0
K7N5K2,I1MR73,0
I1N019,A0A0R0LK19,0
Q42798,A0A368UGC0,0
P62302,K7KED0,0
P93162,I1KJB1,0
K7M4J0,I1J8V8,0
I1JX17,I1NAL7,0
C6TJW1,A0A0R0HLZ4,0
E9L572,Q2PMP9,0
K7L6N7,I1JZR6,0
K7LIZ8,A0A0R0H690,0
A0A0R0LKR7,K7KFZ9,0
K7LRR9,I1KZY8,0
A0A0R4J365,I1M269,0
A0A0R0GU87,P01055,0
I1MVZ6,K7M6J1,0
C6TC28,A0A0R0IAM2,0
I1L3N6,I1K970,0
A0A0R0EWR2,A0A0R0JBV0,0
I1M1D5,A0A0R4J4H6,0
I1KFQ1,I1JCA9,0
I1LPK7,P45621,0
Q9M4R7,I1N8V4,0
I1N696,I1LI96,0
I1JYX2,C6TIA6,0
I1N8M8,C6TA11,0
Q71EW8,I1L1W0,0
I1K099,I1MDD8,0
I1KSL6,I1MV56,0
K7MXF1,I1KXK6,0
K7KYM0,C6SVR0,0
Q6SPR2,A0A0R0K4Z5,0
Q70MR6,A0A0R0LBA6,0
A0A0R0GS00,K7KUE8,0
I1J709,K7KN39,0
A0A0R0GS25,I1J4L6,0
K7KTS8,A0A0R0GAQ8,0
K7LEU7,I1LIA8,0
A0A0R0L0E7,I1KM19,0
K7MUC8,A0A0R0K6U3,0
I1KQ73,I1KV61,0
A0A0R0JSC0,A0A0R0K0C4,0
I1N8M8,I1JET8,0
C6T214,K7KLY3,0
I1KWU9,A0A0R4J646,0
K7MTL2,I1MX88,0
I1J702,I1K925,0
K7KEQ2,I1NA94,0
Q2PMP8,A0A0R0EYS5,0
I1MRP6,K7L9M2,0
K7MXF1,C6TE57,0
I1J8M6,A0A0R0GWH6,0
A0A0R0I5R9,I1KGY4,0
I1JWK3,A0A0R0IAM2,0
I1KHK1,A0A0R0L1N9,0
I1KZ09,I1N2G0,0
I1MLC3,K7LTV8,0
K7L723,K7L2K8,0
I1JE11,K7KGB3,0
A0A0R0JBL2,I1KIG1,0
C6SWS6,I1MBN8,0
A0A0R0IR73,P45621,0
A0A0R0K0K3,A0A0R0HW00,0
I1MHA5,I1KUF4,0
K7MQG6,K7LXA6,0
I1J9W9,A0A0R0HJR0,0
I1LV79,A0A0R0IQ72,0
A0A368UID0,A0A0R4J4H3,0
I1L3Q3,K7KX46,0
I1KZK2,I1LN30,0
E9L577,I1KC40,0
I1MUM8,C6T5U0,0
I1LUV4,A0A0R0KR59,0
I1M2U6,K7MPJ9,0
I1LUZ5,A0A0R0HXK5,0
A0A0R0FUK3,I1LV79,0
K7K808,I1KVG9,0
I1MMY0,I1K0U5,0
I1N8M8,K7LXN4,0
I1JGK9,K7KJB2,0
I1KM27,I1LR95,0
K7MLC5,I1N1Z5,0
I1LEQ3,I1LNF0,0
K7K9T5,K7LHW6,0
K7N3Z1,I1LFD2,0
K7MQG6,K7K5C0,0
I1JIW1,I1K0U5,0
I1KM88,K7M6R4,0
I1JX10,I1JW65,0
A0A0R0IV41,I1MBS8,0
K7LLV5,I1JD52,0
I1LQ64,C6T336,0
I1LCR6,C6SWU3,0
A0A0R0HSY5,K7MM89,0
I1KM07,I1JC50,0
I1MW74,C6T2F8,0
K7LJS8,I1JQ20,0
A0A0R0IZ75,I1MBN8,0
I1LKD9,I1LN30,0
I1JIA6,I1MEF5,0
I1JCA9,K7LSJ2,0
I1JXS8,K7L9S8,0
I1LH27,I1MNV2,0
I1M5N9,A0A0R0KPE1,0
I1LSB5,I1JUP2,0
K7MY00,K7M5U7,0
K7M6R4,I1MUM7,0
K7M466,A0A0R0E934,0
I1JQY7,I1LJ34,0
I1L6V0,P45621,0
Q1M320,I1N8V4,0
I1LUE0,C6T211,0
K7K8Y9,I1K6E7,0
I1JIS3,I1K3E9,0
C6SYN1,K7K3C2,0
I1MTV9,I1NCF8,0
I1N5Z3,I1JM15,0
I1KNA2,I1N2Z4,0
I1LWB8,I1K1W8,0
C6TIQ9,I1J702,0
A0A0R0FXD4,I1JYT2,0
I1JQ20,I1LN30,0
I1M292,I1LWB5,0
Q2TUW0,C6T1E8,0
I1K6H8,K7MEB1,0
I1KRV5,I1KTI0,0
I1NGH7,C6TJM4,0
Q1W376,I1M277,0
A0A0R0KVY6,C6T857,0
I1MUM8,A0A0R0HQY2,0
I1MS26,K7KLY3,0
K7KJW6,I1KDR4,0
A0A368UIA0,I1JSI5,0
I1KIQ2,K7KNT9,0
I1MZV4,C6TGA9,0
I1JD36,C6T1V1,0
A0A0R0GYZ9,I1NGJ7,0
A0A368UI50,C6TI98,0
I1K3G1,F8WRI5,0
I1NFY2,I1LIJ6,0
A0A0R0HJR0,I1L735,0
A0A0R0FTJ2,I1MBI6,0
K7MPI6,I1M269,0
I1J574,I1M946,0
C6T065,K7MLC5,0
I1LEC3,E9L565,0
I1LZ51,K7ME58,0
I1N5S0,K7LCS7,0
I1KZ09,I1KFP9,0
K7KR21,I1LYB2,0
B4YB07,A0A0R0IJF6,0
I1MIW3,I1N798,0
K7MS06,A0A0R4J455,0
A0A368UJ62,I1MIW3,0
I1JSD2,A0A0R0K5H8,0
A0A0R4J2Y1,I1LVN3,0
I1LIA8,I1MR73,0
C6TF29,A0A0R4J646,0
I1JHN9,A0A0R0HJR0,0
I1LG22,K7KQZ8,0
K7L9M2,I1JYX2,0
C6SZ70,I1LNY2,0
I1MS26,A0A0R0JQ82,0
I1LI32,K7ME58,0
K7KZX6,K7MNP5,0
I1KAJ9,K7LP01,0
I1N2G0,A0A0R4J5C5,0
I1LHY5,K7MUV9,0
K7KLG8,I1L6A2,0
K7LSZ2,C6TNW3,0
C6T7K0,K7MLC5,0
I1MDY5,C6T099,0
K7LJS8,I1JM15,0
I1M1P1,I1JA30,0
I1JQ20,K7LVH5,0
I1LN92,I1L3Q3,0
M1FIS9,I1NC04,0
A0A0R0IW53,I1LFG4,0
Q8GZU9,C6TBU3,0
I1M269,I1K6J1,0
K7L406,I1MR79,0
Q42798,I1JHN9,0
A0A0R0L0E7,Q84L66,0
A0A0R0F695,I1K3F0,0
K7N1T9,K7KK86,0
I1J9W9,A0A0R0EKB4,0
A0A0R4J4D0,A0A0R0GBB6,0
I1MLM1,I1K3G1,0
I1L2T1,A0A0R0HXK5,0
A1YUN0,I1LKN9,0
I1LWB8,I1M6B9,0
I1MEW6,K7KF95,0
I1NGJ7,C0M0V4,0
A0A0R0EDS9,I1LUL2,0
K7L0E7,A0A0R0FLW1,0
C6T972,C6TC28,0
I1JE14,I1LHY5,0
I1MR11,I1KPB0,0
I1K6U7,I1JHJ0,0
I1KNG6,I1KP26,0
A0A0R0JRI8,I1K970,0
I1JE14,I1K565,0
M1FIS9,I1M957,0
K7L145,C6TIA6,0
K7KNG2,C6T090,0
A0A0R0JYX3,C6T1H3,0
I1M5S3,I1LW00,0
I1MEQ1,C6TE39,0
K7MGQ2,I1KEC8,0
K7KK86,K7MGQ2,0
I1LVN3,I1JA30,0
A0A368UGC3,I1ML63,0
A0A0R0K0K3,I1M292,0
I1LFG6,A0A0R0L5Q2,0
K7M6R4,I1K723,0
A0A0R0KJL0,K7MUM5,0
A0A368UH16,I1KRL9,0
E9L575,I1LN30,0
A0A0R0HQY2,A0A0R0FJR0,0
K7N1X2,I1MR11,0
A0A0R0GHT9,A0A0R0FIP9,0
I1M3Y7,I1MGG7,0
I1JSG1,A0A0R0JQ82,0
Q8W1A1,K7M5U7,0
I1JE51,Q42808,0
M1FN38,I1KZC9,0
I1JET8,A0A0R0FEC1,0
I1NJ53,I1KH38,0
I1MUR2,A0A0R4J4M9,0
K7MM50,A0A0R0HEG0,0
A0A0R4J4M9,I1NA94,0
A0A0R0I304,A0A0R0HW00,0
K7MXE0,K7KX53,0
A0A0R4J618,I1LLB7,0
I1M3A3,K7LNG6,0
I1JAI4,A0A0R4J583,0
A0A0R0GFM7,A0A0R0HEM4,0
I1JCA9,I1MXY0,0
A0A0R0GG06,A0A0R0LIH0,0
I1KPE7,I1KJR2,0
I1LPW2,I1K3R3,0
I1M130,A0A0R0H537,0
I1L0G2,C6SXT9,0
I1MRK4,K7LLN2,0
I1KRL9,M1FIS9,0
A0A0R0JV11,I1M8F0,0
I1LGD6,I1N846,0
A0A0R0EYS5,I1MZT5,0
K7MY00,I1JW65,0
I1LH27,I1L153,0
C6SYW6,I1L3N6,0
I1K4Y6,I1K9R1,0
K7KFZ9,I1N5V6,0
I1L9G9,I1NJ85,0
K7L4N7,C6TJ17,0
K7L7W0,A0A0R0I304,0
I1MVZ6,I1JJB8,0
K7K3C2,I1J8V8,0
I1MG42,A0A0R0I5R9,0
Q9M4R7,I1JPH8,0
K7LQS4,I1LGI3,0
I1M5X1,A0A0R0IXT8,0
I1N3U5,I1JK31,0
I1J8V8,I1LV18,0
Q7XJ86,I1LCH2,0
A0A0R0EKI7,K7N525,0
I1LZ93,E3NYP3,0
K7MAQ6,K7KKT1,0
I1MUM8,I1KA75,0
K7L145,I1LKY8,0
I1L735,K7M9L4,0
I1N448,Q42797,0
K7KF95,K7N525,0
I1KSD0,I1NHX1,0
K7K5R7,A0A0R0L5Q2,0
K7LVH5,I1N1X2,0
C6TIQ7,A0A0R0E934,0
A0A0R0GHT9,A0A0R0GG06,0
I1L7D4,I1KWU9,0
K7MNE6,I1JZE1,0
K7K149,A0A0R0FAD6,0
I1MM35,K7L6K2,0
C6TIK0,I1NGJ8,0
I1MQD2,I1JN71,0
C6TNM5,I1MNU1,0
K7MLC5,I1JCQ8,0
C6T857,I1NHX1,0
K7LK09,K7L5S0,0
I1JUU2,I1KQU2,0
A0A0R0J296,K7KJW6,0
I1MM35,I1KHV8,0
A0A0R0EV33,I1LZ51,0
A0A0R0EL31,I1JCB1,0
I1KGM8,A0A0R0EUJ0,0
I1L7D4,C6TI98,0
C6TML7,Q9SWR5,0
I1LTG9,I1MPJ4,0
C6TG34,I1K3K8,0
A0A0R0KE62,K7N525,0
I1NCF6,A0A0R4J426,0
I1LN52,K7LR18,0
A0A0R0KMM9,C6T336,0
C6SWL4,I1KDF1,0
K7N3Z1,I1JW26,0
A0A0R0HSV6,Q71EW8,0
C6THB5,I1JVX3,0
I1MNS7,D2D5G3,0
I1M5Z9,I1JW06,0
C6T336,I1KA71,0
E9L558,C6T972,0
I1N846,A0A368UJ62,0
K7L939,I1JWK3,0
I1JRE0,I1M130,0
K7ML50,I1L9Z8,0
K7KP05,I1M1C4,0
I1MW74,I1LNP4,0
C6SWU3,I1MFI0,0
I1JZ64,A0A0R0IAM2,0
C6TCJ0,I1MF26,0
Q1M320,I1J9I1,0
C6SVB8,A0A0R0IM79,0
I1N6D4,I1MMY0,0
K7L406,A0A0R0F392,0
I1JM15,A0A0R0GFH3,0
I1K669,I1KNB5,0
C6TNN4,I1L1Q8,0
K7KGR8,I1KM27,0
I1J8E3,C6SVR0,0
I1JWK3,I1JPP8,0
I1N846,C6SZ88,0
I1M119,M1FN34,0
Q1W376,A0A0R0EDS9,0
C6SWR4,I1LST6,0
C6T217,A0A0R0JV11,0
P01070,A0A0R0H668,0
I1NCF6,K7L145,0
I1LI96,I1M487,0
I1MRV3,A0A0R0HV63,0
K7LEU7,I1M119,0
Q2PMU5,I1J765,0
I1K5E7,Q45FY8,0
K7N145,I1MTH5,0
I1L645,K7MKF1,0
K7L2D7,I1JYT2,0
I1L880,I1KIJ1,0
K7LXY1,I1L2Q0,0
K7LTG4,I1LP31,0
I1KZY8,I1K7G0,0
I1L7R2,I1K3X9,0
K7KLY3,K7L329,0
A0A0R0GWH6,I1MBA8,0
I1J8D7,I1K0W7,0
A0A0R0FGT9,A0A368UGC0,0
I1NHH3,K7LU89,0
I1KNA2,I1K7G0,0
A0A0R0H141,I1KBV2,0
I1NA38,I1LIJ6,0
K7KL60,C6TK30,0
I1M311,I1MIW3,0
A0A0R0EL31,C6T990,0
A0A0R0FNY5,I1NJ53,0
I1MGY9,D8WJ57,0
A0A0R0K5H8,M1FIS9,0
I1JU23,K7K127,0
I1JNF2,A0A0R0I5V1,0
I1N2J3,I1MZ53,0
C6SXD3,I1JGB2,0
I1KFL5,Q06197,0
I1LBQ3,I1LFG4,0
I1MFI0,Q84L66,0
A0A0R0L9T4,I1LMN5,0
I1MBS8,I1KS56,0
I1KM07,C6SVA8,0
A0A0R0L5Q2,I1LJG0,0
I1KQC3,A0A0R0GUR9,0
Q2TUW0,I1LEC3,0
I1MVZ6,I1LCP4,0
I1J4G8,I1MHA5,0
Q84L66,K7KHN1,0
I1M292,I1K9W3,0
K7LTR0,K7LLF8,0
I1KNB5,A0A0R0GS00,0
I1KYL4,I1KV61,0
I1LMR4,K7MXH5,0
I1JMK4,I1LLS8,0
I1JF58,I1LJG9,0
K7ML50,A7X641,0
I1N3U5,K7MC85,0
I1NC50,I1NF53,0
I1MVC6,I1NE42,0
A0A0R0FEC1,A0A0R0IL99,0
I1N696,I1KZK2,0
K7M6J1,I1MAX9,0
I1MLM1,K7KLG8,0
I1KQ73,I1M957,0
C6SWU3,I1LFG6,0
I1LIU7,I1N846,0
I1MZ08,I1K642,0
I1N8X8,I1JPH8,0
I1LEF5,I1JK59,0
I1MZT5,A7X641,0
C6TAM7,I1K9C2,0
A0A0R0KMM9,I1MJH1,0
A0A0R0I5V1,I1K4L3,0
I1NG17,K7KN13,0
I1K115,I1L645,0
I1MIW3,K7KNT9,0
I1LUL2,I1KAQ7,0
I1JXS8,I1K1D7,0
K7KK86,K7K894,0
A0A0R0JSJ9,C6SXD2,0
I1NA38,A0A0R0IWM0,0
I1JX17,K7KYJ6,0
I1KHZ8,A0A0R0HEM4,0
I1JUQ0,C6TKV3,0
I1NFB9,C6TAM7,0
I1LHR6,I1LVN3,0
I1K925,I1KAR1,0
I1N850,I1JS41,0
I1JWE9,A0A0R0L5Q2,0
I1K6T6,I1KQI1,0
I1MBI6,C6T2F8,0
I1JD52,I1LIQ3,0
I1KTP1,C6T002,0
I1LNP4,I1JE09,0
A0A0R0EJV2,I1JEC6,0
I1M1W3,I1JAH7,0
I1MBA8,I1JZ99,0
I1MX88,I1JFW6,0
K7KH93,Q0EDG6,0
A0A368UJF6,I1NHF4,0
I1MIW3,I1J765,0
Q2PMP8,I1JET9,0
I1MV56,I1KT08,0
I1NG45,I1NE42,0
A0A0R0HQY2,I1M4B9,0
A0A0R0I5N9,I1J9H6,0
E9L577,I1JHJ0,0
K7L145,C6SXY4,0
I1MEQ1,C6T099,0
A0A0R0JBV0,I1MJB3,0
I1JI54,I1K246,0
I1JUQ0,I1JT87,0
I1J574,I1LZ51,0
K7MQD2,I1MHX1,0
I1M130,C6TE39,0
I1N5D5,I1NBA2,0
I1LF24,I1JW65,0
I1KV48,A0A0R0FLW1,0
I1L6H1,C6SVA8,0
K7N145,I1JD52,0
K7MUS8,A0A368UIE1,0
I1J8C9,I1KV61,0
K7M466,I1LDY8,0
I1K099,I1LFD2,0
I1NC04,I1MQB9,0
I1K089,K7LJS8,0
K7M5Q8,I1LTW8,0
I1KVG9,I1M1E5,0
K7LHS7,A0A0R4J309,0
I1JVX3,A0A0R4J4H3,0
K7LXD3,I1JXI4,0
I1LVN3,A0A0R0JBL2,0
I1JE16,I1JMX7,0
I1LA39,I1KDA4,0
Q9SWR5,I1LJD2,0
I1LHR6,I1MCK2,0
K7LJ17,I1JUV6,0
B4YB10,A0A0R0GAQ8,0
I1KXP5,I1K925,0
A0A0R4J455,I1N448,0
I1MC96,K7MUC8,0
I1JUM3,I1M2U6,0
K7LTR0,I1JVX3,0
I1JUQ0,K7KHN1,0
I1LQ64,A0A0R0HQY2,0
A0A0R0FNY5,I1KDA4,0
C6T1V1,A0A0R0IR73,0
A0A0R0I5N9,I1JMX7,0
A0A0R0J5Y2,I1MV56,0
K7L2R0,I1MLF1,0
A0A0R0L5Q2,A0A0R0GPR8,0
I1N2J3,I1LII4,0
C6T8S2,C6T1G9,0
A0A0R4J536,K7LH46,0
C6TCG0,I1NCV4,0
I1N898,K7ML50,0
I1NB01,A0A0R0HLZ4,0
I1M7M5,I1KM88,0
I1KDP2,A0A0R4J461,0
I1JUV6,Q43463,0
I1JXJ3,C6T8S2,0
I1J9H6,I1N4F6,0
P01055,I1LTW8,0
A0A0R0G1X4,K7K808,0
I1LUT1,I1MF26,0
C6SVB8,I1JE14,0
I1KRU0,I1JX17,0
C6SXD2,A0A0R0FAJ6,0
I1J4T6,K7K2H0,0
A0A0R0ELE0,P93163,0
I1JXJ3,I1MXY0,0
I1L759,A0A0R0L5Q1,0
I1JZ99,K7MGH8,0
I1JXJ3,I1LKD9,0
A0A0R4J618,I1LMA5,0
K7LI90,I1MPJ4,0
I1LFD2,C6T5U0,0
I1KWU9,K7KUK2,0
K7LHW6,I1M2S7,0
A0A0R0GJJ0,I1KA98,0
A0A0R0G3L8,I1JRE0,0
K7MNK5,I1LJ34,0
I1J5W0,A0A0R0GU87,0
I1K215,C6TDC0,0
I1M5N9,I1LF90,0
I1MW74,K7N5K2,0
K7KRK6,K7MM89,0
C6TK27,K7N5K2,0
I1JJB8,A0A368UI10,0
I1JS15,A0A0R0KRN8,0
K7LP01,I1N8L0,0
C6TIQ9,I1LT87,0
K7MH28,C3VD33,0
C0M0V4,I1N019,0
I1LA49,K7KN39,0
K7MPX8,Q94C02,0
I1JDK2,A0A0R0K5H8,0
I1N7M0,I1JGP8,0
I1KJG4,I1KZY8,0
I1K565,C6TBL4,0
A0A0R0J2W1,K7MTE7,0
I1LUE0,I1JT87,0
I1N3Z3,K7M849,0
A0A0R0FLW1,I1L7D4,0
A0A0R0GIH6,K7N3Z1,0
A0A0R0L1N9,I1LWB5,0
I1KJ84,K7L4N7,0
A0A0R0JQT3,I1LWB8,0
I1LMR4,I1LI32,0
I1LN30,I1JK67,0
I1JF82,I1KQP5,0
I1NGL3,A0A0R0K6U3,0
I1L2Q0,K7KES3,0
I1JGX0,I1LNY2,0
A0A0R0HDW2,C6SZS1,0
C6SV60,K7LK09,0
I1K723,I1LPK7,0
I1JT87,Q56GA2,0
C6T2G5,K7L4N7,0
I1LPK7,I1MF07,0
K7KES3,A0A0R0F695,0
K7LR18,A0A0R0JQT2,0
I1MHU4,I1K099,0
C3VD33,A0A0R4J583,0
A0A0R0GJJ0,I1LL05,0
C6T211,I1KAJ9,0
A0A0R4J4H6,I1JE16,0
K7MXH5,I1LJ81,0
I1K4R8,Q42797,0
I1MG42,Q56GA2,0
Q1W376,I1JQY7,0
K7N0V8,K7KN13,0
I1L367,I1JF58,0
C6T8S2,I1K099,0
I1K9R1,C6SWR4,0
A0A0R0EJV2,I1JHQ1,0
I1MMY0,I1MRK4,0
I1MBN8,I1N2G0,0
C6TNN4,I1NIE5,0
A0A0R4J5T8,I1LGI3,0
C6TNW3,K7KTS8,0
K7KES3,K7KTY4,0
A0A0R0GU87,I1JVX3,0
I1N5D5,I1MQB9,0
K7LFU3,I1MS26,0
A0A0R0GFM7,A0A0R4J365,0
K7N3Z1,I1KM01,0
K7MPZ4,K7LU89,0
I1J765,M1FN34,0
K7KTY4,C6SZ88,0
A0A0R0IF42,I1JJB8,0
K7MRW8,K7M6J1,0
I1J4B5,I1MQW6,0
I1L7R2,I1K0W7,0
A0A0R4J4M9,I1J765,0
I1K963,C6SYW6,0
I1KJX6,I1MZ53,0
I1LN92,A0A0R0KVY6,0
K7LXN4,I1JET8,0
A0A0R0JT51,I1NB01,0
C6TG34,I1LIQ3,0
I1MKX7,I1M292,0
I1KAD1,I1KTP1,0
I1NCV4,I1K1R5,0
I1JIK2,Q71EW8,0
I1JET8,K7KUE8,0
A0A0R0EAZ9,K7K1V0,0
K7MB82,K7KJI6,0
I1KTY9,I1K9J7,0
K7K4C7,K7L329,0
I1L6H1,I1LLB7,0
K7N3Z1,A0A0R0FGT9,0
C6TIA6,I1NIE5,0
I1L4E5,K7MVE7,0
I1LI96,I1KQE3,0
I1K0H3,I1N447,0
A0A0R0KE62,I1KHK1,0
I1LI32,K7KJI6,0
I1KJX6,I1K1D7,0
A0A0R0JJI0,A0A0R0LIH0,0
I1MCH7,I1LFG6,0
I1KVG9,I1JK31,0
P93163,I1M3Y7,0
I1KS98,I1LGI3,0
O22518,I1NHF4,0
A0A0R0HV63,I1MX88,0
C6TEN9,I1M119,0
A0A0R0HSA0,K7KQZ8,0
I1L5I2,I1JJB8,0
I1J7U9,A0A0R0L0E7,0
A0A0R0F719,I1KNV7,0
I1KAD1,I1MQW6,0
Q8GZU9,I1MIX6,0
I1LLS4,I1NAL7,0
I1MSN3,I1MJH1,0
A0A0R0H668,A0A0R4J5B7,0
I1KA98,A0A0R0HLZ4,0
I1JPH8,C6SVA8,0
K7MPJ9,I1KDU3,0
I1L6A2,I1K0U5,0
I1MCK5,I1KP26,0
A0A0R4J426,I1MRV3,0
I1J709,I1JC08,0
I1KD82,I1J765,0
I1NFR9,I1MJH5,0
A0A0R0FB78,I1KAR1,0
I1N1Z5,I1KIQ2,0
I1K3K8,I1KZJ9,0
A0A0R0GFM7,I1JD07,0
A0A0R0EV33,I1KYL4,0
I1LXY1,K7MH28,0
I1JSD2,K7K7Q8,0
I1K938,A0A0R0IAM2,0
I1N5R9,I1JWK3,0
I1LUL2,I1M3W1,0
A0A0R0IF42,I1MRK4,0
K7L2D7,I1JS15,0
I1L7R2,I1K1I6,0
A0A0R0HXK5,A0A0R0ELE0,0
I1LKY8,I1MR73,0
I1LP98,A0A0R0LK19,0
I1K970,I1K6T6,0
I1M957,I1JW65,0
C6TE57,I1KFZ9,0
Q2Q021,C6TN61,0
I1N448,C6T002,0
I1JMD6,K7KF95,0
I1JZ89,I1JRS5,0
A0A0R0HSA0,A0A0R0KY77,0
I1K938,I1M8F0,0
I1JB52,I1LEC4,0
Q45FY8,I1L880,0
C6T1E8,I1KD82,0
I1MHU4,K7K9T5,0
C6TAM7,A0A0R0EWR2,0
I1KAJ9,I1KM27,0
C6T090,A0A0R0KFY8,0
A0A0R0FUK3,I1LR48,0
I1JGK9,K7KRK6,0
K7KLG8,I1MUC6,0
C6TJ17,I1JB52,0
I1JXS8,I1J8P0,0
I1N5V6,I1LUZ5,0
A0A0R0K4Z5,C6TE39,0
K7L6K2,I1N448,0
Q9SLW5,I1N3Z3,0
I1M5N7,A0A0R4J3I7,0
K7L145,C6TLW3,0
I1N2J3,A0A0R0K6I2,0
D8WJ57,I1NA10,0
K7L2D7,I1KFQ1,0
I1M5N7,C0M0V4,0
I1L5L1,Q42798,0
A0A0R0G7B5,I1LME8,0
I1NDE0,I1KJX6,0
K7L4N7,K7KP05,0
K7N0V8,K7K5C0,0
I1JD36,I1JR22,0
I1LSW3,I1L7D4,0
I1KCY5,I1KZK2,0
A0A368UID0,K7L476,0
Q9M4R7,K7M6J1,0
I1MSN3,A0A0R0JQ82,0
I1JDU3,K7K3C2,0
C6SXT9,C6T211,0
I1NHH3,I1M292,0
A0A0R0HV63,A0A0R0JV11,0
K7LTR0,I1N798,0
A0A0R0FB78,I1JYT2,0
I1JUV6,A0A0R0L0E7,0
C6T065,K7LLN2,0
I1NE42,C6T099,0
A0A368UJF6,A0A0R0K188,0
I1K115,I1M3Y7,0
I1L0K8,I1MFF9,0
P62302,A0A0R0LBA6,0
I1K5I3,C6TBL4,0
I1NAL7,A0A0R0F392,0
I1K4V8,I1NHQ6,0
I1NAJ5,I1KQE3,0
A0A0R4J5C5,A0A0R0HSH0,0
Q2TUW0,K7KMU1,0
I1LWP5,C6T1G9,0
K7KQZ8,K7MLH4,0
I1LG13,I1N7G4,0
K7L406,A0A0R0HSA0,0
I1N8F6,Q9M4R7,0
I1LEI8,I1JCA9,0
I1LT87,A0A0R0EKI7,0
K7M849,C6TA11,0
I1K565,K7KK86,0
I1LH18,I1MZ51,0
I1J709,I1N798,0
I1L1A1,C6TA11,0
I1KHK1,I1JYX2,0
I1KL32,I1MIX6,0
Q71EW8,I1LTW8,0
A0A0R0EUJ0,A0A0R0KZR2,0
A0A368UI76,I1J957,0
A0A0R0HDW2,A0A0R0EJV2,0
I1N447,I1JPH8,0
I1KP14,I1JC50,0
P45621,P01055,0
K7K149,I1M119,0
I1KS98,A0A0R0FUA1,0
A0A0R0E934,I1MUR2,0
K7KJB2,I1KL32,0
I1LEC3,A0A0R0G3R9,0
B0M195,C6THB5,0
A0A0R4J583,I1KIG1,0
K7MRW8,I1KS98,0
I1KUE8,I1K3K8,0
Q39898,I1N933,0
I1M1I7,I1KBI7,0
I1MHG6,I1MLJ0,0
I1K6H8,I1M643,0
I1JEC6,A0A0R0JI69,0
I1N2G0,K7KJI6,0
K7MMD7,I1L0F0,0
I1KM27,K7MZN9,0
A0A0R0GPR8,I1MRP6,0
K7M387,I1N7F4,0
I1J5B4,K7MPZ4,0
A0A0R0F392,A0A0R4J5C5,0
I1L4E5,I1N5H5,0
K7KLY3,A0A0R4J2U8,0
A0A0R0J5Y2,I1LTE6,0
K7MHQ6,I1KXP5,0
I1N7G4,I1LHR6,0
A0A0R0IR73,A0A0R0L0E7,0
I1M1C4,I1MUN6,0
I1LIG9,A0A0R4J4C5,0
P24337,O22518,0
I1JKD2,I1KI90,0
I1JYT2,I1NCF6,0
A0A0R0E934,A0A0R0JBV0,0
K7LXD3,I1N780,0
A0A0R0JBL2,A0A368UI76,0
I1K9T5,I1MHU4,0
K7KMU1,K7MXH5,0
I1L171,I1NA38,0
I1N8T4,I1MUM8,0
A0A0R0KJM2,I1NGJ7,0
K7LX60,I1M269,0
I1NG45,I1JFW6,0
I1JIK2,P45621,0
I1JSY7,A0A0R0GUR9,0
I1KUX4,C6SWL4,0
K7M387,K7LQS4,0
I1N344,I1KAJ9,0
I1JET4,I1M592,0
A0A0R0J7Q6,I1LLS8,0
I1JIA6,A0A0R0IAM2,0
A0A0R0IF33,A0A0R0GU87,0
A0A0R0LK19,A0A0R0H668,0
I1N505,I1N448,0
I1KNV7,A0A0R0FJR0,0
K7KX46,I1MZ08,0
Q6SPR2,Q39898,0
I1K099,E9L577,0
K7MFE5,K7MY00,0
I1N6D4,I1K0U5,0
I1JK31,K7K8Y9,0
I1MF07,I1LLC6,0
I1N2Z4,I1LIA8,0
A0A0R0JI98,I1JB52,0
A0A0R0LKR7,A0A0R0HW00,0
K7LHS7,I1K5Q4,0
I1JE11,I1KNB5,0
A0A0R0H8Q8,A0A0R0F719,0
I1KDA4,A0A0R4J4M9,0
I1K9G7,I1MGE5,0
I1MLF1,I1JSD2,0
I1M8A1,C6TKD8,0
K7KJI6,I1KGY4,0
I1J4L6,Q70MR6,0
I1JSG1,I1MQD2,0
I1K9J7,A0A0R0KJL0,0
I1KS65,I1NGJ7,0
A0A0R0KE62,K7K5C0,0
A0A0R0L7U5,K7KNG2,0
P62302,C6TDC0,0
I1LVN3,I1LUZ5,0
A0A0R0GUR9,I1KG02,0
A0A0R0J7Q6,I1J8C9,0
I1K506,I1KZ09,0
I1KZY9,I1L6I6,0
K7MPI6,K7M846,0
I1MVZ6,I1KJD2,0
I1LUV4,K7M387,0
I1LUZ5,A0A0R0FNY5,0
I1KZK2,I1JHN9,0
I1N371,C6T5U0,0
A0A0R0IW53,I1MLJ0,0
I1ML63,I1MKJ6,0
A0A0R0F6H1,C6SVB8,0
K7MGQ2,I1MF07,0
I1MNV2,I1LLS8,0
Q71EW8,I1MBL5,0
I1LNY2,A0A0R4J461,0
I1JC50,K7KP05,0
I1KZ09,I1KLS0,0
K7KNG2,I1KAQ7,0
I1LWD6,I1KVG9,0
I1J4K1,I1JHQ1,0
K7N598,K7KUE8,0
A0A0R0FUA1,I1MHG6,0
I1KG02,I1K3E9,0
I1LC77,K7LVH5,0
K7LFD7,I1KPB0,0
I1L9Z8,I1JYG3,0
A0A0R0IF61,K7M387,0
K7L476,I1KA75,0
A0A0R0K0K3,I1K9T5,0
A0A0R4J2Q5,I1K565,0
I1L2H4,A0A0R4J2L5,0
I1JY66,I1N3Z3,0
P93163,I1L9G9,0
I1MC96,A0A0R0FLV6,0
I1LEC4,I1N371,0
I1M1E5,I1K708,0
A0A0R4J2H3,C6SZG1,0
K7L6K2,E9KBR9,0
I1N505,A0A0R0L0E7,0
I1J765,K7LXD3,0
I1J4L6,I1M325,0
I1JIW1,A0A368UHM9,0
I1K3U6,I1JHJ8,0
I1JMH3,I1M2U6,0
A0A0R0KRF1,I1KNG6,0
K7K355,I1M225,0
C6T2G5,A0A368UGA0,0
I1M269,I1LJG0,0
M1FN34,K7LJS8,0
I1LCR6,I1JM84,0
C6T857,A0A368UJF6,0
K7L329,I1KIQ2,0
I1MZJ8,K7MNE6,0
Q9M6D6,A0A0R0FEC1,0
C6T034,I1K1I6,0
I1K3E9,I1N4X6,0
I1J4G8,I1NJ53,0
I1MGE5,A0A0R0H690,0
C6TIA6,K7N3Z1,0
K7M4K7,A0A0R0KFY8,0
K7MMD7,A0A0R0JI98,0
K7LFD7,I1MDD8,0
K7MRF5,C6TJ17,0
I1MS26,I1J5B4,0
A0A0R0K0K3,I1MGG7,0
K7M6Z2,I1LHY5,0
I1L171,I1KHK1,0
A0A0R0ELE0,I1MD26,0
I1L2Q0,I1KDF1,0
A0A0R0HEG0,I1N7B5,0
I1N898,C6T1V1,0
I1MG54,Q9M4R7,0
I1MCH7,I1KG02,0
I1LI93,A0A0R0LCZ4,0
A0A0R0EL31,I1N8F6,0
C6SXT9,I1KC50,0
I1LVN3,I1NGL3,0
I1M2U6,I1JRE0,0
I1K6J1,I1JT87,0
I1NFY2,I1L6T8,0
A0A0R0KR59,A0A0R0J6N9,0
A0A0R0IM79,I1M5N0,0
I1LNP4,K7M6J1,0
K7M864,I1N7B5,0
I1K3U6,I1JC50,0
C6TIA6,I1LCH2,0
A0A0R0IF42,A0A0R4J2Y1,0
Q6SPR2,I1JSG1,0
I1JM18,I1LVL7,0
I1JE16,A0A0R4J2H3,0
K7MUM5,I1KJG4,0
I1LEC3,I1LSB5,0
I1MBS8,A0A0R0L828,0
K7LLF8,I1MKJ6,0
Q6SPR2,I1LHS8,0
I1MZV0,K7MQ01,0
P01070,K7MQD2,0
I1LN92,K7KX53,0
I1JQY7,C6TIK0,0
I1MUR2,I1KDR4,0
P24337,I1M7M5,0
I1LG65,K7LXY1,0
A0A0R0EMR0,A0A0R0EKI7,0
K7M9L4,C6T090,0
I1K215,I1K089,0
I1L2T1,C6TNM5,0
I1KUB2,I1N898,0
C6SXT9,I1J5E3,0
C6T8C4,I1J7U9,0
I1JVX3,C6TN61,0
K7LH46,Q39817,0
I1MRV3,C6T990,0
I1KUB2,Q8GZU9,0
Q2TUW0,A0A0R0L419,0
I1KQI1,I1NC04,0
I1MNV2,K7N4K5,0
I1MB99,A0A0R0KWT5,0
I1LPK5,I1L9G9,0
A0A0R0KMM9,I1MUM7,0
F8WRI5,A0A0R0HXK5,0
C6TI98,I1MK72,0
C3VD33,I1MQD2,0
K7M6J1,I1JQK9,0
I1JJ76,A0A0R4J653,0
I1M4L1,C6SZ88,0
I1N4F6,I1MK83,0
I1JDF1,I1MF26,0
C6SYW6,K7MUM4,0
I1MEA7,I1N8F6,0
I1JHQ1,I1MR11,0
K7N1X2,I1KFP9,0
I1KAQ7,I1J709,0
C6TCG0,I1MCH7,0
I1LV79,I1N5R9,0
K7MPI6,I1LH30,0
A0A0R0HSC1,I1JDN2,0
I1K9T5,K7KGR8,0
P01055,A0A0R0HW00,0
I1J5A4,I1LQ64,0
I1JF58,I1L5U9,0
I1L5L1,K7N5K2,0
A0A0R0HEM4,I1J9I1,0
A0A0R0HXH4,K7LHS7,0
C6TD23,K7L0V0,0
I1K4V8,I1MTH5,0
C6T857,I1MVZ6,0
I1J765,I1N447,0
C6SWA8,I1N8V4,0
I1KZY8,C6T0A0,0
I1LFD2,I1KGM8,0
I1KBD9,C6SYE1,0
I1N551,A0A0R0FUK3,0
A0A368UI10,A0A0R0GJJ0,0
K7KX46,I1LUB3,0
C6TE57,I1LEQ3,0
K7KYM0,I1LP98,0
I1KBI7,K7LNG6,0
I1M225,K7MUM5,0
I1M1E5,Q7XJ86,0
K7LHW6,I1N9J8,0
I1KPE7,A0A0R0ICK4,0
Q45FY8,I1JGU8,0
I1LHY5,I1JZE1,0
I1K708,A0A0R4J2U8,0
I1K006,I1L9P5,0
A0A0R0IQ72,I1JGB2,0
I1KZY8,K7LMW2,0
I1LUT1,I1KFQ1,0
I1KPE7,B4YB10,0
I1KCM4,A0A0R4J2U8,0
I1M8U0,I1J981,0
K7M6Z2,K7MY00,0
I1MGE5,I1K4Y6,0
I1K970,I1MVC6,0
I1MV08,A0A0R0KWT5,0
A0A0R0GHT9,K7KUK2,0
K7KNT9,K7KFZ9,0
I1K6J1,I1M1C4,0
I1KRU0,I1NIT4,0
K7M2G2,I1LAH1,0
A0A0R0IXT8,I1KUB2,0
I1KPN4,A0A0R4J488,0
A0A0R0IR73,K7MAQ6,0
A0A0R0EMR0,I1KFF8,0
A0A0R0K6C1,M1FN34,0
I1KSD0,I1JD07,0
I1JPH8,I1JRV0,0
K7MGQ2,K7KUE8,0
I1M2S7,C6TJW1,0
K7K8Y9,K7N0V8,0
A0A0R0KWT5,Q70MR5,0
M1FIQ5,C6TK27,0
C3VD33,I1J4L6,0
I1ND31,I1JD07,0
I1MCK2,I1NAL7,0
I1K1I6,I1MM35,0
I1N933,I1N483,0
I1JRS5,K7K127,0
D8WJ57,I1MEW6,0
K7KLY3,A0A0R0GWH6,0
B4YB07,I1LW00,0
K7MPX8,I1KLS0,0
K7M5Q8,I1MVZ6,0
A0A0R0EL31,C6SWH0,0
K7LHW6,I1N8X8,0
I1KMS8,I1M4L1,0
K7MQT1,I1KGY4,0
K7M9L4,K7M2G2,0
K7LIE3,I1MB99,0
P93162,A1YUN0,0
I1JIH3,I1JM15,0
I1MF65,I1MC96,0
C6SXT9,A0A0R0K5H8,0
C6SXD3,I1L1W0,0
K7K2H0,I1N850,0
I1KM07,Q94C02,0
K7L406,P17093,0
I1LME8,I1NHX1,0
I1KP26,A0A0R0K5H8,0
K7ME58,P93162,0
I1L332,I1MW49,0
A0A0R0JQT2,A0A0R0KY77,0
I1MNU1,A0A0R0GYC5,0
A0A0R0FNY5,B0M1A3,0
I1K0A7,K7L0V0,0
A0A368UJ62,I1MFF9,0
A0A0R0K0K3,I1J4B5,0
I1N7G4,A0A0R0F6H1,0
I1MZ08,I1M269,0
I1KVG9,C6TJ43,0
A0A0R0EL31,K7ML50,0
I1M1E5,C6TCH4,0
I1LD16,A0A0R0F214,0
K7K149,I1JXJ3,0
I1NAJ5,A0A368UGC0,0
B9MST0,A0A0R0LIH0,0
I1L3Q3,I1K0A7,0
I1KCM4,C6T099,0
K7M841,I1LL05,0
A0A0R0FIP9,C6TER0,0
I1K3K7,A0A0R0I5V1,0
I1JLC7,I1J8C9,0
A0A0R0JI69,K7M353,0
A0A0R0HM21,I1MPJ4,0
I1N1Z5,C6TA11,0
A0A0R0IWM0,I1KGM8,0
I1J8D7,I1N019,0
A0A0R0EAZ9,I1MW49,0
C6SXD3,C6TGX5,0
A0A0R0G3L8,C6TAM7,0
I1KT08,C6T7K0,0
I1KEC8,A0A0R0EL31,0
I1KT08,I1LIU7,0
A0A0R0KWT5,I1L153,0
I1L1Q8,K7MVE2,0
I1NCN7,I1JDN7,0
I1M946,P01070,0
K7MLC5,I1KTP1,0
A0A0R0EWR2,I1JIA6,0
K7L684,A0A0R0HEI5,0
I1NGJ7,I1LQ62,0
K7M4J0,I1KQP5,0
I1N344,I1J4G6,0
A0A0R0EEW3,K7LHS7,0
I1L5L1,I1MEQ6,0
C6SWG9,I1JUV6,0
I1KHJ4,I1KP66,0
I1JGB2,K7L9M2,0
I1NJ53,I1M6B9,0
I1N505,A0A0R4J4H6,0
K7K3R6,I1KDP2,0
I1KK11,I1LF90,0
I1LCJ2,I1M3M4,0
I1L7J3,I1K1D7,0
K7K578,I1MKJ6,0
I1KDR4,I1KUX4,0
A0A0R0IF33,P17093,0
I1KQU2,A0A0R0EKB4,0
K7N1T9,A0A0R0K5H8,0
I1N2Z4,I1ND31,0
I1K3F0,I1JN65,0
K7M9T4,K7LXY1,0
K7M5Q8,C6TK30,0
I1K4V8,I1KHV8,0
I1LGD6,I1LSW3,0
A0A0R0IZA1,I1M796,0
I1KGY4,A0A0R0ICK4,0
C6T099,I1MHX1,0
A0A368UIC9,I1MAC4,0
K7KJI6,I1KV48,0
A0A0R0GJV8,I1MRK4,0
C6T034,I1N8V4,0
A0A0R0FX75,I1JMY9,0
I1JET4,I1JXJ3,0
A0A0R0LK19,K7KMU1,0
I1NCV4,I1JF82,0
Q43463,K7MEB1,0
A0A0R4J2Q5,I1JN71,0
I1LA49,I1JHN9,0
I1JGK9,I1JZ89,0
A0A0R0K188,I1JPY7,0
I1JN65,I1JIS3,0
I1JCQ8,C6SYW6,0
A0A0R0JRB0,I1NCF6,0
K7K7Q8,A0A0R0GYC5,0
K7LH46,I1JM15,0
I1KDP2,I1K6T6,0
I1KZY9,K7KLG8,0
I1NFY2,Q9AWB2,0
A0A0R0E6T9,K7ML50,0
A0A0R0GG06,I1LA40,0
A0A0R0JQT2,I1KAQ7,0
I1MHA5,I1NC50,0
Q42797,E9L558,0
K7K4C7,A0A0R0I304,0
A0A0R0K0C4,I1KHK1,0
A0A0R0IM79,I1J4T6,0
I1JHN9,I1LGD6,0
K7M0S3,I1MRP0,0
K7LH46,I1MIW3,0
K7MNP5,A0A0R4J646,0
A0A0R0JJI0,K7LXD3,0
K7L939,C6T1H3,0
K7MPZ4,A0A0R4J4D0,0
I1KUB2,I1MUS3,0
A0A0R0KR59,I1LLJ4,0
I1KT08,I1MVZ6,0
I1MAX9,I1LSB5,0
I1JDN2,I1N8C9,0
I1J8P0,C6TIA6,0
I1J765,I1KCA3,0
I1K1R5,A0A0R0HQY2,0
I1N2Z4,A0A0R0KIG7,0
Q9M6D6,I1JE51,0
I1J5E3,I1KNV7,0
I1LLH3,K7KQZ8,0
I1LG22,I1LNP4,0
Q06197,K7MQD2,0
I1M269,K7L6P0,0
C6TIQ9,A0A0R0IR73,0
A0A0R0HEG0,C6TA11,0
A0A0R0GYZ9,A0A0R4J4M9,0
I1N1Z5,K7L6N7,0
I1LJG0,K7KJW6,0
K7N563,K7L9M2,0
I1N344,I1N8M8,0
I1K3K8,A0A0R0J296,0
A0A0R0JQ82,C6T1E8,0
A0A0R0G8N1,I1JE16,0
C6TAB5,A0A0R0L1N9,0
I1MT23,A0A0R0IR73,0
G3E7M6,I1KIQ2,0
I1JE11,I1L9K4,0
I1JDK2,B0M1A1,0
I1K5J7,I1M6M9,0
I1LIG9,K7MM40,0
I1LJ81,A0A0R0GFH3,0
K7MY00,A0A0R0K6U4,0
K7M862,I1LMN5,0
I1L285,I1LVL7,0
C6TCJ0,I1KG02,0
C6TJ97,I1MNS7,0
I1JUP2,I1K6N8,0
I1L5U9,I1L5L1,0
I1LFD2,A0A0R0F392,0
A0A368UGA0,C6SXD3,0
I1JRE0,I1M225,0
A0A0R0G7B5,I1JDU3,0
K7KTS8,I1MHK8,0
I1LP11,A0A0R0GS00,0
I1J9W9,I1M786,0
Q84L66,B0M1A1,0
A0A0R0JJK0,P17093,0
I1JUU2,A0A0R4J4C5,0
I1MBS8,A0A368UGC3,0
K7KNC5,I1JFW4,0
I1JQP8,C6TK30,0
I1MRV3,C6SV60,0
A0A0R0J296,I1M2U6,0
I1LWD6,K7K4C7,0
I1MD26,I1M325,0
I1J8E3,I1J4B5,0
C6SYN1,I1JUK7,0
I1LEC4,I1JF58,0
A0A0R0FUA1,I1JSD2,0
I1MT23,A0A0R0L9T4,0
I1JX17,K7M353,0
A0A368UGC3,I1LIJ6,0
K7KN39,C6SWL4,0
I1LP98,Q70MR5,0
I1N8T4,I1MRP0,0
A0A368UID0,I1LIG9,0
A0A0R0JV11,C6SZQ0,0
C6TE57,Q39898,0
A0A0R0E6T9,I1L3N6,0
I1KNE4,I1L645,0
I1MEW6,A0A0R0JJK0,0
C6TGX5,K7M862,0
I1KG02,I1MC96,0
K7LWG6,I1KM07,0
E9L575,I1JQ20,0
I1LKD9,I1M1D5,0
A0A0R0FB78,I1L645,0
I1JPP8,I1M7Y3,0
Q2TUW0,I1KEX8,0
A0A0R0IF33,I1MJB3,0
I1M368,K7L0V0,0
I1KS56,I1JSY7,0
I1MZ08,I1K3K8,0
K7L9M2,K7M6J1,0
I1MGG7,K7N525,0
I1LP31,I1LHY5,0
C6TM45,I1JD07,0
I1M6F0,C6TK73,0
A0A0R0KVY6,I1M292,0
I1MF42,I1JA95,0
I1JIW1,K7KNT9,0
I1LDP9,I1LCG9,0
I1KV48,K7MGH8,0
K7LHS7,I1LPW2,0
A0A368UGA0,A0A0R0JSJ9,0
I1JRS5,I1M592,0
I1KNA2,I1N551,0
A0A0R0G7B5,I1K9G7,0
I1JN71,E9L565,0
I1LFG6,A0A0R0J7Q6,0
A0A0R0JBL2,I1KA71,0
K7L9S8,I1K5J7,0
A0A0R0FZM4,I1LWP5,0
I1J8P0,I1LNF0,0
C6T857,I1LFG4,0
A0A0R0FNY5,K7KES3,0
I1KGY4,I1M1W3,0
I1JT87,I1N5S0,0
I1N055,K7MXH5,0
A0A0R0JYX3,K7MVE7,0
A0A0R0E934,I1LRL9,0
C6T857,I1NGH7,0
I1K4Y6,I1MG54,0
K7KN39,I1LLB7,0
A0A0R0FJR0,I1K4V8,0
A0A0R0F214,I1K708,0
I1M6F0,K7L7W0,0
K7MNP5,C6SXT9,0
I1M2S7,A0A0R0ICK4,0
C6TJM4,I1L9Z8,0
I1LYB2,A0A0R0G3R9,0
I1KUE8,I1N344,0
A0A0R0E8K1,Q56GA2,0
A0A0R0E2R0,I1MGY9,0
I1KUF4,I1LLS8,0
K7ME58,K7N1L5,0
I1K3G1,A0A0R0JQT3,0
I1JHQ1,I1JC50,0
K7KUE8,I1N4F6,0
A0A0R4J5Z8,Q39817,0
I1K9J7,A0A0R0IT62,0
I1JM15,K7M4K7,0
I1L9G9,K7KAB4,0
E9L556,I1JC65,0
C6TIQ9,I1K6H8,0
A0A0R0KMM9,I1K4L3,0
C6T8S2,I1KFZ9,0
I1KAQ7,I1NA94,0
I1K9G7,C6TN69,0
A0A0R0KQ74,I1NC50,0
K7LNG6,C6TK30,0
I1K3F0,K7M5U7,0
C3VD33,K7LU89,0
Q2PMP9,I1J4B5,0
I1MUN6,C6SZ46,0
I1L9K4,K7L406,0
I1JGP8,Q9FQD3,0
Q39898,I1N5V6,0
K7MNE6,I1M3M4,0
A0A0R0L5Q1,K7KFY5,0
I1LH30,A0A0R0JJI0,0
C6TN69,I1NGJ7,0
I1LLA0,I1LZ93,0
I1KS65,I1K723,0
I1K5J7,I1KY31,0
I1LPK7,A0A0R4J5T8,0
I1LCZ2,I1MXY0,0
I1J8C9,A0A0R4J646,0
I1JE16,E9L577,0
I1JSI5,K7K7Q8,0
I1LLS4,I1JM18,0
I1KP26,I1N8X8,0
K7M846,A0A0R0FNY5,0
I1N8C9,I1L6I6,0
I1JM84,K7MZN9,0
I1M5N7,K7LXN4,0
I1M1P1,Q0EDG6,0
K7K2H0,C6TEN9,0
I1LCJ2,I1KZJ9,0
E9L575,A0A0R0G1X4,0
I1L7G4,I1N551,0
I1JW26,I1KEX8,0
I1L5U9,I1KNB5,0
I1MG38,I1LUZ5,0
I1LMN5,Q42798,0
I1LHR6,K7M353,0
I1KCY5,I1JW26,0
M1FIS9,A0A0R0HQY2,0
I1N780,K7L6K2,0
I1KDA4,A0A368UGC0,0
A0A0R0JT51,I1M225,0
C6T2F8,I1L9G9,0
I1MJB3,I1K723,0
A0A0R0LK19,I1JIA6,0
I1LWB8,I1KZY8,0
I1MSN3,A0A0R0IF42,0
I1LEQ3,I1JDN2,0
I1MGE5,I1N6D4,0
I1MAC4,C6TJH2,0
I1MP75,I1L6I6,0
C6TIK0,A0A0R0FZM4,0
I1LQ55,K7M864,0
I1KHV8,A0A0R0GUR9,0
A0A0R0EJV2,I1JM15,0
A0A0R0GS25,I1L6V0,0
I1LMR4,A0A0R0FUA1,0
I1MJJ9,I1JE16,0
I1JET8,I1LCJ2,0
A0A0R0G3R9,I1KHK1,0
C6SYE1,I1MTB5,0
C6TMK2,I1LIA8,0
A0A0R0IM79,K7MXF1,0
I1KZ26,K7KYM0,0
A0A368UIE1,I1KBD9,0
K7KNT9,A0A0R0IF42,0
I1KXK6,I1MGE5,0
I1N5Z3,I1K4Y6,0
I1MJJ9,K7N525,0
C6T990,K7MGQ2,0
I1N5V6,K7K9T5,0
K7L2R0,Q0H950,0
I1KP66,I1KC50,0
I1KNV7,I1LJ81,0
K7KUE8,A0A0R0GZ30,0
C6TGZ1,K7MRF5,0
A0A0R0JNM4,I1J981,0
A0A0R0HQY2,I1JWK3,0
I1KRL9,I1M6V9,0
A0A0R0FLW1,I1KNG6,0
I1K3X9,Q2Q021,0
I1MRP0,I1N344,0
A0A0R0IW53,I1JW65,0
I1M6V9,I1N411,0
I1M5N9,C6T217,0
I1LUV4,A0A0R0GG06,0
C6TK30,K7LIE3,0
I1KP66,I1JHJ8,0
A0A0R0FG80,I1MG54,0
I1NGL3,I1K1I6,0
K7M841,I1L6A2,0
C6TKV3,A0A0R0HSV6,0
A0A0R4J3X6,A0A0R0IWM0,0
C6T034,I1JGP8,0
K7LXN4,K7LQS4,0
I1NIE5,A0A0R4J5J3,0
I1NAL7,Q70MR5,0
A0A0R0GUR9,C6T090,0
K7LSG7,I1M269,0
I1JSD2,C6TCG0,0
I1MCK5,E9L556,0
I1M8A1,I1N5V6,0
I1M5N0,A0A368UGG7,0
C6SZ70,K7LP01,0
I1MTV9,I1MQW6,0
I1KMS8,A0A368UGC3,0
A0A0R0GJV8,I1LTG9,0
I1N505,K7LVH5,0
C6SXD2,I1LWD6,0
C6TAW2,I1LBJ5,0
I1LW00,A0A0R0EEW3,0
I1K4R8,I1MAX9,0
C6TDC0,K7L6N7,0
I1ML11,I1N2Z4,0
I1K215,I1MZ51,0
I1KVG9,A0A0R0G7B5,0
B0M1A1,A0A0R0KWT5,0
I1MLD5,I1JE14,0
I1MUN6,A0A0R4J5B7,0
K7LSG7,A0A0R0I5R9,0
B0M195,I1KL32,0
I1KJ81,A0A0R0GAQ8,0
I1MX88,K7KP05,0
I1N850,K7KK86,0
C6SYW6,I1N0L1,0
A0A0R4J2L5,I1JC50,0
C6SVB8,I1L6T8,0
A0A0R0EJV2,A0A0R0JNM4,0
I1KBV2,I1LCJ2,0
I1K708,I1N453,0
Q42798,I1N3Z3,0
K7KUK2,I1K006,0
A0A0R0EV33,I1L1A1,0
K7M5Q8,I1J547,0
I1NB48,A0A0R0JQJ0,0
I1LXI0,I1LYB2,0
I1K0U5,K7LWG6,0
A0A0R0F695,I1MGY9,0
K7K318,I1JN71,0
I1LEI8,C6SXD2,0
A0A0R0JRB0,I1LEC4,0
I1LJH2,A0A0R0JC18,0
I1MF65,I1K9T5,0
I1K5B7,K7LJ17,0
K7KL60,K7L2K6,0
A0A0R0KPE1,A0A0R0HSV6,0
I1NGH7,I1M3A3,0
K7KZX6,I1NHQ6,0
A0A0R0HEG0,I1JQF4,0
I1NGL3,A0A0R0KPE1,0
I1KZ26,K7LSJ2,0
A0A0R0L828,I1N1X2,0
I1MBN8,A0A0R0JRB0,0
C6TJW1,I1N2Z4,0
I1N5S0,I1J8D7,0
A0A0R0IF33,K7MDN4,0
A0A0R0JSJ9,I1J9I1,0
I1K3K8,Q0H950,0
I1K6T6,I1L4E2,0
K7K4C7,K7KJW6,0
A0A0R0JQJ0,I1MUM7,0
A0A0R0JT51,I1L2T1,0
A0A0R4J5C5,I1L0K8,0
A0A0R0I304,C6TAM7,0
I1KJR2,I1LBJ5,0
C6SYW6,A0A0R0IXT8,0
I1K9J7,I1K089,0
I1N8F6,I1LI93,0
A0A368UI76,A0A0R0FUK3,0
A0A0R0LCZ4,I1LKY8,0
I1MLD5,I1M3W1,0
K7LQS4,G3E7M6,0
K7LH46,A0A0R0GFM7,0
I1KSL6,I1MBL5,0
I1N447,C6SZ46,0
A0A0R0FNY5,I1MLM1,0
I1KQI1,I1JIW1,0
I1MTB5,A0A0R0EDS9,0
A0A0R0LBA6,K7LSJ2,0
I1KAJ9,I1JUK7,0
I1L9P5,K7N129,0
I1K4V8,I1M5N9,0
A0A368UGC3,I1MDY5,0
I1JN71,I1JB52,0
I1MNU1,C6TK27,0
I1JE16,I1KT08,0
I1JJX3,C6TIK0,0
I1L6V0,I1L1L3,0
A0A0R0FLW1,I1K5I3,0
I1MZF9,K7L6K2,0
I1M5N0,I1MB99,0
A0A0R0FIP9,I1M1P1,0
I1JR22,I1MUP5,0
A0A0R0HW00,A0A0R0FJR0,0
K7N1L5,I1JDN7,0
I1KZX6,I1KUN6,0
A0A0R0K188,I1MZV4,0
I1KC40,I1N4F6,0
Q9SLW5,K7M6Z2,0
K7M9L4,I1M038,0
K7K4C7,I1KHK1,0
I1MLJ0,A0A0R0H690,0
I1MJJ9,I1L3Q3,0
A0A0R0JRI8,C6TGZ1,0
K7L5S0,I1ML63,0
K7N145,I1KS98,0
A0A0R0EJV2,K7KES3,0
C6T1V1,I1MLC3,0
I1L153,I1KJX6,0
B0M1A3,K7MVE7,0
C6TGA9,I1MFN0,0
A0A0R0K0C4,K7L939,0
A0A0R0I5R9,I1MBI6,0
I1MLF1,C6TE39,0
K7M9T4,A0A0R0GAQ8,0
I1L4E5,I1N898,0
I1L2T1,I1M8A1,0
I1MF65,I1NG17,0
O22518,I1KP26,0
I1LQ64,Q2PMQ4,0
K7LEU7,I1LLS4,0
A0A0R0J7Q6,I1JRE0,0
I1MEW6,I1N780,0
I1MS26,C6SVB8,0
I1JI54,I1KUS2,0
I1M3W1,I1KZY9,0
I1NFR9,I1LXK8,0
I1NHF4,I1NBA2,0
A0A0R0HEI5,I1J4G8,0
I1LSW3,E9L558,0
I1LCJ2,I1LRR9,0
A0A0R0ICK4,I1K6J1,0
K7KJB2,I1KRL9,0
C6TCJ0,P62302,0
A0A0R0FLV6,P93163,0
A0A0R0IWM0,I1M2G5,0
I1K642,Q0H950,0
A0A0R0J7Q6,A0A0R4J653,0
K7K2H0,A0A0R0EUJ0,0
A0A0R0KR59,A0A0R0IT62,0
I1L759,I1KUS2,0
A0A0R0L317,A0A0R0HM21,0
I1N7G4,I1LKY8,0
K7MDN4,A0A0R0IZA1,0
I1K5I3,P07134,0
K7MM50,I1KIQ2,0
I1MR11,I1LZ51,0
I1LBA8,I1JJX3,0
K7L329,P45621,0
I1JC50,K7MPZ4,0
I1KSL6,I1M7Y3,0
I1JNF2,I1MG54,0
I1KDJ8,I1KK11,0
K7KX46,Q9FQD3,0
K7KA65,K7MQG6,0
Q9FQD3,C3VD33,0
K7N129,I1MBS8,0
K7LH46,A0A0R0EKB4,0
I1LV79,I1MT23,0
A0A0R0K188,I1K146,0
I1J9U5,A0A0R0FEC1,0
I1MZJ8,I1LP11,0
C6T090,I1K6T6,0
K7KK86,I1K0H3,0
A0A0R4J2L5,P93163,0
K7LLN2,I1JSG1,0
A0A0R0GAQ8,A0A0R0HEG0,0
A0A0R0EDS9,I1LH27,0
I1MBL5,E3SXU2,0
P24337,I1M292,0
A0A0R0FJR0,C6TJ17,0
I1JZ99,A0A0R0I304,0
I1JPP8,I1LJ81,0
I1JSY7,I1M1D5,0
I1JJB8,I1L1L3,0
I1N2Z4,K7MMD7,0
I1JDN2,I1N898,0
I1KXK6,I1M946,0
A0A0R0IF33,I1M8F0,0
I1LT87,K7KNG2,0
K7KRK6,K7MM40,0
C6TMK2,I1L7J3,0
I1NDE0,K7M2G2,0
I1KJR2,I1MG38,0
I1LU38,I1M8U0,0
I1JCQ8,I1L903,0
I1KS98,K7L7W0,0
I1M277,I1M292,0
I1M1E5,I1JC43,0
I1L0G2,K7L0V0,0
I1M1I7,K7L4N7,0
C6SWA8,C6SYN1,0
I1K065,A0A0R0IR73,0
K7MGQ2,I1JNF2,0
A0A0R0LKR7,I1JD36,0
A0A0R0KZR2,A0A0R0EJV2,0
I1K3U6,C6SZ88,0
K7M2G2,I1LGR6,0
I1N5V6,K7K578,0
B0M1A3,K7M841,0
A0A0R0I5N9,K7L2D7,0
K7MGH8,I1LWP5,0
I1LWB5,Q39810,0
A0A0R4J653,I1NF53,0
I1KPE7,I1M6M9,0
I1MQD2,C6TF29,0
I1JGX0,I1J981,0
I1NAJ5,I1JWE9,0
K7MUC8,C6T1E8,0
C6TK27,I1MCK2,0
I1LMA5,I1N5H5,0
I1M3Y7,I1JZ64,0
K7LTG4,K7L0E7,0
I1J8D7,A0A0R0L317,0
I1JK31,I1MW49,0
I1M3M4,A0A0R0JRB0,0
C6T8S2,K7MRF5,0
K7L0E7,I1NGH7,0
I1L9G9,I1KZX6,0
A0A0R0L7U5,I1KUE8,0
K7MNP5,C6TAM7,0
I1N780,A0A0R0EV33,0
I1LF24,A0A0R0HSH0,0
I1KZ26,K7LVH5,0
I1LRL9,I1M8A1,0
K7L684,I1MJB3,0
I1K0E4,K7MTE7,0
K7M0S3,P01055,0
K7MNE6,I1J4G8,0
A0A0R0F214,A0A0R0FUK3,0
C6T972,K7MQT1,0
I1JC43,I1LPK5,0
A0A0R0IM79,C6TAM7,0
I1NA10,K7K5C0,0
I1KIJ1,I1LLB7,0
A0A0R0IQ72,C6T0A0,0
I1KDF1,K7MLC5,0
I1M130,I1JE16,0
I1KH38,I1L2T1,0
I1KS56,I1NF53,0
A0A0R0KFY8,I1JJN8,0
I1K5E7,I1MUR2,0
I1NA38,A0A0R0IW53,0
I1JFW4,K7LRR9,0
I1LPW2,K7LMW2,0
I1NHH3,A0A0R0GFL3,0
I1N8C9,I1JIS3,0
A0A0R0G1X4,A0A0R0FVX1,0
I1LP31,I1LLC6,0
K7MLH4,C6THB5,0
I1K467,I1L6I6,0
I1MRP0,I1LHS8,0
K7MM89,A0A0R0K0C4,0
K7MTE7,I1JMY9,0
I1MW51,I1JPP8,0
A0A0R4J4H3,I1MR11,0
A0A0R0HSA0,I1JK59,0
I1LQ64,I1K006,0
I1JZE1,I1JET9,0
I1MJH1,A0A0R0F214,0
I1LZ51,I1LBJ5,0
A0A0R4J618,P49084,0
I1JC43,C6TE57,0
I1MW49,I1LT87,0
C6TNW3,K7KF95,0
A0A0R0I5N9,K7KTS8,0
C6TNW3,I1NC04,0
K7L5S0,I1KRV5,0
Q39810,I1K9C2,0
I1L9K4,K7KHN1,0
K7MB82,I1JA30,0
I1M592,I1L7G4,0
A0A368UGA0,I1LPK7,0
I1JXI4,I1JMK4,0
I1KAR1,I1JR22,0
C6T1G9,I1K146,0
C6SWD1,K7K894,0
I1L4I9,I1M130,0
I1M592,A0A0R0KE62,0
A0A368UJF6,I1LPC2,0
I1JXS8,I1K642,0
I1LGR6,I1KI90,0
I1K9W3,I1LT34,0
A0A0R0G8N1,I1KP66,0
K7KVV2,A0A0R0K6I2,0
I1J8P0,I1N798,0
I1N2J3,C6SXD2,0
K7KHU1,I1MUP5,0
A0A0R0H668,I1JC50,0
I1JCB1,K7KX46,0
I1M5S3,K7MH28,0
C6T217,A0A0R0IF42,0
C6TGP5,I1KIJ1,0
I1LKN9,I1LT87,0
K7L9S8,I1KJ81,0
A0A0R0KJM2,A0A0R0KFY8,0
I1LH27,A0A368UID0,0
K7MM40,I1MSP6,0
I1NAJ0,C6TI98,0
I1M7Y3,A0A0R0L9T4,0
C6TMK2,K7M387,0
I1M6V9,I1JSG1,0
A7X641,I1JJN8,0
I1KBV2,I1JFW4,0
Q42808,C6SW04,0
I1M1C4,A0A0R0HSH0,0
K7LLN2,A0A0R0L9T4,0
K7L0V0,A0A0R0F695,0
A0A0R0E6T9,I1JXJ3,0
K7LU89,I1MEQ1,0
K7LLN2,P01064,0
I1K9J7,A0A0R0E2R0,0
Q9M6D6,I1MEQ1,0
I1KBI7,I1N846,0
A0A0R0EL31,M1FN34,0
K7LHW6,K7LX60,0
B0M1A3,I1KRV5,0
I1L7J3,I1JW65,0
C6TAW2,I1MXY0,0
I1MZJ8,A0A0R4J488,0
I1N976,K7LJS8,0
K7K578,I1LDB6,0
A0A0R0GBB6,I1JHN9,0
I1MT23,I1KM19,0
A0A0R0K6U4,A0A0R0F719,0
I1KHK1,K7KJI6,0
I1JVX3,A0A0R0G3L8,0
K7LR18,K7LK09,0
I1L759,I1JW65,0
I1MEA7,I1KH38,0
I1L1Q8,I1M292,0
A0A0R0KRN8,I1JE51,0
I1M796,I1KQI1,0
A0A0R0IZA1,A0A368UIC9,0
A0A0R0IZ75,Q94C02,0
C6TAW2,K7L2K6,0
C6SZ46,A0A0R0L1N9,0
A0A0R0L317,I1LME8,0
I1K3G1,K7KR21,0
A0A0R0G1X4,C6TKD8,0
I1N447,C6SXY4,0
A0A0R0HEG0,I1N6D4,0
I1LLA0,I1LP11,0
I1MS33,C6TJ17,0
A0A0R0IR73,I1LCZ2,0
C6T990,I1KM01,0
I1N1Z5,I1K215,0
Q42798,I1MLF1,0
I1JZ89,I1K5I3,0
A0A0R0EAZ9,I1M277,0
A0A0R0IXT8,I1KFZ9,0
I1LUB3,A0A0R0ECE8,0
A0A0R0LK19,C6TIK0,0
I1L540,I1JYT2,0
I1KNG6,K7ML50,0
I1LMA5,I1MLC3,0
I1L5I2,Q9XE60,0
I1KV61,I1JDF1,0
I1MNV2,I1MEF5,0
A0A0R4J5T8,A0A0R0J296,0
I1M6B9,C6SVB8,0
I1LIU7,I1MB99,0
I1JJB8,I1JJX3,0
E9L577,I1MC96,0
A0A0R0GAQ8,C6SXD3,0
I1LG65,K7KYM0,0
I1N8X8,I1J8E3,0
I1NJ85,C6TCH4,0
A0A0R0HXH4,C6TER0,0
K7K318,I1K5E7,0
I1J8M6,K7MNN5,0
K7M846,I1KDU3,0
I1LHS8,I1KI90,0
K7MUD4,K7L723,0
K7LDF3,C6TAB5,0
A0A0R0E8K1,A0A0R0HSC1,0
K7MUM4,I1KVG9,0
C6SYE1,C6SXY4,0
A0A0R0I304,I1JDU3,0
C6TA11,I1J981,0
K7M0S3,I1K099,0
K7MQT1,I1KIG1,0
I1JQ20,I1JJN8,0
I1MUP5,K7LHS7,0
K7LCL1,A0A0R0JSC0,0
P01064,I1MCH7,0
A0A0R0H537,I1MXY0,0
K7LZ50,I1LH27,0
A0A0R0KWL0,I1LP31,0
A0A0R4J4H6,A0A0R4J4M9,0
K7LRR9,I1KFL5,0
I1LHR6,A0A0R0IZ75,0
K7MM40,Q2PMQ4,0
Q42797,I1JT87,0
C6TCJ0,I1JW06,0
A0A0R0EMR0,I1KEC8,0
I1MNU2,A0A0R0L3G5,0
I1KNI7,I1L9K4,0
I1K146,K7L0V0,0
I1N8F6,Q0EDG6,0
I1K6T6,A0A0R0EWR2,0
I1J981,I1MF26,0
I1K4R8,I1NHQ6,0
I1LT87,I1LLS4,0
I1JZ99,C6SX83,0
Q7XJ86,C6TEN9,0
Q2PMQ4,I1LI05,0
C6TCH4,A0A0R0JYX3,0
I1KDR4,I1LKD9,0
I1NCF8,I1K3G1,0
I1M5S3,A0A0R0KRN8,0
I1JLC7,C6TDC0,0
I1LHR6,I1N8V4,0
A0A0R0FTJ2,I1LCP4,0
A0A0R0GHT9,K7LQV0,0
A0A0R0IAM2,I1KPB0,0
I1LHS8,I1K6N8,0
K7MC85,I1MJH1,0
P93162,I1NHX1,0
K7MRW8,I1K3K8,0
K7L2K8,I1KSL6,0
I1KZ26,C6TER0,0
K7L476,I1MRK4,0
K7LJS8,I1JE16,0
K7M9T4,I1ML63,0
I1J4L6,A0A0R0G7B5,0
K7MXE0,K7MPX8,0
C6SVB8,I1N0L1,0
I1N5R9,K7MS06,0
I1KL89,I1K3E9,0
A0A0R0FEC1,E9KBR9,0
I1J702,K7M9T4,0
C6TAB5,I1KG02,0
A0A0R0FB78,I1L9G9,0
K7LU89,E3NYP3,0
A0A0R0H537,I1KTI0,0
I1JM84,I1J8W6,0
I1KGM8,I1J9L7,0
A0A0R0EKI7,I1JK67,0
A0A0R0I304,I1KFL5,0
I1NA38,I1LUL9,0
A0A0R0GPR8,K7KED0,0
D2D5G3,I1JN71,0
I1NDE0,K7LXN4,0
P93162,I1L285,0
K7MRW8,K7M4K7,0
I1LF90,I1JA95,0
C6T034,I1LL05,0
I1JM84,E3NYP3,0
I1N448,I1KP14,0
I1KZY8,A0A0R0HDW2,0
I1KHZ8,A0A0R0JC18,0
I1KQC3,I1KBF7,0
I1KCM4,I1MW49,0
I1M957,K7N1T9,0
I1L735,I1M8A1,0
I1JJB8,I1KDJ8,0
A0A0R0GAQ8,A0A0R0JQT2,0
I1NJ85,C6TKV3,0
I1NA10,I1M3A3,0
I1JDK2,A0A0R0FZM4,0
I1N055,K7K127,0
E3SXU2,A0A0R4J3I7,0
I1KGM8,I1K3X9,0
I1M796,K7MDN4,0
K7MXF1,I1N933,0
I1MDY5,K7M5Q8,0
K7LX60,I1N5H5,0
I1M796,I1KNA2,0
A0A0R0GHT9,I1L6V0,0
A0A368UGC0,A0A0R0KWL0,0
I1N8X8,E3NYP3,0
A0A0R0E8K1,A0A368UI10,0
I1MCK5,I1JIA7,0
I1K1D7,A0A0R0EKI7,0
I1KGM8,I1JPP8,0
K7N1L5,M1FIQ5,0
I1LI05,I1JSI5,0
A0A0R0J9Y6,K7MB82,0
I1LGR6,I1KP14,0
I1K1R5,I1JK59,0
I1MJJ9,I1K2I1,0
A0A0R0K6I2,K7KZX6,0
K7N1L5,I1M1E5,0
C6TLW3,I1KQC3,0
E9L556,I1JRS5,0
K7LFU4,I1M998,0
I1MLJ0,I1MT23,0
I1JHJ8,K7MM40,0
I1K3F0,A0A0R4J4G7,0
K7MPX8,A0A0R0F719,0
I1K215,C6TAM7,0
I1MQB8,K7M6Z2,0
K7KEQ2,I1J4T6,0
I1MZF9,A0A0R4J4D0,0
I1K4Y6,I1LIG9,0
I1KY31,I1M130,0
I1KVG9,Q06197,0
I1J5E3,K7MTE7,0
K7LCL1,I1LN52,0
C6SYW6,I1JIH3,0
K7KTS8,I1LHS8,0
K7KES3,A0A0R0HSC1,0
A0A0R0JC18,C6TAB5,0
I1LJG0,I1JC50,0
I1K099,K7MUV9,0
K7LSG7,I1N5R9,0
I1J9H6,E9KBR8,0
I1MNS7,I1KPN4,0
A0A0R0JC18,I1NE02,0
A0A0R4J646,I1N0L1,0
Q39817,K7M6J1,0
I1MAC4,I1K0H3,0
K7MPZ4,Q70MR6,0
K7L0E7,A0A0R0JQJ0,0
A0A0R0J296,I1MLM1,0
I1L2H4,I1M957,0
A0A0R0KRN8,K7M9T4,0
I1LN52,I1JRE0,0
K7MZN9,I1KAQ7,0
I1M6B9,C6T1E8,0
I1MEA7,I1JW65,0
I1LN30,A0A0R4J2L5,0
A0A0R0FNY5,I1LSB5,0
I1MQB9,I1KJ81,0
K7KAB4,I1JQF4,0
C6T1E8,A0A0R0K6C1,0
I1JGX0,K7LVH5,0
I1JK67,K7MLH4,0
K7LWG6,A0A0R4J365,0
I1KBD9,Q2TUW0,0
Q6SPR2,I1LMA5,0
A0A0R0FUK3,I1NG45,0
K7KEQ2,A0A0R0FZM4,0
I1LUT1,I1KQD8,0
I1K2I1,I1MFI0,0
I1LG22,I1M2U6,0
A0A0R0FB78,G3E7M6,0
K7KVN0,C6TN61,0
P93162,A0A368UGA0,0
I1KCY5,K7L684,0
I1KUN6,I1JUM3,0
A0A0R0IJF6,K7KNT9,0
C6SX83,I1KUF4,0
A0A0R0EL31,I1LR95,0
I1L153,I1KTI0,0
A0A368UH16,I1KEC8,0
I1JD52,I1J9H6,0
A0A0R0J296,C6TML7,0
I1NFR9,I1KAJ9,0
I1JSI5,I1K3K7,0
K7N1T9,M1FN38,0
C6SVB8,I1MBA8,0
I1L735,E9L577,0
I1KPN4,M1FIS9,0
C6SYN1,C6TE39,0
I1LR48,I1LGS0,0
I1M6M9,I1KNI7,0
A0A0R0G3L8,I1LUE0,0
I1JE51,I1J4G6,0
I1L367,I1LUL9,0
Q0EDG6,I1M957,0
I1J8V8,I1LI05,0
I1JJ76,I1L6T8,0
I1NJ85,I1MJB3,0
I1M5N0,I1JCB1,0
A0A368UI50,K7K2H0,0
I1MS33,K7KL60,0
A0A0R0FEN3,I1N7M0,0
I1JKP7,A0A0R0HJR0,0
K7LXA6,I1JET4,0
I1NC04,C6SZ88,0
A0A368UID0,K7KED0,0
K7LTR0,I1KTI0,0
C6T027,I1KNE4,0
I1MR73,C6TE39,0
C6T0A0,A0A0R0LCZ4,0
I1NE42,I1L3N6,0
I1LKV0,I1J4T6,0
I1MFF9,I1JV03,0
I1KGM8,I1MVZ6,0
K7N129,K7MGQ2,0
I1LUV4,C6T211,0
C6TDC0,I1LPK5,0
I1LDP9,A0A0R0E8N5,0
K7K578,I1J702,0
C6T027,I1N8F6,0
A0A0R0KFY8,I1KJR2,0
I1LPC2,K7MY00,0
I1KI90,I1MAX9,0
K7KJI6,I1LJG0,0
I1L9Z8,I1KUE8,0
K7L684,A0A368UGG7,0
A0A0R0FGT9,I1JWE9,0
I1MRK4,K7LXY1,0
Q39817,I1M796,0
A0A368UJF6,I1M3M4,0
I1K5E7,C3VD33,0
K7KP05,K7M6Z2,0
B0M195,C6SV60,0
I1JSI5,I1M1E5,0
K7N1T9,K7L9S8,0
I1LGS0,K7MUM4,0
A0A0R0HEM4,I1K938,0
I1MHU4,K7MLH4,0
I1JCB1,I1K0H3,0
K7KNG2,I1LI32,0
I1LG13,K7K8Y9,0
I1ML63,I1KJF2,0
I1JA30,C6SWR4,0
K7MM89,K7K5R7,0
Q42797,I1KHK1,0
I1NCF8,K7M841,0
E9L556,I1LUL2,0
C6TDC0,I1M8F0,0
I1K4R8,I1NAJ5,0
I1NCV4,I1K4L3,0
K7LH46,A0A0R0IZ75,0
C6SXT9,A0A0R0JQJ0,0
K7K578,C1PHB8,0
C6T857,I1NHN6,0
A0A0R0GS25,I1M119,0
I1L645,I1JPH8,0
K7LHW6,I1KQD8,0
A0A0R0I304,K7MJ75,0
E3WC98,A0A0R0ICK4,0
A0A0R0FXD4,I1MEQ1,0
I1M368,I1MSP6,0
K7MRW8,I1NAL7,0
A0A0R0JI98,I1L0G2,0
A0A0R4J2H3,I1KMM6,0
C6TBL4,I1LEC3,0
I1MHG6,I1NF53,0
A0A0R0FEN3,I1JYG3,0
I1K1I0,C6TAW2,0
K7M6Z2,I1LCG9,0
I1MUN6,K7KKT1,0
I1LZ93,I1LNZ9,0
I1KV48,C6TKV3,0
C6TE57,C6T857,0
A0A0R0EV33,K7M862,0
I1N1Z5,K7KL60,0
A0A368UIM7,I1KTY9,0
I1M946,I1JHJ0,0
I1JK67,F8WRI5,0
K7MYK9,A0A0R0GFL3,0
C6T1G9,I1L367,0
A0A368UIA0,I1NCV4,0
K7MDN4,I1KA98,0
C6TER0,K7KZX6,0
K7KVN0,I1KZC9,0
I1JMZ7,K7N1X2,0
I1LDY8,I1LIQ3,0
I1LXI0,I1LSB5,0
I1JE09,Q39898,0
I1JMY9,A0A0R0I304,0
A0A0R4J4H3,I1L4E5,0
I1KXP5,K7LP01,0
K7LK09,A0A0R0KR59,0
C6TE57,I1NBA2,0
A0A0R0KRF1,A0A0R0LBA6,0
C6TNW3,I1MF42,0
I1L759,K7MVE7,0
I1N5R9,I1L6H1,0
I1JSY7,I1M225,0
K7LJS8,I1N7G4,0
I1LUB3,I1JRV0,0
K7L684,C6T099,0
K7MY00,I1MYD2,0
A0A0R0EKB4,K7MUC8,0
I1MEW6,I1KCY5,0
I1M8A0,I1LJ34,0
I1JB52,A0A0R0GIH6,0
I1NCF6,I1KWU9,0
I1KS65,A0A0R0E8N5,0
I1JVT1,I1K669,0
A0A0R4J3X6,I1L694,0
K7LG20,C6T1H3,0
I1NFR9,A0A0R0K4Z5,0
A0A0R0HSC1,K7LDF3,0
K7MM89,I1LBA8,0
I1M119,I1JMX7,0
I1KM64,E9L558,0
I1LW00,C6SZ88,0
I1M4L1,I1KC50,0
I1LMA5,A0A368UI76,0
A0A368UIM7,I1NFR9,0
I1MTV9,A0A0R0K0C4,0
K7L2K8,K7KFZ9,0
I1K4L3,A0A0R0J296,0
I1NFR9,C6T211,0
A0A0R0E934,I1MMY0,0
C6T857,I1LBQ3,0
I1J702,I1KRL9,0
I1M119,I1M946,0
A0A368UGA0,A0A0R0HLZ4,0
K7MNE6,I1JNF2,0
I1MVZ6,I1K0H3,0
I1MTB5,A0A0R0HXH4,0
K7KYJ6,K7MFZ6,0
A0A0R0KJM2,I1KUS2,0
I1JIA7,I1MGE5,0
I1JFW6,I1M311,0
I1LLJ4,A0A0R0EYS5,0
E9L556,I1LUB3,0
Q42798,K7KX46,0
I1JQ20,I1L5L1,0
K7LU89,K7N1L5,0
E3WC98,K7KW44,0
I1LG13,I1L5I2,0
I1K1W8,C6T1H3,0
K7MB82,A0A0R0FLW1,0
I1JIH3,I1L9P5,0
I1JET9,I1JIH3,0
I1KYL4,K7KNT9,0
I1KQP5,C6T857,0
I1MUN6,I1LLB7,0
I1JE11,I1L6H1,0
C6T211,P49084,0
I1L880,A0A0R0E2R0,0
I1KQE3,I1M2G5,0
I1N055,I1KIG1,0
A0A0R4J2Y1,I1JDK2,0
I1MVC6,I1LLS4,0
I1KHV8,A0A0R0IL99,0
B4YB10,C6T990,0
K7K127,I1JMD6,0
A0A0R0JQT2,I1N7M0,0
I1LTG9,C6T002,0
I1N0L1,I1MFF9,0
I1KC50,K7KNG2,0
A0A0R0IQ72,I1N4X6,0
A0A0R0FTI5,I1ND31,0
A0A0R4J4H6,A0A0R0K6I2,0
A0A0R0KFY8,I1KM27,0
C6TC28,Q39817,0
I1LHS8,K7N129,0
I1K9T5,C6TIQ8,0
I1KJR2,I1JS15,0
I1LTG9,I1K4R8,0
A0A0R0ELE0,A0A0R0JT51,0
A0A0R0K188,C6T8S2,0
A0A0R0FTI5,I1K3K8,0
K7MRW8,C6T336,0
I1KP14,A0A0R0FEN3,0
I1NA38,I1ML63,0
C6SZ88,I1L2T1,0
Q1W376,E9L577,0
K7LVH5,C6T217,0
I1J981,C6T8S2,0
C6SZ88,I1K1I6,0
K7KA65,I1K215,0
I1K099,I1JXS8,0
I1M311,I1KCM4,0
I1L367,I1NHQ6,0
A0A0R4J3X6,I1NCV4,0
I1NC50,I1KRC8,0
I1JU23,K7LU89,0
I1KH38,I1JMK4,0
I1LFG4,I1L7J3,0
I1KNI7,I1MZJ8,0
I1N411,A0A0R4J618,0
A0A0R0EWR2,K7M849,0
K7LCL1,M1FP94,0
K7N1L5,I1M6M9,0
A0A0R0G8N1,K7N129,0
K7L939,A0A0R0EYS5,0
C6TKD8,A0A0R0ICK4,0
A0A0R0JNM4,K7M849,0
C6SVB8,Q9SLW5,0
A0A0R0HSV6,I1K5B7,0
I1MM35,I1NHH3,0
K7MLC5,A0A0R0L5Q2,0
I1LGR6,A0A0R0E8N5,0
K7LJ72,I1LUT1,0
I1KCM4,K7MS06,0
I1K669,C6TGX5,0
Q9AWB2,I1JM84,0
K7MUV9,C6T099,0
A0A0R0E2R0,I1LIA8,0
I1MLJ0,I1MQB8,0
A0A0R0EAZ9,I1J8C9,0
I1KQC3,B0M1A1,0
I1KSL6,K7LJS8,0
K7LIZ8,I1LA49,0
I1KNB5,I1JET9,0
C6T5U0,I1LFG6,0
I1LMR4,Q71EW8,0
A0A0R4J653,I1MZ08,0
K7M9T4,C6T1E8,0
P01064,I1M1E5,0
I1LSB5,C6SZS1,0
K7KP05,I1KHJ4,0
A0A0R0FG80,C6TAM7,0
I1JS41,I1L2Q0,0
C6TDC0,I1K6T6,0
I1LPE4,I1LP31,0
A0A0R0IL99,E9KBR8,0
K7K808,I1J9H6,0
I1JE14,I1MLF1,0
K7LSZ2,I1JWK3,0
I1KFQ1,A0A0R0IL99,0
I1LXK8,A0A368UHM9,0
C6TGA9,I1LZ51,0
I1K1I0,I1LDP9,0
I1LWD6,K7LK09,0
I1M5S3,K7LI90,0
I1JDU3,K7LXN4,0
I1K4R8,A0A368UGC3,0
I1LU38,I1LWB5,0
I1L7R2,I1N8V4,0
I1KJR2,I1J4T6,0
C6TF29,Q7XJ86,0
K7M6R4,I1LEF5,0
I1NBA2,I1NAJ0,0
I1LIU7,I1KJ81,0
K7LMW2,I1JKK4,0
I1KVC1,I1KYS8,0
I1JDN7,P93162,0
I1L6V0,I1MS33,0
Q39898,I1LPE4,0
I1KQD8,Q70MR5,0
I1JZR6,I1MFF9,0
I1JSI5,I1M487,0
C6T857,K7KES1,0
P07134,I1KAJ9,0
I1MKJ6,K7MEB1,0
I1L6T8,A0A0R0E6T9,0
I1JSY7,I1KDJ8,0
K7MNP5,I1LPJ8,0
C6SZ70,I1M277,0
I1JVX3,I1JQP8,0
K7MXF1,I1JXJ3,0
I1LCH2,I1MF07,0
A0A0R4J488,Q2PMP8,0
I1MG42,I1JSY7,0
I1JX17,K7L145,0
I1LPT5,K7MUD4,0
I1N505,I1LGR6,0
I1JQY7,I1K3G1,0
I1L1L3,I1MLF1,0
I1MGY9,I1MEW6,0
C6SWA8,I1NIT4,0
A0A0R0GPH9,I1MCH7,0
I1M8U0,C6SW04,0
K7KFY5,I1M6F0,0
I1KM07,A0A368UGC3,0
I1J8C9,K7L684,0
I1NC50,A0A0R0G3R9,0
I1L6A2,I1LKY8,0
I1LI96,K7LSG7,0
I1JB64,I1KNA2,0
I1MUN6,I1J547,0
I1JB52,Q9M4R7,0
A0A0R0JV11,P24337,0
I1LLS4,K7MS06,0
I1N8L0,I1LYB2,0
C6TJ17,C6TML7,0
K7LQV0,K7MUM5,0
I1K5E7,I1LLA0,0
C6TIQ9,I1L9Z8,0
I1L367,C6T8C4,0
K7N525,A0A0R0F6H1,0
I1M7M5,I1MUM8,0
I1LRL9,I1M269,0
I1LH30,I1N5D5,0
K7L7W0,I1MQC8,0
Q8LPW2,K7LMW2,0
K7K318,I1LT87,0
I1LPE4,K7MUV9,0
C6TGA9,I1NCV4,0
I1LEC3,I1JUQ6,0
I1JMX7,I1K9R1,0
C6SX83,K7KQZ8,0
I1MBN8,I1KZY9,0
I1K1R5,I1MUN6,0
I1KQD8,I1N4F6,0
A0A0R0HXK5,A7X641,0
A0A0R0JQJ0,K7KUE8,0
K7M4K7,I1N8F6,0
I1M5Z9,I1MAC4,0
C6SWS6,I1MW74,0
I1N505,K7MRF5,0
I1KAQ7,I1ND31,0
A0A0R0ECE8,K7KVV2,0
I1J709,I1LEC4,0
I1JZ64,I1LTG9,0
A0A0R0HEM4,I1LU06,0
K7LLV5,I1M8U0,0
I1NB48,Q42798,0
I1K065,A0A0R0HEG0,0
I1JMY9,Q9AWB2,0
K7M4K7,I1L1Q8,0
A0A0R0KR59,K7M6Z2,0
A0A0R0H8Q8,K7KA65,0
K7KYM0,I1LMN5,0
I1KPE7,K7KUK2,0
I1L9P5,K7KJI6,0
A0A0R0EUJ0,I1KJR2,0
A0A0R0KFY8,K7KN13,0
I1KFF8,C6T027,0
C6TJW1,Q39810,0
I1N3Z3,I1K6N8,0
K7KNG2,I1JGB2,0
I1M8A0,I1KHJ4,0
A0A0R0KRF1,K7LFD7,0
I1N448,I1LUE0,0
I1LPC2,K7LLF8,0
I1N7F4,I1MLD5,0
A0A0R0KE62,A0A368UGC0,0
I1JMD6,K7LHW6,0
I1N0L1,I1KNB5,0
K7M862,I1M487,0
A0A0R0HW00,A0A0R0GS25,0
K7LFU4,K7KES3,0
I1LGI3,I1JPP8,0
K7MXH5,I1JE51,0
I1NFR9,I1MYD2,0
A0A0R0HEG0,I1KA75,0
I1K9J7,I1KI90,0
I1N2Z4,I1LIG9,0
A0A0R0KMM9,I1N1Z5,0
C6SVA8,A0A0R0LK19,0
A0A0R0JT51,A0A368UGG7,0
I1KRV5,I1MFN0,0
K7MPX8,I1LNZ9,0
I1JSG1,C6TJH2,0
I1LJ81,I1JW65,0
A0A0R0FHD2,K7KAB4,0
K7M5Q8,P01070,0
I1KMS8,I1M4B9,0
O22518,K7KP05,0
K7MPX8,E9KBR8,0
K7N1T9,I1MS26,0
A0A0R0KIG7,A0A0R0IW53,0
I1K246,I1LCJ2,0
K7M5U7,I1LI05,0
I1LST6,I1KLS0,0
I1LFD2,E9KBR8,0
I1LI32,I1KM88,0
G3E7M6,P01055,0
I1ND31,K7LY43,0
A0A0R0KIG7,K7L2K6,0
K7MNN5,C6TNW3,0
I1JIH3,A0A0R0H668,0
C6T8C4,I1L5I2,0
I1LA49,K7LNG6,0
I1KGY4,I1JFW6,0
K7KW44,I1KQC3,0
I1J8W6,I1MUN6,0
Q9M4R7,K7L6N7,0
I1KBI7,I1KA75,0
Q8GZU9,I1NFB9,0
K7KN04,I1LC77,0
I1KAR1,K7KN13,0
A0A0R0GTG6,M1FN34,0
K7KLY3,I1J5E3,0
A0A0B5EC52,I1JW65,0
K7KJB2,I1L6H1,0
K7LEU7,K7KFY5,0
I1MG42,I1MEA7,0
A0A0R4J365,I1LD16,0
I1MLJ0,I1JZR6,0
A0A0R0L1N9,A0A0R0EV33,0
I1MRV3,I1K6T6,0
A0A0R4J4D0,K7LK09,0
I1KA98,K7N0V8,0
K7L684,I1LMR4,0
K7KEQ2,C6TD23,0
K7KX53,A0A0R0FTI5,0
I1KFQ1,I1KUS2,0
I1LGR6,I1MNU2,0
K7KQZ8,C6T002,0
I1KYS8,I1MRV3,0
I1MCK2,C6THB5,0
I1LCJ2,C6T1G9,0
C6SZ70,I1JMH3,0
I1L903,A0A368UGG7,0
I1NJ85,I1ML63,0
I1KWU9,A0A0R0E934,0
I1JLC7,I1N1Z5,0
I1K099,I1MQW6,0
K7MM52,I1JZE1,0
I1JI54,C6TC28,0
I1LBQ3,C6T002,0
I1JSI5,A0A0R0E8K1,0
A0A0R4J2L5,I1L759,0
I1KEX8,A0A0R0KWT5,0
K7LHS7,I1JS41,0
I1JJB8,I1M998,0
P24337,I1KM88,0
K7MNN5,I1M3M4,0
I1K6U7,K7LSG7,0
A0A0R0F392,I1J8E3,0
C6TKD8,I1NHX1,0
I1LRL9,K7N1X2,0
I1LDY8,K7KVN0,0
A0A0R0H668,I1MHX1,0
I1LJ34,A0A0R0GTG6,0
K7KNT9,I1M786,0
K7KGB3,I1NHF4,0
I1JDN7,I1JY66,0
A0A0R0LK19,I1K4L3,0
C6T003,I1KFP9,0
A0A0R0HQY2,I1L367,0
A0A0R0HSH0,I1KRC8,0
I1MVC6,I1JDF1,0
I1MCK5,I1LUE0,0
A0A0R0EEW3,A0A0R0IL99,0
I1MG42,K7N4K5,0
K7KYM0,A0A0R4J5T8,0
K7MM50,I1J4T6,0
C6TKV3,A0A0R0KJM2,0
K7LHW6,K7MUV9,0
I1LJ34,I1KH38,0
I1MM35,I1KCM4,0
I1MPJ4,I1JMH3,0
K7LXA6,Q1W376,0
I1JDK2,I1KUS2,0
I1LBQ3,A0A0R0HM21,0
I1MZJ8,I1K0H3,0
K7L4N7,I1KRC8,0
K7L476,A0A0R0FA21,0
I1M7Y3,I1JWK3,0
I1JVT1,C6T090,0
K7KNC5,K7LTR0,0
I1MUZ7,I1KZK2,0
I1MZ51,I1MQB8,0
C6TM45,C6T090,0
I1K5E7,K7KNC5,0
I1KNG6,A0A0R0KFY8,0
I1MJH5,K7MH28,0
I1LPC2,O22518,0
I1LVN3,A0A0R0JJI0,0
I1NGJ8,I1LI32,0
A0A0R0JV11,I1JMD6,0
Q39898,K7MS06,0
P01055,A0A0R4J4D0,0
A0A0R0I5N9,I1LFD2,0
I1JWE9,I1LUT1,0
A0A0R0L9T4,E9L558,0
C6T003,K7LLF8,0
K7MQ01,I1L645,0
A0A0R0JJI0,A0A0R0FNY5,0
C6SXT9,A0A0R0L3G5,0
I1KUX4,C6TJ97,0
I1JHQ1,C6T336,0
A0A0R0HQY2,A0A0R0KWT5,0
K7MFZ6,C6T2F8,0
K7LJ17,I1JAH7,0
I1KUF4,I1L9P5,0
K7N129,I1LYB2,0
I1MHU4,I1J574,0
I1L2T1,I1M5N0,0
I1JDN2,I1JKD2,0
I1NIE5,I1K5B7,0
C6TJM4,K7LHW6,0
I1MZJ8,I1NA10,0
I1M946,I1KMM6,0
I1N798,K7KNT9,0
C6TIQ8,I1NCN7,0
I1KYS8,I1LXK8,0
Q06197,I1JX10,0
I1KJX6,A1YUN0,0
E9L572,K7LQV0,0
I1LBN7,I1M8A0,0
I1JSI5,I1LUL2,0
A0A0R0IL99,I1L3P5,0
K7KEQ2,A0A0R0HJR0,0
A0A0R0GZ30,A0A0R0K0C4,0
I1MUZ7,K7LTV8,0
I1K3K7,A0A0R0J6N9,0
A0A0R0L5Q2,I1KDF1,0
A0A0R0HXH4,K7M353,0
I1KRC8,I1L3P5,0
I1LUV4,I1JQK9,0
I1LTM1,I1KM19,0
I1LF90,I1KAD1,0
A0A0R0FAD6,I1K9C2,0
M1FN34,I1K0U5,0
K7MDN4,A0A0R0LCZ4,0
K7LHW6,E3SXU2,0
I1MRK4,K7MUM5,0
I1KYL4,K7KFY5,0
A0A0R0K5H8,I1JUQ6,0
A0A0R0IF33,I1LUZ5,0
I1KDU3,I1M1I7,0
K7LY43,E3WC98,0
K7K149,I1LXI0,0
C6T1V1,K7MDN4,0
I1L735,I1MXY0,0
I1KL32,K7MFZ6,0
I1JVX3,I1JET8,0
K7LXA6,I1MS26,0
I1MPJ4,I1LR48,0
I1MTH5,A0A0R0GWH6,0
K7L2D7,I1MZT5,0
C6TCH4,I1JXS8,0
I1JQ20,A0A0R0EWR2,0
I1KIJ1,D2D5G3,0
A0A0R0G7B5,I1K0E4,0
I1K4L3,K7LR18,0
I1LH18,I1KDR4,0
K7KWE4,I1K3R3,0
C6TML7,A0A0R0LIH0,0
A0A0R0KN53,A0A0R0FJR0,0
I1NCF8,A0A0R4J3X6,0
K7MMD7,I1LUE0,0
I1LHS8,I1LUB3,0
E9L556,I1K3G1,0
A0A0R0HQY2,I1KQ73,0
A0A0R0IL99,I1MZJ8,0
K7LVH5,I1NCV4,0
I1NGJ8,A0A0R0FG80,0
K7MUC8,I1JUP2,0
I1K6H8,K7MVE2,0
I1KNA2,I1LH30,0
I1NB48,I1K3G1,0
I1LG65,K7M387,0
A0A0R0EKB4,I1KXK6,0
I1L7R2,I1K6H8,0
C6TGX5,K7MLC5,0
I1LIA8,I1MCK5,0
K7LQS4,I1L6V0,0
I1JD07,I1JN65,0
K7KL60,I1J702,0
I1MG42,I1LUE0,0
I1M8A0,K7KKT1,0
A0A0R0JBL2,I1MX88,0
A0A0R4J4D0,I1L4E5,0
I1LEC4,I1LGR6,0
A0A0R0HM21,A0A0R0GZ30,0
I1J702,Q39898,0
C6T027,A0A0R0H141,0
C6T990,K7LJ72,0
I1LKN9,I1J9L7,0
I1JR22,I1KJB1,0
Q71EW8,A0A0R0GFM7,0
I1KIJ1,K7M6Z2,0
I1LC77,I1KAQ7,0
I1N5D5,I1LR48,0
A0A0R0KY77,A0A0R0GHT9,0
A0A0R0GYZ9,A0A0R0HSA0,0
K7MUM5,I1JFW6,0
K7L5S0,A0A0R0LKR7,0
I1LFD2,Q8LPW2,0
D2D5G3,I1KUE8,0
K7K4Y8,C6SWG9,0
K7KES1,C6TG34,0
I1M130,I1L7J3,0
I1K1D7,I1KI90,0
I1MNU1,K7LK09,0
A0A0R4J5Z8,I1NGJ7,0
E9L565,C6TE39,0
I1KM27,I1LCG9,0
I1NAJ5,K7LRR9,0
C6TD23,I1KQI1,0
I1KM07,I1JVT1,0
Q39810,I1MBS8,0
I1LEC4,E9L577,0
K7KWE4,I1L3P5,0
I1JW65,A0A0R0GBB6,0
K7KGR8,I1N7F4,0
K7MQ01,I1L367,0
I1K2I1,C6SZQ0,0
K7LMW2,A0A0R0FIP9,0
I1M2S7,A7X641,0
I1MBL5,A0A0R0FAJ6,0
C6SVA8,I1LNP4,0
I1KBF7,I1J4T6,0
I1LNF0,A0A0R0E8N5,0
I1K115,I1N055,0
A0A0R0G1X4,I1N6D4,0
A0A0R0GTG6,K7LQV0,0
Q42808,A0A0R0IL99,0
I1MEA7,I1L694,0
I1KDU3,I1J8D7,0
I1KIQ2,I1KNG6,0
I1N344,A0A0R0GPR8,0
A0A368UGG7,I1MTV9,0
I1MHK8,A0A368UH16,0
C6T027,I1K3R3,0
I1LG65,A0A0R0JV11,0
I1KUN6,A0A0R0HQY2,0
I1KHV8,I1LT34,0
C6SVB8,I1LI32,0
A0A0R0FG80,I1LUZ5,0
C6TAW2,I1JWK3,0
A0A0R0L4P0,K7KIY4,0
K7LX60,C6SW04,0
I1K565,I1MV80,0
K7LY43,K7KYM0,0
I1LN52,A0A0R0JC18,0
K7LK09,I1LCR6,0
I1LKD9,I1J4B5,0
I1L5I2,I1KAQ7,0
I1J4G8,K7M387,0
I1J7U9,I1KCM4,0
I1LXI0,A0A0R0JC18,0
Q8W1A1,I1MZV4,0
I1L694,A0A0R0KJM2,0
I1KUX4,K7KGB3,0
A0A0R0HSV6,I1NDA1,0
A0A0R0L419,Q1W376,0
I1LH30,I1KA98,0
A0A0R0K188,A0A0R0L317,0
P45621,I1NCV4,0
K7KED0,I1M796,0
A0A0R0E8N5,K7L5S0,0
A0A0R0J5Y2,Q9M6D6,0
K7KX53,A0A0R0E6T9,0
A0A368UI10,I1JIK2,0
K7KFY5,K7K578,0
K7KQZ8,K7L6N7,0
A0A0R0HSA0,I1JQ20,0
I1K4L3,I1M8A0,0
K7N529,K7L6P0,0
K7MVE7,I1JIH3,0
I1LMR4,K7KYJ6,0
A0A0R0IV41,I1KM19,0
K7LXA6,A0A0R4J4D0,0
K7KFY5,I1LCG9,0
I1J957,A0A0R0L0E7,0
A1YUN0,K7KR21,0
I1NAL7,A0A0R4J2U8,0
I1KK11,I1NHQ6,0
I1JW65,I1MS33,0
I1JD07,I1KJD2,0
I1LCZ2,I1MQD2,0
I1LTE6,I1KGM8,0
I1K6T6,I1JZ89,0
K7MJ75,I1LIG9,0
I1JUV6,P93163,0
I1KUS2,A0A0R0E2R0,0
I1KM64,K7MNP5,0
I1LP11,P93163,0
I1JB52,I1LV18,0
I1KYS8,I1KZ26,0
I1LG65,A0A0R0FG80,0
I1MDD8,I1KBD9,0
A0A0R0ECE8,K7MNK5,0
K7KX53,Q2Q021,0
C6TA11,K7LJ72,0
C6TGX5,A0A0R0HXK5,0
A0A0R0K6C1,C6T0A0,0
I1LT34,A0A368UGG7,0
A0A0R0KZR2,I1KQC3,0
C6TIK0,I1K0U5,0
I1JC43,I1N447,0
A0A0R0L3G5,I1LPT5,0
A0A0R0I5N9,A0A0R0EMR0,0
A0A0R4J461,I1JFW4,0
K7MQD2,A0A0R0HJR0,0
K7MM40,I1M6B9,0
I1L6I6,M1FN34,0
I1K2I1,I1LH30,0
A0A0R0K6I2,A0A0R0ELE0,0
K7L0E7,Q70MR5,0
K7M9L4,M1FIS9,0
I1MUZ7,I1LR48,0
I1LGR6,I1L153,0
I1MV08,A0A0R0IJF6,0
I1LIG9,A0A0R0JNM4,0
I1LPJ8,C6SZQ0,0
I1J5A4,K7KHN1,0
Q2PMQ4,A0A0R0GAV8,0
A0A0R0I304,I1N551,0
K7LHW6,I1MHK8,0
A0A0R0K6U4,I1LWB8,0
I1K0E4,C6SV60,0
K7K5C0,A0A0R0KPE1,0
A0A0R0EJV2,A0A0R0IF42,0
I1KM07,I1NHN6,0
A0A0R0GHT9,I1JGP8,0
I1JMH3,I1KZY8,0
M1FN34,A0A0R0KRF1,0
C6TGX5,I1K9W3,0
K7KRK6,I1MGE5,0
K7K578,I1LJG9,0
I1JT87,K7LX60,0
K7LXN4,I1MNU1,0
I1MW74,I1JZR6,0
I1N8F6,C6T002,0
I1LVN3,K7KGB3,0
I1M4B9,I1JEC6,0
I1KS65,K7K578,0
I1JIA6,I1LPE4,0
A0A368UJF6,I1MUR2,0
A0A0R0KMM9,I1KJB1,0
E3NYP3,B4YB07,0
I1LJG9,Q43463,0
I1KM27,I1NJ53,0
I1JKP7,I1MTH5,0
A0A0R4J461,K7N1X2,0
I1JJ76,I1N8M8,0
A0A0R4J365,I1MLF1,0
Q84L66,I1LN92,0
I1NG17,I1KWU9,0
I1JXS8,I1KEC8,0
I1JHN9,I1L9P5,0
I1JGK9,C6T002,0
I1KA98,I1K146,0
A0A0R0K0K3,I1L9K4,0
Q2MJR5,I1L540,0
I1N055,I1JUV6,0
A0A0R0L1N9,I1MZT5,0
K7MDN4,I1MF07,0
I1KD82,K7MAQ6,0
I1JRV0,I1L4E5,0
A0A0R0HQY2,I1NHX1,0
I1LLH3,I1KAJ9,0
K7L684,I1JCA9,0
K7KIY4,K7LFU4,0
I1J4G8,I1KJ84,0
I1KC50,C6T003,0
C6T003,I1JXS8,0
A0A0R0EEW3,I1LIU7,0
K7L684,K7K149,0
I1LME8,I1JPP8,0
Q2MJR5,C6SWA8,0
Q42808,I1LA39,0
I1NA94,I1L1A1,0
I1JM15,K7N563,0
A0A0R0EMR0,I1JRE0,0
I1JJ76,I1LCZ2,0
I1L2T1,I1MUZ7,0
I1L1A1,A0A0R0JJI0,0
I1L2T1,I1NB48,0
A0A0R4J309,I1K3U6,0
A0A0R0FLV6,I1JIA6,0
C6TI98,I1L0K8,0
C6TAB5,A0A0R0JQ82,0
K7LXN4,A0A0R0JQT3,0
I1JZ89,I1NGH7,0
I1K4Y6,K7MUV9,0
I1LPT5,I1JKK4,0
I1N447,K7LLV5,0
C6T9W4,I1LII4,0
I1ND31,I1KUN6,0
I1L694,K7KYJ6,0
A0A0R0J5Y2,I1MNS7,0
M1FIS9,Q84L66,0
K7L476,I1NHF4,0
I1ML63,I1JYX2,0
P62302,I1KDU3,0
E9KBR9,I1MGG7,0
I1M3Y7,K7K5C0,0
I1JIW1,I1MLJ0,0
K7MHQ6,I1JJX3,0
I1MS26,K7L4N7,0
K7M849,I1LUB3,0
K7MVE2,I1JUM3,0
C6TIQ9,I1MTV9,0
K7LDF3,I1LTW8,0
I1KY31,I1J7U9,0
A0A0R0E934,I1LF90,0
I1LUE0,I1MVC6,0
I1MLD5,I1MF42,0
A0A0R0KMM9,A0A0R0GIH6,0
K7KN13,K7MZN9,0
A0A0R0LK19,I1MUZ7,0
A0A0R0IQ72,A0A0R0HW00,0
I1LPT5,K7ML50,0
A0A0R4J5N5,C6T211,0
I1NCN7,K7KTS8,0
I1LH30,I1LEQ3,0
I1KM64,I1JVT1,0
B0M1A1,I1LST6,0
I1M3W1,K7MAQ6,0
C6TG34,I1JGP8,0
K7LTG4,C6TEN9,0
I1MIX6,I1MGE5,0
I1JC65,A0A0R0EL31,0
I1M946,C6T857,0
A7X641,I1N846,0
A0A0R4J536,K7KFZ9,0
I1LRR9,A0A0R0JSC0,0
A0A0R0F214,A0A0R4J5K6,0
K7K355,I1N8M8,0
I1M8F0,I1KNE4,0
I1KRU0,I1N551,0
K7LI90,I1LJH2,0
C6T8S2,I1JUP2,0
A0A0R4J3I7,K7KHN1,0
A0A0R0FHD2,I1JW06,0
I1N1Z5,K7L0E7,0
A0A0R0L5Q1,I1MDD8,0
I1J8D7,I1KYS8,0
I1K5B7,Q94C02,0
I1N344,C6T336,0
I1KFF8,B9MST0,0
I1NHX1,I1KBI7,0
I1JS41,C6SVA8,0
A0A0R4J488,I1JUK7,0
A0A0R0IXT8,A0A0R0FNY5,0
A0A0R0K0K3,K7N563,0
I1JW65,K7K808,0
I1M643,K7N129,0
K7L0E7,I1MGY9,0
I1L285,I1J8P0,0
I1JIA7,I1JB64,0
A0A0R0HSV6,A0A0R4J653,0
C6SVA8,I1M7M5,0
I1K1I6,I1NJ85,0
I1NDE0,I1L0F0,0
I1MLJ0,A0A0R0EYS5,0
A0A368UGC0,I1JV03,0
A0A0R0K5H8,I1LKD9,0
K7KUE8,I1L4E2,0
I1NHF4,I1J4L6,0
I1JGP8,I1K708,0
I1LF90,I1JJB8,0
I1KJR2,I1L367,0
E9L556,A0A0R0E2R0,0
A0A0R4J2Q5,I1JZE1,0
I1JR22,I1NIE5,0
I1KIQ2,Q7XJ86,0
I1LW00,I1JWE9,0
I1NE42,I1MJH1,0
I1NDA1,I1K9J7,0
Q39817,A0A0R0FHD2,0
I1LWX5,A0A0R0K6I2,0
A0A0R0F5Y7,K7N129,0
I1J702,I1LFG6,0
I1N019,I1MUM7,0
K7MXE0,I1L0F0,0
A0A0R4J5K6,A0A0R0K6U4,0
A0A0R0KQ74,A0A0R0ECE8,0
I1K6H8,A0A0R0FLW1,0
I1KMM6,I1MTB5,0
C6TK31,A0A0R0EAZ9,0
C6SVR0,A0A0R0JBL2,0
K7K7Q8,C6SYE1,0
I1KZK2,I1LG13,0
I1K1D7,I1MD26,0
I1J9L7,K7MH28,0
K7MYK9,I1MRP0,0
A0A0R0H668,C6T002,0
I1KZX6,A0A0R0GAQ8,0
A0A0R0HW00,A0A0R0ELE0,0
A0A0R0I304,I1LFD2,0
O22518,I1LEC3,0
I1LPW2,K7K8Y9,0
I1MV08,I1M946,0
B9MST0,A0A0R0EMR0,0
I1LZ93,K7MDN4,0
I1KM88,A0A0R0IWM0,0
A0A0R0H690,I1JGU8,0
A0A0R0E8K1,I1N7F4,0
I1JUK7,C6TGP5,0
C6SXD3,A0A0R0HJR0,0
I1MXY0,A0A0R0EV33,0
K7MC85,K7LCL1,0
I1KFZ9,I1JFW6,0
I1KQE3,I1MS26,0
I1MF42,Q8LPW2,0
E3WC98,I1JC65,0
K7M6R4,Q2MJR5,0
K7LTG4,I1N551,0
I1M643,I1NG45,0
C6SWR4,Q39817,0
A0A0R4J536,C6TER0,0
I1NE02,A0A0R4J4H6,0
I1JIS3,I1N1Z5,0
I1LR95,I1NA10,0
K7KLY3,K7MXF1,0
C6SZ70,I1L7R2,0
C6TML7,I1L3Q3,0
I1KBD9,I1KXP5,0
Q2PMU5,I1LKV0,0
A0A0R0HW00,I1K246,0
I1M786,K7LTR0,0
I1LUZ5,A0A0R0LCZ4,0
I1L4E2,I1KMS8,0
I1KT08,I1M5N9,0
K7L723,I1MCK2,0
I1KDF1,A0A0R0FTI5,0
I1JE14,C6T7K0,0
I1MS33,A0A368UGG7,0
P49084,K7LXA6,0
K7KYJ6,I1N8C9,0
I1LFG6,C6SWA8,0
I1NCN7,I1MJH5,0
I1L3Q3,A0A0R4J3I7,0
A0A0R0J2W1,I1KTI0,0
K7LSJ2,I1LPC2,0
I1JDK2,I1N2G0,0
I1KYS8,A0A0R0KFY8,0
I1K9R1,I1MUN6,0
I1N976,E9KBR9,0
I1KL89,I1JZR6,0
A0A368UHM9,I1MLD5,0
I1KV61,I1KS98,0
C6SVA8,I1JW26,0
I1KTI0,I1JVX3,0
K7KP05,I1JCA9,0
I1NCF8,I1L7G4,0
I1J702,I1LUV4,0
C6TER0,A0A0R0HEI5,0
C6TLW3,I1M1W3,0
K7LXN4,I1L6I6,0
I1L7G4,I1KUS2,0
K7KKT1,I1JGK9,0
I1MQ30,E9KBR8,0
I1JAH7,I1N7F4,0
I1N1Z5,C6T972,0
I1JAI4,A0A0R0EV33,0
I1MAX9,I1MTH5,0
I1K9J7,I1N483,0
A0A0R0KRN8,I1JHN9,0
K7MQG6,A0A0R4J536,0
A0A0B5EC52,K7K5C0,0
I1LCJ2,I1NIE5,0
I1KDR4,I1M5Z9,0
K7KVV2,K7K7Q8,0
A0A0R0JC18,I1LWX5,0
I1JMZ7,K7KN13,0
I1LLJ4,I1MC96,0
B0M1A1,I1K6H8,0
I1N1X2,K7KJI6,0
I1K963,I1MD26,0
I1M1E5,A0A0R0KE62,0
I1NCN7,I1MT23,0
I1LGI3,I1MU00,0
I1JM18,K7N529,0
I1LIA8,I1LCH2,0
A0A0R0HSY5,I1KSL6,0
C6T027,K7KVV2,0
C6T027,K7MEB1,0
C6TG34,I1KPB0,0
I1LNZ9,K7KK86,0
I1M1E5,I1MBA8,0
K7KYJ6,I1MFF9,0
C6TIQ9,K7MFZ6,0
I1JKG7,I1LSW3,0
I1L3N6,B0M195,0
K7KKT1,I1JUV6,0
I1M1W3,Q1W376,0
K7KR21,I1LKD9,0
I1N344,I1J9U5,0
A0A0R0GPH9,I1M3W1,0
I1MIX6,A0A0R0K0K3,0
K7MNK5,I1N344,0
C6T002,I1M4B9,0
K7LFD7,I1LG22,0
K7MYK9,A0A0R0FUK3,0
A0A0R0GYC5,K7LRR7,0
I1NA10,I1MUS3,0
A0A0R4J4H6,E3SXU2,0
K7KTS8,I1K9C2,0
B4YB07,I1L6H1,0
A0A0R0GJV8,I1N448,0
A0A0R0EMR0,K7LG20,0
K7K3C2,I1JZ89,0
I1KZY9,A0A0R4J426,0
D2D5G3,Q84L66,0
K7KNG2,C6SZQ0,0
I1L3Q3,I1KIQ2,0
K7K2H0,I1KFF8,0
I1JAI4,I1NHQ6,0
A0A0R4J3I7,I1LTG9,0
I1K2I1,Q1W376,0
I1MF07,K7N5K2,0
C6TKD8,I1KBV2,0
A0A0R0LK19,I1LUE0,0
I1JX17,A0A0R0JBV0,0
I1L7R2,I1MLF1,0
I1LLS8,A0A0R0K188,0
I1MHA5,K7MM40,0
I1LG65,K7LTG4,0
K7KYJ6,I1N8L0,0
I1JE11,I1KJR2,0
I1MIX6,I1MKX7,0
I1K0U5,Q70MR5,0
Q8GZU9,K7N129,0
I1MT23,I1LXK8,0
I1N4F6,B9MST0,0
I1K9C2,I1MBN8,0
K7MUD4,A0A368UIC9,0
A0A0R0K6C1,F8WRI5,0
I1MEQ1,I1M5N0,0
I1LQ64,I1N019,0
E9L572,A0A0R4J426,0
A0A0R0IXT8,I1KGM8,0
A0A0R0JQT3,I1L153,0
I1J5A4,A0A0R0EYS5,0
I1K9W3,I1MF65,0
I1K9G7,K7L2K6,0
C6TK27,I1LH27,0
K7KK86,I1JW06,0
K7LJS8,K7KLG8,0
A0A0R0IEK0,Q9XE60,0
I1N505,A0A0R0HQY2,0
I1JSD2,I1LMR4,0
I1LH30,E9L577,0
A0A0R0HLZ4,K7ME58,0
K7L4N7,I1KUE8,0
K7KZX6,I1K3G1,0
I1NHN6,I1KD82,0
I1L6T8,I1N976,0
I1J547,K7LX60,0
I1L7J3,A0A0R0L5Q1,0
I1JC50,I1N5R9,0
I1LKN9,I1MW74,0
I1MBS8,I1JVT1,0
I1LBN7,I1N344,0
I1KH38,I1MUN6,0
C6TML7,A0A0R0IL99,0
K7L145,I1KUS2,0
A0A0R0HSH0,I1MQB9,0
I1L1A1,I1NAJ0,0
I1JMZ7,A0A0R0ECE8,0
I1JX17,K7L6N7,0
I1MLC3,C6TIK0,0
A0A0R4J646,I1MC96,0
A0A0R4J3X6,I1MCK2,0
I1K6H8,I1KJF2,0
I1KQC3,I1LNP4,0
K7K149,I1N5D5,0
A0A0R0ENB3,Q71EW8,0
A0A0R0FNY5,I1KM27,0
I1KM01,I1LC77,0
I1MQB9,A0A0R4J5J3,0
I1MIW3,I1K6N8,0
I1LI32,Q8LPW2,0
A0A0R0HSY5,I1K4R8,0
I1MZ08,A0A0R0L317,0
I1K1I0,A0A0R0KPE1,0
I1LWP5,K7K1V0,0
A0A0R0FTJ2,A0A0R0JI69,0
I1MLM1,Q0EDG6,0
I1LEI8,K7MQD2,0
C6T972,K7MY00,0
I1LDB6,C6TAW2,0
K7MUM5,Q9XE60,0
C6TAW2,I1L735,0
I1MS33,C6T027,0
A0A0R0HM21,K7KYJ6,0
A0A0R4J2L5,I1JPY7,0
K7MXE0,Q42808,0
I1ML11,K7LLF8,0
I1KP14,I1JGP8,0
K7M841,I1NA94,0
I1KA71,K7LXN4,0
I1LUV4,I1L3P5,0
C6T003,A0A0R4J461,0
A0A0R4J2Y1,I1K3G1,0
I1MCK2,I1MJH5,0
M1FP94,K7KVN0,0
I1M6B9,C6T214,0
I1NHN6,I1JJX3,0
I1JGB2,K7LEU7,0
A0A0R0FUA1,K7KJB2,0
I1K506,A0A0R0IWM0,0
A0A0R0HSH0,I1M1P1,0
A0A0R0FG80,C6TEN9,0
I1KQ70,I1J9L7,0
K7LJ17,I1KNB5,0
E3NYP3,Q42798,0
I1LHS8,C6SVA8,0
C6TNN4,I1M8A1,0
I1JRE0,I1LTG9,0
A0A0R0HXH4,K7KYJ6,0
I1KTP1,I1KM19,0
C6TJ17,A0A0R0LK19,0
K7LLF8,I1K006,0
K7KJI6,P62302,0
I1JHJ0,A0A0R0KPE1,0
I1KA75,A0A0R0IAM2,0
I1LKV0,I1JGB2,0
A0A0R0FAD6,I1KD82,0
I1LEI8,K7LSZ2,0
I1MG38,I1KTI0,0
I1LHS8,K7K5R7,0
I1KTY9,I1KAR1,0
I1M6B9,Q39810,0
I1MQB8,C6T857,0
I1MSP6,Q9XE60,0
I1LWB8,I1KP66,0
A0A0R0FNY5,A0A0R0FJR0,0
I1JJB8,I1LKD9,0
I1N483,A0A0R0K4Z5,0
I1KYS8,A0A0R0IZA1,0
I1M1W3,I1K3R3,0
I1L171,I1JMH3,0
K7KW44,I1M8U0,0
I1LZ93,A0A0R0FGT9,0
A0A0R0L7U5,A0A0R0KJL0,0
A0A0R0GG06,I1N7M0,0
I1MU00,K7LJ17,0
A0A0R4J5J3,I1KM01,0
A0A0R0HSH0,I1M487,0
A0A0R4J5B7,K7KIY4,0
A0A0R0GYC5,K7K149,0
I1M5N9,I1K3E9,0
I1NC04,I1JSY7,0
I1N8X8,K7M4K7,0
I1LZ51,A0A0R0G7B5,0
I1N453,A0A0R0IAM2,0
C6TF29,I1JC08,0
A0A0R0JI98,I1M6V9,0
A1YUN0,I1MW49,0
A0A0R4J455,A0A368UGC3,0
I1KJF2,I1MF42,0
C6T5U0,I1KBF7,0
I1KJB1,I1LBJ5,0
I1NAJ0,I1KJB2,0
I1N898,C6T1G9,0
I1K1W8,I1K7G0,0
I1N505,K7KN39,0
I1K146,I1L5I2,0
I1MFN0,I1M7Y3,0
C6T990,I1L540,0
A0A0R0LCZ4,A0A0R0K0K3,0
I1NHN6,K7K149,0
I1NHF4,C6TC28,0
E9KBR9,K7K2H0,0
A0A0R4J5Z8,A0A0R0ELE0,0
I1KJB2,I1MEQ6,0
I1JUM3,I1JS41,0
I1LMR4,C6TJ43,0
I1MAX9,I1J4L6,0
I1KUE8,A0A0R0L5Q2,0
A0A0R0IZA1,C6TIQ7,0
I1KQC3,K7KN04,0
M1FIS9,C6TK31,0
I1JYT2,C6TK73,0
I1MEQ6,I1K246,0
I1N6D4,I1LAH1,0
A0A0R0HSY5,I1NCV4,0
I1LNY2,C6T8S2,0
K7MXE0,A0A0R4J536,0
I1KUE8,I1M7M5,0
A0A0R0FTI5,K7MM52,0
I1K1R5,I1KM64,0
K7LU89,I1JQP8,0
I1MLF1,I1M4B9,0
I1N2J3,A0A0R0EV33,0
A0A0R0JI98,K7K355,0
I1KS98,K7MC85,0
I1N7B5,I1MLC3,0
I1J9H6,C6TMK2,0
I1JD36,I1KJB2,0
I1JNF2,K7KK86,0
I1K3F0,A0A0R0JV11,0
I1JC08,I1K0W7,0
A0A0R0FUA1,I1N483,0
A0A368UIM7,I1J8V8,0
A0A0R0KJM2,K7K8Y9,0
A0A0R0HSH0,I1L1L3,0
I1MQD2,C6TCG0,0
I1L9Z8,A0A0R0EEW3,0
A0A0R0HEM4,I1MG54,0
I1MLC3,K7LG20,0
I1MBS8,A0A0R0KR59,0
I1JQ20,I1L2Q0,0
I1MRP6,I1K6T6,0
Q2TUW0,I1MHK8,0
A0A0R0GG06,K7MPJ9,0
I1JET8,C6T065,0
K7L0V0,Q9XE60,0
I1MZT5,I1LKY8,0
I1LTM1,I1JD36,0
I1LPK5,K7KH93,0
I1LCG9,I1LSB5,0
C6TJM4,K7KYM0,0
I1KCA3,C6TAM7,0
I1JV68,A0A0R0KRN8,0
I1L7D4,I1MS33,0
I1N933,Q9M6D6,0
K7LSJ2,I1MLD5,0
I1LTW8,I1N505,0
A0A0R0H141,I1N8C9,0
I1NGL3,I1NB48,0
I1KAJ9,I1L880,0
I1LC77,K7MGQ2,0
C6TN69,A0A0R4J3I7,0
B4YB10,C6T9W4,0
I1MF42,I1MK83,0
K7LU89,K7M849,0
I1KBD9,I1LP11,0
I1LIK7,I1LEQ3,0
I1LBQ3,I1K4L3,0
I1KY31,I1L694,0
K7L0V0,C6TA11,0
I1MNU1,I1JX10,0
C1PHB8,I1L5U9,0
I1N976,I1JC08,0
I1KG02,I1MIX6,0
I1LEQ3,I1MAX9,0
I1K0U5,A0A0R0JSJ9,0
C6TCJ0,Q0EDG6,0
I1JQY7,I1N5H5,0
A0A0R0IV41,K7MJ75,0
K7MQD2,I1K0E4,0
A0A0R0IF33,A0A0R4J5N5,0
I1MBA8,I1ML11,0
A0A0R0KMM9,I1M2U6,0
I1NAJ5,A0A0R0KWT5,0
I1JHN9,C6T988,0
I1LPE4,A0A0R0IZ75,0
I1M8A0,I1K0E4,0
I1MUZ7,I1N3Z3,0
K7KGB3,I1K0A7,0
I1KM19,I1LI93,0
I1MFI0,I1KNB5,0
I1M292,C6T8C4,0
K7K3R6,I1MQB9,0
A0A0R0KQ74,A0A0R0K6U3,0
K7MLC5,I1JGB2,0
K7MM50,I1L2T1,0
A0A368UIC9,A0A0R0J6N9,0
K7MS06,A0A0R0E8K1,0
I1MXY0,I1KL32,0
C6TGP5,E9L556,0
A0A0R4J426,I1J5E3,0
I1JMD6,C6SWH0,0
I1K565,K7KW44,0
I1KJD2,I1KM01,0
I1K6E7,I1K6H8,0
I1LKZ0,C6TC28,0
K7K5C0,C6SW04,0
K7LP01,A0A0R0HJR0,0
I1JJB8,I1KHJ4,0
K7MEB1,I1JZE1,0
I1M6B9,I1KFQ1,0
I1J4G6,A0A0R0H141,0
K7ME58,A0A0R0FUK3,0
K7MFE5,A0A0R0FAD6,0
K7KTS8,I1JMY9,0
I1JT87,C6T1H3,0
I1M6F0,A0A0R0GUR9,0
K7K5C0,K7MTE7,0
A0A0R0JQT2,K7KK86,0
K7L1E6,I1JGB2,0
K7L4N7,I1LU06,0
I1K3G1,I1LC77,0
I1JUK7,I1KAD1,0
I1JF58,K7LWG6,0
I1MR73,K7LIE3,0
I1LWB8,I1LRR9,0
K7KNT9,A0A0R0I304,0
K7L684,Q39817,0
I1LJ34,I1MZ53,0
K7LFU3,C6SZG1,0
I1MG38,I1LVN3,0
A0A0R4J5Z8,I1MBA8,0
A0A368UID0,A0A0R0K6U3,0
I1KJ81,I1JQ20,0
C6TKV3,I1MR79,0
K7L0E7,I1NG45,0
I1LW00,I1JFW6,0
I1J5W0,I1LHS8,0
K7LFD7,I1K669,0
I1L3Q3,A0A0B5EC52,0
K7MQ01,A0A0R0JV11,0
I1JQF4,A0A0R0GS25,0
I1LFD2,E9KBR9,0
C6TIQ7,A0A0R0JI98,0
A0A0R0JRB0,K7LMW2,0
K7KJI6,I1JK59,0
K7LJ17,K7N1L5,0
I1JC50,I1KCA3,0
A0A368UGA0,K7L2K8,0
C6TER0,I1MQB9,0
K7MLH4,I1LQ55,0
I1L9P5,I1KAD1,0
I1LG13,I1J574,0
I1M269,I1KRV5,0
A0A0R0FEC1,A0A0R0JI98,0
M1FIQ5,I1LUT1,0
A0A0R0IAM2,K7ME58,0
I1LCG9,I1L4E2,0
A0A0R4J536,K7MS06,0
I1JKK4,K7K578,0
B4YB07,I1LBA8,0
K7L476,I1LJH2,0
I1K3K7,I1MV08,0
A0A0R0GJV8,K7L329,0
I1M3M4,K7LLN2,0
I1KJ81,I1JRU7,0
A0A0R0KQ74,I1MZJ8,0
A0A0R0LCZ4,K7LR18,0
A0A0R0GHT9,I1J8P0,0
A1YUN0,I1MHX1,0
I1J8P0,I1JJB8,0
K7N525,K7LFU3,0
K7L2R0,K7KN39,0
I1NIT4,I1JS41,0
I1MBL5,K7MXF1,0
A0A0R0IV41,I1MUZ7,0
I1JE09,K7L0V0,0
I1KM88,K7KKT1,0
Q9XE60,K7L723,0
A0A0R4J646,A0A0R0IF42,0
C6TLW3,I1N8C9,0
I1LBJ5,I1MFI0,0
I1KPB0,I1JF82,0
G3E7M6,K7MDN4,0
C6TN69,I1K970,0
I1LP31,K7MEB1,0
K7K5C0,C6SWA8,0
K7MUC8,I1KJ84,0
I1JHJ8,K7KRK6,0
I1JE09,I1LSB5,0
I1JUP2,A0A0R0FHD2,0
I1L6A2,C6TA11,0
I1L6I6,I1JA30,0
Q1W376,I1MBN8,0
A0A0R0IF33,I1KRC8,0
A0A0R0JQT2,I1JXJ3,0
I1K5B7,K7M0S3,0
A0A0R4J2U8,K7L4N7,0
I1KL89,I1M1I7,0
K7KHU1,I1LR95,0
I1K3G1,I1KMM6,0
I1L6I6,C6TIK0,0
I1LT87,C6TGP5,0
A0A0R0IF42,I1JYX2,0
I1K4Y6,C6SXY4,0
K7MH28,I1MNU2,0
A0A0R0IW53,I1MW51,0
A0A0R0LK19,C6TK31,0
Q45FY8,I1KNB5,0
I1M2G5,I1LKD9,0
A0A0R4J536,I1J547,0
I1M325,A0A0R0FIP9,0
K7N5K2,I1KNE4,0
I1MGY9,A0A0R0GS00,0
I1LMA5,I1KP14,0
I1LT34,K7N1T9,0
A0A368UGC3,I1ND31,0
K7L0V0,P62302,0
I1JA30,A0A0R0JYX3,0
K7KHU1,I1J702,0
K7KES1,K7LH46,0
A0A0R0GFM7,C6TN61,0
I1KBI7,I1L694,0
I1J4L6,A0A0R0FUK3,0
I1M8A1,I1JIK2,0
I1LIQ3,I1K115,0
K7K355,K7KH93,0
A0A0R0IZA1,C6TJ97,0
I1MV80,I1JCA9,0
A0A368UI76,I1N5Z3,0
I1LFD2,I1M119,0
K7KNT9,A0A0R0JYX3,0
A0A0R0KWL0,A0A368UH16,0
I1MUP5,C6SWD1,0
I1KAJ9,I1KQC3,0
E9L556,A0A0R0FG80,0
I1NGH7,I1KDF1,0
I1KFZ9,I1MUR2,0
Q0EDG6,I1NDE0,0
I1JZ89,M1FN34,0
I1MNU1,I1N4F6,0
I1JD52,C6TK27,0
I1L645,K7LSG7,0
I1KH38,K7K318,0
A0A0R0K6C1,A0A0R4J4D0,0
A0A0R0IQ72,I1NIT4,0
I1JZ64,I1KM88,0
I1MLF1,K7MPJ9,0
I1LLJ4,I1JS41,0
K7KZX6,K7MUS8,0
I1LTG9,I1LCH2,0
A0A368UI50,I1KUS2,0
C6TJ43,P01070,0
A0A0R0HM21,I1KNB5,0
A0A0R0K4Z5,K7MTE7,0
C6TBU3,I1MG54,0
I1K9G7,I1JS15,0
I1MLF1,K7KA65,0
C6SWR4,I1LPE4,0
C6SXG9,C6SZG1,0
I1JAH7,I1N5V6,0
I1LP31,I1MS33,0
I1K9J7,Q70MR5,0
K7LFU3,K7MXE0,0
I1JI54,I1L285,0
I1LQ62,I1JZ99,0
I1LHY5,I1KD82,0
A0A368UJF6,I1JLC7,0
I1MG54,C6TN61,0
I1KJ81,I1LQ55,0
A0A0R0IV41,I1JPP8,0
I1JIH3,A0A0R4J461,0
A0A0R0HSA0,I1KDP2,0
I1MJB3,I1MJH1,0
K7MNN5,I1JZE1,0
I1LST6,K7LJS8,0
I1LHS8,A0A0R0HXK5,0
I1MSN3,I1L2T1,0
B4YB07,K7MTL2,0
C6T5U0,I1NBA2,0
K7MB82,G3E7M6,0
A0A0R0K0C4,I1K642,0
I1MG54,K7LIZ8,0
C6TIQ9,I1J709,0
I1J765,I1N019,0
I1LU38,A0A0R0JRB0,0
P01070,I1JVT1,0
I1JQY7,C6T099,0
I1LP11,I1JD36,0
A0A0R0GYC5,I1M4L1,0
I1JZ89,C6SXG9,0
I1L332,K7LX60,0
Q2PMQ4,A0A0R0HQY2,0
I1NIT4,A0A0R0GG06,0
K7LHS7,I1K246,0
A0A0R0J6N9,I1J547,0
K7KP05,K7LRR7,0
A0A368UHM9,I1MIW3,0
Q2TUW0,I1MVC6,0
A0A0R0FEN3,I1M038,0
I1NJ53,A0A368UGC0,0
I1KJB2,I1MW49,0
A0A0R0GJV8,K7LEU7,0
K7MUV9,K7M846,0
K7L684,K7KVN0,0
I1MVC6,I1LH27,0
I1MV80,K7MXF1,0
I1M1E5,I1JUK7,0
A0A0R0KR59,I1JDF1,0
A0A0R0L5Q1,A0A0R0IQ72,0
I1MKJ6,I1N5R9,0
I1LEF5,K7LY43,0
I1KRL9,C6SWL4,0
C6SYW6,I1N5H5,0
I1MW49,I1N798,0
I1JC08,K7KFZ9,0
I1N9J8,I1K9C2,0
A0A0R0G3L8,C6SWD1,0
A0A0R0FB78,I1N2J3,0
C6TNW3,A0A0R4J2Y1,0
Q2MJR5,I1MJB3,0
K7M4J0,K7L2K6,0
I1MMY0,I1MJB3,0
A0A0R0KFY8,I1JUK7,0
C6T065,I1KNB5,0
K7MKF1,I1LH18,0
K7KA65,I1LRR9,0
A0A0R0ECE8,K7K1V0,0
I1K970,K7MS06,0
I1MRP6,K7KUG2,0
I1N850,I1MLC3,0
I1NFB9,I1LIJ6,0
A0A0R0JQT2,I1JVT1,0
K7KUG2,I1KAQ7,0
I1LJ81,I1J981,0
I1KTY9,I1J957,0
I1MDY5,I1JIK2,0
I1KK11,A0A0R0JJK0,0
I1JDU3,A0A368UJF6,0
A0A368UIE1,I1LLJ4,0
I1KGY4,K7M353,0
K7MFE5,I1JF58,0
I1NJ53,I1JX17,0
I1L5L1,A0A0R4J4H3,0
I1JDK2,I1KUB2,0
I1JU23,C6TLW3,0
I1K7G0,I1L332,0
Q9AWB2,I1M1P1,0
I1KG02,I1J8P0,0
A0A0R0IF33,I1KI90,0
K7MLC5,I1M130,0
I1JQ20,I1LC77,0
I1K065,A0A0R0KIG7,0
I1MZV4,I1KRL9,0
C6T2G5,I1K9R1,0
A0A0R0FEC1,C6SX83,0
I1LTG9,A0A0R0F214,0
K7KTY4,I1NCF8,0
K7KJB2,K7MQT1,0
Q2PMQ4,I1JJX3,0
I1N5Z3,C6SWL4,0
I1MCK5,I1MVZ6,0
C6TBU3,I1KA71,0
A0A0R0F719,C6TN69,0
K7N129,A0A0R0GHT9,0
I1MEQ1,I1LLA0,0
Q94C02,I1JQP8,0
I1MLJ0,A0A0R4J3I7,0
I1LLB7,I1LI96,0
I1MDD8,I1JDN7,0
K7MQT1,C6T211,0
A0A0R0KMM9,I1K115,0
I1LC77,I1JS15,0
A0A368UI10,I1J9W9,0
K7MYK9,I1L367,0
C6T988,I1KMM6,0
A0A0R0L828,I1NG17,0
C6T9Z5,A0A0R0JNM4,0
C6T003,I1ML63,0
I1LJD2,I1KAQ7,0
C6T7K0,I1KI90,0
I1J8V8,I1LKY8,0
I1K723,A0A0R0L5Q1,0
I1K963,I1JE09,0
I1JI54,I1LUE0,0
I1MJB3,A0A0R0F719,0
I1MFN0,I1KMM6,0
B0M1A3,A0A0R0ICK4,0
Q8W1A1,K7LVH5,0
K7MKF1,A0A0R0GAV8,0
K7M5Q8,E3WC98,0
K7LXA6,I1NBA2,0
K7KK86,I1KRC8,0
A0A0R0GHT9,K7MUD4,0
I1M6F0,A0A0R0FLV6,0
I1JRS5,I1LR48,0
I1JUK7,K7N3Z1,0
I1KZ09,C6TK73,0
C6SWD1,I1JVX3,0
I1MUN6,C6TML7,0
I1N2J3,I1LR48,0
I1JE11,I1JR22,0
I1NFB9,I1LG22,0
I1LVN3,I1JKG7,0
I1N7F4,I1KM01,0
A0A0R4J461,I1JXS8,0
K7M849,I1LCP4,0
K7M353,Q84L66,0
I1MSP6,A0A0R0LIH0,0
I1KCY5,I1MSN3,0
I1L2Q0,K7L2R0,0
I1JRS5,I1JM18,0
I1KJ84,I1KHJ4,0
A0A0R0JJI0,I1N1Z5,0
I1LUT1,I1NCF8,0
I1NA38,I1M2S7,0
I1KJG4,I1MXY0,0
I1LGR6,I1KS65,0
Q1M320,I1JMX7,0
I1LPK5,I1M325,0
A0A0R0FVX1,I1LH18,0
A0A368UIA0,I1MAC4,0
I1JIA6,I1K2I1,0
I1N344,K7KFY5,0
I1KFP9,I1KMM6,0
I1LLB7,A0A0R0IR73,0
Q39810,I1N2G0,0
I1MF65,A0A0R0ENB3,0
I1JE14,I1KA71,0
C6THB5,I1LW00,0
I1LP98,K7MGH8,0
I1MUR2,I1LA40,0
I1JC50,C6SXD2,0
K7LSZ2,I1MBN8,0
I1LIT1,A0A0R0FFT1,0
I1LKV0,I1M3Y7,0
A0A0R0K4Z5,I1M7Y3,0
I1K9R1,I1L5U9,0
I1KAR1,C6T9W4,0
I1LCJ2,I1K146,0
I1LME8,K7MVE2,0
I1JVX3,K7LFU3,0
A0A0R0KWL0,C6THB5,0
A0A0R0I5V1,A0A0R0F719,0
I1JEC6,K7L684,0
I1KIQ2,I1MUC6,0
A0A0R0E6T9,I1MZT5,0
A0A0R0GYZ9,I1LPE4,0
I1LT87,I1MNV2,0
A0A0R0JJI0,I1JIS3,0
A0A0R0HDW2,I1NAJ5,0
I1K4L3,K7LDF3,0
I1JD52,K7KW44,0
I1KHV8,I1LLH3,0
I1L9K4,I1K467,0
K7L6K2,I1KD82,0
I1NHN6,I1LPK7,0
K7MM89,I1K0U5,0
I1NG45,C6TGX5,0
C6SWD1,I1MX88,0
I1KIQ2,I1JPY7,0
I1K1I6,A0A0R0JEV3,0
I1MG54,A0A0R0JRI8,0
K7LWG6,I1LXK8,0
K7M5U7,I1KDF1,0
A0A0R0FA21,I1LJG9,0
A0A0R0FFT1,I1KDJ8,0
K7LG20,K7K808,0
K7L329,A0A0R0JT51,0
A0A0R0JQ82,I1KM27,0
K7LTV8,K7N1L5,0
C6T099,I1MEQ6,0
A0A0R0K5H8,I1MIW3,0
I1JRU7,I1LXI0,0
I1JUM3,Q2Q021,0
A0A0R4J4G7,I1KBF7,0
I1LC77,K7MFE5,0
I1KWU9,A0A0R0KZR2,0
I1MF26,I1LBA8,0
I1KDR4,K7MFE5,0
K7LXN4,I1K669,0
A0A0R0K188,I1MZ53,0
I1KA71,K7M4J0,0
I1MTV9,A0A0R0EJV2,0
I1LGS0,K7L723,0
I1N7F4,A0A0R0FGT9,0
I1KZC9,I1M8F0,0
I1K5Q4,Q39810,0
I1MZT5,C6SXG9,0
K7L7W0,A0A368UJF6,0
K7MDN4,I1LTG9,0
A0A0R0FB78,I1N7B5,0
A7X641,A0A0R4J4H3,0
C6TK73,C6SVB8,0
I1KYS8,I1MF50,0
Q56GA2,Q2Q021,0
I1MDY5,I1MBA8,0
I1KMS8,I1LV79,0
I1JVT1,I1MHK8,0
I1N055,D8WJ57,0
A0A0R0J7Q6,C6TJ97,0
I1K9G7,K7KX46,0
I1JM84,I1K925,0
I1KPN4,I1KQI1,0
I1NHN6,I1N483,0
K7KN39,I1M4B9,0
I1LSB5,I1L153,0
I1JD52,K7LFD7,0
I1LW00,A0A0R0HEG0,0
K7LG20,K7MM52,0
A0A0R0JQT3,I1KSL6,0
I1LEC4,K7KTY4,0
A0A0R0HM21,I1JW26,0
I1M8U0,I1JW06,0
A0A0R0GAV8,I1LV79,0
I1J765,I1JUM3,0
I1KJB2,K7MVE7,0
C6SWL4,I1MUS3,0
I1LQ55,A0A0R0HSY5,0
I1JVX3,I1N2Z4,0
K7K7Q8,A0A0R0JQ82,0
I1MM35,I1NCF8,0
I1JM84,Q9XE60,0
I1KAJ9,I1JDF1,0
I1NA94,A0A0R0FNY5,0
A0A0R0EKB4,A0A0R0L419,0
A0A0R0FB78,B0M1A1,0
I1KRL9,I1L7D4,0
I1J8M6,P93162,0
C6T8S2,I1MM35,0
A0A0R4J488,I1MYD2,0
Q0H950,K7KED0,0
K7MFE5,I1JD52,0
I1JDN2,Q06197,0
I1L5U9,I1JA30,0
C6TK73,A0A0R0LIH0,0
P07134,I1KYL4,0
K7K355,I1J765,0
I1JE11,I1M5X1,0
C6TN61,K7MH28,0
A0A0R4J653,I1N7M0,0
I1MUN6,I1KNA2,0
I1JHJ8,I1L1Q8,0
A0A0R0H141,A0A0R0IT62,0
E9L575,C6TBU3,0
I1M592,A0A0R0IXT8,0
I1MTH5,K7L2D7,0
I1KJB1,I1KDA4,0
K7M4J0,C6T090,0
I1N7G4,I1KIQ2,0
I1MTV9,I1M592,0
K7KGB3,C6T1V1,0
I1KJF2,I1LG22,0
B0M1A3,A0A0R0HQY2,0
A0A0R0K6U4,K7MAQ6,0
K7KAB4,I1LMA5,0
I1K5I3,I1LC77,0
I1JB64,C6T5U0,0
I1JF82,A0A0R0K6I2,0
A0A0R0JRI8,A0A0R0HDW2,0
C6TGX5,I1K6N8,0
K7MH28,I1LFG4,0
I1MDD8,I1JC65,0
I1JM18,A0A0R0LCZ4,0
K7LHS7,I1J5W0,0
K7KNG2,K7LLF8,0
A0A0R0HEG0,I1NG17,0
I1NA10,I1M269,0
A0A0R0IZA1,I1LLC6,0
I1N5S0,I1JFW6,0
K7M2G2,A0A0R0JSC0,0
I1N3U5,K7L939,0
K7K318,I1LSW3,0
K7MGH8,I1MNS7,0
I1LGS0,C6TIA6,0
I1LR95,I1MNU2,0
I1N696,I1J574,0
I1LU06,I1MV08,0
A0A0R0GS25,I1MYD2,0
I1JX10,A0A0R0KJL0,0
K7LHW6,Q45FY8,0
C6TGZ1,I1LA39,0
I1MV56,Q42808,0
I1KNV7,I1JAH7,0
K7MUM5,I1L5I2,0
K7MNN5,A0A0R0L3G5,0
I1MBL5,I1K246,0
E9L565,I1LVL7,0
Q8W1A1,I1JC50,0
K7MUM5,K7K4C7,0
Q8W1A1,I1L5U9,0
I1N2J3,C6TN61,0
K7N525,I1LEI8,0
I1LXI0,I1MD26,0
I1L4I9,A0A0R0JSC0,0
A0A0R0EYS5,Q9SLW5,0
A0A0R0K6U4,I1JE11,0
P49084,K7K3R6,0
I1MDY5,C6T002,0
Q8LPW2,I1L1A1,0
I1JKK4,K7LSZ2,0
K7N1T9,M1FIQ5,0
A0A0R0JBL2,A0A0R0GS00,0
I1L7G4,C6TAB5,0
I1L5L1,I1NAL7,0
I1MF65,C6TNM5,0
K7MQG6,I1JIK2,0
A0A0R0GAV8,I1NFB9,0
I1LSW3,I1MHX1,0
I1LUB3,I1N2Z4,0
I1LGI3,A0A0R0FZM4,0
A0A0R0KJM2,I1KQI1,0
I1K3X9,I1LEF5,0
K7L2K6,I1JSD2,0
K7MKF1,I1NAJ5,0
I1JXS8,I1LP11,0
I1LA49,K7MTL2,0
K7MM52,I1L171,0
I1MF07,I1JHQ1,0
I1KM88,I1JW26,0
P62302,A0A368UIA0,0
I1LXI0,K7KTS8,0
I1LU06,K7KYM0,0
I1J4T6,A0A0R0IT62,0
I1LUE0,I1MRP0,0
I1LEC3,A0A0R0LK19,0
I1LSB5,I1NC50,0
I1LQ64,K7K4C7,0
I1L4E4,Q9SLW5,0
Q39810,I1LGR6,0
I1JHQ1,C6T7K0,0
I1L9K4,K7MGH8,0
I1J957,K7MZN9,0
I1J5W0,I1KGY4,0
I1LJ81,K7KFZ9,0
I1K938,C6SWD1,0
K7LTR0,A0A0R4J488,0
I1K215,A0A0R0FG80,0
A0A0R0IL99,A0A0R0K0C4,0
I1N2Z4,K7KVN0,0
K7KWE4,K7KUK2,0
I1M277,I1JE11,0
I1MZV4,A0A0R0GS00,0
I1KJ84,I1JIW1,0
I1KHK1,K7KX46,0
I1KDJ8,K7K3C2,0
A0A0R0FUK3,I1LFD2,0
A0A0R0HDW2,I1L171,0
I1J5W0,I1KS65,0
I1MK83,I1N7M0,0
I1KDP2,I1KA71,0
A0A0R0HSC1,I1J574,0
K7LXN4,A0A0R0JSJ9,0
A0A0R0IZA1,A0A0R0IW53,0
I1LGR6,I1JF58,0
I1KNE4,C6SXG9,0
K7L5S0,A0A0R0H8Q8,0
A0A0R4J461,K7LIE3,0
A0A0R0GS25,I1KHZ8,0
I1KTP1,I1J9L7,0
K7M2G2,A0A0R4J4G7,0
I1JC43,I1K1I6,0
I1M1E5,I1K5J7,0
A0A0R4J2Q5,A0A0R0K6U4,0
A0A0R0LIH0,C6TIQ7,0
I1LL05,I1JC65,0
Q39898,I1NIT4,0
I1JMK4,I1MUZ7,0
I1MAX9,A0A0R0HSV6,0
I1MFF9,A0A0R0KFY8,0
I1MVZ6,I1LGI3,0
I1LWD6,I1MHG6,0
I1L1L3,I1JE14,0
I1MR79,I1N8T4,0
I1NIT4,K7MYK9,0
I1MRV3,I1KFF8,0
I1JU23,I1MBA8,0
I1LN30,K7K5C0,0
A0A0R0L9T4,K7LNG6,0
I1JD07,K7MC85,0
C3VD33,I1MUN6,0
K7MB82,I1K9J7,0
I1JMY9,I1NB01,0
I1MCK2,C6TIQ8,0
B0M1A3,I1L3P5,0
I1JMZ7,I1J8V8,0
I1KMS8,C6TAW2,0
I1JD52,I1KJF2,0
I1KDR4,K7LWG6,0
A0A0R0EKB4,I1LGS0,0
A0A0R0FTI5,K7M0S3,0
K7MQG6,Q71EW8,0
I1JW06,I1LPW2,0
A0A0R0JNM4,K7MQG6,0
C6T8C4,A0A0R4J5T8,0
I1LIJ6,I1JF82,0
I1KNA2,I1K1I6,0
M1FIQ5,I1LAH1,0
I1KP26,I1JQ20,0
I1M487,A0A0R0EKB4,0
K7MNN5,A7X641,0
I1JWK3,A0A0R0IQ72,0
I1LHS8,I1LST6,0
A0A0R0JRB0,C6SWL4,0
I1KV48,C6TIK0,0
I1KUS2,I1JXS8,0
I1M5Z9,I1NCF6,0
I1LZ93,C6T2G5,0
C6SXG9,A0A0R0IEK0,0
I1MG42,I1KT08,0
I1K669,I1LLH3,0
I1LF90,I1KG02,0
I1KIQ2,A0A0R0KIG7,0
I1M038,A0A0R0G3R9,0
I1JF82,K7LX60,0
A0A0R0K0C4,I1J4T6,0
I1KJB2,I1L4E4,0
I1L5I2,K7LXN4,0
I1KJD2,I1K3G1,0
A0A0R0HEG0,K7KJB2,0
K7LX60,I1JET9,0
I1L6V0,C6T090,0
I1JRS5,I1JSY7,0
I1LIU7,I1M8A1,0
I1M946,K7LLN2,0
I1LJH2,I1MM35,0
K7MUM4,I1LLS4,0
I1KTP1,C6T217,0
I1KM01,I1MLM1,0
I1MW49,I1NBA2,0
A0A0R4J5N5,C6SX83,0
A0A0R0FG80,A0A0R0HSA0,0
K7MXE0,K7K578,0
A0A0R0EJV2,I1JVT1,0
K7N563,K7KHU1,0
I1MGY9,A0A0R4J5K6,0
C6TE39,A0A0R0KN53,0
I1KZY8,K7M387,0
I1LCH2,I1LWB8,0
I1JK59,K7K127,0
C6TGP5,C6TJ17,0
I1KYS8,A0A0R0GAV8,0
A0A0R0J5Y2,I1N8L0,0
I1LFG4,A0A0R0L1N9,0
I1K642,A0A0R0JI69,0
K7L939,I1JS15,0
I1MG38,I1LPE4,0
A0A368UI10,I1JGU8,0
I1K6N8,I1M796,0
Q2Q021,K7LVH5,0
C6TIQ9,I1MUN6,0
A0A0R4J653,K7LTR0,0
K7LP01,C6TJ43,0
I1M6F0,I1KAD1,0
I1KI90,I1JKG7,0
I1JZR6,I1KZC9,0
I1MW49,C6TN69,0
K7K9T5,I1J5W0,0
K7MM40,K7MGH8,0
I1KA98,I1MB99,0
I1NG45,C6SWD1,0
A0A0R0GFH3,P01070,0
K7K355,I1JWE9,0
I1LCR6,K7M5U7,0
A0A0R0JI69,A0A0R0FAD6,0
A0A0R0H537,I1LHY5,0
C6T034,A0A0R0H537,0
A0A0R0IJF6,I1JIW1,0
I1JIA6,E9L575,0
A0A0R0FUA1,I1KT08,0
P01070,E3WC98,0
I1LI05,I1MS33,0
I1KI90,I1M5N7,0
C6TA11,I1KY31,0
I1NGL3,I1M796,0
I1ND31,I1MZ53,0
A0A0R0I5N9,I1MRV3,0
K7KP05,I1MP75,0
I1MLM1,I1J4G6,0
I1LLS4,I1MZ51,0
I1K006,I1K3K8,0
I1N976,I1MV80,0
I1JC08,Q1M320,0
I1KDF1,I1LKY8,0
I1JXI4,K7MUD4,0
A0A0R0H8Q8,I1LJH2,0
I1KTI0,I1LH30,0
A0A0R0IXT8,I1KS56,0
E3NYP3,K7N4K5,0
A0A0R0EYS5,A0A0R0IWM0,0
A0A0R0KRN8,I1NHN6,0
A0A0R0F695,A0A0R0JV11,0
I1MBN8,I1M1I7,0
I1LN52,I1MIW3,0
I1KM07,I1KAR1,0
A0A0R0IJF6,I1KM64,0
I1MBI6,K7L684,0
I1JCB1,A0A0R0L4P0,0
I1LXK8,K7LDF3,0
I1JUP2,I1JXJ3,0
C6TAB5,I1JZ64,0
C6SW04,K7L9S8,0
C6T857,I1MZ53,0
K7KED0,I1K6N8,0
K7KGB3,I1J8V8,0
I1MB99,I1K970,0
A0A0R0EMR0,I1N696,0
I1JWK3,I1KUF4,0
C0M0V4,C6SWA8,0
I1L2T1,I1LG13,0
A0A0R0J2W1,I1MJJ9,0
I1KZX6,A0A0R0JQT2,0
K7LFD7,I1LPC2,0
C6T336,Q2TUW0,0
I1M2G5,K7KX53,0
K7KA65,A0A0R0K188,0
I1K3E9,K7K4Y8,0
I1KNE4,I1NCV4,0
I1LWB8,K7LRR7,0
I1LUE0,K7MPJ9,0
K7M864,Q9M4R7,0
I1NFR9,I1M4L1,0
C3VD33,A0A0R0L317,0
I1K246,I1N344,0
I1KNA2,I1JZ99,0
I1NE02,Q8GZU9,0
I1LV18,E9L556,0
C6SZS1,I1MCH7,0
I1K246,I1MG54,0
Q2MJR5,I1LBA8,0
I1NBA2,I1N933,0
A0A0R0L7U5,K7L1E6,0
I1M277,A0A0R0H668,0
K7MNK5,C6T5U0,0
C6TK73,C6SWD1,0
C6SW04,K7LQV0,0
C6TK73,I1LRR9,0
I1K099,C6T990,0
I1KNA2,I1NGJ8,0
I1J5E3,I1MNU2,0
I1N3Z3,I1JIW1,0
A0A0R4J4C5,I1N8M8,0
I1KAR1,I1MLC3,0
K7LQV0,I1KNB5,0
I1M3A3,I1K963,0
I1M225,I1KZY9,0
A0A0R0KRF1,I1JM84,0
I1MR79,C6TDC0,0
E9KBR9,I1J8M6,0
I1LR95,K7KNT9,0
I1M643,I1JY66,0
K7LRR7,I1N898,0
I1J8M6,A0A0R4J4M9,0
A0A0R0HEI5,C6T972,0
I1M8F0,I1KUS2,0
I1LWB8,I1KS65,0
I1LI96,I1JUQ0,0
P07134,I1M292,0
I1LUE0,I1M1I7,0
I1JRJ3,A0A0R0K188,0
K7MUV9,A0A0R0K6I2,0
A0A0R4J653,C6T988,0
I1L7J3,A0A0R0LBA6,0
I1JSY7,P17093,0
K7KF95,K7MLC5,0
A0A0R0KVY6,C6T214,0
I1MW49,A0A0R0G3L8,0
C6T7K0,K7M864,0
I1KS56,C6SWL4,0
I1MUS3,I1NJ53,0
C6T5U0,I1KNE4,0
I1JET9,I1MLM1,0
I1MHX1,K7K808,0
C6SX83,I1M225,0
I1LTW8,I1MTH5,0
I1K467,K7K127,0
I1JRU7,K7L1E6,0
I1KJD2,I1MW74,0
I1N411,K7KWE4,0
C6TNN4,C6T214,0
K7N1T9,I1JFW6,0
I1JM15,K7M5Q8,0
A0A0R4J4H3,I1JHN9,0
C6SXG9,A0A0R0JEV3,0
I1LQ62,Q43463,0
K7MHQ6,I1KA75,0
E3SXU2,I1MLC3,0
I1L6V0,A0A0R0FUA1,0
I1MW51,A0A0R0K6I2,0
I1KQI1,K7L0E7,0
I1K723,A0A368UIC9,0
I1L2Q0,E9L575,0
I1M4L1,I1M487,0
I1KSL6,I1MGY9,0
I1MQW6,A0A0R4J2L5,0
K7K3C2,I1N5V6,0
I1JVT1,I1LUZ5,0
I1LWP5,A0A0R0EL31,0
Q39810,I1LZ51,0
K7MGQ2,A0A368UI10,0
I1JUQ6,I1KCY5,0
A0A0R0FHD2,I1JMH3,0
I1K4Y6,I1JDN7,0
A0A0R4J4M9,K7MDN4,0
I1M5N9,I1LXK8,0
A0A0R4J4H3,I1KXP5,0
I1LII4,K7LFU3,0
I1K146,I1LCR6,0
I1K6N8,I1JN65,0
P62302,I1KNG6,0
I1JMH3,I1JA95,0
K7MDN4,K7KNG2,0
I1N7M0,I1MRV3,0
C6SZQ0,I1JVT1,0
I1LG22,K7KTS8,0
I1KIQ2,C6SVB8,0
K7LXD3,A0A0R0L0E7,0
I1MV80,I1LJG9,0
I1N7B5,P93163,0
I1KMS8,A0A0R0IF61,0
C6TBL4,Q0H950,0
I1N6D4,K7M5U7,0
I1KMM6,K7K578,0
A0A0R0FB78,C6TCJ0,0
Q42797,A0A0R0LIH0,0
I1M946,K7MUD4,0
I1JJ76,A0A0R0GBB6,0
A0A0R0FZM4,Q2Q021,0
I1LIQ3,K7MJ75,0
A0A0R0JJI0,I1N5S0,0
I1N8F6,C6SZG1,0
I1KNE4,I1MBA8,0
K7K578,I1JUP2,0
C6SWS6,I1JSI5,0
K7LLF8,K7KNC5,0
I1NFR9,K7MM40,0
K7LCL1,A0A0R0F6H1,0
I1JET9,A0A0R0J2W1,0
I1MT23,I1LCG9,0
I1MS26,K7KWE4,0
C6TF29,I1ML11,0
A0A0R0FUA1,K7MDN4,0
C6TJH2,I1N055,0
A0A0R0IWM0,K7N1L5,0
I1N0L1,I1MCK2,0
K7MM52,C6TJH2,0
I1JCB1,I1MF50,0
I1K9G7,I1KGY4,0
A0A0R4J4H3,A0A0R0FJR0,0
I1LQ64,A0A0R0L419,0
A0A0R0K6U3,I1L5U9,0
I1MF07,I1JA95,0
E9L558,I1LPK7,0
I1MJH1,C6SXG9,0
I1L7D4,E9KBR8,0
K7M849,I1JWE9,0
B4YB07,A0A0R0GPH9,0
C6SWG9,A0A0R0K6U4,0
I1K9J7,K7L2D7,0
K7MXF1,C6SWG9,0
I1JUM3,Q9XE60,0
I1LA40,I1KUF4,0
I1LLS8,I1M1E5,0
I1MCK2,Q9SWR5,0
I1JLC7,K7LCS7,0
I1JIS3,I1M1I7,0
C6TDC0,I1K6H8,0
I1MJB3,I1N798,0
I1KNI7,A0A0R4J2L5,0
I1LH27,I1KA71,0
I1MRP6,I1LIA8,0
A0A0R0KWL0,I1JET8,0
I1MUP5,I1K3R3,0
A0A0R0GU87,Q39810,0
I1MZ53,I1NGJ8,0
I1K5E7,Q42798,0
C6SVA8,I1MCK5,0
I1M592,I1LYB2,0
I1JHJ0,I1J702,0
P01064,A0A0R0F719,0
A0A0R0JV11,A0A0R0FUK3,0
I1L0G2,K7KJI6,0
I1JSY7,I1LXY1,0
C6TC28,C6SYW6,0
I1LLS4,I1N3U5,0
I1LPJ8,I1NB48,0
I1M5N9,I1K5E7,0
I1LUL9,I1LBQ3,0
C6TIK0,I1L0F0,0
P17093,I1LH27,0
P49084,A0A0R0I304,0
I1NC04,I1KJ84,0
I1N5V6,M1FN34,0
I1L1A1,I1J547,0
K7L0E7,K7K4Y8,0
I1LPK7,K7LTV8,0
I1KUE8,A0A0R0FZM4,0
K7MPJ9,A0A0R0FIP9,0
I1NG17,I1KPN4,0
C6T988,E9L558,0
K7KF95,I1LCH2,0
I1KXP5,I1NG45,0
I1LLB7,K7MQD2,0
K7MJ75,I1ML63,0
E9L556,I1KV61,0
I1M277,I1LUL9,0
I1K9W3,I1K4V8,0
A0A0R0LIH0,A0A0R0L5Q1,0
A0A0R0GS00,I1JB64,0
I1L4E4,K7K9T5,0
I1KJX6,I1LLA0,0
I1JN71,I1L3N6,0
I1LLB7,P24337,0
I1N1X2,I1NHN6,0
K7L6P0,K7MZN9,0
I1KGY4,A0A0R0E8K1,0
K7KKT1,K7N4K5,0
C6SZG1,I1MP75,0
A0A368UGC0,K7K7Q8,0
I1LU38,I1MCH7,0
I1LTM1,K7LJ17,0
I1LZ93,I1KSL6,0
C6TNW3,I1KEC8,0
K7M2G2,K7K808,0
I1KNV7,E3NYP3,0
I1NHF4,I1KIG1,0
I1KJD2,I1KJG4,0
I1JN65,A0A0R0IT62,0
K7MH28,I1JFW6,0
I1NCF6,E3WC98,0
K7KN13,I1JM18,0
I1MV80,K7K1V0,0
I1LUT1,K7LVH5,0
I1K642,I1LD16,0
A0A0R4J3X6,I1MW51,0
C6TE57,I1KZ26,0
C6TD23,C6SWG9,0
K7L1E6,I1LR48,0
I1JM84,C6T1H3,0
I1K246,A0A0R0I5R9,0
A0A0R0LCZ4,I1N3U5,0
I1LKD9,I1MIW3,0
I1KLS0,I1LEC3,0
C6TML7,A0A0R4J5Z8,0
K7KK86,I1LLB7,0
I1MEF5,I1MRV3,0
K7LXA6,C6T5U0,0
K7MNK5,K7MY00,0
Q06197,I1LU38,0
A7X641,I1MHA5,0
I1MJH5,I1JGK9,0
I1NBA2,Q1M320,0
I1K669,I1N2G0,0
C6SWH0,Q0H950,0
I1KV61,C6SZS1,0
I1J4L6,E3WC98,0
C6SYN1,I1MBS8,0
I1LWX5,K7MUM5,0
I1JIA7,K7L145,0
M1FP94,I1JUQ6,0
I1LZ51,I1MF42,0
A0A368UID0,I1MHU4,0
I1LDB6,I1KHV8,0
I1JI54,I1LDP9,0
I1MB99,A0A0R0ENB3,0
C6TIQ9,I1L7D4,0
C6TI98,I1MR79,0
I1N505,C6T8C4,0
A0A0R0G7B5,I1K9R1,0
I1JPH8,M1FP94,0
E3WC98,A0A0R0KE62,0
I1JUQ0,I1J4B5,0
I1NGH7,C6SWG9,0
K7K9D6,Q2Q021,0
I1KCA3,I1JF82,0
I1JCQ8,I1K1R5,0
C6TCG0,A0A0R0FUK3,0
I1JB64,I1JSG1,0
C6TF29,I1MEF5,0
A0A0R0E8N5,Q2Q021,0
K7MPX8,I1LHS8,0
I1M1C4,C6TN61,0
K7L2R0,I1KA54,0
K7KES1,I1NCN7,0
I1LA39,I1K5Q4,0
I1J957,I1KDR4,0
A0A0R0IYY7,K7MFE5,0
I1KZJ9,I1M6B9,0
K7LH46,I1MFN0,0
I1MFN0,I1JMY9,0
I1JCA9,C6TJ17,0
I1JWE9,I1MF42,0
A0A0R0L0E7,I1MZ51,0
I1KCM4,F8WRI5,0
I1JDN7,I1NCV4,0
K7LVH5,A0A0R4J3C2,0
I1LA40,I1LGI3,0
I1L2T1,C6T8C4,0
A0A368UJ62,A0A0R0LK19,0
A0A0R0H537,K7KYM0,0
I1KRL9,C6T034,0
I1MHG6,A0A0R0IR73,0
I1KWU9,I1KQI1,0
K7L145,I1KA98,0
I1MC96,I1MXY0,0
I1KTY9,Q9AWB2,0
I1KM07,K7KH93,0
I1MG54,A0A0R0GPH9,0
A0A0R0HLZ4,K7LXD3,0
I1JKP7,K7LCS7,0
K7LFU3,I1JF82,0
A0A0R0FHD2,I1KNE4,0
I1KZX6,C6TJM4,0
C6SWR4,I1JD52,0
A0A0R0LIH0,K7MM50,0
I1JJB8,C6T2G5,0
Q6SPR2,I1MS33,0
A0A0R0LBA6,A0A0R0F5Y7,0
Q0H950,I1MM35,0
I1J8C9,K7K1V0,0
A0A0R0HXK5,A0A0R0LBA6,0
A0A0R0K0C4,K7KFZ9,0
A0A0R0G1X4,C6T988,0
I1M998,I1JXI4,0
I1JRE0,I1J9H6,0
I1JMY9,A0A0R4J3I7,0
I1LII4,K7N129,0
I1LLA0,I1K099,0
I1LFG4,I1JET9,0
B0M195,K7ME58,0
C6TIQ8,A0A0R0F5Y7,0
K7M841,I1L6H1,0
I1K3R3,K7LSZ2,0
I1K5J7,I1JMD6,0
I1MLC3,I1LR48,0
K7LVH5,A0A0R0IM79,0
A0A0R0JV11,A0A0R0HSC1,0
Q06197,I1K4L3,0
A0A0R0GU87,I1KC50,0
A0A368UI50,C6SYN1,0
I1MV08,I1J9U5,0
I1M225,I1MPJ4,0
I1KT08,I1K9R1,0
I1JD52,I1LSW3,0
K7KKT1,I1KJD2,0
K7KYM0,I1K5Q4,0
I1MQB9,K7M2G2,0
C3VD33,I1L367,0
I1M592,I1JMZ7,0
I1K3K8,A0A0R0KWT5,0
I1JQ20,I1KDF1,0
C6SYW6,K7KWE4,0
C1PHB8,I1NDE0,0
I1JWE9,A0A0R0IZ75,0
A0A0R4J2U8,A0A0R0I5V1,0
K7M862,K7MQG6,0
I1LUV4,I1JW65,0
I1KDJ8,I1J5B4,0
I1L0F0,K7N563,0
K7N525,P45621,0
K7KGB3,I1N505,0
I1J9I1,K7KX53,0
K7LLV5,I1M1E5,0
K7MEB1,I1LFD2,0
I1KC40,I1KM64,0
K7LEU7,I1K642,0
C6T7K0,I1K1D7,0
A0A0R0H537,K7N1T9,0
I1LUL2,I1J765,0
K7M4K7,A0A0R0JQ82,0
A0A0R0EUJ0,K7LK09,0
I1JQF4,I1LIK7,0
I1JMY9,I1MJH1,0
I1LU06,I1L4E5,0
I1LJG0,A0A0R0IL99,0
I1M4B9,I1K6J1,0
B0M1A3,I1MEA7,0
K7LMW2,I1MM35,0
I1JK59,I1KJR2,0
I1LLB7,I1KV61,0
C6TNW3,I1KGY4,0
I1JUM3,K7MUV9,0
A0A0R0GS25,C6SWG9,0
I1JK67,I1JN71,0
A0A0R0HEM4,I1LXI0,0
K7L723,K7MGH8,0
K7MTE7,I1N5Z3,0
Q42808,K7MM52,0
A0A0R4J2Y1,I1JC43,0
I1MU00,I1J4G8,0
K7L9M2,I1JDN2,0
I1L7R2,I1N850,0
A0A0R0HV63,K7MPI6,0
A0A0R0EWR2,I1LR48,0
A0A0R4J4D0,K7LSJ2,0
K7K318,I1KQP5,0
A0A0R4J5T8,I1MLJ0,0
A0A0R0GAV8,I1JIK2,0
I1NHN6,K7LFU3,0
I1J8V8,I1L1L3,0
I1LIG9,A0A0R0HSA0,0
I1KUS2,I1KTY9,0
A0A0R0F6H1,I1JHJ8,0
I1LR48,I1KV61,0
I1KUB2,A0A0R4J4C5,0
A0A0R0J7Q6,K7KHN1,0
I1K146,C6TBU3,0
I1MK83,I1JNF2,0
I1JWE9,C6TK31,0
A0A368UJ62,I1MRP0,0
K7MUS8,A0A0R0K0K3,0
K7LXY1,I1KAQ7,0
I1L6H1,I1LKV0,0
I1KP26,I1NB01,0
K7L0E7,I1N8M8,0
I1K3X9,I1MJB3,0
A0A0R0HDW2,C6TJM4,0
C6TNM5,K7KJI6,0
I1JPY7,I1N8C9,0
I1JSY7,I1MCK5,0
I1JCA9,I1LUZ5,0
I1L0F0,I1JIW1,0
I1NHN6,I1N5S0,0
I1JCA9,I1K4R8,0
K7KNT9,A0A0R0KVY6,0
I1L332,I1LUE0,0
I1KT08,Q45FY8,0
I1LJ81,Q2MJR5,0
I1MNU1,K7N1X2,0
I1JUM3,I1LUZ5,0
I1MDD8,A0A0R4J4D0,0
I1KZC9,I1JJX3,0
Q06197,K7LHW6,0
I1KNV7,I1LUZ5,0
I1NGJ7,K7LTV8,0
K7KJB2,I1KS98,0
I1LGS0,I1KHK1,0
A0A0R0H668,A0A0R0JJI0,0
K7LK09,A0A0R0EDS9,0
I1MEQ1,I1L2Q0,0
K7MH28,I1JRE0,0
I1J957,C6TNW3,0
A0A0R0I5N9,I1LUZ5,0
I1J8P0,K7LJS8,0
I1NGJ7,C6T857,0
I1MG42,K7MNK5,0
I1JA95,K7KYM0,0
I1LQ64,K7N5K2,0
A0A0R0K4Z5,I1JZR6,0
A0A0R4J2H3,I1JSI5,0
C6SWL4,I1MQ30,0
I1KMS8,I1LIK7,0
C6T8C4,P01055,0
A0A0R0I304,A0A0R0K4Z5,0
A0A0R0KRN8,A0A0R0E2R0,0
I1LCZ2,A0A0R0JNM4,0
I1MBA8,I1LIG9,0
K7KRK6,O22518,0
I1M4L1,I1JRU7,0
C6TCH4,I1L153,0
I1K642,K7L9M2,0
F8WRI5,I1N5Z3,0
K7KN13,Q39817,0
K7M5Q8,Q43463,0
I1KV61,I1LTW8,0
I1KPE7,I1LZ51,0
A0A0R0GZ30,A0A0R0K4Z5,0
K7MRW8,I1N483,0
I1L153,A0A0R0KZR2,0
I1MUR2,A0A0R4J4C5,0
I1JFW4,K7MM89,0
I1K0A7,K7LEU7,0
A0A0R0JEV3,C6TA11,0
A0A0R0HJR0,I1LTW8,0
I1LJD2,A0A0R0LK19,0
I1K3R3,I1KP26,0
A0A0R4J2U8,I1NBA2,0
I1L9G9,C6SVA8,0
K7LFU3,I1MTH5,0
I1JUU2,I1KAQ7,0
K7MDN4,Q9M4R7,0
I1LJ81,A0A0R0J7Q6,0
I1MW51,I1N5S0,0
C6T990,I1KA71,0
A0A0R0EUJ0,A0A0R0FHD2,0
I1LH30,K7K149,0
K7LZ50,I1JPY7,0
A0A0R4J4C5,I1L2Q0,0
C6T214,I1LVL7,0
C6SXD3,I1L6A2,0
C6TN69,I1KAJ9,0
I1K642,I1KQI1,0
A0A0R0E6T9,I1MUR2,0
Q7XJ86,I1NG17,0
I1KA98,A0A0R0JV11,0
A0A0R0KWT5,Q9M6D6,0
K7MM52,I1NG17,0
D8WJ57,I1LG65,0
A0A0R0JJI0,I1MUM7,0
I1KY31,I1NFB9,0
I1M8U0,K7L939,0
I1KGY4,A0A0R4J618,0
I1LEF5,K7M387,0
K7KNG2,I1K0U5,0
I1M8A1,I1NDE0,0
K7KTS8,I1J8V8,0
C6T065,I1MF50,0
I1KIJ1,A0A0R0LKR7,0
E3WC98,A0A0R0IF61,0
Q42798,K7N529,0
I1KRC8,I1K3R3,0
I1JM15,K7K4C7,0
I1MX88,K7M353,0
K7N3Z1,I1M3A3,0
P93162,K7MM52,0
I1JSY7,I1N5D5,0
I1NAJ0,C6SVR0,0
C6SVA8,I1L5U9,0
A0A0R0HSH0,A0A0R4J2U8,0
I1K642,A0A0R0IZA1,0
A0A368UIA0,K7M6Z2,0
A0A0R0GPH9,I1MLF1,0
I1LKV0,E9L577,0
A0A0R4J4G7,K7KP05,0
I1K3K8,I1M2G5,0
I1LZ93,K7KJB2,0
I1JIA6,Q0H950,0
I1NFY2,I1M2G5,0
K7LRR7,A0A0R0JBV0,0
A0A0R0K0K3,K7KGB3,0
A0A0R0ICK4,I1K3F0,0
K7MM40,K7KN13,0
I1JV03,A0A0R0LIH0,0
K7M5Q8,A0A0R0H668,0
I1LCR6,I1MRV3,0
I1KUS2,I1N7F4,0
A0A0R0IM79,I1KZK2,0
K7K4C7,A0A0R0K0C4,0
I1LD16,I1K1D7,0
I1L759,A0A0R0EKI7,0
I1J8E3,K7KN04,0
I1MKX7,A0A0R0HSA0,0
C6SWR4,E9L565,0
I1JHJ8,I1JSI5,0
I1JYX2,I1N976,0
I1MHA5,K7M6J1,0
K7MVE2,K7K7Q8,0
I1KIQ2,I1M487,0
I1ML63,I1KQC3,0
I1KFL5,A0A0R4J2L5,0
E9L565,A0A0R4J4H6,0
I1LG22,K7LTR0,0
K7MFZ6,I1JRE0,0
I1L3N6,I1K4V8,0
I1LDP9,I1L6A2,0
I1K4L3,I1LCR6,0
I1LGD6,A0A0R0H141,0
I1JHJ8,I1MC96,0
C6TGA9,I1JQP8,0
I1LLA0,A0A0R0FNY5,0
I1MV80,K7K9T5,0
C1PHB8,K7L6K2,0
C6SWA8,I1KJB1,0
I1N5Z3,I1JN71,0
Q2MJR5,I1LCG9,0
I1L694,I1NGJ8,0
A0A0R0KMM9,K7KJI6,0
I1N7M0,I1KCY5,0
K7LXA6,I1LR95,0
I1M5Z9,A0A0R0HEM4,0
I1MW74,K7LFD7,0
I1K146,K7K2H0,0
K7L723,I1L694,0
I1N505,K7M353,0
I1LKV0,I1MBS8,0
K7M849,I1JGB2,0
C6T8S2,A0A0R0GUR9,0
K7MLH4,A0A368UI50,0
K7L0V0,I1KUN6,0
I1JAI4,I1NIT4,0
C6T099,I1JMX7,0
K7LMW2,I1JIS3,0
A0A368UI76,I1J8C9,0
I1LG22,I1JW26,0
I1KAR1,K7M849,0
Q1W376,I1L2H4,0
A0A0R0ECE8,A0A0R4J5Z8,0
A0A368UIE1,K7N529,0
K7KK86,I1N3Z3,0
K7MTL2,A0A0R0HSY5,0
I1NE02,I1JF82,0
P01055,Q2TUW0,0
C6TA11,K7K4Y8,0
I1J8C9,A0A0R0GUR9,0
D2D5G3,I1LIK7,0
A0A0R0L5Q2,K7N1X2,0
I1M3A3,K7N5K2,0
K7KGR8,I1JE14,0
I1K938,I1LPC2,0
C6T027,C6T9Z5,0
I1KJF2,K7MUS8,0
A0A0R0IF61,I1MW74,0
I1MQB9,I1MUM8,0
I1N7M0,A0A0R0E8N5,0
I1JMD6,K7ME58,0
A0A0R0GG06,I1LKZ0,0
I1LJ81,I1N2J3,0
I1J9L7,A0A0R4J5J3,0
P93162,I1KTP1,0
I1N4X6,I1K963,0
I1MFF9,I1L3P5,0
I1KLS0,E9L558,0
I1JUU2,I1M946,0
I1N976,I1L285,0
I1N6D4,K7LSZ2,0
I1K642,K7M353,0
I1JMX7,I1MM97,0
I1MJH5,C6SWD1,0
I1LV79,K7L476,0
A0A0R0J5Y2,I1KNG6,0
A0A0R0L1N9,I1LIK7,0
I1LJH2,A0A0R0HLZ4,0
I1KUX4,C6SYE1,0
K7MNP5,K7L2R0,0
K7KFY5,I1LEC3,0
I1NGH7,I1NC04,0
Q2MJR5,A0A368UJ62,0
I1JMD6,K7L0V0,0
I1JHJ8,I1K2I1,0
I1KBF7,K7M9T4,0
A0A0R0IWM0,C6SV60,0
C6SZQ0,I1K1I0,0
I1MLD5,I1JJX3,0
A0A0R0GAQ8,A0A0R4J3X6,0
I1JC50,I1JM18,0
I1KUF4,I1LIU7,0
P01064,I1LBQ3,0
C6TBU3,C6T8C4,0
I1LWB5,C6TI98,0
I1LLS8,I1K565,0
A0A368UGG7,Q9M6D6,0
I1N551,K7MXH5,0
A0A0R0FUK3,I1L540,0
K7K894,A0A0R0L0E7,0
I1N5S0,C6SVB8,0
A0A0R0I5N9,K7LQS4,0
I1K565,I1K2I1,0
I1KQE3,A0A0R0KWT5,0
I1J9I1,I1M7Y3,0
E9L565,I1LNZ9,0
I1K0U5,K7MTE7,0
I1LW00,A0A368UI10,0
I1K089,Q1M320,0
C6SVR0,C6TNW3,0
Q2MJR5,I1K1D7,0
I1NCN7,I1L5U9,0
I1MZF9,I1KYL4,0
I1K970,I1LAH1,0
A0A368UGG7,I1K9W3,0
I1JQP8,I1LG13,0
A0A0R0E2R0,C6TK27,0
A0A0R0EKB4,A0A0R0GJV8,0
I1LH27,I1LI96,0
I1MAC4,A0A0R0JBL2,0
I1KM19,A0A0R0L419,0
I1JHN9,I1LR95,0
K7MRW8,I1JHJ0,0
K7KEQ2,I1L3N6,0
A0A0R0KRN8,I1JMX7,0
I1LMR4,I1LLS4,0
A0A368UI76,C6TEN9,0
I1L0G2,I1LNP4,0
A0A0R4J4D0,C6TMK2,0
B4YB07,I1JC65,0
K7LG20,I1L7G4,0
I1MB99,I1K6E7,0
K7MY00,I1MG42,0
K7MLC5,I1MHX1,0
I1K3F0,I1JLC7,0
K7MLH4,I1K925,0
I1J981,C6T217,0
A0A368UIA0,A0A0R4J365,0
I1NC04,I1LIQ3,0
I1L4E2,K7L4N7,0
I1MNS7,I1MNU1,0
I1KZK2,I1K565,0
I1JMZ7,I1KBI7,0
I1JK67,A0A0R0L828,0
I1J8V8,K7LTG4,0
K7LJ17,I1LEF5,0
A0A0R0IWM0,I1JEC6,0
I1KIQ2,I1JUU2,0
I1L2T1,K7MY00,0
K7MQG6,I1M038,0
I1LA49,I1JET8,0
I1MW74,I1MLF1,0
K7MH28,I1K5J7,0
K7KMU1,I1L7R2,0
Q2Q021,A0A0R0KZR2,0
K7LFD7,I1NCN7,0
A0A0R0G8N1,I1LTG9,0
A0A368UID0,I1JVT1,0
I1KJF2,I1JRS5,0
I1LLS4,I1M6M9,0
I1L3P5,I1LSW3,0
K7KNC5,I1MW51,0
A0A0R0GJJ0,C6TGA9,0
K7LVH5,K7KLY3,0
I1KRC8,M1FN38,0
C6T990,C6TGA9,0
I1LDY8,C6TK27,0
C6T065,I1MRV3,0
I1N976,K7KMU1,0
I1KRC8,P01070,0
I1N5S0,C6TK73,0
I1J9H6,I1MRP6,0
A0A0R0GHT9,I1LJD2,0
I1MB99,I1L903,0
A0A0R0L9T4,I1KQU2,0
I1JKD2,I1L1A1,0
K7N525,I1KAD1,0
I1L0G2,A0A0R4J4H6,0
I1K9J7,I1J4B5,0
I1K6N8,I1MGY9,0
K7LFU3,I1JY66,0
I1JY66,I1JZ64,0
I1JZ89,I1LIJ6,0
I1L5I2,K7L2K8,0
A0A0R0FVX1,I1KQ70,0
K7LIE3,I1NFR9,0
I1J5W0,I1JD07,0
A0A0R0JQT3,C3VD33,0
A0A0R0L3G5,I1KM64,0
I1LUL9,K7KKT1,0
I1LST6,I1LLB7,0
I1JS15,I1J5E3,0
I1LH18,I1KZK2,0
K7MNP5,A0A0R0I5N9,0
A0A0R0KJL0,A0A0R0HDW2,0
K7KR21,I1MV56,0
Q0H950,I1MEF5,0
I1NJ53,A0A368UH16,0
I1N5H5,C6SWH0,0
K7K3R6,I1J574,0
K7KTY4,I1N448,0
E3SXU2,A0A0R0IEK0,0
I1K2I1,I1JZ99,0
I1KZ09,Q9SLW5,0
I1LN52,K7MPX8,0
I1N8T4,A0A0R0GYZ9,0
A0A368UI10,I1K4R8,0
K7MEB1,I1K1R5,0
A0A0R0F695,A0A0R0LCZ4,0
A0A0B5EC52,I1M2G5,0
K7KFY5,A0A0R0FVX1,0
I1JW26,I1JQY7,0
I1NIT4,A7X641,0
A0A0R0E934,I1MAX9,0
I1JKG7,Q42797,0
I1JN71,I1MUR2,0
I1MSP6,C6TD23,0
C6TF29,I1JXI4,0
I1K642,I1L7R2,0
I1L2H4,A0A0R0KR59,0
A0A0R0L419,I1LG13,0
I1MFI0,I1NG17,0
C6TMK2,I1JQP8,0
I1LF24,A0A0R0L5Q2,0
A0A0R0IL99,I1M8F0,0
I1JMK4,I1LXI0,0
I1MTH5,Q2PMQ4,0
I1L880,I1NHF4,0
I1LR48,K7K9T5,0
I1MMY0,K7M466,0
I1MLF1,I1NGH7,0
K7M353,A0A0R0EDS9,0
I1M6B9,Q7XJ86,0
I1JI54,I1KJG4,0
I1N6D4,I1N8L0,0
I1MUS3,I1KZY8,0
A0A0R0LKR7,K7L0E7,0
I1KHZ8,A0A0R0G1X4,0
I1MHK8,A0A0R0IQ72,0
I1JET9,K7LXN4,0
K7KJB2,C6TI98,0
K7ML50,I1JZR6,0
I1K1R5,K7N3Z1,0
I1KEC8,I1ND31,0
Q7XJ86,I1KDJ8,0
I1KCY5,I1MUN6,0
I1JQF4,I1J574,0
A0A0R0I5V1,K7L684,0
I1K1I0,K7N598,0
I1LWB5,I1LPC2,0
I1LSB5,I1LJG9,0
I1JJB8,I1MNV2,0
I1L1L3,I1JMK4,0
I1LBN7,I1MRV3,0
K7L5S0,I1K146,0
A0A0R0L1N9,I1JQ20,0
I1KZY8,K7LY43,0
E9KBR8,P01064,0
I1JV68,I1JS15,0
K7LDF3,I1NDA1,0
I1L6I6,A0A0R0KRN8,0
K7KES3,I1KUB2,0
I1KBD9,Q70MR5,0
I1NG45,I1KS56,0
K7KNC5,K7MXF1,0
K7LJ72,I1NFY2,0
C6SWG9,A0A0R0L317,0
C6TG34,I1MQB8,0
I1JK31,I1MR73,0
I1KRU0,A0A0R0GTG6,0
I1MS33,I1NJ85,0
I1KNI7,I1NFY2,0
I1N3U5,I1N448,0
Q56GA2,I1L2H4,0
I1LP11,I1K246,0
C6T1E8,A0A0R0EAZ9,0
I1N371,A0A368UJF6,0
I1JGU8,I1LIG9,0
K7M4K7,A0A0R0EAZ9,0
I1KBD9,I1L0G2,0
I1MP75,A0A0R0HQY2,0
I1LFD2,I1KFP9,0
I1MJB3,E3NYP3,0
I1N5V6,K7L723,0
I1KQU2,I1N7F4,0
A0A0R4J4H6,I1NF53,0
K7LU89,K7LR18,0
I1L153,I1L6H1,0
I1K4R8,I1L3Q3,0
I1KMM6,I1KHK1,0
I1M7Y3,K7MNE6,0
E9L577,I1JMH3,0
I1LSW3,I1N2Z4,0
Q0H950,I1L367,0
I1NFB9,A0A0R0H690,0
K7LTR0,I1LXK8,0
K7MLC5,I1MHA5,0
I1JQF4,I1MD26,0
I1MF42,I1K3F0,0
I1KL89,A0A0R0IV41,0
I1L4E2,I1NE42,0
K7M9L4,I1M5N7,0
I1JE09,I1KL89,0
I1JJB8,C6SXY4,0
A0A0R0EUJ0,A0A368UID0,0
A0A0R0E934,I1KNA2,0
A0A0R0F5Y7,C6SWH0,0
I1KHZ8,I1J8W6,0
I1K467,I1K963,0
I1LBJ5,I1KNB5,0
A0A0R4J426,K7KP05,0
D2D5G3,A0A0R0HM21,0
I1M5Z9,I1NCF8,0
I1MRK4,K7MPI6,0
C6TKV3,I1MZ53,0
I1JM15,I1K4V8,0
K7MXH5,I1N5S0,0
I1JDK2,E9KBR8,0
I1JDF1,I1LT87,0
C6SWA8,C6TCH4,0
I1NG17,K7LQS4,0
I1N3U5,I1K506,0
K7MXH5,I1LMN5,0
I1N5R9,I1JE14,0
I1J702,I1KDP2,0
I1JUQ6,I1KNA2,0
K7LDF3,I1JC50,0
I1LQ62,I1NCF8,0
I1K2I1,Q7XJ86,0
I1KRL9,I1LW00,0
I1JZE1,Q2PMP9,0
I1LF90,I1MQD2,0
I1LZ51,A0A0R0ICK4,0
I1M5N0,K7KP05,0
K7LZ50,C6T336,0
I1KJ81,K7M2G2,0
K7L5S0,I1LPC2,0
I1N8L0,I1KZY9,0
I1M998,A0A0R0KRF1,0
C6SZG1,I1KUF4,0
I1MF26,I1MM97,0
I1K146,I1JMD6,0
C6TC28,I1L735,0
I1L6V0,Q43463,0
A0A368UID0,I1LFG6,0
K7M353,A0A0R0HSA0,0
I1MBL5,I1MC96,0
I1LUV4,I1JQY7,0
C6T2F8,I1MEF5,0
B0M1A3,I1JCQ8,0
I1J4G8,K7MTE7,0
I1KS65,I1KHJ4,0
A0A0R0J6N9,I1JRS5,0
I1JC43,K7LR18,0
I1LEC4,A0A0R0L0E7,0
A0A0R0GWH6,I1MBL5,0
I1LJD2,I1MAC4,0
A0A368UJF6,K7KZX6,0
A0A0R0H668,C6TJ43,0
I1JC50,I1KM01,0
I1KPB0,I1M786,0
I1LDY8,I1J9W9,0
K7L4N7,K7KW44,0
C6TCH4,I1JFW4,0
A0A0R0L419,P62302,0
K7L2R0,I1KM27,0
I1LUT1,I1MEQ6,0
I1J765,K7MPI6,0
I1LN30,A0A0R4J4D0,0
K7L2K6,A0A0R0JT51,0
I1KPE7,K7K7Q8,0
C6TK30,I1MJH1,0
I1LPE4,K7MUS8,0
I1JRV0,I1JKD2,0
I1KUF4,I1K1R5,0
K7KYM0,K7KGB3,0
I1MK72,I1NHQ6,0
I1LIU7,I1KQD8,0
I1KAQ7,K7KN04,0
I1J709,K7MVE7,0
C6TN61,A0A0R0GBB6,0
I1KDA4,K7LFU3,0
I1LTG9,Q9XE60,0
K7KNG2,I1L7D4,0
I1JXS8,K7KNT9,0
I1J709,I1NCN7,0
A0A0R0JNM4,I1MLJ0,0
I1LIG9,I1LG13,0
I1LH27,I1MUC6,0
A0A0R0E2R0,I1JX17,0
I1LF90,I1MIW3,0
A0A0R0F719,K7L9M2,0
I1JQF4,A0A0R0FFT1,0
I1LVL7,I1M8A0,0
I1KUE8,K7MZN9,0
A0A0R0F5Y7,Q06197,0
C6T988,K7N3Z1,0
C6TCH4,I1M2G5,0
I1NCF6,I1K3U6,0
I1JE11,I1JMH3,0
I1LHR6,I1JHN9,0
I1LTE6,I1LSW3,0
I1JUU2,K7L2K6,0
I1JWE9,I1NHQ6,0
A0A0R0GYC5,K7LXA6,0
I1N483,K7N1L5,0
C6TN69,K7MPI6,0
I1JUM3,K7N529,0
I1KGM8,Q8LPW2,0
K7KES3,A0A0R0IWM0,0
I1MS26,I1KS56,0
I1LLS4,I1N371,0
A0A0R0GYZ9,I1KUF4,0
I1JI54,I1L645,0
C6TLW3,K7N4K5,0
I1KUS2,A0A0R0KRF1,0
I1KS65,K7L2R0,0
I1M8U0,K7KNG2,0
I1JDN2,A0A0R0FA21,0
A0A0R0FEC1,I1LKZ0,0
I1JHJ0,A0A0R0JJK0,0
A0A0R0JI69,K7L1E6,0
A0A0R0GBB6,I1LTG9,0
I1JSI5,I1KZJ9,0
I1M325,I1KJF2,0
I1KV61,I1LQ55,0
I1JRU7,I1N8C9,0
I1K065,I1K1I0,0
C6T336,A0A0R4J4G7,0
A0A0R0KIG7,I1LLJ4,0
C6T990,I1K1W8,0
I1K006,I1K6U7,0
I1LCH2,Q2Q021,0
A0A0R4J5K6,A0A0R4J4H6,0
I1MJJ9,K7M4K7,0
A0A0R4J4D0,K7M864,0
A0A0R0L7U5,K7K894,0
K7M466,C6T1V1,0
I1JMZ7,I1KD82,0
A0A0R0JJI0,I1LSW3,0
K7L406,C6TBL4,0
A0A0R0FX75,K7MXH5,0
C6T0A0,I1KNG6,0
I1K4R8,I1LKD9,0
Q42797,K7K4C7,0
K7MS06,I1M5S3,0
C6T1G9,I1N411,0
I1LLB7,C6TAM7,0
A0A0R0I5R9,I1MUP5,0
I1KY31,K7LFU4,0
I1KDF1,I1KS65,0
I1KZY9,I1N846,0
I1LIJ6,I1N8T4,0
K7L145,I1JPH8,0
I1KQ73,I1LAH1,0
I1LI96,I1JAH7,0
A0A0R0HW00,A0A0B5EC52,0
I1MHA5,A0A0R0JRI8,0
Q9AWB2,A0A0R0KFY8,0
C6T217,A0A0R0HJR0,0
I1JKK4,I1LMA5,0
I1JMZ7,I1LPE4,0
I1LV18,I1M8A1,0
I1JD07,K7LHW6,0
I1L4E4,I1JXS8,0
I1J5B4,I1KUB2,0
A0A0R0FTJ2,Q7XJ86,0
Q2TUW0,I1N5D5,0
I1LH18,I1NDA1,0
I1N5H5,A0A0R0IEK0,0
A0A0R0E8K1,K7MUS8,0
I1JKK4,I1MVZ6,0
A0A0R4J455,I1J709,0
I1M957,C6TGP5,0
I1NF53,I1L0G2,0
K7MY00,I1L1W0,0
A0A0R0K0K3,I1MRK4,0
I1N3Z3,I1JXS8,0
K7LTG4,K7M6Z2,0
I1N7G4,A0A0R4J5B7,0
K7MNK5,Q42798,0
I1MJH5,A0A0R0IW53,0
I1M487,I1JE51,0
M1FP94,I1KJD2,0
I1MS26,K7MM50,0
I1LCJ2,I1LIU7,0
I1N4F6,K7LFU4,0
I1MF50,I1LEF5,0
A0A0R0J9Y6,I1JD36,0
A0A0R0HSC1,I1NHH3,0
K7MM89,I1NHF4,0
K7LLV5,A0A0R0KZR2,0
I1MHA5,C6SWS6,0
I1JZ99,I1MQ30,0
I1MYD2,C6TN69,0
I1J4B5,I1JHN9,0
I1MRV3,I1LG13,0
I1K3K7,K7LCL1,0
K7KVN0,C6TNW3,0
C6TIQ7,A0A0R0GHT9,0
C6TC28,I1JC43,0
I1MV80,I1LNF0,0
C6TKD8,I1LZ51,0
K7MLC5,I1M5N0,0
K7M862,I1LHR6,0
I1KM64,A0A0R0JC18,0
A0A0R0F392,A0A0R4J5J3,0
I1K5I3,I1JCA9,0
I1JZR6,A0A0R0JQT2,0
C6T7K0,I1J9U5,0
I1LR95,I1JK67,0
K7LI90,I1M6M9,0
I1KDU3,K7MPZ4,0
I1JD07,A0A0R4J5C5,0
I1LLA0,Q9SLW5,0
K7K3C2,I1MW49,0
A0A368UJF6,Q0H950,0
A0A0R0JJK0,A0A0R4J4C5,0
I1LIU7,I1JY66,0
I1J4B5,I1K7G0,0
A0A0R0G7B5,I1L4E2,0
A0A0R0KY77,I1MGG7,0
A0A0R4J426,E9L556,0
I1K4L3,I1M269,0
K7LVH5,K7KUG2,0
I1K7G0,I1N8C9,0
I1LJG0,I1JPH8,0
K7LWG6,F8WRI5,0
I1LGR6,I1K1I6,0
I1KAR1,I1K0E4,0
K7M9T4,I1L9K4,0
I1J702,K7M864,0
K7L2K6,I1JV03,0
I1M998,K7LXA6,0
I1KFQ1,A0A0R0GAQ8,0
I1N7B5,I1KV61,0
I1JUP2,I1MQ30,0
A0A0R0EDS9,A0A368UGC3,0
I1JMX7,I1L9G9,0
A0A0R0JI69,I1KNB5,0
I1MZ53,I1NB48,0
C6SZ70,I1K6J1,0
I1LTM1,I1M1D5,0
I1LNP4,I1K146,0
K7LSJ2,A0A0R0JSJ9,0
I1N5R9,I1MU00,0
K7K5R7,K7LNG6,0
K7KN39,K7N5K2,0
I1M8A0,Q45FY8,0
A0A0R0GU87,K7N1X2,0
A0A0R0K6I2,K7MVE7,0
I1M269,I1L0K8,0
I1N3Z3,I1JFW6,0
A0A0R0G8N1,I1N448,0
I1LMR4,A0A0R0KFY8,0
I1M4L1,I1L332,0
I1KRU0,K7KWE4,0
I1MUZ7,C6TJ97,0
I1M130,I1MVC6,0
P62302,A0A0R0J9Y6,0
I1MLF1,K7LK09,0
E9L556,I1KNB5,0
K7K5C0,K7KWE4,0
I1LGI3,K7LP01,0
I1JN71,K7N5K2,0
I1KEC8,I1LUB3,0
I1LUL2,I1M1E5,0
I1MKJ6,I1LPT5,0
A0A368UI10,I1MHX1,0
I1KGM8,I1LPJ8,0
K7K149,I1JE51,0
I1L4E4,I1JRV0,0
I1M5N9,I1LDY8,0
I1LZ93,I1JQ20,0
E9KBR8,K7K3C2,0
Q06197,C6T9Z5,0
I1JCQ8,I1M038,0
C6T5U0,A0A0R0I5N9,0
I1KK11,I1N9J8,0
I1JPY7,I1LV18,0
I1NE42,I1NHN6,0
I1LAH1,I1LPW2,0
I1MBA8,B4YB10,0
I1KAJ9,K7L9M2,0
A0A0R0GPR8,I1KA98,0
I1JA95,Q39898,0
Q2MJR5,I1MV56,0
A0A368UI76,I1KDJ8,0
A0A368UI50,K7LRR9,0
I1NGJ8,K7K9T5,0
I1LNP4,C6SWL4,0
A0A0R0KRF1,I1JV03,0
A0A0R0KWL0,A0A0R4J653,0
A0A0R0H8Q8,I1LFG4,0
I1KHZ8,K7N0V8,0
A0A0R0FTJ2,I1N411,0
I1N019,K7N0V8,0
I1LUV4,I1K1I0,0
I1M3Y7,D2D5G3,0
I1MR79,C6TE39,0
I1LLH3,I1LPK5,0
I1MM35,A0A0R0JC18,0
K7LXY1,A0A0R0E8N5,0
I1LI93,I1N8C9,0
I1N898,K7KMU1,0
A0A0R0K0K3,A0A0R0GG06,0
A0A0R4J365,K7M466,0
I1MF26,K7LXA6,0
I1L759,K7KX53,0
K7MM89,I1K6E7,0
I1M225,Q39810,0
I1K5E7,I1L2H4,0
I1MZV0,K7KL60,0
C6TK27,I1JVT1,0
A0A0R0L4P0,C6SWG9,0
K7L939,A0A0R0KPE1,0
A0A0R4J309,I1KZ09,0
I1NHH3,A0A0R0EAZ9,0
A0A0R0HLZ4,K7L6P0,0
Q70MR5,I1KM27,0
A0A0R0EAZ9,K7M0S3,0
C6T8S2,K7M849,0
C6TN61,K7K9T5,0
E9KBR9,I1J574,0
K7KW44,I1JC65,0
I1MK72,A0A0R0ELE0,0
I1KJF2,I1JA95,0
C6T1E8,I1KHZ8,0
A0A0R0GFL3,I1KUB2,0
K7L684,A0A0R0L9T4,0
I1MEW6,I1JGK9,0
I1JET4,I1JIS3,0
I1JRV0,A0A0R0IM79,0
I1JYG3,I1K1I6,0
I1LRR9,I1MBA8,0
K7L1E6,I1JCB1,0
C6TEN9,C6SZQ0,0
I1KPB0,I1M368,0
I1JQY7,K7M849,0
I1JM84,I1KJ81,0
A0A0R0GFM7,K7N525,0
I1J981,A0A0R0HSC1,0
Q7XJ86,I1MM97,0
I1K7G0,I1MU00,0
I1JC65,A0A0R4J3C2,0
I1MZT5,A0A0R0IT62,0
C6SV60,E3WC98,0
A0A0R0KFY8,A0A0R0K6I2,0
C6TCJ0,I1LGS0,0
I1ML11,I1L3Q3,0
I1MNU1,I1N483,0
A0A0R0G1X4,A0A0R0E8N5,0
I1K0W7,I1MG38,0
I1M292,I1JA30,0
A0A0R0F214,A0A0R0H8Q8,0
Q42797,I1K065,0
I1JK31,C6T1G9,0
I1NHF4,I1N4F6,0
K7M466,I1L6H1,0
I1MUM8,I1N7F4,0
I1K3G1,Q6SPR2,0
I1KMM6,K7MHQ6,0
I1JQF4,A0A0R0H141,0
A0A0R0FVX1,I1LIA8,0
A0A0R0EJV2,I1NAJ0,0
K7KVV2,A0A0R4J3C2,0
A0A0R0HM21,A0A0R4J3I7,0
K7N1T9,A0A0R0HEG0,0
I1LP31,I1M6B9,0
K7M6J1,I1NF53,0
K7MVE2,I1MUC6,0
Q06197,A0A0R4J618,0
I1M130,I1MV80,0
C6SWR4,C6T217,0
I1M038,I1LIK7,0
C6TMK2,I1KDR4,0
A0A0R0EL31,I1LLS4,0
I1MTV9,I1K246,0
I1L5U9,Q1M320,0
I1JE09,I1K215,0
I1JE09,I1M2U6,0
C6SZ88,I1KQE3,0
I1L153,I1KAD1,0
I1MCK5,A0A0R0KPE1,0
K7MFE5,I1KFP9,0
I1LTE6,I1L2T1,0
I1KFP9,I1LCH2,0
C6SVB8,I1KL32,0
A0A0R0KJL0,I1MDY5,0
K7MDN4,C6TBU3,0
I1KJD2,I1K146,0
C6SXG9,I1L9Z8,0
Q2PMP9,I1KM88,0
K7MXE0,I1LU06,0
K7LXA6,I1L171,0
A0A0R0IF42,I1LZ51,0
I1NCF6,A0A0R0K4Z5,0
A0A0R0L5Q1,I1KDP2,0
I1JN65,C6TLW3,0
A0A0R0JJK0,I1K065,0
A0A0R0HV63,I1JRJ3,0
K7MH28,I1MYD2,0
I1NAJ0,C6TML7,0
Q7XJ86,K7K355,0
I1MNU1,I1ND31,0
K7MGQ2,K7LFU3,0
K7LVH5,I1LI96,0
I1LMA5,A0A0R0ECE8,0
C6SZ88,K7L329,0
K7KK86,K7M6Z2,0
I1K3X9,K7M5Q8,0
P01064,A0A0R0G1X4,0
I1LJD2,K7KRK6,0
I1MJH1,I1K938,0
I1LJ81,I1K6N8,0
I1K089,I1LMR4,0
K7KK86,I1KQ70,0
C6TJ97,A0A0R4J583,0
A0A0R0GAQ8,I1KGM8,0
C6TJM4,I1M5N9,0
A0A0R4J618,P62302,0
A0A0R0F719,I1KNE4,0
A0A0R0HXH4,K7M2G2,0
A0A368UJ62,K7KLG8,0
A0A0R4J2L5,K7K7Q8,0
Q6SPR2,I1JFW4,0
Q70MR6,A0A0R0EWR2,0
K7KGR8,K7LJ17,0
I1MFN0,A0A0R0L9T4,0
I1MZV0,I1LKY8,0
I1M5N0,I1L7J3,0
K7L145,I1M368,0
I1LC77,K7M5Q8,0
I1KUF4,I1JIH3,0
A0A0R0JI98,A0A0R0HV63,0
K7L5S0,Q39817,0
A0A0R0EJV2,I1LH30,0
A0A0R0IJF6,I1KG02,0
I1N448,I1K089,0
I1NJ53,I1KEC8,0
I1MEA7,K7L329,0
I1K9T5,A0A0R0GYC5,0
K7MDN4,K7N4K5,0
I1LMN5,I1KHZ8,0
I1KNA2,K7KF95,0
I1M5N0,I1K115,0
C3VD33,E3WC98,0
A0A0R4J2U8,A0A0R0LIH0,0
A0A0R4J5C5,B0M195,0
A0A0R0FB78,I1K9R1,0
I1L0G2,I1N8M8,0
I1M998,I1J8C9,0
A0A0R4J5B7,K7K4Y8,0
I1JYX2,A0A0R0L5Q1,0
A0A0R0JSJ9,A7X641,0
I1LI93,I1MZV0,0
I1LN52,I1K6N8,0
D8WJ57,A0A0R0L0E7,0
K7LRR7,C6SWU3,0
I1MQW6,I1K723,0
A0A0R4J5J3,I1K723,0
I1L540,I1KJG4,0
K7KYJ6,A0A0R0EDS9,0
I1KFF8,I1LZ51,0
A0A0R0HSC1,I1K970,0
C6SVB8,Q43463,0
I1LHY5,Q9FQD3,0
I1NHQ6,A0A0R0K6U4,0
K7MAQ6,I1JDN2,0
I1LI96,A0A0R0F5Y7,0
I1MV56,I1L7R2,0
I1N6D4,I1KL89,0
I1LUT1,I1JW26,0
I1K146,I1N8V4,0
K7MQ01,K7KYM0,0
I1M7M5,I1K6E7,0
I1JMK4,I1KP66,0
E9KBR8,I1MC96,0
I1LDY8,I1JXS8,0
A0A0R0JRI8,I1KEX8,0
I1LYB2,A0A0R0IW53,0
Q8GZU9,Q9M6D6,0
P45621,I1LZ51,0
I1JX17,A0A0R0KWL0,0
I1JUK7,A0A368UI76,0
I1JB64,I1KFL5,0
I1KD82,K7KR21,0
C6T2F8,A0A0R0KPE1,0
K7MNE6,C6SWL4,0
I1MUM8,I1KWU9,0
I1LPE4,I1JF58,0
I1KGM8,I1KS98,0
K7M387,I1NGJ8,0
C6TGX5,I1N2Z4,0
I1JIA7,I1MJB3,0
A0A0R0KR59,C6T7K0,0
K7M5Q8,I1KQI1,0
I1K963,A0A0R0JSC0,0
A0A0R0FB78,A0A0R0F695,0
I1LXI0,I1JKD2,0
I1NHQ6,I1LGI3,0
I1LG13,I1ML63,0
K7LTV8,C6TK27,0
I1MLJ0,A0A0R0G7B5,0
I1JM84,I1LA40,0
K7N598,K7K4C7,0
A0A0R0IL99,I1JJN8,0
I1LG22,I1LUV4,0
I1KHJ4,I1MUN6,0
I1K5B7,A0A0R0H141,0
K7K4C7,I1KMM6,0
E9L572,K7K894,0
I1JJB8,K7LRR7,0
A0A0R0LKR7,I1KZY8,0
K7K3C2,K7MTL2,0
K7KEQ2,I1K6U7,0
I1MKJ6,K7KVN0,0
I1M1I7,A0A0R0JT51,0
I1MZV4,A0A0R0LCZ4,0
K7LP01,I1MBL5,0
I1K642,I1J8E3,0
A0A0R0ENB3,A0A0R0KE62,0
K7MQD2,I1MLD5,0
K7LX60,I1K642,0
K7K8Y9,A0A0R0JC18,0
I1KZY8,P24337,0
I1M225,I1MIW3,0
I1KFP9,I1M7Y3,0
I1JZ64,I1KM19,0
A0A0R0EKI7,I1MZT5,0
A0A0R0JI98,P01055,0
I1KHV8,C6TF29,0
A0A0R0FA21,K7KN13,0
I1KDR4,I1KRV5,0
A0A0R0IL99,I1N8C9,0
I1LEI8,A0A0R0E8N5,0
A0A0R0IR73,A0A0R0JNM4,0
I1LIJ6,C6TK73,0
I1KD82,I1JUK7,0
I1LIJ6,I1KQU2,0
I1MG38,I1LTG9,0
I1KIJ1,I1LST6,0
K7K355,I1KUF4,0
I1NA94,I1JW26,0
I1KZ26,I1LKV0,0
I1KUB2,I1MRP0,0
I1M8F0,K7LXY1,0
A0A0R4J3C2,I1LD16,0
K7M0S3,I1KNB5,0
A0A0R0FX75,I1KYS8,0
I1KG02,I1MS33,0
P49084,I1LIK7,0
I1N505,A0A0R0FA21,0
K7LSZ2,I1N5D5,0
K7KN39,A0A0R0F6H1,0
A0A0R0KQ74,I1L7R2,0
I1M5N0,I1K5E7,0
M1FN34,I1JCB1,0
I1J4G8,I1K6E7,0
K7MHQ6,I1MDD8,0
I1MV08,I1K565,0
I1LG65,I1LG13,0
I1KQ70,C6T034,0
C6T336,I1LJD2,0
A0A368UJF6,A0A0R4J2H3,0
I1JMD6,I1J4T6,0
I1LFG6,K7K7Q8,0
I1MU00,I1N8X8,0
I1LW00,Q9SLW5,0
I1JCB1,K7LLV5,0
I1LUL9,I1JV03,0
C6TM45,A0A0R0IF42,0
I1KHV8,I1MQB9,0
I1LCZ2,K7KR21,0
I1L540,I1KV48,0
I1L694,I1L5U9,0
I1KTI0,I1JA30,0
I1L1W0,K7K9T5,0
I1K9J7,A0A0R0G7B5,0
K7N129,K7MM50,0
K7LSZ2,A0A0R0E8N5,0
I1L332,I1JGU8,0
I1NFB9,K7MVE7,0
I1MCK5,I1J8W6,0
I1KCY5,A0A0R0L4P0,0
I1MUR2,I1JC08,0
P45621,I1KZC9,0
A0A0R0JI69,I1MNV2,0
A0A0R0ICK4,I1N0L1,0
A1YUN0,I1JET8,0
I1LPW2,I1JSG1,0
K7KW44,A0A0R4J5K6,0
I1LN30,I1JV68,0
I1JFW4,K7MUS8,0
I1MVC6,I1M998,0
C6SWL4,I1LA40,0
A0A0R0L3G5,I1KQD8,0
I1MSP6,K7LY43,0
K7KZX6,K7MB82,0
I1JI54,I1MR11,0
I1KP26,I1KTI0,0
I1MW49,A0A368UH16,0
C6SXD3,I1KS65,0
K7K8Y9,I1K938,0
I1JDN7,A0A0R0HM21,0
I1KDJ8,I1MEQ1,0
C6SZQ0,K7KL60,0
K7L4N7,I1JGK9,0
I1JC65,K7LVH5,0
I1N505,I1KHJ4,0
I1MHX1,I1KHK1,0
I1LJ81,I1MW51,0
I1M225,I1MZJ8,0
I1J5E3,A0A0R4J536,0
A0A0R0GIH6,Q39810,0
I1LKV0,K7LFU3,0
A0A0R0L9T4,A0A0R4J3C2,0
K7KTY4,I1LUL2,0
A0A368UID0,I1NGL3,0
I1KAD1,A0A0R0J5Y2,0
I1MJH1,I1L6I6,0
I1LZ93,K7MM40,0
A0A368UGG7,A0A0R0JV11,0
I1JSI5,A0A0R0I304,0
K7KNT9,I1KHV8,0
I1K6T6,I1JE51,0
I1LHR6,I1N846,0
A0A0R0KZR2,C6TML7,0
I1N798,I1KZ26,0
I1MR79,I1KK11,0
I1LKN9,I1KUF4,0
K7KLG8,A0A0R4J309,0
K7L2D7,A0A368UI50,0
K7LRR7,I1JWE9,0
I1KM64,A0A0R4J653,0
I1J4G8,K7K5C0,0
K7N1T9,K7MUM4,0
I1LTW8,I1M1D5,0
I1JFW4,I1KVG9,0
I1JWK3,I1M119,0
I1JW06,A0A0R4J583,0
I1LC77,I1LQ55,0
I1NE02,I1K089,0
A0A0R0EKI7,I1M225,0
I1MTH5,I1NGL3,0
I1K5E7,K7K4Y8,0
I1N453,I1KEC8,0
I1KNB5,P49084,0
C6TK30,I1MPJ4,0
I1LR48,I1MR11,0
I1N019,C6TCJ0,0
I1MZ53,I1KFQ1,0
I1KXP5,K7LVH5,0
I1KVC1,A0A368UGC0,0
I1K5E7,I1M5Z9,0
K7L2K6,A0A0R0HEI5,0
I1K3G1,A0A0R0JQT2,0
I1LWD6,I1N3U5,0
I1M130,Q1W376,0
A0A0R0GU87,C6TK30,0
I1LKZ0,I1MB99,0
A0A0R0HSA0,I1JSD2,0
I1LIU7,I1J5A4,0
I1JQP8,I1J8D7,0
K7M6R4,I1MJB3,0
C6TK31,I1MZ53,0
K7L1E6,K7LEU7,0
K7N4K5,I1KQI1,0
I1JIA7,I1MDY5,0
I1LV18,A0A0R0KQ74,0
K7LK09,I1L7J3,0
A0A0R0FJR0,A0A0R4J4D0,0
B0M1A1,I1ND31,0
I1JK59,I1K669,0
A7X641,I1K6T6,0
K7L145,I1KZ09,0
I1LNZ9,I1KXP5,0
A0A0R4J3C2,C6SZQ0,0
I1KS98,C6T7K0,0
I1KSD0,A0A0R0HV63,0
A0A0R0EV33,I1LSW3,0
I1M1I7,K7MTE7,0
A0A0R0IV41,C6T8C4,0
A0A0R0JBL2,C6SXT9,0
I1J765,I1M957,0
I1NB48,I1JA95,0
Q9M4R7,I1LHY5,0
I1LKD9,I1JW06,0
I1LTM1,I1NFR9,0
I1N8C9,I1L3Q3,0
I1KJ81,A0A0R0GFH3,0
I1LT34,A0A0R0LKR7,0
K7N129,K7KH93,0
A0A0R0H668,C6T099,0
I1JE16,Q45FY8,0
I1MGG7,A0A0R0IZA1,0
I1M368,I1MBN8,0
A0A0R0FUA1,I1JI54,0
A0A0R0GFL3,I1N9J8,0
A0A0R0HLZ4,A0A0R0HEI5,0
K7M846,I1L4E5,0
K7KJB2,I1JSY7,0
C6SX83,I1KRC8,0
I1MT23,C6TM45,0
I1LUV4,A0A0R0G3L8,0
I1JJX3,Q39810,0
A0A0R0JQT2,I1MUP5,0
K7M6R4,I1KXP5,0
I1KZY9,A0A0R0J296,0
I1L4E4,A0A0R0KIG7,0
I1LNZ9,C6TNN4,0
I1KAD1,I1JET9,0
I1KP66,I1LYB2,0
I1L1A1,I1JV03,0
K7LMW2,C6T988,0
I1N5Z3,I1LH30,0
A0A0R0GJJ0,I1NAJ0,0
I1K5I3,K7K3R6,0
A0A0R0HEG0,I1N5R9,0
I1N447,C6SWA8,0
I1LNF0,I1KS65,0
I1KEC8,I1L759,0
I1JCB1,K7KIY4,0
I1K4R8,A0A0R4J5B7,0
K7LJ17,I1KZY8,0
I1K5Q4,A0A0R4J2Y1,0
A0A0R0LBA6,A0A0R0GJV8,0
I1JU23,I1JKK4,0
K7LX60,I1K723,0
I1LRR9,C6TAB5,0
K7MQ01,I1JMD6,0
I1MF50,A0A0R0FX75,0
I1MBN8,K7KHU1,0
A0A0R0G8N1,I1KLS0,0
I1M998,I1JMH3,0
A0A0R0IYY7,A0A0R0JQT2,0
I1KMM6,I1KP14,0
A0A0R0FLW1,I1JMY9,0
I1KZY9,I1LQ62,0
I1MFF9,I1M2S7,0
K7LI90,A0A0R4J3X6,0
K7M6R4,A0A0R4J461,0
I1KNV7,A0A368UHM9,0
I1LWB8,C6T8S2,0
A0A0R4J4H3,A0A0R0JYX3,0
C6SWU3,C6TNW3,0
A0A0R0HQY2,I1J4G8,0
I1MHG6,I1MCK5,0
I1KM07,K7LCS7,0
K7MNE6,K7MLH4,0
K7KGB3,K7ME58,0
K7LZ50,I1N019,0
C6TBU3,I1JA30,0
I1JJN8,K7LY43,0
I1LAH1,K7L939,0
I1JW65,C6TK30,0
I1LI96,I1KJF2,0
A0A368UGA0,K7MTE7,0
A0A0R0J2W1,E9L565,0
A0A0R0KRF1,I1N8L0,0
I1L5L1,I1M592,0
I1M3Y7,I1NHF4,0
I1LMR4,I1KNV7,0
I1KP66,E9L575,0
I1N696,I1KYL4,0
I1NHQ6,I1KZY8,0
I1M6B9,C6TCJ0,0
I1MG38,K7KA65,0
I1KBD9,I1LMN5,0
K7LLV5,I1KG02,0
I1LCZ2,A0A0R0EUJ0,0
I1J547,I1M4B9,0
A0A0R0L5Q1,I1KH38,0
I1JGK9,I1MUP5,0
I1JZE1,Q2PMP8,0
A0A0R0LK19,I1K6E7,0
I1KUE8,I1L9P5,0
I1M1W3,I1MW74,0
C6T214,K7L6P0,0
A0A0R0FFT1,I1JRU7,0
K7LLF8,A0A0R0HEM4,0
I1MBL5,I1K1R5,0
K7MDN4,I1K4L3,0
I1MCK2,K7N1X2,0
A0A0R0L828,C1PHB8,0
C6SW04,A0A0R4J536,0
C6T002,K7KWE4,0
Q9SLW5,I1JUU2,0
I1LTE6,I1K1R5,0
K7KKT1,I1KFZ9,0
A0A0R0FLW1,I1LNF0,0
I1N7B5,A0A0R0JQT3,0
A0A368UID0,I1N5V6,0
A0A0R0KPE1,I1LIJ6,0
C6TK73,I1K6U7,0
K7K3R6,A0A0R0EEW3,0
I1MD26,I1J547,0
I1NAL7,I1MR11,0
A0A0R4J365,K7L939,0
I1LJG9,A0A0R0IV41,0
I1J9L7,C6SWS6,0
I1KDP2,I1MNU1,0
I1N2G0,I1K6E7,0
K7KNT9,Q1W376,0
I1MHG6,A0A0R0JQ82,0
I1MQ30,I1MBI6,0
A0A0R0E6T9,K7LSZ2,0
A0A0R0JYX3,K7MJ75,0
A0A0R0J5Y2,K7LXA6,0
C6T9Z5,I1NB01,0
I1K723,I1LDB6,0
Q9FQD3,I1N8X8,0
I1MF07,I1KMS8,0
I1MFN0,I1LTM1,0
I1KVC1,I1LIJ6,0
Q42808,I1K5Q4,0
Q2PMP8,I1KIQ2,0
I1NGJ8,I1MD26,0
I1L285,I1NC04,0
K7KUK2,I1MLC3,0
I1JK59,I1JLC7,0
I1K0E4,I1L9Z8,0
A0A0R0KRN8,I1JDN2,0
Q45FY8,I1MV08,0
A0A0R0KRF1,K7KA65,0
I1MUM7,K7KWE4,0
K7LWG6,I1MF26,0
I1N3U5,I1LLJ4,0
I1KPE7,I1LJ81,0
I1M130,K7KED0,0
A0A0R0GBB6,I1LQ62,0
I1LBA8,K7LVH5,0
I1KAR1,A0A0R4J536,0
I1JJN8,I1KZ26,0
K7MTE7,K7MM50,0
I1KNB5,I1M6V9,0
I1MGG7,I1K3E9,0
A0A0R0FGT9,I1KS56,0
I1MTB5,I1KNA2,0
I1L9K4,Q9M4R7,0
I1KP26,A0A0R0LCZ4,0
I1MRV3,K7MPZ4,0
I1JKG7,C6SWD1,0
I1JKK4,I1MUZ7,0
K7KX53,K7M5U7,0
I1MUS3,I1LVN3,0
I1JGP8,K7MXE0,0
I1KFP9,I1MLJ0,0
I1LNZ9,I1LIU7,0
I1KP66,I1L2H4,0
C6TIK0,I1N411,0
K7MGH8,A0A0R0EJV2,0
A0A0R0K5H8,Q2Q021,0
A0A0R0JI98,I1LNP4,0
A0A0R0GJV8,G3E7M6,0
C6TER0,I1LRR9,0
I1JIH3,I1KAR1,0
I1KS65,A0A0R0HDW2,0
I1K1I0,A0A0R0K6I2,0
I1M3W1,A0A368UIC9,0
K7LIZ8,P07134,0
I1KHZ8,A0A368UI50,0
A0A0R4J646,I1NCF8,0
K7N598,I1KPB0,0
I1MGY9,I1LN52,0
C6TJ97,I1MG38,0
I1JB52,K7KIY4,0
Q42797,K7KHU1,0
I1LKN9,I1LHY5,0
I1LCZ2,I1K5E7,0
C6TIQ7,I1MLM1,0
A1YUN0,I1KPB0,0
C6TJ97,P01055,0
A0A0R0JJI0,I1NJ85,0
A0A0R0J6N9,I1LUL9,0
I1K565,I1LUZ5,0
B0M195,A0A0R0K6I2,0
A0A0R0L7U5,E3SXU2,0
K7MGQ2,A0A0R0HSY5,0
I1LCZ2,A0A0R0F5Y7,0
I1KTY9,I1K5E7,0
A0A0R0ECE8,A0A368UGA0,0
I1JIW1,I1JRU7,0
K7LJS8,C6TIA6,0
I1M6B9,C6TMK2,0
I1MF26,A0A0R0IXT8,0
I1MZ51,K7L329,0
K7MEB1,I1LKD9,0
I1M5N7,I1N2G0,0
I1LPK5,A0A0R0GPR8,0
A0A0R0HDW2,I1JIK2,0
K7MM50,I1JCA9,0
I1JIK2,F8WRI5,0
I1LIQ3,K7L723,0
I1KQU2,I1L6T8,0
I1K565,K7KTY4,0
I1JS15,I1JSI5,0
I1LIJ6,Q1W376,0
K7K3C2,P49084,0
I1L0G2,I1LJG9,0
I1JFW6,I1J957,0
A0A0R0JQT3,K7N598,0
A0A0R0JI98,I1JF82,0
A0A0R0HEI5,A0A0R0FIP9,0
K7LSJ2,K7KJW6,0
A0A0R0IT62,I1JN71,0
I1NC04,A0A0R0LCZ4,0
K7N5K2,K7ML50,0
K7KGR8,I1LT34,0
I1MJH1,I1K0W7,0
I1KJ81,I1K6T6,0
A0A0R0EEW3,K7KHU1,0
K7LLF8,I1MG38,0
I1LIA8,A0A0R0HSY5,0
I1MQW6,I1MJH1,0
K7KN13,A0A0R0IZA1,0
K7M846,I1KNB5,0
I1MSN3,K7LJS8,0
I1NBA2,I1K1I0,0
I1KTI0,I1JSG1,0
I1K246,A0A0R4J2U8,0
K7M2G2,I1KM07,0
A0A0R0GFL3,I1JA30,0
I1J8V8,K7MZN9,0
I1KS56,A0A0R0L4P0,0
I1N780,A0A0R0L5Q2,0
I1KDA4,C6TN69,0
I1NA94,I1JV03,0
B4YB10,I1JY66,0
I1JDK2,I1LQ62,0
I1KJX6,I1LUL9,0
I1KIJ1,I1JD36,0
I1MZ51,I1JGX0,0
A0A0R0G3L8,I1LN52,0
I1KZC9,I1MEQ6,0
C6SWU3,K7MAQ6,0
I1MSN3,I1KQC3,0
A0A0R0I5R9,I1K4Y6,0
I1MHU4,K7M9T4,0
K7LSZ2,I1MRV3,0
I1JC08,K7KX53,0
K7M5U7,I1KEX8,0
I1MF42,I1ND31,0
K7MQG6,I1K970,0
K7M387,Q45FY8,0
I1KJG4,I1JHJ8,0
I1N2J3,I1JM18,0
C6TKD8,A0A0R0KMM9,0
I1KA54,K7LP01,0
I1LG65,I1NB01,0
I1M3A3,A0A0R0E8K1,0
A0A0R0FAD6,A0A0R0L317,0
I1KUX4,I1K0A7,0
I1KDA4,I1MBL5,0
I1M311,K7KKT1,0
I1J8M6,I1M277,0
I1KA75,I1MUC6,0
A0A0R0EDS9,I1M311,0
I1KGM8,I1LJD2,0
I1KPE7,I1L4E2,0
K7N1T9,I1JYG3,0
I1LGD6,A0A0R0KWL0,0
I1J8E3,I1JHQ1,0
A0A0R0IR73,I1KBV2,0
I1JSD2,I1MBS8,0
K7L2R0,A0A0R0ECE8,0
A0A0R0E934,I1JJN8,0
I1JZE1,I1N448,0
K7KP05,P07134,0
I1LLA0,B0M1A1,0
K7L2K6,I1KV61,0
C6TJW1,Q2TUW0,0
K7M841,I1KZY8,0
P62302,I1LIJ6,0
K7MQT1,K7KJW6,0
A0A0R0JNM4,I1M487,0
I1KSD0,I1LIQ3,0
I1LCP4,I1M5N7,0
I1KJ84,I1K3E9,0
A0A0R0JRI8,I1K115,0
A0A0R0G7B5,I1MRP6,0
I1JKG7,A0A0R4J5B7,0
I1K9G7,A0A0R4J4G7,0
K7KES1,I1KD82,0
Q70MR5,A0A0R0HSA0,0
K7L2D7,I1MF50,0
I1JV03,I1M292,0
K7KH93,I1K925,0
I1MNU1,I1KUS2,0
A0A0R0L1N9,K7MS06,0
I1MFN0,E9L577,0
A0A0R0E6T9,A0A0R0GPH9,0
E9L575,I1JAH7,0
I1KS65,I1MAX9,0
I1K9J7,I1MBA8,0
I1JY66,I1KJB1,0
I1KGM8,D2D5G3,0
K7LLF8,I1N1X2,0
I1JUM3,I1LIU7,0
K7L939,K7L145,0
I1JUM3,C6TK31,0
A0A0R4J5N5,Q39817,0
I1N780,I1JSY7,0
I1LTW8,I1JZ99,0
I1KGY4,I1LPJ8,0
I1J4T6,A0A368UGA0,0
C6T988,A0A0R0L0E7,0
I1JUP2,I1MSP6,0
C6SZ46,I1M8A1,0
A0A0R0FUA1,I1KC40,0
A0A0R0I5R9,I1JPY7,0
A0A0R0HDW2,I1MUZ7,0
K7KZX6,K7N1T9,0
A0A0R0IM79,I1JDN2,0
K7MM89,A0A0R0F6H1,0
A0A368UHM9,K7M0S3,0
I1J547,C6TJ43,0
Q9M6D6,K7LSG7,0
I1LLA0,A0A368UJF6,0
I1KQI1,I1JA95,0
K7KX46,I1NHQ6,0
I1K3X9,K7LWG6,0
I1L645,I1NHX1,0
I1M796,I1MEA7,0
I1JSD2,P62302,0
K7N525,A0A0R0FB78,0
A0A0R0L828,I1LI93,0
I1JB52,I1JKG7,0
C6T9Z5,I1L4I9,0
I1KJD2,I1NFR9,0
I1MEQ1,I1MP75,0
D8WJ57,I1MB99,0
I1L759,A0A368UIC9,0
I1JW26,K7MNP5,0
A0A0R0JBL2,A0A0R0KRN8,0
I1JV03,I1LNP4,0
A0A0R0FAJ6,I1N6D4,0
I1NCF6,A0A0R0IF33,0
I1L367,I1J5W0,0
E9KBR9,I1J709,0
K7KX53,I1LG22,0
I1J9I1,I1LKD9,0
A0A0R4J2U8,I1KJ81,0
I1MUM7,I1J8D7,0
I1N5V6,A0A0R0JRB0,0
I1LBJ5,C6T9Z5,0
A0A0R0FJR0,I1KNG6,0
I1MRV3,I1KRU0,0
A0A0R0L7U5,I1JMH3,0
I1JDN7,I1NHQ6,0
I1LKY8,I1KCM4,0
Q42808,I1MCK2,0
A0A0R0IWM0,I1N448,0
K7K5R7,C6T1G9,0
A0A0R4J461,I1K925,0
A0A0R0IYY7,I1MDD8,0
I1M487,I1KYS8,0
I1MRP0,I1NJ53,0
I1M5N7,I1LUL9,0
I1M1I7,K7K894,0
K7LX60,C6T003,0
I1NAJ0,C6TK73,0
B0M195,I1M796,0
I1MRK4,I1LVL7,0
A0A0R0GS25,C6SXD2,0
A0A0R4J646,I1NAJ5,0
A0A0R0KPE1,K7K1V0,0
I1MEW6,A0A0R0FLV6,0
I1KM64,I1LCP4,0
I1MBA8,I1MR73,0
C6TCG0,K7KNC5,0
C6TJW1,A0A368UHM9,0
Q2PMU5,I1JV68,0
I1JDN7,I1K1W8,0
K7MVE2,I1LJD2,0
I1KHK1,I1JW65,0
I1KDJ8,I1K1I0,0
A0A0R0JQJ0,I1L0G2,0
I1N6D4,I1J4G8,0
C6TIK0,C6TK27,0
I1JE11,I1LUL9,0
A0A0R0F695,I1KVC1,0
K7KEQ2,K7M862,0
A0A0R0J5Y2,A0A0R0L5Q2,0
I1N411,I1MR79,0
K7MRW8,I1MUP5,0
Q39898,I1JIH3,0
I1MJB3,I1LPW2,0
I1KH38,K7LCS7,0
I1NAJ5,K7MM52,0
A0A0R0FVX1,C6SZG1,0
Q43463,A0A368UHM9,0
K7KHN1,K7K149,0
K7N529,K7MH28,0
A0A0R0G3R9,I1LIG9,0
I1L2Q0,K7KTY4,0
C6T336,I1JK31,0
I1M5Z9,A0A0R0KY77,0
Q9FQD3,I1N7F4,0
Q2PMP8,I1K9G7,0
I1M2U6,I1N696,0
K7MLH4,I1MZ53,0
A0A0R0E2R0,K7KUK2,0
A0A0R0LBA6,K7L9S8,0
I1KMM6,I1LR95,0
I1M311,A7X641,0
I1LII4,I1NFB9,0
I1KPB0,I1JKK4,0
I1KA54,K7L9M2,0
I1MLM1,K7LDF3,0
I1JKK4,I1L6H1,0
I1MCK5,A0A0R0KRF1,0
K7MY00,I1N5V6,0
I1M7Y3,K7KIY4,0
A0A368UGG7,A0A0R0JBL2,0
K7KJI6,C6SXT9,0
K7L1E6,A0A0R0IJF6,0
I1JE16,A0A0R0IWM0,0
K7MRF5,I1KNE4,0
I1JC08,A0A0R4J4H3,0
C6T9W4,A0A0R0FA21,0
I1JW65,I1JAH7,0
I1KAJ9,I1K6H8,0
I1LPE4,K7K9T5,0
K7LG20,I1JU23,0
I1LKZ0,I1M277,0
K7M862,A0A0R0J7Q6,0
K7KHN1,A0A0R0FVX1,0
I1MUR2,I1JRJ3,0
I1LNF0,K7LNG6,0
Q1W376,K7MXF1,0
A0A0R0FB78,I1LR95,0
I1JUU2,A0A0R0JRB0,0
I1L4E4,A0A0R0IEK0,0
I1MGG7,A0A0R0FEC1,0
I1NG45,K7LHS7,0
A0A0R0HJR0,I1JK67,0
A0A0R0KRF1,K7LDF3,0
A0A0R0H8Q8,A0A0R0JBL2,0
I1J8W6,I1K9T5,0
I1JK67,A0A0R0E8K1,0
A0A0R0GJJ0,I1LP98,0
C6T988,C6SZQ0,0
I1LIA8,I1JD52,0
K7L7W0,A0A0R0G7B5,0
I1KY31,K7KES1,0
I1MQC8,I1MLC3,0
I1JCA9,I1K963,0
K7KLY3,I1K925,0
I1KP14,K7LLF8,0
I1LN92,I1MJB3,0
I1KHJ4,I1N850,0
K7MNK5,I1N8C9,0
I1MJB3,K7L2K6,0
I1K1I0,I1MBL5,0
C6TMK2,I1NCF6,0
I1KA75,I1MDY5,0
I1MQB8,I1N7B5,0
C6TN61,M1FN38,0
I1L7R2,I1MZF9,0
I1MPJ4,I1K0E4,0
I1N2J3,I1JGU8,0
K7K1V0,I1MFF9,0
I1LN52,I1JE09,0
A0A0R0HDW2,K7LQS4,0
K7LMW2,A0A0R0HLZ4,0
I1MHU4,I1LI96,0
I1JKG7,K7MYK9,0
I1NAJ0,I1JRV0,0
I1MX88,A0A0R0KIG7,0
I1M998,A0A0R4J5J3,0
I1NG17,A0A368UH16,0
I1MYD2,I1K9C2,0
C6TKD8,I1L7J3,0
I1K723,Q70MR5,0
A0A0R0HSV6,A0A0R0FIP9,0
I1JA30,K7MQD2,0
K7L6N7,K7KUE8,0
K7KZX6,A0A0R0HEI5,0
I1N898,I1LJ34,0
C6T1V1,A0A0R0KZR2,0
Q71EW8,I1KJG4,0
A0A0R0G3L8,I1M957,0
A0A368UIC9,A0A0R0IM79,0
I1L9G9,C6TJW1,0
K7MS06,A0A0R0EYS5,0
I1N780,I1K565,0
I1JRE0,I1M5Z9,0
I1MHG6,Q9SWR5,0
I1MV56,K7L684,0
I1NFR9,B9MST0,0
I1MSP6,A0A0R0EL31,0
A0A0R0HEM4,I1JSI5,0
I1LLJ4,C6TK31,0
Q84L66,I1MEW6,0
I1MUS3,A0A0R0ICK4,0
I1KNB5,A0A0R0I5R9,0
A0A0R0IEK0,I1J4T6,0
I1LLS8,K7N0V8,0
I1L735,I1LG13,0
I1KCY5,C6TJ97,0
I1L2Q0,M1FN34,0
C6T336,G3E7M6,0
Q56GA2,I1KVG9,0
I1JE09,A0A0R4J426,0
I1NGL3,I1K467,0
C6TJ97,I1K9C2,0
I1MW49,A0A0R0KWT5,0
K7K808,I1KP66,0
I1LDP9,K7KA65,0
I1MNU2,I1KCA3,0
I1N8F6,I1KA98,0
A0A0R0K6I2,I1KNG6,0
I1MJH1,I1L2T1,0
K7KN13,I1M643,0
C6SWG9,C6TEN9,0
I1MK72,I1LVL7,0
I1LI32,K7LI90,0
A0A0R0F6H1,Q43463,0
I1N846,A0A0R0FIP9,0
I1L0F0,B4YB10,0
K7LHS7,Q42797,0
P93163,M1FP94,0
K7KWE4,K7KYM0,0
A0A0R0L0E7,I1J9U5,0
A0A0R0FIP9,A0A0R0IL99,0
I1JSI5,I1JIH3,0
C6TGA9,I1K215,0
I1JU23,I1NHQ6,0
A0A0R0F5Y7,C6TBU3,0
A0A0R0H8Q8,A0A0R4J583,0
I1MPJ4,I1LT34,0
I1JQF4,I1JN71,0
K7KNG2,K7KEQ2,0
I1JQK9,I1LUE0,0
K7LXN4,A0A0R0FLV6,0
I1KBV2,I1KFF8,0
I1KVG9,A0A0R0J9Y6,0
C6TBL4,Q39817,0
I1NGJ7,I1ML11,0
K7N4K5,A0A0R0JJK0,0
I1JGP8,I1MZ08,0
I1MZV0,I1M957,0
A0A0R0FB78,I1LL05,0
I1MDD8,D2D5G3,0
I1KA54,I1KVG9,0
I1MUM7,I1NCV4,0
Q0H950,I1JD36,0
I1JZ99,A0A0R4J2H3,0
K7L6P0,I1N9J8,0
I1JC43,K7LFD7,0
I1MUR2,A0A368UGC0,0
I1KGM8,A0A0R0K0K3,0
A0A0R0JQ82,I1L6V0,0
A0A0R0JQT2,A0A0R4J618,0
K7LCS7,A0A0R0G3L8,0
K7N529,A0A0R4J461,0
I1M6B9,I1LKV0,0
C6TIQ8,K7MB82,0
K7LJS8,I1KZ09,0
I1M5Z9,A0A0R0GS00,0
C6SZ46,I1JE16,0
I1LIK7,E3SXU2,0
I1KBI7,I1LBN7,0
I1K6E7,K7KMU1,0
I1KQ70,I1KUS2,0
A0A0R0J6N9,K7MUS8,0
K7KLG8,A0A0R0I5R9,0
I1L880,A0A0R0J6N9,0
K7KKT1,I1JXJ3,0
A0A0R0FLW1,A0A0R0J2W1,0
A0A0R0JSC0,I1LPK7,0
I1JDF1,I1JN71,0
I1KQP5,I1LGD6,0
I1JRE0,A0A0R0EAZ9,0
A0A0R0FB78,I1NAL7,0
I1L5L1,I1LNF0,0
I1JA95,I1JRV0,0
I1KAR1,C6T2F8,0
I1M3Y7,A0A0R0EKI7,0
A0A0R0GPH9,C6TNN4,0
I1K5B7,C6TGP5,0
K7KES3,I1LTE6,0
I1MX88,K7MGQ2,0
K7MGQ2,I1N2J3,0
I1M6B9,K7KF95,0
C6TJH2,A0A0R0GUR9,0
I1L9K4,I1JKD2,0
I1KNE4,A0A0R0IT62,0
I1K7G0,E9KBR8,0
I1NHX1,I1MRK4,0
I1LWP5,I1MZJ8,0
I1NF53,I1LI93,0
A0A0R0L828,I1JGK9,0
I1LV79,A0A0R0GJJ0,0
I1JX17,A0A0R0EMR0,0
I1KJX6,I1LPC2,0
I1J4L6,I1M3W1,0
I1LUB3,I1MZV0,0
I1K6N8,I1M1C4,0
I1KUN6,C6TJH2,0
K7KUG2,A0A0R0EEW3,0
C6SVB8,I1LH18,0
I1LUT1,A0A0R4J583,0
I1KSD0,I1MZJ8,0
I1L1Q8,I1LKN9,0
C6T857,I1NB01,0
K7M841,A0A0R0J296,0
I1LHY5,K7L329,0
I1M7M5,I1LP11,0
A0A0R0ICK4,I1JGB2,0
C6TCG0,I1K1W8,0
I1JCA9,K7MGQ2,0
I1L153,I1KJ81,0
A0A0R0EKB4,A0A0R0EYS5,0
I1K6J1,A0A0R0GUR9,0
C6TGX5,K7K355,0
I1N2G0,A0A0R0L317,0
I1L9P5,I1KNB5,0
I1J5W0,C6T7K0,0
K7KVV2,I1J5W0,0
I1JXI4,A0A0R0FEC1,0
I1LG65,C6TGA9,0
A0A0R0JV11,I1K215,0
K7LXA6,I1J8C9,0
I1LXI0,I1KC40,0
I1K3R3,K7K808,0
I1NA10,I1K5E7,0
K7MQD2,A0A0R0GTG6,0
I1LBN7,I1MLD5,0
K7KHU1,A0A0R4J4C5,0
I1K2I1,I1J8W6,0
K7K3R6,C6T090,0
I1MEW6,I1MG54,0
I1L2Q0,A0A0R0ELE0,0
A0A0R0K6U4,C6TMK2,0
I1M786,I1J4K1,0
